[0.135s] DEBUG:colcon:Command line arguments: ['/usr/bin/colcon', 'build', '--symlink-install']
[0.135s] DEBUG:colcon:Parsed command line arguments: Namespace(log_base=None, log_level=None, verb_name='build', build_base='build', install_base='install', merge_install=False, symlink_install=True, test_result_base=None, continue_on_error=False, executor='parallel', parallel_workers=4, event_handlers=None, ignore_user_meta=False, metas=['./colcon.meta'], base_paths=['.'], packages_ignore=None, packages_ignore_regex=None, paths=None, packages_up_to=None, packages_up_to_regex=None, packages_above=None, packages_above_and_dependencies=None, packages_above_depth=None, packages_select_by_dep=None, packages_skip_by_dep=None, packages_skip_up_to=None, packages_select_build_failed=False, packages_skip_build_finished=False, packages_select_test_failures=False, packages_skip_test_passed=False, packages_select=None, packages_skip=None, packages_select_regex=None, packages_skip_regex=None, packages_start=None, packages_end=None, cmake_args=None, cmake_target=None, cmake_target_skip_unavailable=False, cmake_clean_cache=False, cmake_clean_first=False, cmake_force_configure=False, ament_cmake_args=None, catkin_cmake_args=None, catkin_skip_building_tests=False, mixin_files=None, mixin=None, verb_parser=<colcon_mixin.mixin.mixin_argument.MixinArgumentDecorator object at 0x7e17026295e0>, verb_extension=<colcon_core.verb.build.BuildVerb object at 0x7e1702785e80>, main=<bound method BuildVerb.main of <colcon_core.verb.build.BuildVerb object at 0x7e1702785e80>>, mixin_verb=('build',))
[0.177s] Level 1:colcon.colcon_core.package_discovery:discover_packages(colcon_meta) check parameters
[0.178s] INFO:colcon.colcon_metadata.package_discovery.colcon_meta:Using configuration from '/root/.colcon/metadata/default/Gazebo.meta'
[0.178s] INFO:colcon.colcon_metadata.package_discovery.colcon_meta:Using configuration from '/root/.colcon/metadata/default/fastdds.meta'
[0.179s] INFO:colcon.colcon_metadata.package_discovery.colcon_meta:Using configuration from '/root/.colcon/metadata/default/fastrtps.meta'
[0.179s] Level 1:colcon.colcon_core.package_discovery:discover_packages(recursive) check parameters
[0.179s] Level 1:colcon.colcon_core.package_discovery:discover_packages(ignore) check parameters
[0.179s] Level 1:colcon.colcon_core.package_discovery:discover_packages(path) check parameters
[0.179s] Level 1:colcon.colcon_core.package_discovery:discover_packages(colcon_meta) discover
[0.179s] Level 1:colcon.colcon_core.package_discovery:discover_packages(recursive) discover
[0.179s] INFO:colcon.colcon_core.package_discovery:Crawling recursively for packages in '/workspaces/ros2-coding'
[0.179s] Level 1:colcon.colcon_core.package_identification:_identify(.) by extensions ['ignore', 'ignore_ament_install']
[0.179s] Level 1:colcon.colcon_core.package_identification:_identify(.) by extension 'ignore'
[0.179s] Level 1:colcon.colcon_core.package_identification:_identify(.) by extension 'ignore_ament_install'
[0.180s] Level 1:colcon.colcon_core.package_identification:_identify(.) by extensions ['colcon_pkg']
[0.180s] Level 1:colcon.colcon_core.package_identification:_identify(.) by extension 'colcon_pkg'
[0.180s] Level 1:colcon.colcon_core.package_identification:_identify(.) by extensions ['colcon_meta']
[0.180s] Level 1:colcon.colcon_core.package_identification:_identify(.) by extension 'colcon_meta'
[0.180s] Level 1:colcon.colcon_core.package_identification:_identify(.) by extensions ['ros']
[0.180s] Level 1:colcon.colcon_core.package_identification:_identify(.) by extension 'ros'
[0.205s] Level 1:colcon.colcon_core.package_identification:_identify(.) by extensions ['cmake', 'python']
[0.205s] Level 1:colcon.colcon_core.package_identification:_identify(.) by extension 'cmake'
[0.205s] Level 1:colcon.colcon_core.package_identification:_identify(.) by extension 'python'
[0.205s] Level 1:colcon.colcon_core.package_identification:_identify(.) by extensions ['python_setup_py']
[0.205s] Level 1:colcon.colcon_core.package_identification:_identify(.) by extension 'python_setup_py'
[0.206s] Level 1:colcon.colcon_core.package_identification:_identify(build) by extensions ['ignore', 'ignore_ament_install']
[0.206s] Level 1:colcon.colcon_core.package_identification:_identify(build) by extension 'ignore'
[0.206s] Level 1:colcon.colcon_core.package_identification:_identify(build) ignored
[0.206s] Level 1:colcon.colcon_core.package_identification:_identify(docker) by extensions ['ignore', 'ignore_ament_install']
[0.206s] Level 1:colcon.colcon_core.package_identification:_identify(docker) by extension 'ignore'
[0.206s] Level 1:colcon.colcon_core.package_identification:_identify(docker) by extension 'ignore_ament_install'
[0.206s] Level 1:colcon.colcon_core.package_identification:_identify(docker) by extensions ['colcon_pkg']
[0.206s] Level 1:colcon.colcon_core.package_identification:_identify(docker) by extension 'colcon_pkg'
[0.206s] Level 1:colcon.colcon_core.package_identification:_identify(docker) by extensions ['colcon_meta']
[0.206s] Level 1:colcon.colcon_core.package_identification:_identify(docker) by extension 'colcon_meta'
[0.207s] Level 1:colcon.colcon_core.package_identification:_identify(docker) by extensions ['ros']
[0.207s] Level 1:colcon.colcon_core.package_identification:_identify(docker) by extension 'ros'
[0.207s] Level 1:colcon.colcon_core.package_identification:_identify(docker) by extensions ['cmake', 'python']
[0.207s] Level 1:colcon.colcon_core.package_identification:_identify(docker) by extension 'cmake'
[0.207s] Level 1:colcon.colcon_core.package_identification:_identify(docker) by extension 'python'
[0.207s] Level 1:colcon.colcon_core.package_identification:_identify(docker) by extensions ['python_setup_py']
[0.207s] Level 1:colcon.colcon_core.package_identification:_identify(docker) by extension 'python_setup_py'
[0.207s] Level 1:colcon.colcon_core.package_identification:_identify(install) by extensions ['ignore', 'ignore_ament_install']
[0.207s] Level 1:colcon.colcon_core.package_identification:_identify(install) by extension 'ignore'
[0.207s] Level 1:colcon.colcon_core.package_identification:_identify(install) ignored
[0.208s] Level 1:colcon.colcon_core.package_identification:_identify(log) by extensions ['ignore', 'ignore_ament_install']
[0.208s] Level 1:colcon.colcon_core.package_identification:_identify(log) by extension 'ignore'
[0.208s] Level 1:colcon.colcon_core.package_identification:_identify(log) ignored
[0.208s] Level 1:colcon.colcon_core.package_identification:_identify(squashfs-root) by extensions ['ignore', 'ignore_ament_install']
[0.208s] Level 1:colcon.colcon_core.package_identification:_identify(squashfs-root) by extension 'ignore'
[0.208s] Level 1:colcon.colcon_core.package_identification:_identify(squashfs-root) by extension 'ignore_ament_install'
[0.208s] Level 1:colcon.colcon_core.package_identification:_identify(squashfs-root) by extensions ['colcon_pkg']
[0.208s] Level 1:colcon.colcon_core.package_identification:_identify(squashfs-root) by extension 'colcon_pkg'
[0.208s] Level 1:colcon.colcon_core.package_identification:_identify(squashfs-root) by extensions ['colcon_meta']
[0.208s] Level 1:colcon.colcon_core.package_identification:_identify(squashfs-root) by extension 'colcon_meta'
[0.208s] Level 1:colcon.colcon_core.package_identification:_identify(squashfs-root) by extensions ['ros']
[0.208s] Level 1:colcon.colcon_core.package_identification:_identify(squashfs-root) by extension 'ros'
[0.209s] Level 1:colcon.colcon_core.package_identification:_identify(squashfs-root) by extensions ['cmake', 'python']
[0.209s] Level 1:colcon.colcon_core.package_identification:_identify(squashfs-root) by extension 'cmake'
[0.209s] Level 1:colcon.colcon_core.package_identification:_identify(squashfs-root) by extension 'python'
[0.209s] Level 1:colcon.colcon_core.package_identification:_identify(squashfs-root) by extensions ['python_setup_py']
[0.209s] Level 1:colcon.colcon_core.package_identification:_identify(squashfs-root) by extension 'python_setup_py'
[0.209s] Level 1:colcon.colcon_core.package_identification:_identify(squashfs-root/locales) by extensions ['ignore', 'ignore_ament_install']
[0.209s] Level 1:colcon.colcon_core.package_identification:_identify(squashfs-root/locales) by extension 'ignore'
[0.209s] Level 1:colcon.colcon_core.package_identification:_identify(squashfs-root/locales) by extension 'ignore_ament_install'
[0.209s] Level 1:colcon.colcon_core.package_identification:_identify(squashfs-root/locales) by extensions ['colcon_pkg']
[0.209s] Level 1:colcon.colcon_core.package_identification:_identify(squashfs-root/locales) by extension 'colcon_pkg'
[0.209s] Level 1:colcon.colcon_core.package_identification:_identify(squashfs-root/locales) by extensions ['colcon_meta']
[0.210s] Level 1:colcon.colcon_core.package_identification:_identify(squashfs-root/locales) by extension 'colcon_meta'
[0.210s] Level 1:colcon.colcon_core.package_identification:_identify(squashfs-root/locales) by extensions ['ros']
[0.210s] Level 1:colcon.colcon_core.package_identification:_identify(squashfs-root/locales) by extension 'ros'
[0.210s] Level 1:colcon.colcon_core.package_identification:_identify(squashfs-root/locales) by extensions ['cmake', 'python']
[0.210s] Level 1:colcon.colcon_core.package_identification:_identify(squashfs-root/locales) by extension 'cmake'
[0.210s] Level 1:colcon.colcon_core.package_identification:_identify(squashfs-root/locales) by extension 'python'
[0.210s] Level 1:colcon.colcon_core.package_identification:_identify(squashfs-root/locales) by extensions ['python_setup_py']
[0.210s] Level 1:colcon.colcon_core.package_identification:_identify(squashfs-root/locales) by extension 'python_setup_py'
[0.210s] Level 1:colcon.colcon_core.package_identification:_identify(squashfs-root/usr) by extensions ['ignore', 'ignore_ament_install']
[0.210s] Level 1:colcon.colcon_core.package_identification:_identify(squashfs-root/usr) by extension 'ignore'
[0.210s] Level 1:colcon.colcon_core.package_identification:_identify(squashfs-root/usr) by extension 'ignore_ament_install'
[0.210s] Level 1:colcon.colcon_core.package_identification:_identify(squashfs-root/usr) by extensions ['colcon_pkg']
[0.210s] Level 1:colcon.colcon_core.package_identification:_identify(squashfs-root/usr) by extension 'colcon_pkg'
[0.210s] Level 1:colcon.colcon_core.package_identification:_identify(squashfs-root/usr) by extensions ['colcon_meta']
[0.210s] Level 1:colcon.colcon_core.package_identification:_identify(squashfs-root/usr) by extension 'colcon_meta'
[0.211s] Level 1:colcon.colcon_core.package_identification:_identify(squashfs-root/usr) by extensions ['ros']
[0.211s] Level 1:colcon.colcon_core.package_identification:_identify(squashfs-root/usr) by extension 'ros'
[0.211s] Level 1:colcon.colcon_core.package_identification:_identify(squashfs-root/usr) by extensions ['cmake', 'python']
[0.211s] Level 1:colcon.colcon_core.package_identification:_identify(squashfs-root/usr) by extension 'cmake'
[0.211s] Level 1:colcon.colcon_core.package_identification:_identify(squashfs-root/usr) by extension 'python'
[0.211s] Level 1:colcon.colcon_core.package_identification:_identify(squashfs-root/usr) by extensions ['python_setup_py']
[0.211s] Level 1:colcon.colcon_core.package_identification:_identify(squashfs-root/usr) by extension 'python_setup_py'
[0.211s] Level 1:colcon.colcon_core.package_identification:_identify(squashfs-root/usr/lib) by extensions ['ignore', 'ignore_ament_install']
[0.211s] Level 1:colcon.colcon_core.package_identification:_identify(squashfs-root/usr/lib) by extension 'ignore'
[0.211s] Level 1:colcon.colcon_core.package_identification:_identify(squashfs-root/usr/lib) by extension 'ignore_ament_install'
[0.211s] Level 1:colcon.colcon_core.package_identification:_identify(squashfs-root/usr/lib) by extensions ['colcon_pkg']
[0.212s] Level 1:colcon.colcon_core.package_identification:_identify(squashfs-root/usr/lib) by extension 'colcon_pkg'
[0.212s] Level 1:colcon.colcon_core.package_identification:_identify(squashfs-root/usr/lib) by extensions ['colcon_meta']
[0.212s] Level 1:colcon.colcon_core.package_identification:_identify(squashfs-root/usr/lib) by extension 'colcon_meta'
[0.212s] Level 1:colcon.colcon_core.package_identification:_identify(squashfs-root/usr/lib) by extensions ['ros']
[0.212s] Level 1:colcon.colcon_core.package_identification:_identify(squashfs-root/usr/lib) by extension 'ros'
[0.212s] Level 1:colcon.colcon_core.package_identification:_identify(squashfs-root/usr/lib) by extensions ['cmake', 'python']
[0.212s] Level 1:colcon.colcon_core.package_identification:_identify(squashfs-root/usr/lib) by extension 'cmake'
[0.212s] Level 1:colcon.colcon_core.package_identification:_identify(squashfs-root/usr/lib) by extension 'python'
[0.212s] Level 1:colcon.colcon_core.package_identification:_identify(squashfs-root/usr/lib) by extensions ['python_setup_py']
[0.212s] Level 1:colcon.colcon_core.package_identification:_identify(squashfs-root/usr/lib) by extension 'python_setup_py'
[0.212s] Level 1:colcon.colcon_core.package_identification:_identify(squashfs-root/usr/share) by extensions ['ignore', 'ignore_ament_install']
[0.212s] Level 1:colcon.colcon_core.package_identification:_identify(squashfs-root/usr/share) by extension 'ignore'
[0.212s] Level 1:colcon.colcon_core.package_identification:_identify(squashfs-root/usr/share) by extension 'ignore_ament_install'
[0.213s] Level 1:colcon.colcon_core.package_identification:_identify(squashfs-root/usr/share) by extensions ['colcon_pkg']
[0.213s] Level 1:colcon.colcon_core.package_identification:_identify(squashfs-root/usr/share) by extension 'colcon_pkg'
[0.213s] Level 1:colcon.colcon_core.package_identification:_identify(squashfs-root/usr/share) by extensions ['colcon_meta']
[0.213s] Level 1:colcon.colcon_core.package_identification:_identify(squashfs-root/usr/share) by extension 'colcon_meta'
[0.213s] Level 1:colcon.colcon_core.package_identification:_identify(squashfs-root/usr/share) by extensions ['ros']
[0.213s] Level 1:colcon.colcon_core.package_identification:_identify(squashfs-root/usr/share) by extension 'ros'
[0.213s] Level 1:colcon.colcon_core.package_identification:_identify(squashfs-root/usr/share) by extensions ['cmake', 'python']
[0.213s] Level 1:colcon.colcon_core.package_identification:_identify(squashfs-root/usr/share) by extension 'cmake'
[0.213s] Level 1:colcon.colcon_core.package_identification:_identify(squashfs-root/usr/share) by extension 'python'
[0.213s] Level 1:colcon.colcon_core.package_identification:_identify(squashfs-root/usr/share) by extensions ['python_setup_py']
[0.213s] Level 1:colcon.colcon_core.package_identification:_identify(squashfs-root/usr/share) by extension 'python_setup_py'
[0.213s] Level 1:colcon.colcon_core.package_identification:_identify(squashfs-root/usr/share/icons) by extensions ['ignore', 'ignore_ament_install']
[0.214s] Level 1:colcon.colcon_core.package_identification:_identify(squashfs-root/usr/share/icons) by extension 'ignore'
[0.214s] Level 1:colcon.colcon_core.package_identification:_identify(squashfs-root/usr/share/icons) by extension 'ignore_ament_install'
[0.214s] Level 1:colcon.colcon_core.package_identification:_identify(squashfs-root/usr/share/icons) by extensions ['colcon_pkg']
[0.214s] Level 1:colcon.colcon_core.package_identification:_identify(squashfs-root/usr/share/icons) by extension 'colcon_pkg'
[0.214s] Level 1:colcon.colcon_core.package_identification:_identify(squashfs-root/usr/share/icons) by extensions ['colcon_meta']
[0.214s] Level 1:colcon.colcon_core.package_identification:_identify(squashfs-root/usr/share/icons) by extension 'colcon_meta'
[0.214s] Level 1:colcon.colcon_core.package_identification:_identify(squashfs-root/usr/share/icons) by extensions ['ros']
[0.214s] Level 1:colcon.colcon_core.package_identification:_identify(squashfs-root/usr/share/icons) by extension 'ros'
[0.214s] Level 1:colcon.colcon_core.package_identification:_identify(squashfs-root/usr/share/icons) by extensions ['cmake', 'python']
[0.214s] Level 1:colcon.colcon_core.package_identification:_identify(squashfs-root/usr/share/icons) by extension 'cmake'
[0.214s] Level 1:colcon.colcon_core.package_identification:_identify(squashfs-root/usr/share/icons) by extension 'python'
[0.215s] Level 1:colcon.colcon_core.package_identification:_identify(squashfs-root/usr/share/icons) by extensions ['python_setup_py']
[0.215s] Level 1:colcon.colcon_core.package_identification:_identify(squashfs-root/usr/share/icons) by extension 'python_setup_py'
[0.215s] Level 1:colcon.colcon_core.package_identification:_identify(squashfs-root/usr/share/icons/hicolor) by extensions ['ignore', 'ignore_ament_install']
[0.215s] Level 1:colcon.colcon_core.package_identification:_identify(squashfs-root/usr/share/icons/hicolor) by extension 'ignore'
[0.215s] Level 1:colcon.colcon_core.package_identification:_identify(squashfs-root/usr/share/icons/hicolor) by extension 'ignore_ament_install'
[0.215s] Level 1:colcon.colcon_core.package_identification:_identify(squashfs-root/usr/share/icons/hicolor) by extensions ['colcon_pkg']
[0.215s] Level 1:colcon.colcon_core.package_identification:_identify(squashfs-root/usr/share/icons/hicolor) by extension 'colcon_pkg'
[0.215s] Level 1:colcon.colcon_core.package_identification:_identify(squashfs-root/usr/share/icons/hicolor) by extensions ['colcon_meta']
[0.215s] Level 1:colcon.colcon_core.package_identification:_identify(squashfs-root/usr/share/icons/hicolor) by extension 'colcon_meta'
[0.215s] Level 1:colcon.colcon_core.package_identification:_identify(squashfs-root/usr/share/icons/hicolor) by extensions ['ros']
[0.215s] Level 1:colcon.colcon_core.package_identification:_identify(squashfs-root/usr/share/icons/hicolor) by extension 'ros'
[0.216s] Level 1:colcon.colcon_core.package_identification:_identify(squashfs-root/usr/share/icons/hicolor) by extensions ['cmake', 'python']
[0.216s] Level 1:colcon.colcon_core.package_identification:_identify(squashfs-root/usr/share/icons/hicolor) by extension 'cmake'
[0.216s] Level 1:colcon.colcon_core.package_identification:_identify(squashfs-root/usr/share/icons/hicolor) by extension 'python'
[0.216s] Level 1:colcon.colcon_core.package_identification:_identify(squashfs-root/usr/share/icons/hicolor) by extensions ['python_setup_py']
[0.216s] Level 1:colcon.colcon_core.package_identification:_identify(squashfs-root/usr/share/icons/hicolor) by extension 'python_setup_py'
[0.216s] Level 1:colcon.colcon_core.package_identification:_identify(squashfs-root/usr/share/icons/hicolor/128x128) by extensions ['ignore', 'ignore_ament_install']
[0.216s] Level 1:colcon.colcon_core.package_identification:_identify(squashfs-root/usr/share/icons/hicolor/128x128) by extension 'ignore'
[0.216s] Level 1:colcon.colcon_core.package_identification:_identify(squashfs-root/usr/share/icons/hicolor/128x128) by extension 'ignore_ament_install'
[0.216s] Level 1:colcon.colcon_core.package_identification:_identify(squashfs-root/usr/share/icons/hicolor/128x128) by extensions ['colcon_pkg']
[0.216s] Level 1:colcon.colcon_core.package_identification:_identify(squashfs-root/usr/share/icons/hicolor/128x128) by extension 'colcon_pkg'
[0.216s] Level 1:colcon.colcon_core.package_identification:_identify(squashfs-root/usr/share/icons/hicolor/128x128) by extensions ['colcon_meta']
[0.216s] Level 1:colcon.colcon_core.package_identification:_identify(squashfs-root/usr/share/icons/hicolor/128x128) by extension 'colcon_meta'
[0.217s] Level 1:colcon.colcon_core.package_identification:_identify(squashfs-root/usr/share/icons/hicolor/128x128) by extensions ['ros']
[0.217s] Level 1:colcon.colcon_core.package_identification:_identify(squashfs-root/usr/share/icons/hicolor/128x128) by extension 'ros'
[0.217s] Level 1:colcon.colcon_core.package_identification:_identify(squashfs-root/usr/share/icons/hicolor/128x128) by extensions ['cmake', 'python']
[0.217s] Level 1:colcon.colcon_core.package_identification:_identify(squashfs-root/usr/share/icons/hicolor/128x128) by extension 'cmake'
[0.217s] Level 1:colcon.colcon_core.package_identification:_identify(squashfs-root/usr/share/icons/hicolor/128x128) by extension 'python'
[0.217s] Level 1:colcon.colcon_core.package_identification:_identify(squashfs-root/usr/share/icons/hicolor/128x128) by extensions ['python_setup_py']
[0.217s] Level 1:colcon.colcon_core.package_identification:_identify(squashfs-root/usr/share/icons/hicolor/128x128) by extension 'python_setup_py'
[0.217s] Level 1:colcon.colcon_core.package_identification:_identify(squashfs-root/usr/share/icons/hicolor/128x128/apps) by extensions ['ignore', 'ignore_ament_install']
[0.217s] Level 1:colcon.colcon_core.package_identification:_identify(squashfs-root/usr/share/icons/hicolor/128x128/apps) by extension 'ignore'
[0.217s] Level 1:colcon.colcon_core.package_identification:_identify(squashfs-root/usr/share/icons/hicolor/128x128/apps) by extension 'ignore_ament_install'
[0.217s] Level 1:colcon.colcon_core.package_identification:_identify(squashfs-root/usr/share/icons/hicolor/128x128/apps) by extensions ['colcon_pkg']
[0.218s] Level 1:colcon.colcon_core.package_identification:_identify(squashfs-root/usr/share/icons/hicolor/128x128/apps) by extension 'colcon_pkg'
[0.218s] Level 1:colcon.colcon_core.package_identification:_identify(squashfs-root/usr/share/icons/hicolor/128x128/apps) by extensions ['colcon_meta']
[0.218s] Level 1:colcon.colcon_core.package_identification:_identify(squashfs-root/usr/share/icons/hicolor/128x128/apps) by extension 'colcon_meta'
[0.218s] Level 1:colcon.colcon_core.package_identification:_identify(squashfs-root/usr/share/icons/hicolor/128x128/apps) by extensions ['ros']
[0.218s] Level 1:colcon.colcon_core.package_identification:_identify(squashfs-root/usr/share/icons/hicolor/128x128/apps) by extension 'ros'
[0.218s] Level 1:colcon.colcon_core.package_identification:_identify(squashfs-root/usr/share/icons/hicolor/128x128/apps) by extensions ['cmake', 'python']
[0.218s] Level 1:colcon.colcon_core.package_identification:_identify(squashfs-root/usr/share/icons/hicolor/128x128/apps) by extension 'cmake'
[0.218s] Level 1:colcon.colcon_core.package_identification:_identify(squashfs-root/usr/share/icons/hicolor/128x128/apps) by extension 'python'
[0.218s] Level 1:colcon.colcon_core.package_identification:_identify(squashfs-root/usr/share/icons/hicolor/128x128/apps) by extensions ['python_setup_py']
[0.218s] Level 1:colcon.colcon_core.package_identification:_identify(squashfs-root/usr/share/icons/hicolor/128x128/apps) by extension 'python_setup_py'
[0.218s] Level 1:colcon.colcon_core.package_identification:_identify(squashfs-root/usr/share/icons/hicolor/16x16) by extensions ['ignore', 'ignore_ament_install']
[0.218s] Level 1:colcon.colcon_core.package_identification:_identify(squashfs-root/usr/share/icons/hicolor/16x16) by extension 'ignore'
[0.219s] Level 1:colcon.colcon_core.package_identification:_identify(squashfs-root/usr/share/icons/hicolor/16x16) by extension 'ignore_ament_install'
[0.219s] Level 1:colcon.colcon_core.package_identification:_identify(squashfs-root/usr/share/icons/hicolor/16x16) by extensions ['colcon_pkg']
[0.219s] Level 1:colcon.colcon_core.package_identification:_identify(squashfs-root/usr/share/icons/hicolor/16x16) by extension 'colcon_pkg'
[0.219s] Level 1:colcon.colcon_core.package_identification:_identify(squashfs-root/usr/share/icons/hicolor/16x16) by extensions ['colcon_meta']
[0.219s] Level 1:colcon.colcon_core.package_identification:_identify(squashfs-root/usr/share/icons/hicolor/16x16) by extension 'colcon_meta'
[0.219s] Level 1:colcon.colcon_core.package_identification:_identify(squashfs-root/usr/share/icons/hicolor/16x16) by extensions ['ros']
[0.219s] Level 1:colcon.colcon_core.package_identification:_identify(squashfs-root/usr/share/icons/hicolor/16x16) by extension 'ros'
[0.219s] Level 1:colcon.colcon_core.package_identification:_identify(squashfs-root/usr/share/icons/hicolor/16x16) by extensions ['cmake', 'python']
[0.219s] Level 1:colcon.colcon_core.package_identification:_identify(squashfs-root/usr/share/icons/hicolor/16x16) by extension 'cmake'
[0.219s] Level 1:colcon.colcon_core.package_identification:_identify(squashfs-root/usr/share/icons/hicolor/16x16) by extension 'python'
[0.219s] Level 1:colcon.colcon_core.package_identification:_identify(squashfs-root/usr/share/icons/hicolor/16x16) by extensions ['python_setup_py']
[0.219s] Level 1:colcon.colcon_core.package_identification:_identify(squashfs-root/usr/share/icons/hicolor/16x16) by extension 'python_setup_py'
[0.220s] Level 1:colcon.colcon_core.package_identification:_identify(squashfs-root/usr/share/icons/hicolor/16x16/apps) by extensions ['ignore', 'ignore_ament_install']
[0.220s] Level 1:colcon.colcon_core.package_identification:_identify(squashfs-root/usr/share/icons/hicolor/16x16/apps) by extension 'ignore'
[0.220s] Level 1:colcon.colcon_core.package_identification:_identify(squashfs-root/usr/share/icons/hicolor/16x16/apps) by extension 'ignore_ament_install'
[0.220s] Level 1:colcon.colcon_core.package_identification:_identify(squashfs-root/usr/share/icons/hicolor/16x16/apps) by extensions ['colcon_pkg']
[0.220s] Level 1:colcon.colcon_core.package_identification:_identify(squashfs-root/usr/share/icons/hicolor/16x16/apps) by extension 'colcon_pkg'
[0.220s] Level 1:colcon.colcon_core.package_identification:_identify(squashfs-root/usr/share/icons/hicolor/16x16/apps) by extensions ['colcon_meta']
[0.220s] Level 1:colcon.colcon_core.package_identification:_identify(squashfs-root/usr/share/icons/hicolor/16x16/apps) by extension 'colcon_meta'
[0.220s] Level 1:colcon.colcon_core.package_identification:_identify(squashfs-root/usr/share/icons/hicolor/16x16/apps) by extensions ['ros']
[0.220s] Level 1:colcon.colcon_core.package_identification:_identify(squashfs-root/usr/share/icons/hicolor/16x16/apps) by extension 'ros'
[0.220s] Level 1:colcon.colcon_core.package_identification:_identify(squashfs-root/usr/share/icons/hicolor/16x16/apps) by extensions ['cmake', 'python']
[0.220s] Level 1:colcon.colcon_core.package_identification:_identify(squashfs-root/usr/share/icons/hicolor/16x16/apps) by extension 'cmake'
[0.220s] Level 1:colcon.colcon_core.package_identification:_identify(squashfs-root/usr/share/icons/hicolor/16x16/apps) by extension 'python'
[0.221s] Level 1:colcon.colcon_core.package_identification:_identify(squashfs-root/usr/share/icons/hicolor/16x16/apps) by extensions ['python_setup_py']
[0.221s] Level 1:colcon.colcon_core.package_identification:_identify(squashfs-root/usr/share/icons/hicolor/16x16/apps) by extension 'python_setup_py'
[0.221s] Level 1:colcon.colcon_core.package_identification:_identify(squashfs-root/usr/share/icons/hicolor/256x256) by extensions ['ignore', 'ignore_ament_install']
[0.221s] Level 1:colcon.colcon_core.package_identification:_identify(squashfs-root/usr/share/icons/hicolor/256x256) by extension 'ignore'
[0.221s] Level 1:colcon.colcon_core.package_identification:_identify(squashfs-root/usr/share/icons/hicolor/256x256) by extension 'ignore_ament_install'
[0.221s] Level 1:colcon.colcon_core.package_identification:_identify(squashfs-root/usr/share/icons/hicolor/256x256) by extensions ['colcon_pkg']
[0.221s] Level 1:colcon.colcon_core.package_identification:_identify(squashfs-root/usr/share/icons/hicolor/256x256) by extension 'colcon_pkg'
[0.221s] Level 1:colcon.colcon_core.package_identification:_identify(squashfs-root/usr/share/icons/hicolor/256x256) by extensions ['colcon_meta']
[0.221s] Level 1:colcon.colcon_core.package_identification:_identify(squashfs-root/usr/share/icons/hicolor/256x256) by extension 'colcon_meta'
[0.221s] Level 1:colcon.colcon_core.package_identification:_identify(squashfs-root/usr/share/icons/hicolor/256x256) by extensions ['ros']
[0.221s] Level 1:colcon.colcon_core.package_identification:_identify(squashfs-root/usr/share/icons/hicolor/256x256) by extension 'ros'
[0.222s] Level 1:colcon.colcon_core.package_identification:_identify(squashfs-root/usr/share/icons/hicolor/256x256) by extensions ['cmake', 'python']
[0.222s] Level 1:colcon.colcon_core.package_identification:_identify(squashfs-root/usr/share/icons/hicolor/256x256) by extension 'cmake'
[0.222s] Level 1:colcon.colcon_core.package_identification:_identify(squashfs-root/usr/share/icons/hicolor/256x256) by extension 'python'
[0.222s] Level 1:colcon.colcon_core.package_identification:_identify(squashfs-root/usr/share/icons/hicolor/256x256) by extensions ['python_setup_py']
[0.222s] Level 1:colcon.colcon_core.package_identification:_identify(squashfs-root/usr/share/icons/hicolor/256x256) by extension 'python_setup_py'
[0.222s] Level 1:colcon.colcon_core.package_identification:_identify(squashfs-root/usr/share/icons/hicolor/256x256/apps) by extensions ['ignore', 'ignore_ament_install']
[0.222s] Level 1:colcon.colcon_core.package_identification:_identify(squashfs-root/usr/share/icons/hicolor/256x256/apps) by extension 'ignore'
[0.222s] Level 1:colcon.colcon_core.package_identification:_identify(squashfs-root/usr/share/icons/hicolor/256x256/apps) by extension 'ignore_ament_install'
[0.222s] Level 1:colcon.colcon_core.package_identification:_identify(squashfs-root/usr/share/icons/hicolor/256x256/apps) by extensions ['colcon_pkg']
[0.222s] Level 1:colcon.colcon_core.package_identification:_identify(squashfs-root/usr/share/icons/hicolor/256x256/apps) by extension 'colcon_pkg'
[0.222s] Level 1:colcon.colcon_core.package_identification:_identify(squashfs-root/usr/share/icons/hicolor/256x256/apps) by extensions ['colcon_meta']
[0.222s] Level 1:colcon.colcon_core.package_identification:_identify(squashfs-root/usr/share/icons/hicolor/256x256/apps) by extension 'colcon_meta'
[0.223s] Level 1:colcon.colcon_core.package_identification:_identify(squashfs-root/usr/share/icons/hicolor/256x256/apps) by extensions ['ros']
[0.223s] Level 1:colcon.colcon_core.package_identification:_identify(squashfs-root/usr/share/icons/hicolor/256x256/apps) by extension 'ros'
[0.223s] Level 1:colcon.colcon_core.package_identification:_identify(squashfs-root/usr/share/icons/hicolor/256x256/apps) by extensions ['cmake', 'python']
[0.223s] Level 1:colcon.colcon_core.package_identification:_identify(squashfs-root/usr/share/icons/hicolor/256x256/apps) by extension 'cmake'
[0.223s] Level 1:colcon.colcon_core.package_identification:_identify(squashfs-root/usr/share/icons/hicolor/256x256/apps) by extension 'python'
[0.223s] Level 1:colcon.colcon_core.package_identification:_identify(squashfs-root/usr/share/icons/hicolor/256x256/apps) by extensions ['python_setup_py']
[0.223s] Level 1:colcon.colcon_core.package_identification:_identify(squashfs-root/usr/share/icons/hicolor/256x256/apps) by extension 'python_setup_py'
[0.223s] Level 1:colcon.colcon_core.package_identification:_identify(squashfs-root/usr/share/icons/hicolor/32x32) by extensions ['ignore', 'ignore_ament_install']
[0.223s] Level 1:colcon.colcon_core.package_identification:_identify(squashfs-root/usr/share/icons/hicolor/32x32) by extension 'ignore'
[0.223s] Level 1:colcon.colcon_core.package_identification:_identify(squashfs-root/usr/share/icons/hicolor/32x32) by extension 'ignore_ament_install'
[0.224s] Level 1:colcon.colcon_core.package_identification:_identify(squashfs-root/usr/share/icons/hicolor/32x32) by extensions ['colcon_pkg']
[0.224s] Level 1:colcon.colcon_core.package_identification:_identify(squashfs-root/usr/share/icons/hicolor/32x32) by extension 'colcon_pkg'
[0.224s] Level 1:colcon.colcon_core.package_identification:_identify(squashfs-root/usr/share/icons/hicolor/32x32) by extensions ['colcon_meta']
[0.224s] Level 1:colcon.colcon_core.package_identification:_identify(squashfs-root/usr/share/icons/hicolor/32x32) by extension 'colcon_meta'
[0.224s] Level 1:colcon.colcon_core.package_identification:_identify(squashfs-root/usr/share/icons/hicolor/32x32) by extensions ['ros']
[0.224s] Level 1:colcon.colcon_core.package_identification:_identify(squashfs-root/usr/share/icons/hicolor/32x32) by extension 'ros'
[0.224s] Level 1:colcon.colcon_core.package_identification:_identify(squashfs-root/usr/share/icons/hicolor/32x32) by extensions ['cmake', 'python']
[0.224s] Level 1:colcon.colcon_core.package_identification:_identify(squashfs-root/usr/share/icons/hicolor/32x32) by extension 'cmake'
[0.224s] Level 1:colcon.colcon_core.package_identification:_identify(squashfs-root/usr/share/icons/hicolor/32x32) by extension 'python'
[0.224s] Level 1:colcon.colcon_core.package_identification:_identify(squashfs-root/usr/share/icons/hicolor/32x32) by extensions ['python_setup_py']
[0.224s] Level 1:colcon.colcon_core.package_identification:_identify(squashfs-root/usr/share/icons/hicolor/32x32) by extension 'python_setup_py'
[0.224s] Level 1:colcon.colcon_core.package_identification:_identify(squashfs-root/usr/share/icons/hicolor/32x32/apps) by extensions ['ignore', 'ignore_ament_install']
[0.225s] Level 1:colcon.colcon_core.package_identification:_identify(squashfs-root/usr/share/icons/hicolor/32x32/apps) by extension 'ignore'
[0.225s] Level 1:colcon.colcon_core.package_identification:_identify(squashfs-root/usr/share/icons/hicolor/32x32/apps) by extension 'ignore_ament_install'
[0.225s] Level 1:colcon.colcon_core.package_identification:_identify(squashfs-root/usr/share/icons/hicolor/32x32/apps) by extensions ['colcon_pkg']
[0.225s] Level 1:colcon.colcon_core.package_identification:_identify(squashfs-root/usr/share/icons/hicolor/32x32/apps) by extension 'colcon_pkg'
[0.225s] Level 1:colcon.colcon_core.package_identification:_identify(squashfs-root/usr/share/icons/hicolor/32x32/apps) by extensions ['colcon_meta']
[0.225s] Level 1:colcon.colcon_core.package_identification:_identify(squashfs-root/usr/share/icons/hicolor/32x32/apps) by extension 'colcon_meta'
[0.225s] Level 1:colcon.colcon_core.package_identification:_identify(squashfs-root/usr/share/icons/hicolor/32x32/apps) by extensions ['ros']
[0.225s] Level 1:colcon.colcon_core.package_identification:_identify(squashfs-root/usr/share/icons/hicolor/32x32/apps) by extension 'ros'
[0.225s] Level 1:colcon.colcon_core.package_identification:_identify(squashfs-root/usr/share/icons/hicolor/32x32/apps) by extensions ['cmake', 'python']
[0.225s] Level 1:colcon.colcon_core.package_identification:_identify(squashfs-root/usr/share/icons/hicolor/32x32/apps) by extension 'cmake'
[0.225s] Level 1:colcon.colcon_core.package_identification:_identify(squashfs-root/usr/share/icons/hicolor/32x32/apps) by extension 'python'
[0.225s] Level 1:colcon.colcon_core.package_identification:_identify(squashfs-root/usr/share/icons/hicolor/32x32/apps) by extensions ['python_setup_py']
[0.225s] Level 1:colcon.colcon_core.package_identification:_identify(squashfs-root/usr/share/icons/hicolor/32x32/apps) by extension 'python_setup_py'
[0.226s] Level 1:colcon.colcon_core.package_identification:_identify(squashfs-root/usr/share/icons/hicolor/48x48) by extensions ['ignore', 'ignore_ament_install']
[0.226s] Level 1:colcon.colcon_core.package_identification:_identify(squashfs-root/usr/share/icons/hicolor/48x48) by extension 'ignore'
[0.226s] Level 1:colcon.colcon_core.package_identification:_identify(squashfs-root/usr/share/icons/hicolor/48x48) by extension 'ignore_ament_install'
[0.226s] Level 1:colcon.colcon_core.package_identification:_identify(squashfs-root/usr/share/icons/hicolor/48x48) by extensions ['colcon_pkg']
[0.226s] Level 1:colcon.colcon_core.package_identification:_identify(squashfs-root/usr/share/icons/hicolor/48x48) by extension 'colcon_pkg'
[0.226s] Level 1:colcon.colcon_core.package_identification:_identify(squashfs-root/usr/share/icons/hicolor/48x48) by extensions ['colcon_meta']
[0.226s] Level 1:colcon.colcon_core.package_identification:_identify(squashfs-root/usr/share/icons/hicolor/48x48) by extension 'colcon_meta'
[0.226s] Level 1:colcon.colcon_core.package_identification:_identify(squashfs-root/usr/share/icons/hicolor/48x48) by extensions ['ros']
[0.226s] Level 1:colcon.colcon_core.package_identification:_identify(squashfs-root/usr/share/icons/hicolor/48x48) by extension 'ros'
[0.226s] Level 1:colcon.colcon_core.package_identification:_identify(squashfs-root/usr/share/icons/hicolor/48x48) by extensions ['cmake', 'python']
[0.226s] Level 1:colcon.colcon_core.package_identification:_identify(squashfs-root/usr/share/icons/hicolor/48x48) by extension 'cmake'
[0.227s] Level 1:colcon.colcon_core.package_identification:_identify(squashfs-root/usr/share/icons/hicolor/48x48) by extension 'python'
[0.227s] Level 1:colcon.colcon_core.package_identification:_identify(squashfs-root/usr/share/icons/hicolor/48x48) by extensions ['python_setup_py']
[0.227s] Level 1:colcon.colcon_core.package_identification:_identify(squashfs-root/usr/share/icons/hicolor/48x48) by extension 'python_setup_py'
[0.227s] Level 1:colcon.colcon_core.package_identification:_identify(squashfs-root/usr/share/icons/hicolor/48x48/apps) by extensions ['ignore', 'ignore_ament_install']
[0.227s] Level 1:colcon.colcon_core.package_identification:_identify(squashfs-root/usr/share/icons/hicolor/48x48/apps) by extension 'ignore'
[0.227s] Level 1:colcon.colcon_core.package_identification:_identify(squashfs-root/usr/share/icons/hicolor/48x48/apps) by extension 'ignore_ament_install'
[0.227s] Level 1:colcon.colcon_core.package_identification:_identify(squashfs-root/usr/share/icons/hicolor/48x48/apps) by extensions ['colcon_pkg']
[0.227s] Level 1:colcon.colcon_core.package_identification:_identify(squashfs-root/usr/share/icons/hicolor/48x48/apps) by extension 'colcon_pkg'
[0.227s] Level 1:colcon.colcon_core.package_identification:_identify(squashfs-root/usr/share/icons/hicolor/48x48/apps) by extensions ['colcon_meta']
[0.227s] Level 1:colcon.colcon_core.package_identification:_identify(squashfs-root/usr/share/icons/hicolor/48x48/apps) by extension 'colcon_meta'
[0.227s] Level 1:colcon.colcon_core.package_identification:_identify(squashfs-root/usr/share/icons/hicolor/48x48/apps) by extensions ['ros']
[0.227s] Level 1:colcon.colcon_core.package_identification:_identify(squashfs-root/usr/share/icons/hicolor/48x48/apps) by extension 'ros'
[0.228s] Level 1:colcon.colcon_core.package_identification:_identify(squashfs-root/usr/share/icons/hicolor/48x48/apps) by extensions ['cmake', 'python']
[0.228s] Level 1:colcon.colcon_core.package_identification:_identify(squashfs-root/usr/share/icons/hicolor/48x48/apps) by extension 'cmake'
[0.228s] Level 1:colcon.colcon_core.package_identification:_identify(squashfs-root/usr/share/icons/hicolor/48x48/apps) by extension 'python'
[0.228s] Level 1:colcon.colcon_core.package_identification:_identify(squashfs-root/usr/share/icons/hicolor/48x48/apps) by extensions ['python_setup_py']
[0.228s] Level 1:colcon.colcon_core.package_identification:_identify(squashfs-root/usr/share/icons/hicolor/48x48/apps) by extension 'python_setup_py'
[0.228s] Level 1:colcon.colcon_core.package_identification:_identify(squashfs-root/usr/share/icons/hicolor/64x64) by extensions ['ignore', 'ignore_ament_install']
[0.228s] Level 1:colcon.colcon_core.package_identification:_identify(squashfs-root/usr/share/icons/hicolor/64x64) by extension 'ignore'
[0.228s] Level 1:colcon.colcon_core.package_identification:_identify(squashfs-root/usr/share/icons/hicolor/64x64) by extension 'ignore_ament_install'
[0.228s] Level 1:colcon.colcon_core.package_identification:_identify(squashfs-root/usr/share/icons/hicolor/64x64) by extensions ['colcon_pkg']
[0.228s] Level 1:colcon.colcon_core.package_identification:_identify(squashfs-root/usr/share/icons/hicolor/64x64) by extension 'colcon_pkg'
[0.228s] Level 1:colcon.colcon_core.package_identification:_identify(squashfs-root/usr/share/icons/hicolor/64x64) by extensions ['colcon_meta']
[0.229s] Level 1:colcon.colcon_core.package_identification:_identify(squashfs-root/usr/share/icons/hicolor/64x64) by extension 'colcon_meta'
[0.229s] Level 1:colcon.colcon_core.package_identification:_identify(squashfs-root/usr/share/icons/hicolor/64x64) by extensions ['ros']
[0.229s] Level 1:colcon.colcon_core.package_identification:_identify(squashfs-root/usr/share/icons/hicolor/64x64) by extension 'ros'
[0.229s] Level 1:colcon.colcon_core.package_identification:_identify(squashfs-root/usr/share/icons/hicolor/64x64) by extensions ['cmake', 'python']
[0.229s] Level 1:colcon.colcon_core.package_identification:_identify(squashfs-root/usr/share/icons/hicolor/64x64) by extension 'cmake'
[0.229s] Level 1:colcon.colcon_core.package_identification:_identify(squashfs-root/usr/share/icons/hicolor/64x64) by extension 'python'
[0.229s] Level 1:colcon.colcon_core.package_identification:_identify(squashfs-root/usr/share/icons/hicolor/64x64) by extensions ['python_setup_py']
[0.229s] Level 1:colcon.colcon_core.package_identification:_identify(squashfs-root/usr/share/icons/hicolor/64x64) by extension 'python_setup_py'
[0.229s] Level 1:colcon.colcon_core.package_identification:_identify(squashfs-root/usr/share/icons/hicolor/64x64/apps) by extensions ['ignore', 'ignore_ament_install']
[0.229s] Level 1:colcon.colcon_core.package_identification:_identify(squashfs-root/usr/share/icons/hicolor/64x64/apps) by extension 'ignore'
[0.229s] Level 1:colcon.colcon_core.package_identification:_identify(squashfs-root/usr/share/icons/hicolor/64x64/apps) by extension 'ignore_ament_install'
[0.230s] Level 1:colcon.colcon_core.package_identification:_identify(squashfs-root/usr/share/icons/hicolor/64x64/apps) by extensions ['colcon_pkg']
[0.230s] Level 1:colcon.colcon_core.package_identification:_identify(squashfs-root/usr/share/icons/hicolor/64x64/apps) by extension 'colcon_pkg'
[0.230s] Level 1:colcon.colcon_core.package_identification:_identify(squashfs-root/usr/share/icons/hicolor/64x64/apps) by extensions ['colcon_meta']
[0.230s] Level 1:colcon.colcon_core.package_identification:_identify(squashfs-root/usr/share/icons/hicolor/64x64/apps) by extension 'colcon_meta'
[0.230s] Level 1:colcon.colcon_core.package_identification:_identify(squashfs-root/usr/share/icons/hicolor/64x64/apps) by extensions ['ros']
[0.230s] Level 1:colcon.colcon_core.package_identification:_identify(squashfs-root/usr/share/icons/hicolor/64x64/apps) by extension 'ros'
[0.230s] Level 1:colcon.colcon_core.package_identification:_identify(squashfs-root/usr/share/icons/hicolor/64x64/apps) by extensions ['cmake', 'python']
[0.230s] Level 1:colcon.colcon_core.package_identification:_identify(squashfs-root/usr/share/icons/hicolor/64x64/apps) by extension 'cmake'
[0.230s] Level 1:colcon.colcon_core.package_identification:_identify(squashfs-root/usr/share/icons/hicolor/64x64/apps) by extension 'python'
[0.230s] Level 1:colcon.colcon_core.package_identification:_identify(squashfs-root/usr/share/icons/hicolor/64x64/apps) by extensions ['python_setup_py']
[0.230s] Level 1:colcon.colcon_core.package_identification:_identify(squashfs-root/usr/share/icons/hicolor/64x64/apps) by extension 'python_setup_py'
[0.230s] Level 1:colcon.colcon_core.package_identification:_identify(turtlesim_ws) by extensions ['ignore', 'ignore_ament_install']
[0.230s] Level 1:colcon.colcon_core.package_identification:_identify(turtlesim_ws) by extension 'ignore'
[0.231s] Level 1:colcon.colcon_core.package_identification:_identify(turtlesim_ws) by extension 'ignore_ament_install'
[0.231s] Level 1:colcon.colcon_core.package_identification:_identify(turtlesim_ws) by extensions ['colcon_pkg']
[0.231s] Level 1:colcon.colcon_core.package_identification:_identify(turtlesim_ws) by extension 'colcon_pkg'
[0.231s] Level 1:colcon.colcon_core.package_identification:_identify(turtlesim_ws) by extensions ['colcon_meta']
[0.231s] Level 1:colcon.colcon_core.package_identification:_identify(turtlesim_ws) by extension 'colcon_meta'
[0.231s] Level 1:colcon.colcon_core.package_identification:_identify(turtlesim_ws) by extensions ['ros']
[0.231s] Level 1:colcon.colcon_core.package_identification:_identify(turtlesim_ws) by extension 'ros'
[0.231s] Level 1:colcon.colcon_core.package_identification:_identify(turtlesim_ws) by extensions ['cmake', 'python']
[0.231s] Level 1:colcon.colcon_core.package_identification:_identify(turtlesim_ws) by extension 'cmake'
[0.231s] Level 1:colcon.colcon_core.package_identification:_identify(turtlesim_ws) by extension 'python'
[0.231s] Level 1:colcon.colcon_core.package_identification:_identify(turtlesim_ws) by extensions ['python_setup_py']
[0.231s] Level 1:colcon.colcon_core.package_identification:_identify(turtlesim_ws) by extension 'python_setup_py'
[0.231s] Level 1:colcon.colcon_core.package_identification:_identify(turtlesim_ws/src) by extensions ['ignore', 'ignore_ament_install']
[0.231s] Level 1:colcon.colcon_core.package_identification:_identify(turtlesim_ws/src) by extension 'ignore'
[0.232s] Level 1:colcon.colcon_core.package_identification:_identify(turtlesim_ws/src) by extension 'ignore_ament_install'
[0.232s] Level 1:colcon.colcon_core.package_identification:_identify(turtlesim_ws/src) by extensions ['colcon_pkg']
[0.232s] Level 1:colcon.colcon_core.package_identification:_identify(turtlesim_ws/src) by extension 'colcon_pkg'
[0.232s] Level 1:colcon.colcon_core.package_identification:_identify(turtlesim_ws/src) by extensions ['colcon_meta']
[0.232s] Level 1:colcon.colcon_core.package_identification:_identify(turtlesim_ws/src) by extension 'colcon_meta'
[0.232s] Level 1:colcon.colcon_core.package_identification:_identify(turtlesim_ws/src) by extensions ['ros']
[0.232s] Level 1:colcon.colcon_core.package_identification:_identify(turtlesim_ws/src) by extension 'ros'
[0.232s] Level 1:colcon.colcon_core.package_identification:_identify(turtlesim_ws/src) by extensions ['cmake', 'python']
[0.232s] Level 1:colcon.colcon_core.package_identification:_identify(turtlesim_ws/src) by extension 'cmake'
[0.232s] Level 1:colcon.colcon_core.package_identification:_identify(turtlesim_ws/src) by extension 'python'
[0.232s] Level 1:colcon.colcon_core.package_identification:_identify(turtlesim_ws/src) by extensions ['python_setup_py']
[0.232s] Level 1:colcon.colcon_core.package_identification:_identify(turtlesim_ws/src) by extension 'python_setup_py'
[0.232s] Level 1:colcon.colcon_core.package_identification:_identify(turtlesim_ws/src/cmdvel_to_ackermann) by extensions ['ignore', 'ignore_ament_install']
[0.233s] Level 1:colcon.colcon_core.package_identification:_identify(turtlesim_ws/src/cmdvel_to_ackermann) by extension 'ignore'
[0.233s] Level 1:colcon.colcon_core.package_identification:_identify(turtlesim_ws/src/cmdvel_to_ackermann) by extension 'ignore_ament_install'
[0.233s] Level 1:colcon.colcon_core.package_identification:_identify(turtlesim_ws/src/cmdvel_to_ackermann) by extensions ['colcon_pkg']
[0.233s] Level 1:colcon.colcon_core.package_identification:_identify(turtlesim_ws/src/cmdvel_to_ackermann) by extension 'colcon_pkg'
[0.233s] Level 1:colcon.colcon_core.package_identification:_identify(turtlesim_ws/src/cmdvel_to_ackermann) by extensions ['colcon_meta']
[0.233s] Level 1:colcon.colcon_core.package_identification:_identify(turtlesim_ws/src/cmdvel_to_ackermann) by extension 'colcon_meta'
[0.233s] Level 1:colcon.colcon_core.package_identification:_identify(turtlesim_ws/src/cmdvel_to_ackermann) by extensions ['ros']
[0.233s] Level 1:colcon.colcon_core.package_identification:_identify(turtlesim_ws/src/cmdvel_to_ackermann) by extension 'ros'
[0.235s] DEBUG:colcon.colcon_core.package_identification:Package 'turtlesim_ws/src/cmdvel_to_ackermann' with type 'ros.ament_cmake' and name 'cmdvel_to_ackermann'
[0.236s] Level 1:colcon.colcon_core.package_identification:_identify(turtlesim_ws/src/custom_message) by extensions ['ignore', 'ignore_ament_install']
[0.236s] Level 1:colcon.colcon_core.package_identification:_identify(turtlesim_ws/src/custom_message) by extension 'ignore'
[0.236s] Level 1:colcon.colcon_core.package_identification:_identify(turtlesim_ws/src/custom_message) by extension 'ignore_ament_install'
[0.236s] Level 1:colcon.colcon_core.package_identification:_identify(turtlesim_ws/src/custom_message) by extensions ['colcon_pkg']
[0.236s] Level 1:colcon.colcon_core.package_identification:_identify(turtlesim_ws/src/custom_message) by extension 'colcon_pkg'
[0.236s] Level 1:colcon.colcon_core.package_identification:_identify(turtlesim_ws/src/custom_message) by extensions ['colcon_meta']
[0.236s] Level 1:colcon.colcon_core.package_identification:_identify(turtlesim_ws/src/custom_message) by extension 'colcon_meta'
[0.236s] Level 1:colcon.colcon_core.package_identification:_identify(turtlesim_ws/src/custom_message) by extensions ['ros']
[0.236s] Level 1:colcon.colcon_core.package_identification:_identify(turtlesim_ws/src/custom_message) by extension 'ros'
[0.237s] DEBUG:colcon.colcon_core.package_identification:Package 'turtlesim_ws/src/custom_message' with type 'ros.ament_cmake' and name 'custom_message'
[0.237s] Level 1:colcon.colcon_core.package_identification:_identify(turtlesim_ws/src/diff_drive_mover) by extensions ['ignore', 'ignore_ament_install']
[0.237s] Level 1:colcon.colcon_core.package_identification:_identify(turtlesim_ws/src/diff_drive_mover) by extension 'ignore'
[0.237s] Level 1:colcon.colcon_core.package_identification:_identify(turtlesim_ws/src/diff_drive_mover) by extension 'ignore_ament_install'
[0.237s] Level 1:colcon.colcon_core.package_identification:_identify(turtlesim_ws/src/diff_drive_mover) by extensions ['colcon_pkg']
[0.237s] Level 1:colcon.colcon_core.package_identification:_identify(turtlesim_ws/src/diff_drive_mover) by extension 'colcon_pkg'
[0.237s] Level 1:colcon.colcon_core.package_identification:_identify(turtlesim_ws/src/diff_drive_mover) by extensions ['colcon_meta']
[0.237s] Level 1:colcon.colcon_core.package_identification:_identify(turtlesim_ws/src/diff_drive_mover) by extension 'colcon_meta'
[0.237s] Level 1:colcon.colcon_core.package_identification:_identify(turtlesim_ws/src/diff_drive_mover) by extensions ['ros']
[0.238s] Level 1:colcon.colcon_core.package_identification:_identify(turtlesim_ws/src/diff_drive_mover) by extension 'ros'
[0.238s] DEBUG:colcon.colcon_core.package_identification:Package 'turtlesim_ws/src/diff_drive_mover' with type 'ros.ament_cmake' and name 'diff_drive_mover'
[0.238s] Level 1:colcon.colcon_core.package_identification:_identify(turtlesim_ws/src/human_controller) by extensions ['ignore', 'ignore_ament_install']
[0.238s] Level 1:colcon.colcon_core.package_identification:_identify(turtlesim_ws/src/human_controller) by extension 'ignore'
[0.238s] Level 1:colcon.colcon_core.package_identification:_identify(turtlesim_ws/src/human_controller) by extension 'ignore_ament_install'
[0.238s] Level 1:colcon.colcon_core.package_identification:_identify(turtlesim_ws/src/human_controller) by extensions ['colcon_pkg']
[0.239s] Level 1:colcon.colcon_core.package_identification:_identify(turtlesim_ws/src/human_controller) by extension 'colcon_pkg'
[0.239s] Level 1:colcon.colcon_core.package_identification:_identify(turtlesim_ws/src/human_controller) by extensions ['colcon_meta']
[0.239s] Level 1:colcon.colcon_core.package_identification:_identify(turtlesim_ws/src/human_controller) by extension 'colcon_meta'
[0.239s] Level 1:colcon.colcon_core.package_identification:_identify(turtlesim_ws/src/human_controller) by extensions ['ros']
[0.239s] Level 1:colcon.colcon_core.package_identification:_identify(turtlesim_ws/src/human_controller) by extension 'ros'
[0.239s] DEBUG:colcon.colcon_core.package_identification:Package 'turtlesim_ws/src/human_controller' with type 'ros.ament_python' and name 'human_controller'
[0.240s] Level 1:colcon.colcon_core.package_identification:_identify(turtlesim_ws/src/human_interfaces) by extensions ['ignore', 'ignore_ament_install']
[0.240s] Level 1:colcon.colcon_core.package_identification:_identify(turtlesim_ws/src/human_interfaces) by extension 'ignore'
[0.240s] Level 1:colcon.colcon_core.package_identification:_identify(turtlesim_ws/src/human_interfaces) by extension 'ignore_ament_install'
[0.240s] Level 1:colcon.colcon_core.package_identification:_identify(turtlesim_ws/src/human_interfaces) by extensions ['colcon_pkg']
[0.240s] Level 1:colcon.colcon_core.package_identification:_identify(turtlesim_ws/src/human_interfaces) by extension 'colcon_pkg'
[0.240s] Level 1:colcon.colcon_core.package_identification:_identify(turtlesim_ws/src/human_interfaces) by extensions ['colcon_meta']
[0.240s] Level 1:colcon.colcon_core.package_identification:_identify(turtlesim_ws/src/human_interfaces) by extension 'colcon_meta'
[0.240s] Level 1:colcon.colcon_core.package_identification:_identify(turtlesim_ws/src/human_interfaces) by extensions ['ros']
[0.240s] Level 1:colcon.colcon_core.package_identification:_identify(turtlesim_ws/src/human_interfaces) by extension 'ros'
[0.241s] DEBUG:colcon.colcon_core.package_identification:Package 'turtlesim_ws/src/human_interfaces' with type 'ros.ament_cmake' and name 'human_interfaces'
[0.241s] Level 1:colcon.colcon_core.package_identification:_identify(turtlesim_ws/src/humanoid_locomotion_policy_example) by extensions ['ignore', 'ignore_ament_install']
[0.241s] Level 1:colcon.colcon_core.package_identification:_identify(turtlesim_ws/src/humanoid_locomotion_policy_example) by extension 'ignore'
[0.241s] Level 1:colcon.colcon_core.package_identification:_identify(turtlesim_ws/src/humanoid_locomotion_policy_example) by extension 'ignore_ament_install'
[0.241s] Level 1:colcon.colcon_core.package_identification:_identify(turtlesim_ws/src/humanoid_locomotion_policy_example) by extensions ['colcon_pkg']
[0.241s] Level 1:colcon.colcon_core.package_identification:_identify(turtlesim_ws/src/humanoid_locomotion_policy_example) by extension 'colcon_pkg'
[0.241s] Level 1:colcon.colcon_core.package_identification:_identify(turtlesim_ws/src/humanoid_locomotion_policy_example) by extensions ['colcon_meta']
[0.241s] Level 1:colcon.colcon_core.package_identification:_identify(turtlesim_ws/src/humanoid_locomotion_policy_example) by extension 'colcon_meta'
[0.241s] Level 1:colcon.colcon_core.package_identification:_identify(turtlesim_ws/src/humanoid_locomotion_policy_example) by extensions ['ros']
[0.241s] Level 1:colcon.colcon_core.package_identification:_identify(turtlesim_ws/src/humanoid_locomotion_policy_example) by extension 'ros'
[0.242s] Level 1:colcon.colcon_core.package_identification:_identify(turtlesim_ws/src/humanoid_locomotion_policy_example) by extensions ['cmake', 'python']
[0.242s] Level 1:colcon.colcon_core.package_identification:_identify(turtlesim_ws/src/humanoid_locomotion_policy_example) by extension 'cmake'
[0.242s] Level 1:colcon.colcon_core.package_identification:_identify(turtlesim_ws/src/humanoid_locomotion_policy_example) by extension 'python'
[0.242s] Level 1:colcon.colcon_core.package_identification:_identify(turtlesim_ws/src/humanoid_locomotion_policy_example) by extensions ['python_setup_py']
[0.242s] Level 1:colcon.colcon_core.package_identification:_identify(turtlesim_ws/src/humanoid_locomotion_policy_example) by extension 'python_setup_py'
[0.242s] Level 1:colcon.colcon_core.package_identification:_identify(turtlesim_ws/src/humanoid_locomotion_policy_example/h1_fullbody_controller) by extensions ['ignore', 'ignore_ament_install']
[0.242s] Level 1:colcon.colcon_core.package_identification:_identify(turtlesim_ws/src/humanoid_locomotion_policy_example/h1_fullbody_controller) by extension 'ignore'
[0.242s] Level 1:colcon.colcon_core.package_identification:_identify(turtlesim_ws/src/humanoid_locomotion_policy_example/h1_fullbody_controller) by extension 'ignore_ament_install'
[0.242s] Level 1:colcon.colcon_core.package_identification:_identify(turtlesim_ws/src/humanoid_locomotion_policy_example/h1_fullbody_controller) by extensions ['colcon_pkg']
[0.242s] Level 1:colcon.colcon_core.package_identification:_identify(turtlesim_ws/src/humanoid_locomotion_policy_example/h1_fullbody_controller) by extension 'colcon_pkg'
[0.243s] Level 1:colcon.colcon_core.package_identification:_identify(turtlesim_ws/src/humanoid_locomotion_policy_example/h1_fullbody_controller) by extensions ['colcon_meta']
[0.243s] Level 1:colcon.colcon_core.package_identification:_identify(turtlesim_ws/src/humanoid_locomotion_policy_example/h1_fullbody_controller) by extension 'colcon_meta'
[0.243s] Level 1:colcon.colcon_core.package_identification:_identify(turtlesim_ws/src/humanoid_locomotion_policy_example/h1_fullbody_controller) by extensions ['ros']
[0.243s] Level 1:colcon.colcon_core.package_identification:_identify(turtlesim_ws/src/humanoid_locomotion_policy_example/h1_fullbody_controller) by extension 'ros'
[0.243s] DEBUG:colcon.colcon_core.package_identification:Package 'turtlesim_ws/src/humanoid_locomotion_policy_example/h1_fullbody_controller' with type 'ros.ament_cmake' and name 'h1_fullbody_controller'
[0.243s] Level 1:colcon.colcon_core.package_identification:_identify(turtlesim_ws/src/isaac_ros2_messages) by extensions ['ignore', 'ignore_ament_install']
[0.244s] Level 1:colcon.colcon_core.package_identification:_identify(turtlesim_ws/src/isaac_ros2_messages) by extension 'ignore'
[0.244s] Level 1:colcon.colcon_core.package_identification:_identify(turtlesim_ws/src/isaac_ros2_messages) by extension 'ignore_ament_install'
[0.244s] Level 1:colcon.colcon_core.package_identification:_identify(turtlesim_ws/src/isaac_ros2_messages) by extensions ['colcon_pkg']
[0.244s] Level 1:colcon.colcon_core.package_identification:_identify(turtlesim_ws/src/isaac_ros2_messages) by extension 'colcon_pkg'
[0.244s] Level 1:colcon.colcon_core.package_identification:_identify(turtlesim_ws/src/isaac_ros2_messages) by extensions ['colcon_meta']
[0.244s] Level 1:colcon.colcon_core.package_identification:_identify(turtlesim_ws/src/isaac_ros2_messages) by extension 'colcon_meta'
[0.244s] Level 1:colcon.colcon_core.package_identification:_identify(turtlesim_ws/src/isaac_ros2_messages) by extensions ['ros']
[0.244s] Level 1:colcon.colcon_core.package_identification:_identify(turtlesim_ws/src/isaac_ros2_messages) by extension 'ros'
[0.245s] DEBUG:colcon.colcon_core.package_identification:Package 'turtlesim_ws/src/isaac_ros2_messages' with type 'ros.ament_cmake' and name 'isaac_ros2_messages'
[0.245s] Level 1:colcon.colcon_core.package_identification:_identify(turtlesim_ws/src/isaac_tutorials) by extensions ['ignore', 'ignore_ament_install']
[0.245s] Level 1:colcon.colcon_core.package_identification:_identify(turtlesim_ws/src/isaac_tutorials) by extension 'ignore'
[0.245s] Level 1:colcon.colcon_core.package_identification:_identify(turtlesim_ws/src/isaac_tutorials) by extension 'ignore_ament_install'
[0.245s] Level 1:colcon.colcon_core.package_identification:_identify(turtlesim_ws/src/isaac_tutorials) by extensions ['colcon_pkg']
[0.245s] Level 1:colcon.colcon_core.package_identification:_identify(turtlesim_ws/src/isaac_tutorials) by extension 'colcon_pkg'
[0.245s] Level 1:colcon.colcon_core.package_identification:_identify(turtlesim_ws/src/isaac_tutorials) by extensions ['colcon_meta']
[0.245s] Level 1:colcon.colcon_core.package_identification:_identify(turtlesim_ws/src/isaac_tutorials) by extension 'colcon_meta'
[0.245s] Level 1:colcon.colcon_core.package_identification:_identify(turtlesim_ws/src/isaac_tutorials) by extensions ['ros']
[0.245s] Level 1:colcon.colcon_core.package_identification:_identify(turtlesim_ws/src/isaac_tutorials) by extension 'ros'
[0.246s] DEBUG:colcon.colcon_core.package_identification:Package 'turtlesim_ws/src/isaac_tutorials' with type 'ros.ament_cmake' and name 'isaac_tutorials'
[0.246s] Level 1:colcon.colcon_core.package_identification:_identify(turtlesim_ws/src/isaacsim) by extensions ['ignore', 'ignore_ament_install']
[0.246s] Level 1:colcon.colcon_core.package_identification:_identify(turtlesim_ws/src/isaacsim) by extension 'ignore'
[0.246s] Level 1:colcon.colcon_core.package_identification:_identify(turtlesim_ws/src/isaacsim) by extension 'ignore_ament_install'
[0.246s] Level 1:colcon.colcon_core.package_identification:_identify(turtlesim_ws/src/isaacsim) by extensions ['colcon_pkg']
[0.246s] Level 1:colcon.colcon_core.package_identification:_identify(turtlesim_ws/src/isaacsim) by extension 'colcon_pkg'
[0.247s] Level 1:colcon.colcon_core.package_identification:_identify(turtlesim_ws/src/isaacsim) by extensions ['colcon_meta']
[0.247s] Level 1:colcon.colcon_core.package_identification:_identify(turtlesim_ws/src/isaacsim) by extension 'colcon_meta'
[0.247s] Level 1:colcon.colcon_core.package_identification:_identify(turtlesim_ws/src/isaacsim) by extensions ['ros']
[0.247s] Level 1:colcon.colcon_core.package_identification:_identify(turtlesim_ws/src/isaacsim) by extension 'ros'
[0.247s] DEBUG:colcon.colcon_core.package_identification:Package 'turtlesim_ws/src/isaacsim' with type 'ros.ament_cmake' and name 'isaacsim'
[0.247s] Level 1:colcon.colcon_core.package_identification:_identify(turtlesim_ws/src/issac_sim) by extensions ['ignore', 'ignore_ament_install']
[0.248s] Level 1:colcon.colcon_core.package_identification:_identify(turtlesim_ws/src/issac_sim) by extension 'ignore'
[0.248s] Level 1:colcon.colcon_core.package_identification:_identify(turtlesim_ws/src/issac_sim) by extension 'ignore_ament_install'
[0.248s] Level 1:colcon.colcon_core.package_identification:_identify(turtlesim_ws/src/issac_sim) by extensions ['colcon_pkg']
[0.248s] Level 1:colcon.colcon_core.package_identification:_identify(turtlesim_ws/src/issac_sim) by extension 'colcon_pkg'
[0.248s] Level 1:colcon.colcon_core.package_identification:_identify(turtlesim_ws/src/issac_sim) by extensions ['colcon_meta']
[0.248s] Level 1:colcon.colcon_core.package_identification:_identify(turtlesim_ws/src/issac_sim) by extension 'colcon_meta'
[0.248s] Level 1:colcon.colcon_core.package_identification:_identify(turtlesim_ws/src/issac_sim) by extensions ['ros']
[0.248s] Level 1:colcon.colcon_core.package_identification:_identify(turtlesim_ws/src/issac_sim) by extension 'ros'
[0.249s] DEBUG:colcon.colcon_core.package_identification:Package 'turtlesim_ws/src/issac_sim' with type 'ros.ament_python' and name 'issac_sim'
[0.249s] Level 1:colcon.colcon_core.package_identification:_identify(turtlesim_ws/src/moveit) by extensions ['ignore', 'ignore_ament_install']
[0.249s] Level 1:colcon.colcon_core.package_identification:_identify(turtlesim_ws/src/moveit) by extension 'ignore'
[0.249s] Level 1:colcon.colcon_core.package_identification:_identify(turtlesim_ws/src/moveit) by extension 'ignore_ament_install'
[0.249s] Level 1:colcon.colcon_core.package_identification:_identify(turtlesim_ws/src/moveit) by extensions ['colcon_pkg']
[0.249s] Level 1:colcon.colcon_core.package_identification:_identify(turtlesim_ws/src/moveit) by extension 'colcon_pkg'
[0.249s] Level 1:colcon.colcon_core.package_identification:_identify(turtlesim_ws/src/moveit) by extensions ['colcon_meta']
[0.249s] Level 1:colcon.colcon_core.package_identification:_identify(turtlesim_ws/src/moveit) by extension 'colcon_meta'
[0.249s] Level 1:colcon.colcon_core.package_identification:_identify(turtlesim_ws/src/moveit) by extensions ['ros']
[0.249s] Level 1:colcon.colcon_core.package_identification:_identify(turtlesim_ws/src/moveit) by extension 'ros'
[0.250s] Level 1:colcon.colcon_core.package_identification:_identify(turtlesim_ws/src/moveit) by extensions ['cmake', 'python']
[0.250s] Level 1:colcon.colcon_core.package_identification:_identify(turtlesim_ws/src/moveit) by extension 'cmake'
[0.250s] Level 1:colcon.colcon_core.package_identification:_identify(turtlesim_ws/src/moveit) by extension 'python'
[0.250s] Level 1:colcon.colcon_core.package_identification:_identify(turtlesim_ws/src/moveit) by extensions ['python_setup_py']
[0.250s] Level 1:colcon.colcon_core.package_identification:_identify(turtlesim_ws/src/moveit) by extension 'python_setup_py'
[0.250s] Level 1:colcon.colcon_core.package_identification:_identify(turtlesim_ws/src/moveit/isaac_moveit) by extensions ['ignore', 'ignore_ament_install']
[0.250s] Level 1:colcon.colcon_core.package_identification:_identify(turtlesim_ws/src/moveit/isaac_moveit) by extension 'ignore'
[0.250s] Level 1:colcon.colcon_core.package_identification:_identify(turtlesim_ws/src/moveit/isaac_moveit) by extension 'ignore_ament_install'
[0.250s] Level 1:colcon.colcon_core.package_identification:_identify(turtlesim_ws/src/moveit/isaac_moveit) by extensions ['colcon_pkg']
[0.250s] Level 1:colcon.colcon_core.package_identification:_identify(turtlesim_ws/src/moveit/isaac_moveit) by extension 'colcon_pkg'
[0.250s] Level 1:colcon.colcon_core.package_identification:_identify(turtlesim_ws/src/moveit/isaac_moveit) by extensions ['colcon_meta']
[0.250s] Level 1:colcon.colcon_core.package_identification:_identify(turtlesim_ws/src/moveit/isaac_moveit) by extension 'colcon_meta'
[0.251s] Level 1:colcon.colcon_core.package_identification:_identify(turtlesim_ws/src/moveit/isaac_moveit) by extensions ['ros']
[0.251s] Level 1:colcon.colcon_core.package_identification:_identify(turtlesim_ws/src/moveit/isaac_moveit) by extension 'ros'
[0.251s] DEBUG:colcon.colcon_core.package_identification:Package 'turtlesim_ws/src/moveit/isaac_moveit' with type 'ros.ament_cmake' and name 'isaac_moveit'
[0.251s] Level 1:colcon.colcon_core.package_identification:_identify(turtlesim_ws/src/my_turtlesim) by extensions ['ignore', 'ignore_ament_install']
[0.251s] Level 1:colcon.colcon_core.package_identification:_identify(turtlesim_ws/src/my_turtlesim) by extension 'ignore'
[0.252s] Level 1:colcon.colcon_core.package_identification:_identify(turtlesim_ws/src/my_turtlesim) by extension 'ignore_ament_install'
[0.252s] Level 1:colcon.colcon_core.package_identification:_identify(turtlesim_ws/src/my_turtlesim) by extensions ['colcon_pkg']
[0.252s] Level 1:colcon.colcon_core.package_identification:_identify(turtlesim_ws/src/my_turtlesim) by extension 'colcon_pkg'
[0.252s] Level 1:colcon.colcon_core.package_identification:_identify(turtlesim_ws/src/my_turtlesim) by extensions ['colcon_meta']
[0.252s] Level 1:colcon.colcon_core.package_identification:_identify(turtlesim_ws/src/my_turtlesim) by extension 'colcon_meta'
[0.252s] Level 1:colcon.colcon_core.package_identification:_identify(turtlesim_ws/src/my_turtlesim) by extensions ['ros']
[0.252s] Level 1:colcon.colcon_core.package_identification:_identify(turtlesim_ws/src/my_turtlesim) by extension 'ros'
[0.253s] DEBUG:colcon.colcon_core.package_identification:Package 'turtlesim_ws/src/my_turtlesim' with type 'ros.ament_python' and name 'my_turtlesim'
[0.253s] Level 1:colcon.colcon_core.package_identification:_identify(turtlesim_ws/src/navigation) by extensions ['ignore', 'ignore_ament_install']
[0.253s] Level 1:colcon.colcon_core.package_identification:_identify(turtlesim_ws/src/navigation) by extension 'ignore'
[0.253s] Level 1:colcon.colcon_core.package_identification:_identify(turtlesim_ws/src/navigation) by extension 'ignore_ament_install'
[0.253s] Level 1:colcon.colcon_core.package_identification:_identify(turtlesim_ws/src/navigation) by extensions ['colcon_pkg']
[0.253s] Level 1:colcon.colcon_core.package_identification:_identify(turtlesim_ws/src/navigation) by extension 'colcon_pkg'
[0.253s] Level 1:colcon.colcon_core.package_identification:_identify(turtlesim_ws/src/navigation) by extensions ['colcon_meta']
[0.253s] Level 1:colcon.colcon_core.package_identification:_identify(turtlesim_ws/src/navigation) by extension 'colcon_meta'
[0.253s] Level 1:colcon.colcon_core.package_identification:_identify(turtlesim_ws/src/navigation) by extensions ['ros']
[0.253s] Level 1:colcon.colcon_core.package_identification:_identify(turtlesim_ws/src/navigation) by extension 'ros'
[0.253s] Level 1:colcon.colcon_core.package_identification:_identify(turtlesim_ws/src/navigation) by extensions ['cmake', 'python']
[0.253s] Level 1:colcon.colcon_core.package_identification:_identify(turtlesim_ws/src/navigation) by extension 'cmake'
[0.254s] Level 1:colcon.colcon_core.package_identification:_identify(turtlesim_ws/src/navigation) by extension 'python'
[0.254s] Level 1:colcon.colcon_core.package_identification:_identify(turtlesim_ws/src/navigation) by extensions ['python_setup_py']
[0.254s] Level 1:colcon.colcon_core.package_identification:_identify(turtlesim_ws/src/navigation) by extension 'python_setup_py'
[0.254s] Level 1:colcon.colcon_core.package_identification:_identify(turtlesim_ws/src/navigation/carter_navigation) by extensions ['ignore', 'ignore_ament_install']
[0.254s] Level 1:colcon.colcon_core.package_identification:_identify(turtlesim_ws/src/navigation/carter_navigation) by extension 'ignore'
[0.254s] Level 1:colcon.colcon_core.package_identification:_identify(turtlesim_ws/src/navigation/carter_navigation) by extension 'ignore_ament_install'
[0.254s] Level 1:colcon.colcon_core.package_identification:_identify(turtlesim_ws/src/navigation/carter_navigation) by extensions ['colcon_pkg']
[0.254s] Level 1:colcon.colcon_core.package_identification:_identify(turtlesim_ws/src/navigation/carter_navigation) by extension 'colcon_pkg'
[0.254s] Level 1:colcon.colcon_core.package_identification:_identify(turtlesim_ws/src/navigation/carter_navigation) by extensions ['colcon_meta']
[0.254s] Level 1:colcon.colcon_core.package_identification:_identify(turtlesim_ws/src/navigation/carter_navigation) by extension 'colcon_meta'
[0.254s] Level 1:colcon.colcon_core.package_identification:_identify(turtlesim_ws/src/navigation/carter_navigation) by extensions ['ros']
[0.254s] Level 1:colcon.colcon_core.package_identification:_identify(turtlesim_ws/src/navigation/carter_navigation) by extension 'ros'
[0.256s] DEBUG:colcon.colcon_core.package_identification:Package 'turtlesim_ws/src/navigation/carter_navigation' with type 'ros.ament_cmake' and name 'carter_navigation'
[0.256s] Level 1:colcon.colcon_core.package_identification:_identify(turtlesim_ws/src/navigation/isaac_ros_navigation_goal) by extensions ['ignore', 'ignore_ament_install']
[0.257s] Level 1:colcon.colcon_core.package_identification:_identify(turtlesim_ws/src/navigation/isaac_ros_navigation_goal) by extension 'ignore'
[0.257s] Level 1:colcon.colcon_core.package_identification:_identify(turtlesim_ws/src/navigation/isaac_ros_navigation_goal) by extension 'ignore_ament_install'
[0.257s] Level 1:colcon.colcon_core.package_identification:_identify(turtlesim_ws/src/navigation/isaac_ros_navigation_goal) by extensions ['colcon_pkg']
[0.257s] Level 1:colcon.colcon_core.package_identification:_identify(turtlesim_ws/src/navigation/isaac_ros_navigation_goal) by extension 'colcon_pkg'
[0.257s] Level 1:colcon.colcon_core.package_identification:_identify(turtlesim_ws/src/navigation/isaac_ros_navigation_goal) by extensions ['colcon_meta']
[0.257s] Level 1:colcon.colcon_core.package_identification:_identify(turtlesim_ws/src/navigation/isaac_ros_navigation_goal) by extension 'colcon_meta'
[0.257s] Level 1:colcon.colcon_core.package_identification:_identify(turtlesim_ws/src/navigation/isaac_ros_navigation_goal) by extensions ['ros']
[0.257s] Level 1:colcon.colcon_core.package_identification:_identify(turtlesim_ws/src/navigation/isaac_ros_navigation_goal) by extension 'ros'
[0.258s] DEBUG:colcon.colcon_core.package_identification:Package 'turtlesim_ws/src/navigation/isaac_ros_navigation_goal' with type 'ros.ament_python' and name 'isaac_ros_navigation_goal'
[0.258s] Level 1:colcon.colcon_core.package_identification:_identify(turtlesim_ws/src/navigation/iw_hub_navigation) by extensions ['ignore', 'ignore_ament_install']
[0.258s] Level 1:colcon.colcon_core.package_identification:_identify(turtlesim_ws/src/navigation/iw_hub_navigation) by extension 'ignore'
[0.258s] Level 1:colcon.colcon_core.package_identification:_identify(turtlesim_ws/src/navigation/iw_hub_navigation) by extension 'ignore_ament_install'
[0.258s] Level 1:colcon.colcon_core.package_identification:_identify(turtlesim_ws/src/navigation/iw_hub_navigation) by extensions ['colcon_pkg']
[0.258s] Level 1:colcon.colcon_core.package_identification:_identify(turtlesim_ws/src/navigation/iw_hub_navigation) by extension 'colcon_pkg'
[0.258s] Level 1:colcon.colcon_core.package_identification:_identify(turtlesim_ws/src/navigation/iw_hub_navigation) by extensions ['colcon_meta']
[0.258s] Level 1:colcon.colcon_core.package_identification:_identify(turtlesim_ws/src/navigation/iw_hub_navigation) by extension 'colcon_meta'
[0.259s] Level 1:colcon.colcon_core.package_identification:_identify(turtlesim_ws/src/navigation/iw_hub_navigation) by extensions ['ros']
[0.259s] Level 1:colcon.colcon_core.package_identification:_identify(turtlesim_ws/src/navigation/iw_hub_navigation) by extension 'ros'
[0.259s] DEBUG:colcon.colcon_core.package_identification:Package 'turtlesim_ws/src/navigation/iw_hub_navigation' with type 'ros.ament_cmake' and name 'iw_hub_navigation'
[0.260s] Level 1:colcon.colcon_core.package_identification:_identify(turtlesim_ws/src/ros-controls) by extensions ['ignore', 'ignore_ament_install']
[0.260s] Level 1:colcon.colcon_core.package_identification:_identify(turtlesim_ws/src/ros-controls) by extension 'ignore'
[0.260s] Level 1:colcon.colcon_core.package_identification:_identify(turtlesim_ws/src/ros-controls) by extension 'ignore_ament_install'
[0.260s] Level 1:colcon.colcon_core.package_identification:_identify(turtlesim_ws/src/ros-controls) by extensions ['colcon_pkg']
[0.260s] Level 1:colcon.colcon_core.package_identification:_identify(turtlesim_ws/src/ros-controls) by extension 'colcon_pkg'
[0.260s] Level 1:colcon.colcon_core.package_identification:_identify(turtlesim_ws/src/ros-controls) by extensions ['colcon_meta']
[0.260s] Level 1:colcon.colcon_core.package_identification:_identify(turtlesim_ws/src/ros-controls) by extension 'colcon_meta'
[0.260s] Level 1:colcon.colcon_core.package_identification:_identify(turtlesim_ws/src/ros-controls) by extensions ['ros']
[0.260s] Level 1:colcon.colcon_core.package_identification:_identify(turtlesim_ws/src/ros-controls) by extension 'ros'
[0.260s] Level 1:colcon.colcon_core.package_identification:_identify(turtlesim_ws/src/ros-controls) by extensions ['cmake', 'python']
[0.260s] Level 1:colcon.colcon_core.package_identification:_identify(turtlesim_ws/src/ros-controls) by extension 'cmake'
[0.260s] Level 1:colcon.colcon_core.package_identification:_identify(turtlesim_ws/src/ros-controls) by extension 'python'
[0.261s] Level 1:colcon.colcon_core.package_identification:_identify(turtlesim_ws/src/ros-controls) by extensions ['python_setup_py']
[0.261s] Level 1:colcon.colcon_core.package_identification:_identify(turtlesim_ws/src/ros-controls) by extension 'python_setup_py'
[0.261s] Level 1:colcon.colcon_core.package_identification:_identify(turtlesim_ws/src/ros-controls/control_msgs) by extensions ['ignore', 'ignore_ament_install']
[0.261s] Level 1:colcon.colcon_core.package_identification:_identify(turtlesim_ws/src/ros-controls/control_msgs) by extension 'ignore'
[0.261s] Level 1:colcon.colcon_core.package_identification:_identify(turtlesim_ws/src/ros-controls/control_msgs) by extension 'ignore_ament_install'
[0.261s] Level 1:colcon.colcon_core.package_identification:_identify(turtlesim_ws/src/ros-controls/control_msgs) by extensions ['colcon_pkg']
[0.261s] Level 1:colcon.colcon_core.package_identification:_identify(turtlesim_ws/src/ros-controls/control_msgs) by extension 'colcon_pkg'
[0.261s] Level 1:colcon.colcon_core.package_identification:_identify(turtlesim_ws/src/ros-controls/control_msgs) by extensions ['colcon_meta']
[0.261s] Level 1:colcon.colcon_core.package_identification:_identify(turtlesim_ws/src/ros-controls/control_msgs) by extension 'colcon_meta'
[0.261s] Level 1:colcon.colcon_core.package_identification:_identify(turtlesim_ws/src/ros-controls/control_msgs) by extensions ['ros']
[0.261s] Level 1:colcon.colcon_core.package_identification:_identify(turtlesim_ws/src/ros-controls/control_msgs) by extension 'ros'
[0.262s] Level 1:colcon.colcon_core.package_identification:_identify(turtlesim_ws/src/ros-controls/control_msgs) by extensions ['cmake', 'python']
[0.262s] Level 1:colcon.colcon_core.package_identification:_identify(turtlesim_ws/src/ros-controls/control_msgs) by extension 'cmake'
[0.262s] Level 1:colcon.colcon_core.package_identification:_identify(turtlesim_ws/src/ros-controls/control_msgs) by extension 'python'
[0.262s] Level 1:colcon.colcon_core.package_identification:_identify(turtlesim_ws/src/ros-controls/control_msgs) by extensions ['python_setup_py']
[0.262s] Level 1:colcon.colcon_core.package_identification:_identify(turtlesim_ws/src/ros-controls/control_msgs) by extension 'python_setup_py'
[0.262s] Level 1:colcon.colcon_core.package_identification:_identify(turtlesim_ws/src/ros-controls/control_toolbox) by extensions ['ignore', 'ignore_ament_install']
[0.262s] Level 1:colcon.colcon_core.package_identification:_identify(turtlesim_ws/src/ros-controls/control_toolbox) by extension 'ignore'
[0.262s] Level 1:colcon.colcon_core.package_identification:_identify(turtlesim_ws/src/ros-controls/control_toolbox) by extension 'ignore_ament_install'
[0.262s] Level 1:colcon.colcon_core.package_identification:_identify(turtlesim_ws/src/ros-controls/control_toolbox) by extensions ['colcon_pkg']
[0.262s] Level 1:colcon.colcon_core.package_identification:_identify(turtlesim_ws/src/ros-controls/control_toolbox) by extension 'colcon_pkg'
[0.262s] Level 1:colcon.colcon_core.package_identification:_identify(turtlesim_ws/src/ros-controls/control_toolbox) by extensions ['colcon_meta']
[0.262s] Level 1:colcon.colcon_core.package_identification:_identify(turtlesim_ws/src/ros-controls/control_toolbox) by extension 'colcon_meta'
[0.263s] Level 1:colcon.colcon_core.package_identification:_identify(turtlesim_ws/src/ros-controls/control_toolbox) by extensions ['ros']
[0.263s] Level 1:colcon.colcon_core.package_identification:_identify(turtlesim_ws/src/ros-controls/control_toolbox) by extension 'ros'
[0.263s] Level 1:colcon.colcon_core.package_identification:_identify(turtlesim_ws/src/ros-controls/control_toolbox) by extensions ['cmake', 'python']
[0.263s] Level 1:colcon.colcon_core.package_identification:_identify(turtlesim_ws/src/ros-controls/control_toolbox) by extension 'cmake'
[0.263s] Level 1:colcon.colcon_core.package_identification:_identify(turtlesim_ws/src/ros-controls/control_toolbox) by extension 'python'
[0.263s] Level 1:colcon.colcon_core.package_identification:_identify(turtlesim_ws/src/ros-controls/control_toolbox) by extensions ['python_setup_py']
[0.263s] Level 1:colcon.colcon_core.package_identification:_identify(turtlesim_ws/src/ros-controls/control_toolbox) by extension 'python_setup_py'
[0.264s] Level 1:colcon.colcon_core.package_identification:_identify(turtlesim_ws/src/ros-controls/gz_ros2_control) by extensions ['ignore', 'ignore_ament_install']
[0.264s] Level 1:colcon.colcon_core.package_identification:_identify(turtlesim_ws/src/ros-controls/gz_ros2_control) by extension 'ignore'
[0.264s] Level 1:colcon.colcon_core.package_identification:_identify(turtlesim_ws/src/ros-controls/gz_ros2_control) by extension 'ignore_ament_install'
[0.264s] Level 1:colcon.colcon_core.package_identification:_identify(turtlesim_ws/src/ros-controls/gz_ros2_control) by extensions ['colcon_pkg']
[0.264s] Level 1:colcon.colcon_core.package_identification:_identify(turtlesim_ws/src/ros-controls/gz_ros2_control) by extension 'colcon_pkg'
[0.264s] Level 1:colcon.colcon_core.package_identification:_identify(turtlesim_ws/src/ros-controls/gz_ros2_control) by extensions ['colcon_meta']
[0.264s] Level 1:colcon.colcon_core.package_identification:_identify(turtlesim_ws/src/ros-controls/gz_ros2_control) by extension 'colcon_meta'
[0.264s] Level 1:colcon.colcon_core.package_identification:_identify(turtlesim_ws/src/ros-controls/gz_ros2_control) by extensions ['ros']
[0.264s] Level 1:colcon.colcon_core.package_identification:_identify(turtlesim_ws/src/ros-controls/gz_ros2_control) by extension 'ros'
[0.264s] Level 1:colcon.colcon_core.package_identification:_identify(turtlesim_ws/src/ros-controls/gz_ros2_control) by extensions ['cmake', 'python']
[0.264s] Level 1:colcon.colcon_core.package_identification:_identify(turtlesim_ws/src/ros-controls/gz_ros2_control) by extension 'cmake'
[0.264s] Level 1:colcon.colcon_core.package_identification:_identify(turtlesim_ws/src/ros-controls/gz_ros2_control) by extension 'python'
[0.265s] Level 1:colcon.colcon_core.package_identification:_identify(turtlesim_ws/src/ros-controls/gz_ros2_control) by extensions ['python_setup_py']
[0.265s] Level 1:colcon.colcon_core.package_identification:_identify(turtlesim_ws/src/ros-controls/gz_ros2_control) by extension 'python_setup_py'
[0.265s] Level 1:colcon.colcon_core.package_identification:_identify(turtlesim_ws/src/ros-controls/kinematics_interface) by extensions ['ignore', 'ignore_ament_install']
[0.265s] Level 1:colcon.colcon_core.package_identification:_identify(turtlesim_ws/src/ros-controls/kinematics_interface) by extension 'ignore'
[0.265s] Level 1:colcon.colcon_core.package_identification:_identify(turtlesim_ws/src/ros-controls/kinematics_interface) by extension 'ignore_ament_install'
[0.265s] Level 1:colcon.colcon_core.package_identification:_identify(turtlesim_ws/src/ros-controls/kinematics_interface) by extensions ['colcon_pkg']
[0.265s] Level 1:colcon.colcon_core.package_identification:_identify(turtlesim_ws/src/ros-controls/kinematics_interface) by extension 'colcon_pkg'
[0.265s] Level 1:colcon.colcon_core.package_identification:_identify(turtlesim_ws/src/ros-controls/kinematics_interface) by extensions ['colcon_meta']
[0.265s] Level 1:colcon.colcon_core.package_identification:_identify(turtlesim_ws/src/ros-controls/kinematics_interface) by extension 'colcon_meta'
[0.265s] Level 1:colcon.colcon_core.package_identification:_identify(turtlesim_ws/src/ros-controls/kinematics_interface) by extensions ['ros']
[0.265s] Level 1:colcon.colcon_core.package_identification:_identify(turtlesim_ws/src/ros-controls/kinematics_interface) by extension 'ros'
[0.266s] Level 1:colcon.colcon_core.package_identification:_identify(turtlesim_ws/src/ros-controls/kinematics_interface) by extensions ['cmake', 'python']
[0.266s] Level 1:colcon.colcon_core.package_identification:_identify(turtlesim_ws/src/ros-controls/kinematics_interface) by extension 'cmake'
[0.266s] Level 1:colcon.colcon_core.package_identification:_identify(turtlesim_ws/src/ros-controls/kinematics_interface) by extension 'python'
[0.266s] Level 1:colcon.colcon_core.package_identification:_identify(turtlesim_ws/src/ros-controls/kinematics_interface) by extensions ['python_setup_py']
[0.266s] Level 1:colcon.colcon_core.package_identification:_identify(turtlesim_ws/src/ros-controls/kinematics_interface) by extension 'python_setup_py'
[0.266s] Level 1:colcon.colcon_core.package_identification:_identify(turtlesim_ws/src/ros-controls/realtime_tools) by extensions ['ignore', 'ignore_ament_install']
[0.266s] Level 1:colcon.colcon_core.package_identification:_identify(turtlesim_ws/src/ros-controls/realtime_tools) by extension 'ignore'
[0.266s] Level 1:colcon.colcon_core.package_identification:_identify(turtlesim_ws/src/ros-controls/realtime_tools) by extension 'ignore_ament_install'
[0.266s] Level 1:colcon.colcon_core.package_identification:_identify(turtlesim_ws/src/ros-controls/realtime_tools) by extensions ['colcon_pkg']
[0.266s] Level 1:colcon.colcon_core.package_identification:_identify(turtlesim_ws/src/ros-controls/realtime_tools) by extension 'colcon_pkg'
[0.266s] Level 1:colcon.colcon_core.package_identification:_identify(turtlesim_ws/src/ros-controls/realtime_tools) by extensions ['colcon_meta']
[0.267s] Level 1:colcon.colcon_core.package_identification:_identify(turtlesim_ws/src/ros-controls/realtime_tools) by extension 'colcon_meta'
[0.267s] Level 1:colcon.colcon_core.package_identification:_identify(turtlesim_ws/src/ros-controls/realtime_tools) by extensions ['ros']
[0.267s] Level 1:colcon.colcon_core.package_identification:_identify(turtlesim_ws/src/ros-controls/realtime_tools) by extension 'ros'
[0.267s] Level 1:colcon.colcon_core.package_identification:_identify(turtlesim_ws/src/ros-controls/realtime_tools) by extensions ['cmake', 'python']
[0.267s] Level 1:colcon.colcon_core.package_identification:_identify(turtlesim_ws/src/ros-controls/realtime_tools) by extension 'cmake'
[0.267s] Level 1:colcon.colcon_core.package_identification:_identify(turtlesim_ws/src/ros-controls/realtime_tools) by extension 'python'
[0.267s] Level 1:colcon.colcon_core.package_identification:_identify(turtlesim_ws/src/ros-controls/realtime_tools) by extensions ['python_setup_py']
[0.267s] Level 1:colcon.colcon_core.package_identification:_identify(turtlesim_ws/src/ros-controls/realtime_tools) by extension 'python_setup_py'
[0.267s] Level 1:colcon.colcon_core.package_identification:_identify(turtlesim_ws/src/ros-controls/ros2_control) by extensions ['ignore', 'ignore_ament_install']
[0.267s] Level 1:colcon.colcon_core.package_identification:_identify(turtlesim_ws/src/ros-controls/ros2_control) by extension 'ignore'
[0.268s] Level 1:colcon.colcon_core.package_identification:_identify(turtlesim_ws/src/ros-controls/ros2_control) by extension 'ignore_ament_install'
[0.268s] Level 1:colcon.colcon_core.package_identification:_identify(turtlesim_ws/src/ros-controls/ros2_control) by extensions ['colcon_pkg']
[0.268s] Level 1:colcon.colcon_core.package_identification:_identify(turtlesim_ws/src/ros-controls/ros2_control) by extension 'colcon_pkg'
[0.268s] Level 1:colcon.colcon_core.package_identification:_identify(turtlesim_ws/src/ros-controls/ros2_control) by extensions ['colcon_meta']
[0.268s] Level 1:colcon.colcon_core.package_identification:_identify(turtlesim_ws/src/ros-controls/ros2_control) by extension 'colcon_meta'
[0.268s] Level 1:colcon.colcon_core.package_identification:_identify(turtlesim_ws/src/ros-controls/ros2_control) by extensions ['ros']
[0.268s] Level 1:colcon.colcon_core.package_identification:_identify(turtlesim_ws/src/ros-controls/ros2_control) by extension 'ros'
[0.268s] Level 1:colcon.colcon_core.package_identification:_identify(turtlesim_ws/src/ros-controls/ros2_control) by extensions ['cmake', 'python']
[0.268s] Level 1:colcon.colcon_core.package_identification:_identify(turtlesim_ws/src/ros-controls/ros2_control) by extension 'cmake'
[0.268s] Level 1:colcon.colcon_core.package_identification:_identify(turtlesim_ws/src/ros-controls/ros2_control) by extension 'python'
[0.268s] Level 1:colcon.colcon_core.package_identification:_identify(turtlesim_ws/src/ros-controls/ros2_control) by extensions ['python_setup_py']
[0.268s] Level 1:colcon.colcon_core.package_identification:_identify(turtlesim_ws/src/ros-controls/ros2_control) by extension 'python_setup_py'
[0.268s] Level 1:colcon.colcon_core.package_identification:_identify(turtlesim_ws/src/ros-controls/ros2_control_cmake) by extensions ['ignore', 'ignore_ament_install']
[0.269s] Level 1:colcon.colcon_core.package_identification:_identify(turtlesim_ws/src/ros-controls/ros2_control_cmake) by extension 'ignore'
[0.269s] Level 1:colcon.colcon_core.package_identification:_identify(turtlesim_ws/src/ros-controls/ros2_control_cmake) by extension 'ignore_ament_install'
[0.269s] Level 1:colcon.colcon_core.package_identification:_identify(turtlesim_ws/src/ros-controls/ros2_control_cmake) by extensions ['colcon_pkg']
[0.269s] Level 1:colcon.colcon_core.package_identification:_identify(turtlesim_ws/src/ros-controls/ros2_control_cmake) by extension 'colcon_pkg'
[0.269s] Level 1:colcon.colcon_core.package_identification:_identify(turtlesim_ws/src/ros-controls/ros2_control_cmake) by extensions ['colcon_meta']
[0.269s] Level 1:colcon.colcon_core.package_identification:_identify(turtlesim_ws/src/ros-controls/ros2_control_cmake) by extension 'colcon_meta'
[0.269s] Level 1:colcon.colcon_core.package_identification:_identify(turtlesim_ws/src/ros-controls/ros2_control_cmake) by extensions ['ros']
[0.269s] Level 1:colcon.colcon_core.package_identification:_identify(turtlesim_ws/src/ros-controls/ros2_control_cmake) by extension 'ros'
[0.269s] Level 1:colcon.colcon_core.package_identification:_identify(turtlesim_ws/src/ros-controls/ros2_control_cmake) by extensions ['cmake', 'python']
[0.269s] Level 1:colcon.colcon_core.package_identification:_identify(turtlesim_ws/src/ros-controls/ros2_control_cmake) by extension 'cmake'
[0.269s] Level 1:colcon.colcon_core.package_identification:_identify(turtlesim_ws/src/ros-controls/ros2_control_cmake) by extension 'python'
[0.269s] Level 1:colcon.colcon_core.package_identification:_identify(turtlesim_ws/src/ros-controls/ros2_control_cmake) by extensions ['python_setup_py']
[0.269s] Level 1:colcon.colcon_core.package_identification:_identify(turtlesim_ws/src/ros-controls/ros2_control_cmake) by extension 'python_setup_py'
[0.270s] Level 1:colcon.colcon_core.package_identification:_identify(turtlesim_ws/src/ros-controls/ros2_control_demos) by extensions ['ignore', 'ignore_ament_install']
[0.270s] Level 1:colcon.colcon_core.package_identification:_identify(turtlesim_ws/src/ros-controls/ros2_control_demos) by extension 'ignore'
[0.270s] Level 1:colcon.colcon_core.package_identification:_identify(turtlesim_ws/src/ros-controls/ros2_control_demos) by extension 'ignore_ament_install'
[0.270s] Level 1:colcon.colcon_core.package_identification:_identify(turtlesim_ws/src/ros-controls/ros2_control_demos) by extensions ['colcon_pkg']
[0.270s] Level 1:colcon.colcon_core.package_identification:_identify(turtlesim_ws/src/ros-controls/ros2_control_demos) by extension 'colcon_pkg'
[0.270s] Level 1:colcon.colcon_core.package_identification:_identify(turtlesim_ws/src/ros-controls/ros2_control_demos) by extensions ['colcon_meta']
[0.270s] Level 1:colcon.colcon_core.package_identification:_identify(turtlesim_ws/src/ros-controls/ros2_control_demos) by extension 'colcon_meta'
[0.270s] Level 1:colcon.colcon_core.package_identification:_identify(turtlesim_ws/src/ros-controls/ros2_control_demos) by extensions ['ros']
[0.270s] Level 1:colcon.colcon_core.package_identification:_identify(turtlesim_ws/src/ros-controls/ros2_control_demos) by extension 'ros'
[0.270s] Level 1:colcon.colcon_core.package_identification:_identify(turtlesim_ws/src/ros-controls/ros2_control_demos) by extensions ['cmake', 'python']
[0.270s] Level 1:colcon.colcon_core.package_identification:_identify(turtlesim_ws/src/ros-controls/ros2_control_demos) by extension 'cmake'
[0.271s] Level 1:colcon.colcon_core.package_identification:_identify(turtlesim_ws/src/ros-controls/ros2_control_demos) by extension 'python'
[0.271s] Level 1:colcon.colcon_core.package_identification:_identify(turtlesim_ws/src/ros-controls/ros2_control_demos) by extensions ['python_setup_py']
[0.271s] Level 1:colcon.colcon_core.package_identification:_identify(turtlesim_ws/src/ros-controls/ros2_control_demos) by extension 'python_setup_py'
[0.271s] Level 1:colcon.colcon_core.package_identification:_identify(turtlesim_ws/src/ros-controls/ros2_controllers) by extensions ['ignore', 'ignore_ament_install']
[0.271s] Level 1:colcon.colcon_core.package_identification:_identify(turtlesim_ws/src/ros-controls/ros2_controllers) by extension 'ignore'
[0.271s] Level 1:colcon.colcon_core.package_identification:_identify(turtlesim_ws/src/ros-controls/ros2_controllers) by extension 'ignore_ament_install'
[0.271s] Level 1:colcon.colcon_core.package_identification:_identify(turtlesim_ws/src/ros-controls/ros2_controllers) by extensions ['colcon_pkg']
[0.271s] Level 1:colcon.colcon_core.package_identification:_identify(turtlesim_ws/src/ros-controls/ros2_controllers) by extension 'colcon_pkg'
[0.271s] Level 1:colcon.colcon_core.package_identification:_identify(turtlesim_ws/src/ros-controls/ros2_controllers) by extensions ['colcon_meta']
[0.271s] Level 1:colcon.colcon_core.package_identification:_identify(turtlesim_ws/src/ros-controls/ros2_controllers) by extension 'colcon_meta'
[0.271s] Level 1:colcon.colcon_core.package_identification:_identify(turtlesim_ws/src/ros-controls/ros2_controllers) by extensions ['ros']
[0.271s] Level 1:colcon.colcon_core.package_identification:_identify(turtlesim_ws/src/ros-controls/ros2_controllers) by extension 'ros'
[0.272s] Level 1:colcon.colcon_core.package_identification:_identify(turtlesim_ws/src/ros-controls/ros2_controllers) by extensions ['cmake', 'python']
[0.272s] Level 1:colcon.colcon_core.package_identification:_identify(turtlesim_ws/src/ros-controls/ros2_controllers) by extension 'cmake'
[0.272s] Level 1:colcon.colcon_core.package_identification:_identify(turtlesim_ws/src/ros-controls/ros2_controllers) by extension 'python'
[0.272s] Level 1:colcon.colcon_core.package_identification:_identify(turtlesim_ws/src/ros-controls/ros2_controllers) by extensions ['python_setup_py']
[0.272s] Level 1:colcon.colcon_core.package_identification:_identify(turtlesim_ws/src/ros-controls/ros2_controllers) by extension 'python_setup_py'
[0.272s] Level 1:colcon.colcon_core.package_identification:_identify(turtlesim_ws/src/ros-controls/topic_based_hardware_interfaces) by extensions ['ignore', 'ignore_ament_install']
[0.272s] Level 1:colcon.colcon_core.package_identification:_identify(turtlesim_ws/src/ros-controls/topic_based_hardware_interfaces) by extension 'ignore'
[0.272s] Level 1:colcon.colcon_core.package_identification:_identify(turtlesim_ws/src/ros-controls/topic_based_hardware_interfaces) by extension 'ignore_ament_install'
[0.272s] Level 1:colcon.colcon_core.package_identification:_identify(turtlesim_ws/src/ros-controls/topic_based_hardware_interfaces) by extensions ['colcon_pkg']
[0.272s] Level 1:colcon.colcon_core.package_identification:_identify(turtlesim_ws/src/ros-controls/topic_based_hardware_interfaces) by extension 'colcon_pkg'
[0.272s] Level 1:colcon.colcon_core.package_identification:_identify(turtlesim_ws/src/ros-controls/topic_based_hardware_interfaces) by extensions ['colcon_meta']
[0.272s] Level 1:colcon.colcon_core.package_identification:_identify(turtlesim_ws/src/ros-controls/topic_based_hardware_interfaces) by extension 'colcon_meta'
[0.273s] Level 1:colcon.colcon_core.package_identification:_identify(turtlesim_ws/src/ros-controls/topic_based_hardware_interfaces) by extensions ['ros']
[0.273s] Level 1:colcon.colcon_core.package_identification:_identify(turtlesim_ws/src/ros-controls/topic_based_hardware_interfaces) by extension 'ros'
[0.273s] Level 1:colcon.colcon_core.package_identification:_identify(turtlesim_ws/src/ros-controls/topic_based_hardware_interfaces) by extensions ['cmake', 'python']
[0.273s] Level 1:colcon.colcon_core.package_identification:_identify(turtlesim_ws/src/ros-controls/topic_based_hardware_interfaces) by extension 'cmake'
[0.273s] Level 1:colcon.colcon_core.package_identification:_identify(turtlesim_ws/src/ros-controls/topic_based_hardware_interfaces) by extension 'python'
[0.273s] Level 1:colcon.colcon_core.package_identification:_identify(turtlesim_ws/src/ros-controls/topic_based_hardware_interfaces) by extensions ['python_setup_py']
[0.273s] Level 1:colcon.colcon_core.package_identification:_identify(turtlesim_ws/src/ros-controls/topic_based_hardware_interfaces) by extension 'python_setup_py'
[0.273s] Level 1:colcon.colcon_core.package_identification:_identify(turtlesim_ws/src/ros_gz_example_application) by extensions ['ignore', 'ignore_ament_install']
[0.273s] Level 1:colcon.colcon_core.package_identification:_identify(turtlesim_ws/src/ros_gz_example_application) by extension 'ignore'
[0.273s] Level 1:colcon.colcon_core.package_identification:_identify(turtlesim_ws/src/ros_gz_example_application) by extension 'ignore_ament_install'
[0.273s] Level 1:colcon.colcon_core.package_identification:_identify(turtlesim_ws/src/ros_gz_example_application) by extensions ['colcon_pkg']
[0.273s] Level 1:colcon.colcon_core.package_identification:_identify(turtlesim_ws/src/ros_gz_example_application) by extension 'colcon_pkg'
[0.274s] Level 1:colcon.colcon_core.package_identification:_identify(turtlesim_ws/src/ros_gz_example_application) by extensions ['colcon_meta']
[0.274s] Level 1:colcon.colcon_core.package_identification:_identify(turtlesim_ws/src/ros_gz_example_application) by extension 'colcon_meta'
[0.274s] Level 1:colcon.colcon_core.package_identification:_identify(turtlesim_ws/src/ros_gz_example_application) by extensions ['ros']
[0.274s] Level 1:colcon.colcon_core.package_identification:_identify(turtlesim_ws/src/ros_gz_example_application) by extension 'ros'
[0.274s] DEBUG:colcon.colcon_core.package_identification:Package 'turtlesim_ws/src/ros_gz_example_application' with type 'ros.ament_cmake' and name 'ros_gz_example_application'
[0.275s] Level 1:colcon.colcon_core.package_identification:_identify(turtlesim_ws/src/ros_gz_example_bringup) by extensions ['ignore', 'ignore_ament_install']
[0.275s] Level 1:colcon.colcon_core.package_identification:_identify(turtlesim_ws/src/ros_gz_example_bringup) by extension 'ignore'
[0.275s] Level 1:colcon.colcon_core.package_identification:_identify(turtlesim_ws/src/ros_gz_example_bringup) by extension 'ignore_ament_install'
[0.275s] Level 1:colcon.colcon_core.package_identification:_identify(turtlesim_ws/src/ros_gz_example_bringup) by extensions ['colcon_pkg']
[0.275s] Level 1:colcon.colcon_core.package_identification:_identify(turtlesim_ws/src/ros_gz_example_bringup) by extension 'colcon_pkg'
[0.275s] Level 1:colcon.colcon_core.package_identification:_identify(turtlesim_ws/src/ros_gz_example_bringup) by extensions ['colcon_meta']
[0.275s] Level 1:colcon.colcon_core.package_identification:_identify(turtlesim_ws/src/ros_gz_example_bringup) by extension 'colcon_meta'
[0.275s] Level 1:colcon.colcon_core.package_identification:_identify(turtlesim_ws/src/ros_gz_example_bringup) by extensions ['ros']
[0.275s] Level 1:colcon.colcon_core.package_identification:_identify(turtlesim_ws/src/ros_gz_example_bringup) by extension 'ros'
[0.276s] DEBUG:colcon.colcon_core.package_identification:Package 'turtlesim_ws/src/ros_gz_example_bringup' with type 'ros.ament_cmake' and name 'ros_gz_example_bringup'
[0.276s] Level 1:colcon.colcon_core.package_identification:_identify(turtlesim_ws/src/ros_gz_example_description) by extensions ['ignore', 'ignore_ament_install']
[0.276s] Level 1:colcon.colcon_core.package_identification:_identify(turtlesim_ws/src/ros_gz_example_description) by extension 'ignore'
[0.276s] Level 1:colcon.colcon_core.package_identification:_identify(turtlesim_ws/src/ros_gz_example_description) by extension 'ignore_ament_install'
[0.276s] Level 1:colcon.colcon_core.package_identification:_identify(turtlesim_ws/src/ros_gz_example_description) by extensions ['colcon_pkg']
[0.276s] Level 1:colcon.colcon_core.package_identification:_identify(turtlesim_ws/src/ros_gz_example_description) by extension 'colcon_pkg'
[0.276s] Level 1:colcon.colcon_core.package_identification:_identify(turtlesim_ws/src/ros_gz_example_description) by extensions ['colcon_meta']
[0.276s] Level 1:colcon.colcon_core.package_identification:_identify(turtlesim_ws/src/ros_gz_example_description) by extension 'colcon_meta'
[0.276s] Level 1:colcon.colcon_core.package_identification:_identify(turtlesim_ws/src/ros_gz_example_description) by extensions ['ros']
[0.276s] Level 1:colcon.colcon_core.package_identification:_identify(turtlesim_ws/src/ros_gz_example_description) by extension 'ros'
[0.277s] DEBUG:colcon.colcon_core.package_identification:Package 'turtlesim_ws/src/ros_gz_example_description' with type 'ros.ament_cmake' and name 'ros_gz_example_description'
[0.277s] Level 1:colcon.colcon_core.package_identification:_identify(turtlesim_ws/src/ros_gz_example_gazebo) by extensions ['ignore', 'ignore_ament_install']
[0.277s] Level 1:colcon.colcon_core.package_identification:_identify(turtlesim_ws/src/ros_gz_example_gazebo) by extension 'ignore'
[0.277s] Level 1:colcon.colcon_core.package_identification:_identify(turtlesim_ws/src/ros_gz_example_gazebo) by extension 'ignore_ament_install'
[0.277s] Level 1:colcon.colcon_core.package_identification:_identify(turtlesim_ws/src/ros_gz_example_gazebo) by extensions ['colcon_pkg']
[0.277s] Level 1:colcon.colcon_core.package_identification:_identify(turtlesim_ws/src/ros_gz_example_gazebo) by extension 'colcon_pkg'
[0.277s] Level 1:colcon.colcon_core.package_identification:_identify(turtlesim_ws/src/ros_gz_example_gazebo) by extensions ['colcon_meta']
[0.278s] Level 1:colcon.colcon_core.package_identification:_identify(turtlesim_ws/src/ros_gz_example_gazebo) by extension 'colcon_meta'
[0.278s] Level 1:colcon.colcon_core.package_identification:_identify(turtlesim_ws/src/ros_gz_example_gazebo) by extensions ['ros']
[0.278s] Level 1:colcon.colcon_core.package_identification:_identify(turtlesim_ws/src/ros_gz_example_gazebo) by extension 'ros'
[0.279s] DEBUG:colcon.colcon_core.package_identification:Package 'turtlesim_ws/src/ros_gz_example_gazebo' with type 'ros.ament_cmake' and name 'ros_gz_example_gazebo'
[0.279s] Level 1:colcon.colcon_core.package_discovery:discover_packages(recursive) using defaults
[0.279s] Level 1:colcon.colcon_core.package_discovery:discover_packages(ignore) discover
[0.279s] Level 1:colcon.colcon_core.package_discovery:discover_packages(ignore) using defaults
[0.279s] Level 1:colcon.colcon_core.package_discovery:discover_packages(path) discover
[0.279s] Level 1:colcon.colcon_core.package_discovery:discover_packages(path) using defaults
[0.310s] Level 5:colcon.colcon_core.verb:set package 'carter_navigation' build argument 'cmake_args' from command line to 'None'
[0.310s] Level 5:colcon.colcon_core.verb:set package 'carter_navigation' build argument 'cmake_target' from command line to 'None'
[0.310s] Level 5:colcon.colcon_core.verb:set package 'carter_navigation' build argument 'cmake_target_skip_unavailable' from command line to 'False'
[0.310s] Level 5:colcon.colcon_core.verb:set package 'carter_navigation' build argument 'cmake_clean_cache' from command line to 'False'
[0.310s] Level 5:colcon.colcon_core.verb:set package 'carter_navigation' build argument 'cmake_clean_first' from command line to 'False'
[0.310s] Level 5:colcon.colcon_core.verb:set package 'carter_navigation' build argument 'cmake_force_configure' from command line to 'False'
[0.310s] Level 5:colcon.colcon_core.verb:set package 'carter_navigation' build argument 'ament_cmake_args' from command line to 'None'
[0.310s] Level 5:colcon.colcon_core.verb:set package 'carter_navigation' build argument 'catkin_cmake_args' from command line to 'None'
[0.310s] Level 5:colcon.colcon_core.verb:set package 'carter_navigation' build argument 'catkin_skip_building_tests' from command line to 'False'
[0.310s] DEBUG:colcon.colcon_core.verb:Building package 'carter_navigation' with the following arguments: {'ament_cmake_args': None, 'build_base': '/workspaces/ros2-coding/build/carter_navigation', 'catkin_cmake_args': None, 'catkin_skip_building_tests': False, 'cmake_args': None, 'cmake_clean_cache': False, 'cmake_clean_first': False, 'cmake_force_configure': False, 'cmake_target': None, 'cmake_target_skip_unavailable': False, 'install_base': '/workspaces/ros2-coding/install/carter_navigation', 'merge_install': False, 'path': '/workspaces/ros2-coding/turtlesim_ws/src/navigation/carter_navigation', 'symlink_install': True, 'test_result_base': None}
[0.310s] Level 5:colcon.colcon_core.verb:set package 'cmdvel_to_ackermann' build argument 'cmake_args' from command line to 'None'
[0.310s] Level 5:colcon.colcon_core.verb:set package 'cmdvel_to_ackermann' build argument 'cmake_target' from command line to 'None'
[0.310s] Level 5:colcon.colcon_core.verb:set package 'cmdvel_to_ackermann' build argument 'cmake_target_skip_unavailable' from command line to 'False'
[0.310s] Level 5:colcon.colcon_core.verb:set package 'cmdvel_to_ackermann' build argument 'cmake_clean_cache' from command line to 'False'
[0.310s] Level 5:colcon.colcon_core.verb:set package 'cmdvel_to_ackermann' build argument 'cmake_clean_first' from command line to 'False'
[0.310s] Level 5:colcon.colcon_core.verb:set package 'cmdvel_to_ackermann' build argument 'cmake_force_configure' from command line to 'False'
[0.310s] Level 5:colcon.colcon_core.verb:set package 'cmdvel_to_ackermann' build argument 'ament_cmake_args' from command line to 'None'
[0.310s] Level 5:colcon.colcon_core.verb:set package 'cmdvel_to_ackermann' build argument 'catkin_cmake_args' from command line to 'None'
[0.310s] Level 5:colcon.colcon_core.verb:set package 'cmdvel_to_ackermann' build argument 'catkin_skip_building_tests' from command line to 'False'
[0.310s] DEBUG:colcon.colcon_core.verb:Building package 'cmdvel_to_ackermann' with the following arguments: {'ament_cmake_args': None, 'build_base': '/workspaces/ros2-coding/build/cmdvel_to_ackermann', 'catkin_cmake_args': None, 'catkin_skip_building_tests': False, 'cmake_args': None, 'cmake_clean_cache': False, 'cmake_clean_first': False, 'cmake_force_configure': False, 'cmake_target': None, 'cmake_target_skip_unavailable': False, 'install_base': '/workspaces/ros2-coding/install/cmdvel_to_ackermann', 'merge_install': False, 'path': '/workspaces/ros2-coding/turtlesim_ws/src/cmdvel_to_ackermann', 'symlink_install': True, 'test_result_base': None}
[0.311s] Level 5:colcon.colcon_core.verb:set package 'custom_message' build argument 'cmake_args' from command line to 'None'
[0.311s] Level 5:colcon.colcon_core.verb:set package 'custom_message' build argument 'cmake_target' from command line to 'None'
[0.311s] Level 5:colcon.colcon_core.verb:set package 'custom_message' build argument 'cmake_target_skip_unavailable' from command line to 'False'
[0.311s] Level 5:colcon.colcon_core.verb:set package 'custom_message' build argument 'cmake_clean_cache' from command line to 'False'
[0.311s] Level 5:colcon.colcon_core.verb:set package 'custom_message' build argument 'cmake_clean_first' from command line to 'False'
[0.311s] Level 5:colcon.colcon_core.verb:set package 'custom_message' build argument 'cmake_force_configure' from command line to 'False'
[0.311s] Level 5:colcon.colcon_core.verb:set package 'custom_message' build argument 'ament_cmake_args' from command line to 'None'
[0.311s] Level 5:colcon.colcon_core.verb:set package 'custom_message' build argument 'catkin_cmake_args' from command line to 'None'
[0.311s] Level 5:colcon.colcon_core.verb:set package 'custom_message' build argument 'catkin_skip_building_tests' from command line to 'False'
[0.311s] DEBUG:colcon.colcon_core.verb:Building package 'custom_message' with the following arguments: {'ament_cmake_args': None, 'build_base': '/workspaces/ros2-coding/build/custom_message', 'catkin_cmake_args': None, 'catkin_skip_building_tests': False, 'cmake_args': None, 'cmake_clean_cache': False, 'cmake_clean_first': False, 'cmake_force_configure': False, 'cmake_target': None, 'cmake_target_skip_unavailable': False, 'install_base': '/workspaces/ros2-coding/install/custom_message', 'merge_install': False, 'path': '/workspaces/ros2-coding/turtlesim_ws/src/custom_message', 'symlink_install': True, 'test_result_base': None}
[0.311s] Level 5:colcon.colcon_core.verb:set package 'diff_drive_mover' build argument 'cmake_args' from command line to 'None'
[0.311s] Level 5:colcon.colcon_core.verb:set package 'diff_drive_mover' build argument 'cmake_target' from command line to 'None'
[0.311s] Level 5:colcon.colcon_core.verb:set package 'diff_drive_mover' build argument 'cmake_target_skip_unavailable' from command line to 'False'
[0.311s] Level 5:colcon.colcon_core.verb:set package 'diff_drive_mover' build argument 'cmake_clean_cache' from command line to 'False'
[0.311s] Level 5:colcon.colcon_core.verb:set package 'diff_drive_mover' build argument 'cmake_clean_first' from command line to 'False'
[0.311s] Level 5:colcon.colcon_core.verb:set package 'diff_drive_mover' build argument 'cmake_force_configure' from command line to 'False'
[0.311s] Level 5:colcon.colcon_core.verb:set package 'diff_drive_mover' build argument 'ament_cmake_args' from command line to 'None'
[0.311s] Level 5:colcon.colcon_core.verb:set package 'diff_drive_mover' build argument 'catkin_cmake_args' from command line to 'None'
[0.311s] Level 5:colcon.colcon_core.verb:set package 'diff_drive_mover' build argument 'catkin_skip_building_tests' from command line to 'False'
[0.312s] DEBUG:colcon.colcon_core.verb:Building package 'diff_drive_mover' with the following arguments: {'ament_cmake_args': None, 'build_base': '/workspaces/ros2-coding/build/diff_drive_mover', 'catkin_cmake_args': None, 'catkin_skip_building_tests': False, 'cmake_args': None, 'cmake_clean_cache': False, 'cmake_clean_first': False, 'cmake_force_configure': False, 'cmake_target': None, 'cmake_target_skip_unavailable': False, 'install_base': '/workspaces/ros2-coding/install/diff_drive_mover', 'merge_install': False, 'path': '/workspaces/ros2-coding/turtlesim_ws/src/diff_drive_mover', 'symlink_install': True, 'test_result_base': None}
[0.312s] Level 5:colcon.colcon_core.verb:set package 'h1_fullbody_controller' build argument 'cmake_args' from command line to 'None'
[0.312s] Level 5:colcon.colcon_core.verb:set package 'h1_fullbody_controller' build argument 'cmake_target' from command line to 'None'
[0.312s] Level 5:colcon.colcon_core.verb:set package 'h1_fullbody_controller' build argument 'cmake_target_skip_unavailable' from command line to 'False'
[0.312s] Level 5:colcon.colcon_core.verb:set package 'h1_fullbody_controller' build argument 'cmake_clean_cache' from command line to 'False'
[0.312s] Level 5:colcon.colcon_core.verb:set package 'h1_fullbody_controller' build argument 'cmake_clean_first' from command line to 'False'
[0.312s] Level 5:colcon.colcon_core.verb:set package 'h1_fullbody_controller' build argument 'cmake_force_configure' from command line to 'False'
[0.312s] Level 5:colcon.colcon_core.verb:set package 'h1_fullbody_controller' build argument 'ament_cmake_args' from command line to 'None'
[0.312s] Level 5:colcon.colcon_core.verb:set package 'h1_fullbody_controller' build argument 'catkin_cmake_args' from command line to 'None'
[0.312s] Level 5:colcon.colcon_core.verb:set package 'h1_fullbody_controller' build argument 'catkin_skip_building_tests' from command line to 'False'
[0.312s] DEBUG:colcon.colcon_core.verb:Building package 'h1_fullbody_controller' with the following arguments: {'ament_cmake_args': None, 'build_base': '/workspaces/ros2-coding/build/h1_fullbody_controller', 'catkin_cmake_args': None, 'catkin_skip_building_tests': False, 'cmake_args': None, 'cmake_clean_cache': False, 'cmake_clean_first': False, 'cmake_force_configure': False, 'cmake_target': None, 'cmake_target_skip_unavailable': False, 'install_base': '/workspaces/ros2-coding/install/h1_fullbody_controller', 'merge_install': False, 'path': '/workspaces/ros2-coding/turtlesim_ws/src/humanoid_locomotion_policy_example/h1_fullbody_controller', 'symlink_install': True, 'test_result_base': None}
[0.312s] Level 5:colcon.colcon_core.verb:set package 'human_interfaces' build argument 'cmake_args' from command line to 'None'
[0.312s] Level 5:colcon.colcon_core.verb:set package 'human_interfaces' build argument 'cmake_target' from command line to 'None'
[0.312s] Level 5:colcon.colcon_core.verb:set package 'human_interfaces' build argument 'cmake_target_skip_unavailable' from command line to 'False'
[0.312s] Level 5:colcon.colcon_core.verb:set package 'human_interfaces' build argument 'cmake_clean_cache' from command line to 'False'
[0.312s] Level 5:colcon.colcon_core.verb:set package 'human_interfaces' build argument 'cmake_clean_first' from command line to 'False'
[0.312s] Level 5:colcon.colcon_core.verb:set package 'human_interfaces' build argument 'cmake_force_configure' from command line to 'False'
[0.312s] Level 5:colcon.colcon_core.verb:set package 'human_interfaces' build argument 'ament_cmake_args' from command line to 'None'
[0.312s] Level 5:colcon.colcon_core.verb:set package 'human_interfaces' build argument 'catkin_cmake_args' from command line to 'None'
[0.312s] Level 5:colcon.colcon_core.verb:set package 'human_interfaces' build argument 'catkin_skip_building_tests' from command line to 'False'
[0.313s] DEBUG:colcon.colcon_core.verb:Building package 'human_interfaces' with the following arguments: {'ament_cmake_args': None, 'build_base': '/workspaces/ros2-coding/build/human_interfaces', 'catkin_cmake_args': None, 'catkin_skip_building_tests': False, 'cmake_args': None, 'cmake_clean_cache': False, 'cmake_clean_first': False, 'cmake_force_configure': False, 'cmake_target': None, 'cmake_target_skip_unavailable': False, 'install_base': '/workspaces/ros2-coding/install/human_interfaces', 'merge_install': False, 'path': '/workspaces/ros2-coding/turtlesim_ws/src/human_interfaces', 'symlink_install': True, 'test_result_base': None}
[0.313s] Level 5:colcon.colcon_core.verb:set package 'isaac_moveit' build argument 'cmake_args' from command line to 'None'
[0.313s] Level 5:colcon.colcon_core.verb:set package 'isaac_moveit' build argument 'cmake_target' from command line to 'None'
[0.313s] Level 5:colcon.colcon_core.verb:set package 'isaac_moveit' build argument 'cmake_target_skip_unavailable' from command line to 'False'
[0.313s] Level 5:colcon.colcon_core.verb:set package 'isaac_moveit' build argument 'cmake_clean_cache' from command line to 'False'
[0.313s] Level 5:colcon.colcon_core.verb:set package 'isaac_moveit' build argument 'cmake_clean_first' from command line to 'False'
[0.313s] Level 5:colcon.colcon_core.verb:set package 'isaac_moveit' build argument 'cmake_force_configure' from command line to 'False'
[0.313s] Level 5:colcon.colcon_core.verb:set package 'isaac_moveit' build argument 'ament_cmake_args' from command line to 'None'
[0.313s] Level 5:colcon.colcon_core.verb:set package 'isaac_moveit' build argument 'catkin_cmake_args' from command line to 'None'
[0.313s] Level 5:colcon.colcon_core.verb:set package 'isaac_moveit' build argument 'catkin_skip_building_tests' from command line to 'False'
[0.313s] DEBUG:colcon.colcon_core.verb:Building package 'isaac_moveit' with the following arguments: {'ament_cmake_args': None, 'build_base': '/workspaces/ros2-coding/build/isaac_moveit', 'catkin_cmake_args': None, 'catkin_skip_building_tests': False, 'cmake_args': None, 'cmake_clean_cache': False, 'cmake_clean_first': False, 'cmake_force_configure': False, 'cmake_target': None, 'cmake_target_skip_unavailable': False, 'install_base': '/workspaces/ros2-coding/install/isaac_moveit', 'merge_install': False, 'path': '/workspaces/ros2-coding/turtlesim_ws/src/moveit/isaac_moveit', 'symlink_install': True, 'test_result_base': None}
[0.313s] Level 5:colcon.colcon_core.verb:set package 'isaac_ros2_messages' build argument 'cmake_args' from command line to 'None'
[0.313s] Level 5:colcon.colcon_core.verb:set package 'isaac_ros2_messages' build argument 'cmake_target' from command line to 'None'
[0.313s] Level 5:colcon.colcon_core.verb:set package 'isaac_ros2_messages' build argument 'cmake_target_skip_unavailable' from command line to 'False'
[0.313s] Level 5:colcon.colcon_core.verb:set package 'isaac_ros2_messages' build argument 'cmake_clean_cache' from command line to 'False'
[0.313s] Level 5:colcon.colcon_core.verb:set package 'isaac_ros2_messages' build argument 'cmake_clean_first' from command line to 'False'
[0.313s] Level 5:colcon.colcon_core.verb:set package 'isaac_ros2_messages' build argument 'cmake_force_configure' from command line to 'False'
[0.313s] Level 5:colcon.colcon_core.verb:set package 'isaac_ros2_messages' build argument 'ament_cmake_args' from command line to 'None'
[0.313s] Level 5:colcon.colcon_core.verb:set package 'isaac_ros2_messages' build argument 'catkin_cmake_args' from command line to 'None'
[0.313s] Level 5:colcon.colcon_core.verb:set package 'isaac_ros2_messages' build argument 'catkin_skip_building_tests' from command line to 'False'
[0.314s] DEBUG:colcon.colcon_core.verb:Building package 'isaac_ros2_messages' with the following arguments: {'ament_cmake_args': None, 'build_base': '/workspaces/ros2-coding/build/isaac_ros2_messages', 'catkin_cmake_args': None, 'catkin_skip_building_tests': False, 'cmake_args': None, 'cmake_clean_cache': False, 'cmake_clean_first': False, 'cmake_force_configure': False, 'cmake_target': None, 'cmake_target_skip_unavailable': False, 'install_base': '/workspaces/ros2-coding/install/isaac_ros2_messages', 'merge_install': False, 'path': '/workspaces/ros2-coding/turtlesim_ws/src/isaac_ros2_messages', 'symlink_install': True, 'test_result_base': None}
[0.314s] Level 5:colcon.colcon_core.verb:set package 'isaac_ros_navigation_goal' build argument 'cmake_args' from command line to 'None'
[0.314s] Level 5:colcon.colcon_core.verb:set package 'isaac_ros_navigation_goal' build argument 'cmake_target' from command line to 'None'
[0.314s] Level 5:colcon.colcon_core.verb:set package 'isaac_ros_navigation_goal' build argument 'cmake_target_skip_unavailable' from command line to 'False'
[0.314s] Level 5:colcon.colcon_core.verb:set package 'isaac_ros_navigation_goal' build argument 'cmake_clean_cache' from command line to 'False'
[0.314s] Level 5:colcon.colcon_core.verb:set package 'isaac_ros_navigation_goal' build argument 'cmake_clean_first' from command line to 'False'
[0.314s] Level 5:colcon.colcon_core.verb:set package 'isaac_ros_navigation_goal' build argument 'cmake_force_configure' from command line to 'False'
[0.314s] Level 5:colcon.colcon_core.verb:set package 'isaac_ros_navigation_goal' build argument 'ament_cmake_args' from command line to 'None'
[0.314s] Level 5:colcon.colcon_core.verb:set package 'isaac_ros_navigation_goal' build argument 'catkin_cmake_args' from command line to 'None'
[0.314s] Level 5:colcon.colcon_core.verb:set package 'isaac_ros_navigation_goal' build argument 'catkin_skip_building_tests' from command line to 'False'
[0.314s] DEBUG:colcon.colcon_core.verb:Building package 'isaac_ros_navigation_goal' with the following arguments: {'ament_cmake_args': None, 'build_base': '/workspaces/ros2-coding/build/isaac_ros_navigation_goal', 'catkin_cmake_args': None, 'catkin_skip_building_tests': False, 'cmake_args': None, 'cmake_clean_cache': False, 'cmake_clean_first': False, 'cmake_force_configure': False, 'cmake_target': None, 'cmake_target_skip_unavailable': False, 'install_base': '/workspaces/ros2-coding/install/isaac_ros_navigation_goal', 'merge_install': False, 'path': '/workspaces/ros2-coding/turtlesim_ws/src/navigation/isaac_ros_navigation_goal', 'symlink_install': True, 'test_result_base': None}
[0.314s] Level 5:colcon.colcon_core.verb:set package 'isaac_tutorials' build argument 'cmake_args' from command line to 'None'
[0.314s] Level 5:colcon.colcon_core.verb:set package 'isaac_tutorials' build argument 'cmake_target' from command line to 'None'
[0.314s] Level 5:colcon.colcon_core.verb:set package 'isaac_tutorials' build argument 'cmake_target_skip_unavailable' from command line to 'False'
[0.314s] Level 5:colcon.colcon_core.verb:set package 'isaac_tutorials' build argument 'cmake_clean_cache' from command line to 'False'
[0.314s] Level 5:colcon.colcon_core.verb:set package 'isaac_tutorials' build argument 'cmake_clean_first' from command line to 'False'
[0.314s] Level 5:colcon.colcon_core.verb:set package 'isaac_tutorials' build argument 'cmake_force_configure' from command line to 'False'
[0.314s] Level 5:colcon.colcon_core.verb:set package 'isaac_tutorials' build argument 'ament_cmake_args' from command line to 'None'
[0.314s] Level 5:colcon.colcon_core.verb:set package 'isaac_tutorials' build argument 'catkin_cmake_args' from command line to 'None'
[0.314s] Level 5:colcon.colcon_core.verb:set package 'isaac_tutorials' build argument 'catkin_skip_building_tests' from command line to 'False'
[0.315s] DEBUG:colcon.colcon_core.verb:Building package 'isaac_tutorials' with the following arguments: {'ament_cmake_args': None, 'build_base': '/workspaces/ros2-coding/build/isaac_tutorials', 'catkin_cmake_args': None, 'catkin_skip_building_tests': False, 'cmake_args': None, 'cmake_clean_cache': False, 'cmake_clean_first': False, 'cmake_force_configure': False, 'cmake_target': None, 'cmake_target_skip_unavailable': False, 'install_base': '/workspaces/ros2-coding/install/isaac_tutorials', 'merge_install': False, 'path': '/workspaces/ros2-coding/turtlesim_ws/src/isaac_tutorials', 'symlink_install': True, 'test_result_base': None}
[0.315s] Level 5:colcon.colcon_core.verb:set package 'isaacsim' build argument 'cmake_args' from command line to 'None'
[0.315s] Level 5:colcon.colcon_core.verb:set package 'isaacsim' build argument 'cmake_target' from command line to 'None'
[0.315s] Level 5:colcon.colcon_core.verb:set package 'isaacsim' build argument 'cmake_target_skip_unavailable' from command line to 'False'
[0.315s] Level 5:colcon.colcon_core.verb:set package 'isaacsim' build argument 'cmake_clean_cache' from command line to 'False'
[0.315s] Level 5:colcon.colcon_core.verb:set package 'isaacsim' build argument 'cmake_clean_first' from command line to 'False'
[0.315s] Level 5:colcon.colcon_core.verb:set package 'isaacsim' build argument 'cmake_force_configure' from command line to 'False'
[0.315s] Level 5:colcon.colcon_core.verb:set package 'isaacsim' build argument 'ament_cmake_args' from command line to 'None'
[0.315s] Level 5:colcon.colcon_core.verb:set package 'isaacsim' build argument 'catkin_cmake_args' from command line to 'None'
[0.315s] Level 5:colcon.colcon_core.verb:set package 'isaacsim' build argument 'catkin_skip_building_tests' from command line to 'False'
[0.315s] DEBUG:colcon.colcon_core.verb:Building package 'isaacsim' with the following arguments: {'ament_cmake_args': None, 'build_base': '/workspaces/ros2-coding/build/isaacsim', 'catkin_cmake_args': None, 'catkin_skip_building_tests': False, 'cmake_args': None, 'cmake_clean_cache': False, 'cmake_clean_first': False, 'cmake_force_configure': False, 'cmake_target': None, 'cmake_target_skip_unavailable': False, 'install_base': '/workspaces/ros2-coding/install/isaacsim', 'merge_install': False, 'path': '/workspaces/ros2-coding/turtlesim_ws/src/isaacsim', 'symlink_install': True, 'test_result_base': None}
[0.315s] Level 5:colcon.colcon_core.verb:set package 'issac_sim' build argument 'cmake_args' from command line to 'None'
[0.315s] Level 5:colcon.colcon_core.verb:set package 'issac_sim' build argument 'cmake_target' from command line to 'None'
[0.315s] Level 5:colcon.colcon_core.verb:set package 'issac_sim' build argument 'cmake_target_skip_unavailable' from command line to 'False'
[0.315s] Level 5:colcon.colcon_core.verb:set package 'issac_sim' build argument 'cmake_clean_cache' from command line to 'False'
[0.315s] Level 5:colcon.colcon_core.verb:set package 'issac_sim' build argument 'cmake_clean_first' from command line to 'False'
[0.315s] Level 5:colcon.colcon_core.verb:set package 'issac_sim' build argument 'cmake_force_configure' from command line to 'False'
[0.315s] Level 5:colcon.colcon_core.verb:set package 'issac_sim' build argument 'ament_cmake_args' from command line to 'None'
[0.315s] Level 5:colcon.colcon_core.verb:set package 'issac_sim' build argument 'catkin_cmake_args' from command line to 'None'
[0.315s] Level 5:colcon.colcon_core.verb:set package 'issac_sim' build argument 'catkin_skip_building_tests' from command line to 'False'
[0.316s] DEBUG:colcon.colcon_core.verb:Building package 'issac_sim' with the following arguments: {'ament_cmake_args': None, 'build_base': '/workspaces/ros2-coding/build/issac_sim', 'catkin_cmake_args': None, 'catkin_skip_building_tests': False, 'cmake_args': None, 'cmake_clean_cache': False, 'cmake_clean_first': False, 'cmake_force_configure': False, 'cmake_target': None, 'cmake_target_skip_unavailable': False, 'install_base': '/workspaces/ros2-coding/install/issac_sim', 'merge_install': False, 'path': '/workspaces/ros2-coding/turtlesim_ws/src/issac_sim', 'symlink_install': True, 'test_result_base': None}
[0.316s] Level 5:colcon.colcon_core.verb:set package 'iw_hub_navigation' build argument 'cmake_args' from command line to 'None'
[0.316s] Level 5:colcon.colcon_core.verb:set package 'iw_hub_navigation' build argument 'cmake_target' from command line to 'None'
[0.316s] Level 5:colcon.colcon_core.verb:set package 'iw_hub_navigation' build argument 'cmake_target_skip_unavailable' from command line to 'False'
[0.316s] Level 5:colcon.colcon_core.verb:set package 'iw_hub_navigation' build argument 'cmake_clean_cache' from command line to 'False'
[0.316s] Level 5:colcon.colcon_core.verb:set package 'iw_hub_navigation' build argument 'cmake_clean_first' from command line to 'False'
[0.316s] Level 5:colcon.colcon_core.verb:set package 'iw_hub_navigation' build argument 'cmake_force_configure' from command line to 'False'
[0.316s] Level 5:colcon.colcon_core.verb:set package 'iw_hub_navigation' build argument 'ament_cmake_args' from command line to 'None'
[0.316s] Level 5:colcon.colcon_core.verb:set package 'iw_hub_navigation' build argument 'catkin_cmake_args' from command line to 'None'
[0.316s] Level 5:colcon.colcon_core.verb:set package 'iw_hub_navigation' build argument 'catkin_skip_building_tests' from command line to 'False'
[0.316s] DEBUG:colcon.colcon_core.verb:Building package 'iw_hub_navigation' with the following arguments: {'ament_cmake_args': None, 'build_base': '/workspaces/ros2-coding/build/iw_hub_navigation', 'catkin_cmake_args': None, 'catkin_skip_building_tests': False, 'cmake_args': None, 'cmake_clean_cache': False, 'cmake_clean_first': False, 'cmake_force_configure': False, 'cmake_target': None, 'cmake_target_skip_unavailable': False, 'install_base': '/workspaces/ros2-coding/install/iw_hub_navigation', 'merge_install': False, 'path': '/workspaces/ros2-coding/turtlesim_ws/src/navigation/iw_hub_navigation', 'symlink_install': True, 'test_result_base': None}
[0.316s] Level 5:colcon.colcon_core.verb:set package 'my_turtlesim' build argument 'cmake_args' from command line to 'None'
[0.316s] Level 5:colcon.colcon_core.verb:set package 'my_turtlesim' build argument 'cmake_target' from command line to 'None'
[0.316s] Level 5:colcon.colcon_core.verb:set package 'my_turtlesim' build argument 'cmake_target_skip_unavailable' from command line to 'False'
[0.316s] Level 5:colcon.colcon_core.verb:set package 'my_turtlesim' build argument 'cmake_clean_cache' from command line to 'False'
[0.316s] Level 5:colcon.colcon_core.verb:set package 'my_turtlesim' build argument 'cmake_clean_first' from command line to 'False'
[0.316s] Level 5:colcon.colcon_core.verb:set package 'my_turtlesim' build argument 'cmake_force_configure' from command line to 'False'
[0.316s] Level 5:colcon.colcon_core.verb:set package 'my_turtlesim' build argument 'ament_cmake_args' from command line to 'None'
[0.316s] Level 5:colcon.colcon_core.verb:set package 'my_turtlesim' build argument 'catkin_cmake_args' from command line to 'None'
[0.316s] Level 5:colcon.colcon_core.verb:set package 'my_turtlesim' build argument 'catkin_skip_building_tests' from command line to 'False'
[0.317s] DEBUG:colcon.colcon_core.verb:Building package 'my_turtlesim' with the following arguments: {'ament_cmake_args': None, 'build_base': '/workspaces/ros2-coding/build/my_turtlesim', 'catkin_cmake_args': None, 'catkin_skip_building_tests': False, 'cmake_args': None, 'cmake_clean_cache': False, 'cmake_clean_first': False, 'cmake_force_configure': False, 'cmake_target': None, 'cmake_target_skip_unavailable': False, 'install_base': '/workspaces/ros2-coding/install/my_turtlesim', 'merge_install': False, 'path': '/workspaces/ros2-coding/turtlesim_ws/src/my_turtlesim', 'symlink_install': True, 'test_result_base': None}
[0.317s] Level 5:colcon.colcon_core.verb:set package 'ros_gz_example_application' build argument 'cmake_args' from command line to 'None'
[0.317s] Level 5:colcon.colcon_core.verb:set package 'ros_gz_example_application' build argument 'cmake_target' from command line to 'None'
[0.317s] Level 5:colcon.colcon_core.verb:set package 'ros_gz_example_application' build argument 'cmake_target_skip_unavailable' from command line to 'False'
[0.317s] Level 5:colcon.colcon_core.verb:set package 'ros_gz_example_application' build argument 'cmake_clean_cache' from command line to 'False'
[0.317s] Level 5:colcon.colcon_core.verb:set package 'ros_gz_example_application' build argument 'cmake_clean_first' from command line to 'False'
[0.317s] Level 5:colcon.colcon_core.verb:set package 'ros_gz_example_application' build argument 'cmake_force_configure' from command line to 'False'
[0.317s] Level 5:colcon.colcon_core.verb:set package 'ros_gz_example_application' build argument 'ament_cmake_args' from command line to 'None'
[0.317s] Level 5:colcon.colcon_core.verb:set package 'ros_gz_example_application' build argument 'catkin_cmake_args' from command line to 'None'
[0.317s] Level 5:colcon.colcon_core.verb:set package 'ros_gz_example_application' build argument 'catkin_skip_building_tests' from command line to 'False'
[0.317s] DEBUG:colcon.colcon_core.verb:Building package 'ros_gz_example_application' with the following arguments: {'ament_cmake_args': None, 'build_base': '/workspaces/ros2-coding/build/ros_gz_example_application', 'catkin_cmake_args': None, 'catkin_skip_building_tests': False, 'cmake_args': None, 'cmake_clean_cache': False, 'cmake_clean_first': False, 'cmake_force_configure': False, 'cmake_target': None, 'cmake_target_skip_unavailable': False, 'install_base': '/workspaces/ros2-coding/install/ros_gz_example_application', 'merge_install': False, 'path': '/workspaces/ros2-coding/turtlesim_ws/src/ros_gz_example_application', 'symlink_install': True, 'test_result_base': None}
[0.317s] Level 5:colcon.colcon_core.verb:set package 'ros_gz_example_description' build argument 'cmake_args' from command line to 'None'
[0.317s] Level 5:colcon.colcon_core.verb:set package 'ros_gz_example_description' build argument 'cmake_target' from command line to 'None'
[0.317s] Level 5:colcon.colcon_core.verb:set package 'ros_gz_example_description' build argument 'cmake_target_skip_unavailable' from command line to 'False'
[0.317s] Level 5:colcon.colcon_core.verb:set package 'ros_gz_example_description' build argument 'cmake_clean_cache' from command line to 'False'
[0.317s] Level 5:colcon.colcon_core.verb:set package 'ros_gz_example_description' build argument 'cmake_clean_first' from command line to 'False'
[0.317s] Level 5:colcon.colcon_core.verb:set package 'ros_gz_example_description' build argument 'cmake_force_configure' from command line to 'False'
[0.317s] Level 5:colcon.colcon_core.verb:set package 'ros_gz_example_description' build argument 'ament_cmake_args' from command line to 'None'
[0.317s] Level 5:colcon.colcon_core.verb:set package 'ros_gz_example_description' build argument 'catkin_cmake_args' from command line to 'None'
[0.317s] Level 5:colcon.colcon_core.verb:set package 'ros_gz_example_description' build argument 'catkin_skip_building_tests' from command line to 'False'
[0.317s] DEBUG:colcon.colcon_core.verb:Building package 'ros_gz_example_description' with the following arguments: {'ament_cmake_args': None, 'build_base': '/workspaces/ros2-coding/build/ros_gz_example_description', 'catkin_cmake_args': None, 'catkin_skip_building_tests': False, 'cmake_args': None, 'cmake_clean_cache': False, 'cmake_clean_first': False, 'cmake_force_configure': False, 'cmake_target': None, 'cmake_target_skip_unavailable': False, 'install_base': '/workspaces/ros2-coding/install/ros_gz_example_description', 'merge_install': False, 'path': '/workspaces/ros2-coding/turtlesim_ws/src/ros_gz_example_description', 'symlink_install': True, 'test_result_base': None}
[0.318s] Level 5:colcon.colcon_core.verb:set package 'human_controller' build argument 'cmake_args' from command line to 'None'
[0.318s] Level 5:colcon.colcon_core.verb:set package 'human_controller' build argument 'cmake_target' from command line to 'None'
[0.318s] Level 5:colcon.colcon_core.verb:set package 'human_controller' build argument 'cmake_target_skip_unavailable' from command line to 'False'
[0.318s] Level 5:colcon.colcon_core.verb:set package 'human_controller' build argument 'cmake_clean_cache' from command line to 'False'
[0.318s] Level 5:colcon.colcon_core.verb:set package 'human_controller' build argument 'cmake_clean_first' from command line to 'False'
[0.318s] Level 5:colcon.colcon_core.verb:set package 'human_controller' build argument 'cmake_force_configure' from command line to 'False'
[0.318s] Level 5:colcon.colcon_core.verb:set package 'human_controller' build argument 'ament_cmake_args' from command line to 'None'
[0.318s] Level 5:colcon.colcon_core.verb:set package 'human_controller' build argument 'catkin_cmake_args' from command line to 'None'
[0.318s] Level 5:colcon.colcon_core.verb:set package 'human_controller' build argument 'catkin_skip_building_tests' from command line to 'False'
[0.318s] DEBUG:colcon.colcon_core.verb:Building package 'human_controller' with the following arguments: {'ament_cmake_args': None, 'build_base': '/workspaces/ros2-coding/build/human_controller', 'catkin_cmake_args': None, 'catkin_skip_building_tests': False, 'cmake_args': None, 'cmake_clean_cache': False, 'cmake_clean_first': False, 'cmake_force_configure': False, 'cmake_target': None, 'cmake_target_skip_unavailable': False, 'install_base': '/workspaces/ros2-coding/install/human_controller', 'merge_install': False, 'path': '/workspaces/ros2-coding/turtlesim_ws/src/human_controller', 'symlink_install': True, 'test_result_base': None}
[0.318s] Level 5:colcon.colcon_core.verb:set package 'ros_gz_example_gazebo' build argument 'cmake_args' from command line to 'None'
[0.318s] Level 5:colcon.colcon_core.verb:set package 'ros_gz_example_gazebo' build argument 'cmake_target' from command line to 'None'
[0.318s] Level 5:colcon.colcon_core.verb:set package 'ros_gz_example_gazebo' build argument 'cmake_target_skip_unavailable' from command line to 'False'
[0.318s] Level 5:colcon.colcon_core.verb:set package 'ros_gz_example_gazebo' build argument 'cmake_clean_cache' from command line to 'False'
[0.318s] Level 5:colcon.colcon_core.verb:set package 'ros_gz_example_gazebo' build argument 'cmake_clean_first' from command line to 'False'
[0.318s] Level 5:colcon.colcon_core.verb:set package 'ros_gz_example_gazebo' build argument 'cmake_force_configure' from command line to 'False'
[0.318s] Level 5:colcon.colcon_core.verb:set package 'ros_gz_example_gazebo' build argument 'ament_cmake_args' from command line to 'None'
[0.318s] Level 5:colcon.colcon_core.verb:set package 'ros_gz_example_gazebo' build argument 'catkin_cmake_args' from command line to 'None'
[0.318s] Level 5:colcon.colcon_core.verb:set package 'ros_gz_example_gazebo' build argument 'catkin_skip_building_tests' from command line to 'False'
[0.318s] DEBUG:colcon.colcon_core.verb:Building package 'ros_gz_example_gazebo' with the following arguments: {'ament_cmake_args': None, 'build_base': '/workspaces/ros2-coding/build/ros_gz_example_gazebo', 'catkin_cmake_args': None, 'catkin_skip_building_tests': False, 'cmake_args': None, 'cmake_clean_cache': False, 'cmake_clean_first': False, 'cmake_force_configure': False, 'cmake_target': None, 'cmake_target_skip_unavailable': False, 'install_base': '/workspaces/ros2-coding/install/ros_gz_example_gazebo', 'merge_install': False, 'path': '/workspaces/ros2-coding/turtlesim_ws/src/ros_gz_example_gazebo', 'symlink_install': True, 'test_result_base': None}
[0.319s] Level 5:colcon.colcon_core.verb:set package 'ros_gz_example_bringup' build argument 'cmake_args' from command line to 'None'
[0.319s] Level 5:colcon.colcon_core.verb:set package 'ros_gz_example_bringup' build argument 'cmake_target' from command line to 'None'
[0.319s] Level 5:colcon.colcon_core.verb:set package 'ros_gz_example_bringup' build argument 'cmake_target_skip_unavailable' from command line to 'False'
[0.319s] Level 5:colcon.colcon_core.verb:set package 'ros_gz_example_bringup' build argument 'cmake_clean_cache' from command line to 'False'
[0.319s] Level 5:colcon.colcon_core.verb:set package 'ros_gz_example_bringup' build argument 'cmake_clean_first' from command line to 'False'
[0.319s] Level 5:colcon.colcon_core.verb:set package 'ros_gz_example_bringup' build argument 'cmake_force_configure' from command line to 'False'
[0.319s] Level 5:colcon.colcon_core.verb:set package 'ros_gz_example_bringup' build argument 'ament_cmake_args' from command line to 'None'
[0.319s] Level 5:colcon.colcon_core.verb:set package 'ros_gz_example_bringup' build argument 'catkin_cmake_args' from command line to 'None'
[0.319s] Level 5:colcon.colcon_core.verb:set package 'ros_gz_example_bringup' build argument 'catkin_skip_building_tests' from command line to 'False'
[0.319s] DEBUG:colcon.colcon_core.verb:Building package 'ros_gz_example_bringup' with the following arguments: {'ament_cmake_args': None, 'build_base': '/workspaces/ros2-coding/build/ros_gz_example_bringup', 'catkin_cmake_args': None, 'catkin_skip_building_tests': False, 'cmake_args': None, 'cmake_clean_cache': False, 'cmake_clean_first': False, 'cmake_force_configure': False, 'cmake_target': None, 'cmake_target_skip_unavailable': False, 'install_base': '/workspaces/ros2-coding/install/ros_gz_example_bringup', 'merge_install': False, 'path': '/workspaces/ros2-coding/turtlesim_ws/src/ros_gz_example_bringup', 'symlink_install': True, 'test_result_base': None}
[0.319s] INFO:colcon.colcon_core.executor:Executing jobs using 'parallel' executor
[0.320s] DEBUG:colcon.colcon_parallel_executor.executor.parallel:run_until_complete
[0.320s] INFO:colcon.colcon_ros.task.ament_cmake.build:Building ROS package in '/workspaces/ros2-coding/turtlesim_ws/src/ros_gz_example_description' with build type 'ament_cmake'
[0.321s] INFO:colcon.colcon_cmake.task.cmake.build:Building CMake package in '/workspaces/ros2-coding/turtlesim_ws/src/ros_gz_example_description'
[0.324s] INFO:colcon.colcon_core.plugin_system:Skipping extension 'colcon_core.shell.bat': Not used on non-Windows systems
[0.324s] INFO:colcon.colcon_core.shell:Skip shell extension 'powershell' for command environment: Not usable outside of PowerShell
[0.324s] DEBUG:colcon.colcon_core.shell:Skip shell extension 'dsv' for command environment
[0.338s] INFO:colcon.colcon_ros.task.ament_cmake.build:Building ROS package in '/workspaces/ros2-coding/turtlesim_ws/src/human_interfaces' with build type 'ament_cmake'
[0.339s] INFO:colcon.colcon_cmake.task.cmake.build:Building CMake package in '/workspaces/ros2-coding/turtlesim_ws/src/human_interfaces'
[0.339s] INFO:colcon.colcon_core.shell:Skip shell extension 'powershell' for command environment: Not usable outside of PowerShell
[0.339s] DEBUG:colcon.colcon_core.shell:Skip shell extension 'dsv' for command environment
[0.351s] INFO:colcon.colcon_ros.task.ament_cmake.build:Building ROS package in '/workspaces/ros2-coding/turtlesim_ws/src/navigation/carter_navigation' with build type 'ament_cmake'
[0.351s] INFO:colcon.colcon_cmake.task.cmake.build:Building CMake package in '/workspaces/ros2-coding/turtlesim_ws/src/navigation/carter_navigation'
[0.352s] INFO:colcon.colcon_core.shell:Skip shell extension 'powershell' for command environment: Not usable outside of PowerShell
[0.352s] DEBUG:colcon.colcon_core.shell:Skip shell extension 'dsv' for command environment
[0.364s] INFO:colcon.colcon_ros.task.ament_cmake.build:Building ROS package in '/workspaces/ros2-coding/turtlesim_ws/src/cmdvel_to_ackermann' with build type 'ament_cmake'
[0.365s] INFO:colcon.colcon_cmake.task.cmake.build:Building CMake package in '/workspaces/ros2-coding/turtlesim_ws/src/cmdvel_to_ackermann'
[0.365s] INFO:colcon.colcon_core.shell:Skip shell extension 'powershell' for command environment: Not usable outside of PowerShell
[0.365s] DEBUG:colcon.colcon_core.shell:Skip shell extension 'dsv' for command environment
[0.384s] DEBUG:colcon.colcon_core.event_handler.log_command:Invoking command in '/workspaces/ros2-coding/build/ros_gz_example_description': CMAKE_PREFIX_PATH=${CMAKE_PREFIX_PATH}:/workspaces/ros2-coding/install/rqt_joint_trajectory_controller:/workspaces/ros2-coding/install/rqt_controller_manager:/workspaces/ros2-coding/install/ros2controlcli:/workspaces/ros2-coding/install/ros2_controllers_test_nodes:/workspaces/ros2-coding/install/my_turtlesim:/workspaces/ros2-coding/install/issac_sim:/workspaces/ros2-coding/install/isaac_ros_navigation_goal:/workspaces/ros2-coding/install/human_controller:/opt/ros/jazzy /usr/bin/cmake --build /workspaces/ros2-coding/build/ros_gz_example_description -- -j4 -l4
[0.391s] DEBUG:colcon.colcon_core.event_handler.log_command:Invoking command in '/workspaces/ros2-coding/build/human_interfaces': CMAKE_PREFIX_PATH=${CMAKE_PREFIX_PATH}:/workspaces/ros2-coding/install/rqt_joint_trajectory_controller:/workspaces/ros2-coding/install/rqt_controller_manager:/workspaces/ros2-coding/install/ros2controlcli:/workspaces/ros2-coding/install/ros2_controllers_test_nodes:/workspaces/ros2-coding/install/my_turtlesim:/workspaces/ros2-coding/install/issac_sim:/workspaces/ros2-coding/install/isaac_ros_navigation_goal:/workspaces/ros2-coding/install/human_controller:/opt/ros/jazzy /usr/bin/cmake --build /workspaces/ros2-coding/build/human_interfaces -- -j4 -l4
[0.396s] DEBUG:colcon.colcon_core.event_handler.log_command:Invoking command in '/workspaces/ros2-coding/build/carter_navigation': CMAKE_PREFIX_PATH=${CMAKE_PREFIX_PATH}:/workspaces/ros2-coding/install/rqt_joint_trajectory_controller:/workspaces/ros2-coding/install/rqt_controller_manager:/workspaces/ros2-coding/install/ros2controlcli:/workspaces/ros2-coding/install/ros2_controllers_test_nodes:/workspaces/ros2-coding/install/my_turtlesim:/workspaces/ros2-coding/install/issac_sim:/workspaces/ros2-coding/install/isaac_ros_navigation_goal:/workspaces/ros2-coding/install/human_controller:/opt/ros/jazzy /usr/bin/cmake --build /workspaces/ros2-coding/build/carter_navigation -- -j4 -l4
[0.402s] DEBUG:colcon.colcon_core.event_handler.log_command:Invoking command in '/workspaces/ros2-coding/build/cmdvel_to_ackermann': CMAKE_PREFIX_PATH=${CMAKE_PREFIX_PATH}:/workspaces/ros2-coding/install/rqt_joint_trajectory_controller:/workspaces/ros2-coding/install/rqt_controller_manager:/workspaces/ros2-coding/install/ros2controlcli:/workspaces/ros2-coding/install/ros2_controllers_test_nodes:/workspaces/ros2-coding/install/my_turtlesim:/workspaces/ros2-coding/install/issac_sim:/workspaces/ros2-coding/install/isaac_ros_navigation_goal:/workspaces/ros2-coding/install/human_controller:/opt/ros/jazzy /usr/bin/cmake --build /workspaces/ros2-coding/build/cmdvel_to_ackermann -- -j4 -l4
[0.540s] DEBUG:colcon.colcon_core.event_handler.log_command:Invoked command in '/workspaces/ros2-coding/build/cmdvel_to_ackermann' returned '0': CMAKE_PREFIX_PATH=${CMAKE_PREFIX_PATH}:/workspaces/ros2-coding/install/rqt_joint_trajectory_controller:/workspaces/ros2-coding/install/rqt_controller_manager:/workspaces/ros2-coding/install/ros2controlcli:/workspaces/ros2-coding/install/ros2_controllers_test_nodes:/workspaces/ros2-coding/install/my_turtlesim:/workspaces/ros2-coding/install/issac_sim:/workspaces/ros2-coding/install/isaac_ros_navigation_goal:/workspaces/ros2-coding/install/human_controller:/opt/ros/jazzy /usr/bin/cmake --build /workspaces/ros2-coding/build/cmdvel_to_ackermann -- -j4 -l4
[0.576s] DEBUG:colcon.colcon_core.event_handler.log_command:Invoking command in '/workspaces/ros2-coding/build/cmdvel_to_ackermann': CMAKE_PREFIX_PATH=${CMAKE_PREFIX_PATH}:/workspaces/ros2-coding/install/rqt_joint_trajectory_controller:/workspaces/ros2-coding/install/rqt_controller_manager:/workspaces/ros2-coding/install/ros2controlcli:/workspaces/ros2-coding/install/ros2_controllers_test_nodes:/workspaces/ros2-coding/install/my_turtlesim:/workspaces/ros2-coding/install/issac_sim:/workspaces/ros2-coding/install/isaac_ros_navigation_goal:/workspaces/ros2-coding/install/human_controller:/opt/ros/jazzy /usr/bin/cmake --install /workspaces/ros2-coding/build/cmdvel_to_ackermann
[0.578s] DEBUG:colcon.colcon_core.event_handler.log_command:Invoked command in '/workspaces/ros2-coding/build/carter_navigation' returned '0': CMAKE_PREFIX_PATH=${CMAKE_PREFIX_PATH}:/workspaces/ros2-coding/install/rqt_joint_trajectory_controller:/workspaces/ros2-coding/install/rqt_controller_manager:/workspaces/ros2-coding/install/ros2controlcli:/workspaces/ros2-coding/install/ros2_controllers_test_nodes:/workspaces/ros2-coding/install/my_turtlesim:/workspaces/ros2-coding/install/issac_sim:/workspaces/ros2-coding/install/isaac_ros_navigation_goal:/workspaces/ros2-coding/install/human_controller:/opt/ros/jazzy /usr/bin/cmake --build /workspaces/ros2-coding/build/carter_navigation -- -j4 -l4
[0.580s] DEBUG:colcon.colcon_core.event_handler.log_command:Invoking command in '/workspaces/ros2-coding/build/carter_navigation': CMAKE_PREFIX_PATH=${CMAKE_PREFIX_PATH}:/workspaces/ros2-coding/install/rqt_joint_trajectory_controller:/workspaces/ros2-coding/install/rqt_controller_manager:/workspaces/ros2-coding/install/ros2controlcli:/workspaces/ros2-coding/install/ros2_controllers_test_nodes:/workspaces/ros2-coding/install/my_turtlesim:/workspaces/ros2-coding/install/issac_sim:/workspaces/ros2-coding/install/isaac_ros_navigation_goal:/workspaces/ros2-coding/install/human_controller:/opt/ros/jazzy /usr/bin/cmake --install /workspaces/ros2-coding/build/carter_navigation
[0.588s] DEBUG:colcon.colcon_core.event_handler.log_command:Invoked command in '/workspaces/ros2-coding/build/ros_gz_example_description' returned '0': CMAKE_PREFIX_PATH=${CMAKE_PREFIX_PATH}:/workspaces/ros2-coding/install/rqt_joint_trajectory_controller:/workspaces/ros2-coding/install/rqt_controller_manager:/workspaces/ros2-coding/install/ros2controlcli:/workspaces/ros2-coding/install/ros2_controllers_test_nodes:/workspaces/ros2-coding/install/my_turtlesim:/workspaces/ros2-coding/install/issac_sim:/workspaces/ros2-coding/install/isaac_ros_navigation_goal:/workspaces/ros2-coding/install/human_controller:/opt/ros/jazzy /usr/bin/cmake --build /workspaces/ros2-coding/build/ros_gz_example_description -- -j4 -l4
[0.589s] DEBUG:colcon.colcon_core.event_handler.log_command:Invoking command in '/workspaces/ros2-coding/build/ros_gz_example_description': CMAKE_PREFIX_PATH=${CMAKE_PREFIX_PATH}:/workspaces/ros2-coding/install/rqt_joint_trajectory_controller:/workspaces/ros2-coding/install/rqt_controller_manager:/workspaces/ros2-coding/install/ros2controlcli:/workspaces/ros2-coding/install/ros2_controllers_test_nodes:/workspaces/ros2-coding/install/my_turtlesim:/workspaces/ros2-coding/install/issac_sim:/workspaces/ros2-coding/install/isaac_ros_navigation_goal:/workspaces/ros2-coding/install/human_controller:/opt/ros/jazzy /usr/bin/cmake --install /workspaces/ros2-coding/build/ros_gz_example_description
[0.705s] Level 1:colcon.colcon_core.environment:create_environment_scripts_only(cmdvel_to_ackermann)
[0.705s] DEBUG:colcon.colcon_core.event_handler.log_command:Invoked command in '/workspaces/ros2-coding/build/cmdvel_to_ackermann' returned '0': CMAKE_PREFIX_PATH=${CMAKE_PREFIX_PATH}:/workspaces/ros2-coding/install/rqt_joint_trajectory_controller:/workspaces/ros2-coding/install/rqt_controller_manager:/workspaces/ros2-coding/install/ros2controlcli:/workspaces/ros2-coding/install/ros2_controllers_test_nodes:/workspaces/ros2-coding/install/my_turtlesim:/workspaces/ros2-coding/install/issac_sim:/workspaces/ros2-coding/install/isaac_ros_navigation_goal:/workspaces/ros2-coding/install/human_controller:/opt/ros/jazzy /usr/bin/cmake --install /workspaces/ros2-coding/build/cmdvel_to_ackermann
[0.710s] Level 1:colcon.colcon_core.environment:checking '/workspaces/ros2-coding/install/cmdvel_to_ackermann' for CMake module files
[0.714s] Level 1:colcon.colcon_core.environment:checking '/workspaces/ros2-coding/install/cmdvel_to_ackermann' for CMake config files
[0.714s] Level 1:colcon.colcon_core.shell:create_environment_hook('cmdvel_to_ackermann', 'cmake_prefix_path')
[0.717s] INFO:colcon.colcon_core.shell:Creating environment hook '/workspaces/ros2-coding/install/cmdvel_to_ackermann/share/cmdvel_to_ackermann/hook/cmake_prefix_path.ps1'
[0.719s] INFO:colcon.colcon_core.shell:Creating environment descriptor '/workspaces/ros2-coding/install/cmdvel_to_ackermann/share/cmdvel_to_ackermann/hook/cmake_prefix_path.dsv'
[0.723s] INFO:colcon.colcon_core.shell:Creating environment hook '/workspaces/ros2-coding/install/cmdvel_to_ackermann/share/cmdvel_to_ackermann/hook/cmake_prefix_path.sh'
[0.724s] Level 1:colcon.colcon_core.environment:checking '/workspaces/ros2-coding/install/cmdvel_to_ackermann/lib'
[0.727s] Level 1:colcon.colcon_core.environment:checking '/workspaces/ros2-coding/install/cmdvel_to_ackermann/bin'
[0.727s] Level 1:colcon.colcon_core.environment:checking '/workspaces/ros2-coding/install/cmdvel_to_ackermann/lib/pkgconfig/cmdvel_to_ackermann.pc'
[0.738s] Level 1:colcon.colcon_core.environment:checking '/workspaces/ros2-coding/install/cmdvel_to_ackermann/lib/python3.12/site-packages'
[0.738s] Level 1:colcon.colcon_core.environment:checking '/workspaces/ros2-coding/install/cmdvel_to_ackermann/bin'
[0.741s] INFO:colcon.colcon_core.shell:Creating package script '/workspaces/ros2-coding/install/cmdvel_to_ackermann/share/cmdvel_to_ackermann/package.ps1'
[0.746s] INFO:colcon.colcon_core.shell:Creating package descriptor '/workspaces/ros2-coding/install/cmdvel_to_ackermann/share/cmdvel_to_ackermann/package.dsv'
[0.748s] INFO:colcon.colcon_core.shell:Creating package script '/workspaces/ros2-coding/install/cmdvel_to_ackermann/share/cmdvel_to_ackermann/package.sh'
[0.751s] INFO:colcon.colcon_core.shell:Creating package script '/workspaces/ros2-coding/install/cmdvel_to_ackermann/share/cmdvel_to_ackermann/package.bash'
[0.752s] INFO:colcon.colcon_core.shell:Creating package script '/workspaces/ros2-coding/install/cmdvel_to_ackermann/share/cmdvel_to_ackermann/package.zsh'
[0.754s] Level 1:colcon.colcon_core.environment:create_file_with_runtime_dependencies(/workspaces/ros2-coding/install/cmdvel_to_ackermann/share/colcon-core/packages/cmdvel_to_ackermann)
[0.755s] Level 1:colcon.colcon_core.environment:create_environment_scripts_only(cmdvel_to_ackermann)
[0.759s] Level 1:colcon.colcon_core.environment:checking '/workspaces/ros2-coding/install/cmdvel_to_ackermann' for CMake module files
[0.759s] Level 1:colcon.colcon_core.environment:checking '/workspaces/ros2-coding/install/cmdvel_to_ackermann' for CMake config files
[0.760s] Level 1:colcon.colcon_core.shell:create_environment_hook('cmdvel_to_ackermann', 'cmake_prefix_path')
[0.763s] INFO:colcon.colcon_core.shell:Creating environment hook '/workspaces/ros2-coding/install/cmdvel_to_ackermann/share/cmdvel_to_ackermann/hook/cmake_prefix_path.ps1'
[0.764s] INFO:colcon.colcon_core.shell:Creating environment descriptor '/workspaces/ros2-coding/install/cmdvel_to_ackermann/share/cmdvel_to_ackermann/hook/cmake_prefix_path.dsv'
[0.766s] INFO:colcon.colcon_core.shell:Creating environment hook '/workspaces/ros2-coding/install/cmdvel_to_ackermann/share/cmdvel_to_ackermann/hook/cmake_prefix_path.sh'
[0.768s] Level 1:colcon.colcon_core.environment:checking '/workspaces/ros2-coding/install/cmdvel_to_ackermann/lib'
[0.772s] Level 1:colcon.colcon_core.environment:checking '/workspaces/ros2-coding/install/cmdvel_to_ackermann/bin'
[0.772s] Level 1:colcon.colcon_core.environment:checking '/workspaces/ros2-coding/install/cmdvel_to_ackermann/lib/pkgconfig/cmdvel_to_ackermann.pc'
[0.772s] Level 1:colcon.colcon_core.environment:checking '/workspaces/ros2-coding/install/cmdvel_to_ackermann/lib/python3.12/site-packages'
[0.773s] Level 1:colcon.colcon_core.environment:checking '/workspaces/ros2-coding/install/cmdvel_to_ackermann/bin'
[0.773s] INFO:colcon.colcon_core.shell:Creating package script '/workspaces/ros2-coding/install/cmdvel_to_ackermann/share/cmdvel_to_ackermann/package.ps1'
[0.778s] INFO:colcon.colcon_core.shell:Creating package descriptor '/workspaces/ros2-coding/install/cmdvel_to_ackermann/share/cmdvel_to_ackermann/package.dsv'
[0.785s] INFO:colcon.colcon_core.shell:Creating package script '/workspaces/ros2-coding/install/cmdvel_to_ackermann/share/cmdvel_to_ackermann/package.sh'
[0.786s] INFO:colcon.colcon_core.shell:Creating package script '/workspaces/ros2-coding/install/cmdvel_to_ackermann/share/cmdvel_to_ackermann/package.bash'
[0.786s] INFO:colcon.colcon_core.shell:Creating package script '/workspaces/ros2-coding/install/cmdvel_to_ackermann/share/cmdvel_to_ackermann/package.zsh'
[0.787s] Level 1:colcon.colcon_core.environment:create_file_with_runtime_dependencies(/workspaces/ros2-coding/install/cmdvel_to_ackermann/share/colcon-core/packages/cmdvel_to_ackermann)
[0.792s] INFO:colcon.colcon_ros.task.ament_cmake.build:Building ROS package in '/workspaces/ros2-coding/turtlesim_ws/src/custom_message' with build type 'ament_cmake'
[0.792s] INFO:colcon.colcon_cmake.task.cmake.build:Building CMake package in '/workspaces/ros2-coding/turtlesim_ws/src/custom_message'
[0.792s] INFO:colcon.colcon_core.shell:Skip shell extension 'powershell' for command environment: Not usable outside of PowerShell
[0.792s] DEBUG:colcon.colcon_core.shell:Skip shell extension 'dsv' for command environment
[0.859s] Level 1:colcon.colcon_core.environment:create_environment_scripts_only(carter_navigation)
[0.859s] Level 1:colcon.colcon_core.environment:checking '/workspaces/ros2-coding/install/carter_navigation' for CMake module files
[0.860s] Level 1:colcon.colcon_core.environment:checking '/workspaces/ros2-coding/install/carter_navigation' for CMake config files
[0.864s] DEBUG:colcon.colcon_core.event_handler.log_command:Invoked command in '/workspaces/ros2-coding/build/carter_navigation' returned '0': CMAKE_PREFIX_PATH=${CMAKE_PREFIX_PATH}:/workspaces/ros2-coding/install/rqt_joint_trajectory_controller:/workspaces/ros2-coding/install/rqt_controller_manager:/workspaces/ros2-coding/install/ros2controlcli:/workspaces/ros2-coding/install/ros2_controllers_test_nodes:/workspaces/ros2-coding/install/my_turtlesim:/workspaces/ros2-coding/install/issac_sim:/workspaces/ros2-coding/install/isaac_ros_navigation_goal:/workspaces/ros2-coding/install/human_controller:/opt/ros/jazzy /usr/bin/cmake --install /workspaces/ros2-coding/build/carter_navigation
[0.867s] Level 1:colcon.colcon_core.shell:create_environment_hook('carter_navigation', 'cmake_prefix_path')
[0.868s] INFO:colcon.colcon_core.shell:Creating environment hook '/workspaces/ros2-coding/install/carter_navigation/share/carter_navigation/hook/cmake_prefix_path.ps1'
[0.868s] INFO:colcon.colcon_core.shell:Creating environment descriptor '/workspaces/ros2-coding/install/carter_navigation/share/carter_navigation/hook/cmake_prefix_path.dsv'
[0.869s] INFO:colcon.colcon_core.shell:Creating environment hook '/workspaces/ros2-coding/install/carter_navigation/share/carter_navigation/hook/cmake_prefix_path.sh'
[0.870s] Level 1:colcon.colcon_core.environment:checking '/workspaces/ros2-coding/install/carter_navigation/bin'
[0.878s] Level 1:colcon.colcon_core.environment:checking '/workspaces/ros2-coding/install/carter_navigation/lib/pkgconfig/carter_navigation.pc'
[0.878s] Level 1:colcon.colcon_core.environment:checking '/workspaces/ros2-coding/install/carter_navigation/lib/python3.12/site-packages'
[0.879s] Level 1:colcon.colcon_core.environment:checking '/workspaces/ros2-coding/install/carter_navigation/bin'
[0.879s] INFO:colcon.colcon_core.shell:Creating package script '/workspaces/ros2-coding/install/carter_navigation/share/carter_navigation/package.ps1'
[0.880s] INFO:colcon.colcon_core.shell:Creating package descriptor '/workspaces/ros2-coding/install/carter_navigation/share/carter_navigation/package.dsv'
[0.891s] INFO:colcon.colcon_core.shell:Creating package script '/workspaces/ros2-coding/install/carter_navigation/share/carter_navigation/package.sh'
[0.892s] INFO:colcon.colcon_core.shell:Creating package script '/workspaces/ros2-coding/install/carter_navigation/share/carter_navigation/package.bash'
[0.896s] INFO:colcon.colcon_core.shell:Creating package script '/workspaces/ros2-coding/install/carter_navigation/share/carter_navigation/package.zsh'
[0.896s] Level 1:colcon.colcon_core.environment:create_file_with_runtime_dependencies(/workspaces/ros2-coding/install/carter_navigation/share/colcon-core/packages/carter_navigation)
[0.900s] Level 1:colcon.colcon_core.environment:create_environment_scripts_only(carter_navigation)
[0.900s] Level 1:colcon.colcon_core.environment:checking '/workspaces/ros2-coding/install/carter_navigation' for CMake module files
[0.901s] Level 1:colcon.colcon_core.environment:checking '/workspaces/ros2-coding/install/carter_navigation' for CMake config files
[0.902s] Level 1:colcon.colcon_core.shell:create_environment_hook('carter_navigation', 'cmake_prefix_path')
[0.905s] INFO:colcon.colcon_core.shell:Creating environment hook '/workspaces/ros2-coding/install/carter_navigation/share/carter_navigation/hook/cmake_prefix_path.ps1'
[0.909s] INFO:colcon.colcon_core.shell:Creating environment descriptor '/workspaces/ros2-coding/install/carter_navigation/share/carter_navigation/hook/cmake_prefix_path.dsv'
[0.911s] INFO:colcon.colcon_core.shell:Creating environment hook '/workspaces/ros2-coding/install/carter_navigation/share/carter_navigation/hook/cmake_prefix_path.sh'
[0.912s] Level 1:colcon.colcon_core.environment:checking '/workspaces/ros2-coding/install/carter_navigation/bin'
[0.912s] Level 1:colcon.colcon_core.environment:checking '/workspaces/ros2-coding/install/carter_navigation/lib/pkgconfig/carter_navigation.pc'
[0.912s] Level 1:colcon.colcon_core.environment:checking '/workspaces/ros2-coding/install/carter_navigation/lib/python3.12/site-packages'
[0.917s] Level 1:colcon.colcon_core.environment:checking '/workspaces/ros2-coding/install/carter_navigation/bin'
[0.917s] INFO:colcon.colcon_core.shell:Creating package script '/workspaces/ros2-coding/install/carter_navigation/share/carter_navigation/package.ps1'
[0.918s] INFO:colcon.colcon_core.shell:Creating package descriptor '/workspaces/ros2-coding/install/carter_navigation/share/carter_navigation/package.dsv'
[0.918s] INFO:colcon.colcon_core.shell:Creating package script '/workspaces/ros2-coding/install/carter_navigation/share/carter_navigation/package.sh'
[0.923s] INFO:colcon.colcon_core.shell:Creating package script '/workspaces/ros2-coding/install/carter_navigation/share/carter_navigation/package.bash'
[0.923s] INFO:colcon.colcon_core.shell:Creating package script '/workspaces/ros2-coding/install/carter_navigation/share/carter_navigation/package.zsh'
[0.924s] Level 1:colcon.colcon_core.environment:create_file_with_runtime_dependencies(/workspaces/ros2-coding/install/carter_navigation/share/colcon-core/packages/carter_navigation)
[0.925s] INFO:colcon.colcon_ros.task.ament_cmake.build:Building ROS package in '/workspaces/ros2-coding/turtlesim_ws/src/diff_drive_mover' with build type 'ament_cmake'
[0.925s] INFO:colcon.colcon_cmake.task.cmake.build:Building CMake package in '/workspaces/ros2-coding/turtlesim_ws/src/diff_drive_mover'
[0.925s] INFO:colcon.colcon_core.shell:Skip shell extension 'powershell' for command environment: Not usable outside of PowerShell
[0.925s] DEBUG:colcon.colcon_core.shell:Skip shell extension 'dsv' for command environment
[0.958s] Level 1:colcon.colcon_core.environment:create_environment_scripts_only(ros_gz_example_description)
[0.958s] Level 1:colcon.colcon_core.environment:checking '/workspaces/ros2-coding/install/ros_gz_example_description' for CMake module files
[0.959s] Level 1:colcon.colcon_core.environment:checking '/workspaces/ros2-coding/install/ros_gz_example_description' for CMake config files
[0.960s] Level 1:colcon.colcon_core.shell:create_environment_hook('ros_gz_example_description', 'cmake_prefix_path')
[0.960s] INFO:colcon.colcon_core.shell:Creating environment hook '/workspaces/ros2-coding/install/ros_gz_example_description/share/ros_gz_example_description/hook/cmake_prefix_path.ps1'
[0.961s] DEBUG:colcon.colcon_core.event_handler.log_command:Invoked command in '/workspaces/ros2-coding/build/ros_gz_example_description' returned '0': CMAKE_PREFIX_PATH=${CMAKE_PREFIX_PATH}:/workspaces/ros2-coding/install/rqt_joint_trajectory_controller:/workspaces/ros2-coding/install/rqt_controller_manager:/workspaces/ros2-coding/install/ros2controlcli:/workspaces/ros2-coding/install/ros2_controllers_test_nodes:/workspaces/ros2-coding/install/my_turtlesim:/workspaces/ros2-coding/install/issac_sim:/workspaces/ros2-coding/install/isaac_ros_navigation_goal:/workspaces/ros2-coding/install/human_controller:/opt/ros/jazzy /usr/bin/cmake --install /workspaces/ros2-coding/build/ros_gz_example_description
[0.965s] INFO:colcon.colcon_core.shell:Creating environment descriptor '/workspaces/ros2-coding/install/ros_gz_example_description/share/ros_gz_example_description/hook/cmake_prefix_path.dsv'
[0.965s] INFO:colcon.colcon_core.shell:Creating environment hook '/workspaces/ros2-coding/install/ros_gz_example_description/share/ros_gz_example_description/hook/cmake_prefix_path.sh'
[0.966s] Level 1:colcon.colcon_core.environment:checking '/workspaces/ros2-coding/install/ros_gz_example_description/bin'
[0.966s] Level 1:colcon.colcon_core.environment:checking '/workspaces/ros2-coding/install/ros_gz_example_description/lib/pkgconfig/ros_gz_example_description.pc'
[0.967s] Level 1:colcon.colcon_core.environment:checking '/workspaces/ros2-coding/install/ros_gz_example_description/lib/python3.12/site-packages'
[0.967s] Level 1:colcon.colcon_core.environment:checking '/workspaces/ros2-coding/install/ros_gz_example_description/bin'
[0.967s] INFO:colcon.colcon_core.shell:Creating package script '/workspaces/ros2-coding/install/ros_gz_example_description/share/ros_gz_example_description/package.ps1'
[0.971s] INFO:colcon.colcon_core.shell:Creating package descriptor '/workspaces/ros2-coding/install/ros_gz_example_description/share/ros_gz_example_description/package.dsv'
[0.972s] INFO:colcon.colcon_core.shell:Creating package script '/workspaces/ros2-coding/install/ros_gz_example_description/share/ros_gz_example_description/package.sh'
[0.973s] INFO:colcon.colcon_core.shell:Creating package script '/workspaces/ros2-coding/install/ros_gz_example_description/share/ros_gz_example_description/package.bash'
[0.973s] INFO:colcon.colcon_core.shell:Creating package script '/workspaces/ros2-coding/install/ros_gz_example_description/share/ros_gz_example_description/package.zsh'
[0.975s] Level 1:colcon.colcon_core.environment:create_file_with_runtime_dependencies(/workspaces/ros2-coding/install/ros_gz_example_description/share/colcon-core/packages/ros_gz_example_description)
[0.976s] Level 1:colcon.colcon_core.environment:create_environment_scripts_only(ros_gz_example_description)
[0.976s] Level 1:colcon.colcon_core.environment:checking '/workspaces/ros2-coding/install/ros_gz_example_description' for CMake module files
[0.977s] Level 1:colcon.colcon_core.environment:checking '/workspaces/ros2-coding/install/ros_gz_example_description' for CMake config files
[0.978s] Level 1:colcon.colcon_core.shell:create_environment_hook('ros_gz_example_description', 'cmake_prefix_path')
[0.978s] INFO:colcon.colcon_core.shell:Creating environment hook '/workspaces/ros2-coding/install/ros_gz_example_description/share/ros_gz_example_description/hook/cmake_prefix_path.ps1'
[0.979s] INFO:colcon.colcon_core.shell:Creating environment descriptor '/workspaces/ros2-coding/install/ros_gz_example_description/share/ros_gz_example_description/hook/cmake_prefix_path.dsv'
[0.980s] INFO:colcon.colcon_core.shell:Creating environment hook '/workspaces/ros2-coding/install/ros_gz_example_description/share/ros_gz_example_description/hook/cmake_prefix_path.sh'
[0.981s] Level 1:colcon.colcon_core.environment:checking '/workspaces/ros2-coding/install/ros_gz_example_description/bin'
[0.981s] Level 1:colcon.colcon_core.environment:checking '/workspaces/ros2-coding/install/ros_gz_example_description/lib/pkgconfig/ros_gz_example_description.pc'
[0.985s] Level 1:colcon.colcon_core.environment:checking '/workspaces/ros2-coding/install/ros_gz_example_description/lib/python3.12/site-packages'
[0.985s] Level 1:colcon.colcon_core.environment:checking '/workspaces/ros2-coding/install/ros_gz_example_description/bin'
[0.986s] INFO:colcon.colcon_core.shell:Creating package script '/workspaces/ros2-coding/install/ros_gz_example_description/share/ros_gz_example_description/package.ps1'
[0.986s] INFO:colcon.colcon_core.shell:Creating package descriptor '/workspaces/ros2-coding/install/ros_gz_example_description/share/ros_gz_example_description/package.dsv'
[0.988s] INFO:colcon.colcon_core.shell:Creating package script '/workspaces/ros2-coding/install/ros_gz_example_description/share/ros_gz_example_description/package.sh'
[0.989s] INFO:colcon.colcon_core.shell:Creating package script '/workspaces/ros2-coding/install/ros_gz_example_description/share/ros_gz_example_description/package.bash'
[0.990s] INFO:colcon.colcon_core.shell:Creating package script '/workspaces/ros2-coding/install/ros_gz_example_description/share/ros_gz_example_description/package.zsh'
[0.991s] Level 1:colcon.colcon_core.environment:create_file_with_runtime_dependencies(/workspaces/ros2-coding/install/ros_gz_example_description/share/colcon-core/packages/ros_gz_example_description)
[0.996s] INFO:colcon.colcon_ros.task.ament_cmake.build:Building ROS package in '/workspaces/ros2-coding/turtlesim_ws/src/ros_gz_example_gazebo' with build type 'ament_cmake'
[0.997s] INFO:colcon.colcon_cmake.task.cmake.build:Building CMake package in '/workspaces/ros2-coding/turtlesim_ws/src/ros_gz_example_gazebo'
[0.997s] INFO:colcon.colcon_core.shell:Skip shell extension 'powershell' for command environment: Not usable outside of PowerShell
[0.997s] DEBUG:colcon.colcon_core.shell:Skip shell extension 'dsv' for command environment
[1.038s] DEBUG:colcon.colcon_core.event_handler.log_command:Invoking command in '/workspaces/ros2-coding/build/custom_message': CMAKE_PREFIX_PATH=${CMAKE_PREFIX_PATH}:/workspaces/ros2-coding/install/rqt_joint_trajectory_controller:/workspaces/ros2-coding/install/rqt_controller_manager:/workspaces/ros2-coding/install/ros2controlcli:/workspaces/ros2-coding/install/ros2_controllers_test_nodes:/workspaces/ros2-coding/install/my_turtlesim:/workspaces/ros2-coding/install/issac_sim:/workspaces/ros2-coding/install/isaac_ros_navigation_goal:/workspaces/ros2-coding/install/human_controller:/opt/ros/jazzy /usr/bin/cmake --build /workspaces/ros2-coding/build/custom_message -- -j4 -l4
[1.040s] DEBUG:colcon.colcon_core.event_handler.log_command:Invoking command in '/workspaces/ros2-coding/build/diff_drive_mover': CMAKE_PREFIX_PATH=${CMAKE_PREFIX_PATH}:/workspaces/ros2-coding/install/rqt_joint_trajectory_controller:/workspaces/ros2-coding/install/rqt_controller_manager:/workspaces/ros2-coding/install/ros2controlcli:/workspaces/ros2-coding/install/ros2_controllers_test_nodes:/workspaces/ros2-coding/install/my_turtlesim:/workspaces/ros2-coding/install/issac_sim:/workspaces/ros2-coding/install/isaac_ros_navigation_goal:/workspaces/ros2-coding/install/human_controller:/opt/ros/jazzy /usr/bin/cmake --build /workspaces/ros2-coding/build/diff_drive_mover -- -j4 -l4
[1.051s] DEBUG:colcon.colcon_core.event_handler.log_command:Invoking command in '/workspaces/ros2-coding/build/ros_gz_example_gazebo': CMAKE_PREFIX_PATH=/workspaces/ros2-coding/install/ros_gz_example_description:/workspaces/ros2-coding/install/nao_gz_control:/workspaces/ros2-coding/install/ros2_controllers:/workspaces/ros2-coding/install/ros2_control_demos:/workspaces/ros2-coding/install/ros2_control_demo_example_3:/workspaces/ros2-coding/install/gz_ros2_control_demos:/workspaces/ros2-coding/install/velocity_controllers:/workspaces/ros2-coding/install/tricycle_steering_controller:/workspaces/ros2-coding/install/tricycle_controller:/workspaces/ros2-coding/install/ros2_control_demo_example_8:/workspaces/ros2-coding/install/ros2_control:/workspaces/ros2-coding/install/transmission_interface:/workspaces/ros2-coding/install/ros2_control_demo_example_11:/workspaces/ros2-coding/install/bicycle_steering_controller:/workspaces/ros2-coding/install/ackermann_steering_controller:/workspaces/ros2-coding/install/steering_controllers_library:/workspaces/ros2-coding/install/ros2_control_demo_example_17:/workspaces/ros2-coding/install/ros2_control_demo_example_15:/workspaces/ros2-coding/install/ros2_control_demo_example_1:/workspaces/ros2-coding/install/ros_gz_example_bringup:/workspaces/ros2-coding/install/ros_gz_example_gazebo:/workspaces/ros2-coding/install/ros_gz_example_application:/workspaces/ros2-coding/install/ros2_control_demo_example_9:/workspaces/ros2-coding/install/ros2_control_demo_example_7:/workspaces/ros2-coding/install/ros2_control_demo_example_6:/workspaces/ros2-coding/install/ros2_control_demo_example_13:/workspaces/ros2-coding/install/ros2_control_demo_example_5:/workspaces/ros2-coding/install/ros2_control_demo_example_4:/workspaces/ros2-coding/install/ros2_control_demo_example_2:/workspaces/ros2-coding/install/ros2_control_demo_example_16:/workspaces/ros2-coding/install/ros2_control_demo_example_14:/workspaces/ros2-coding/install/ros2_control_demo_example_12:/workspaces/ros2-coding/install/ros2_control_demo_example_10:/workspaces/ros2-coding/install/hardware_interface_testing:/workspaces/ros2-coding/install/gz_ros2_control:/workspaces/ros2-coding/install/controller_manager:/workspaces/ros2-coding/install/ros2_control_test_assets:/workspaces/ros2-coding/install/ros2_control_demo_description:/workspaces/ros2-coding/install/ros2_control_cmake:/workspaces/ros2-coding/install/range_sensor_broadcaster:/workspaces/ros2-coding/install/position_controllers:/workspaces/ros2-coding/install/pose_broadcaster:/workspaces/ros2-coding/install/pid_controller:/workspaces/ros2-coding/install/parallel_gripper_controller:/workspaces/ros2-coding/install/omni_wheel_drive_controller:/workspaces/ros2-coding/install/mecanum_drive_controller:/workspaces/ros2-coding/install/joint_trajectory_controller:/workspaces/ros2-coding/install/joint_state_topic_hardware_interface:/workspaces/ros2-coding/install/joint_state_broadcaster:/workspaces/ros2-coding/install/imu_sensor_broadcaster:/workspaces/ros2-coding/install/gripper_controllers:/workspaces/ros2-coding/install/gps_sensor_broadcaster:/workspaces/ros2-coding/install/gpio_controllers:/workspaces/ros2-coding/install/effort_controllers:/workspaces/ros2-coding/install/forward_command_controller:/workspaces/ros2-coding/install/force_torque_sensor_broadcaster:/workspaces/ros2-coding/install/diff_drive_controller:/workspaces/ros2-coding/install/chained_filter_controller:/workspaces/ros2-coding/install/admittance_controller:/workspaces/ros2-coding/install/controller_interface:/workspaces/ros2-coding/install/hardware_interface:/workspaces/ros2-coding/install/joint_limits:/workspaces/ros2-coding/install/control_toolbox:/workspaces/ros2-coding/install/realtime_tools:/workspaces/ros2-coding/install/kinematics_interface_kdl:/workspaces/ros2-coding/install/kinematics_interface:/workspaces/ros2-coding/install/iw_hub_navigation:/workspaces/ros2-coding/install/isaacsim:/workspaces/ros2-coding/install/isaac_tutorials:/workspaces/ros2-coding/install/isaac_ros2_messages:/workspaces/ros2-coding/install/isaac_moveit:/workspaces/ros2-coding/install/human_interfaces:/workspaces/ros2-coding/install/h1_fullbody_controller:/workspaces/ros2-coding/install/gz_ros2_control_tests:/workspaces/ros2-coding/install/diff_drive_mover:/workspaces/ros2-coding/install/custom_message:/workspaces/ros2-coding/install/controller_manager_msgs:/workspaces/ros2-coding/install/control_msgs:/workspaces/ros2-coding/install/cmdvel_to_ackermann:/workspaces/ros2-coding/install/carter_navigation:/opt/ros/jazzy/opt/gz_sim_vendor:/opt/ros/jazzy/opt/gz_sensors_vendor:/opt/ros/jazzy/opt/gz_physics_vendor:/opt/ros/jazzy/opt/sdformat_vendor:/opt/ros/jazzy/opt/gz_gui_vendor:/opt/ros/jazzy/opt/gz_transport_vendor:/opt/ros/jazzy/opt/gz_rendering_vendor:/opt/ros/jazzy/opt/gz_plugin_vendor:/opt/ros/jazzy/opt/gz_fuel_tools_vendor:/opt/ros/jazzy/opt/gz_msgs_vendor:/opt/ros/jazzy/opt/gz_common_vendor:/opt/ros/jazzy/opt/gz_math_vendor:/opt/ros/jazzy/opt/gz_utils_vendor:/opt/ros/jazzy/opt/gz_tools_vendor:/opt/ros/jazzy/opt/gz_ogre_next_vendor:/opt/ros/jazzy/opt/gz_dartsim_vendor:/opt/ros/jazzy/opt/gz_cmake_vendor:/workspaces/ros2-coding/install/rqt_joint_trajectory_controller:/workspaces/ros2-coding/install/rqt_controller_manager:/workspaces/ros2-coding/install/ros2controlcli:/workspaces/ros2-coding/install/ros2_controllers_test_nodes:/workspaces/ros2-coding/install/my_turtlesim:/workspaces/ros2-coding/install/issac_sim:/workspaces/ros2-coding/install/isaac_ros_navigation_goal:/workspaces/ros2-coding/install/human_controller:/opt/ros/jazzy GZ_SIM_RESOURCE_PATH=/workspaces/ros2-coding/install/ros_gz_example_description/share/ros_gz_example_description/models:${GZ_SIM_RESOURCE_PATH} /usr/bin/cmake --build /workspaces/ros2-coding/build/ros_gz_example_gazebo -- -j4 -l4
[1.204s] DEBUG:colcon.colcon_core.event_handler.log_command:Invoked command in '/workspaces/ros2-coding/build/diff_drive_mover' returned '0': CMAKE_PREFIX_PATH=${CMAKE_PREFIX_PATH}:/workspaces/ros2-coding/install/rqt_joint_trajectory_controller:/workspaces/ros2-coding/install/rqt_controller_manager:/workspaces/ros2-coding/install/ros2controlcli:/workspaces/ros2-coding/install/ros2_controllers_test_nodes:/workspaces/ros2-coding/install/my_turtlesim:/workspaces/ros2-coding/install/issac_sim:/workspaces/ros2-coding/install/isaac_ros_navigation_goal:/workspaces/ros2-coding/install/human_controller:/opt/ros/jazzy /usr/bin/cmake --build /workspaces/ros2-coding/build/diff_drive_mover -- -j4 -l4
[1.204s] DEBUG:colcon.colcon_core.event_handler.log_command:Invoking command in '/workspaces/ros2-coding/build/diff_drive_mover': CMAKE_PREFIX_PATH=${CMAKE_PREFIX_PATH}:/workspaces/ros2-coding/install/rqt_joint_trajectory_controller:/workspaces/ros2-coding/install/rqt_controller_manager:/workspaces/ros2-coding/install/ros2controlcli:/workspaces/ros2-coding/install/ros2_controllers_test_nodes:/workspaces/ros2-coding/install/my_turtlesim:/workspaces/ros2-coding/install/issac_sim:/workspaces/ros2-coding/install/isaac_ros_navigation_goal:/workspaces/ros2-coding/install/human_controller:/opt/ros/jazzy /usr/bin/cmake --install /workspaces/ros2-coding/build/diff_drive_mover
[1.490s] Level 1:colcon.colcon_core.environment:create_environment_scripts_only(diff_drive_mover)
[1.490s] Level 1:colcon.colcon_core.environment:checking '/workspaces/ros2-coding/install/diff_drive_mover' for CMake module files
[1.491s] Level 1:colcon.colcon_core.environment:checking '/workspaces/ros2-coding/install/diff_drive_mover' for CMake config files
[1.497s] Level 1:colcon.colcon_core.shell:create_environment_hook('diff_drive_mover', 'cmake_prefix_path')
[1.497s] INFO:colcon.colcon_core.shell:Creating environment hook '/workspaces/ros2-coding/install/diff_drive_mover/share/diff_drive_mover/hook/cmake_prefix_path.ps1'
[1.498s] DEBUG:colcon.colcon_core.event_handler.log_command:Invoked command in '/workspaces/ros2-coding/build/diff_drive_mover' returned '0': CMAKE_PREFIX_PATH=${CMAKE_PREFIX_PATH}:/workspaces/ros2-coding/install/rqt_joint_trajectory_controller:/workspaces/ros2-coding/install/rqt_controller_manager:/workspaces/ros2-coding/install/ros2controlcli:/workspaces/ros2-coding/install/ros2_controllers_test_nodes:/workspaces/ros2-coding/install/my_turtlesim:/workspaces/ros2-coding/install/issac_sim:/workspaces/ros2-coding/install/isaac_ros_navigation_goal:/workspaces/ros2-coding/install/human_controller:/opt/ros/jazzy /usr/bin/cmake --install /workspaces/ros2-coding/build/diff_drive_mover
[1.500s] INFO:colcon.colcon_core.shell:Creating environment descriptor '/workspaces/ros2-coding/install/diff_drive_mover/share/diff_drive_mover/hook/cmake_prefix_path.dsv'
[1.503s] INFO:colcon.colcon_core.shell:Creating environment hook '/workspaces/ros2-coding/install/diff_drive_mover/share/diff_drive_mover/hook/cmake_prefix_path.sh'
[1.506s] Level 1:colcon.colcon_core.environment:checking '/workspaces/ros2-coding/install/diff_drive_mover/bin'
[1.506s] Level 1:colcon.colcon_core.environment:checking '/workspaces/ros2-coding/install/diff_drive_mover/lib/pkgconfig/diff_drive_mover.pc'
[1.507s] Level 1:colcon.colcon_core.environment:checking '/workspaces/ros2-coding/install/diff_drive_mover/lib/python3.12/site-packages'
[1.510s] Level 1:colcon.colcon_core.environment:checking '/workspaces/ros2-coding/install/diff_drive_mover/bin'
[1.510s] INFO:colcon.colcon_core.shell:Creating package script '/workspaces/ros2-coding/install/diff_drive_mover/share/diff_drive_mover/package.ps1'
[1.514s] INFO:colcon.colcon_core.shell:Creating package descriptor '/workspaces/ros2-coding/install/diff_drive_mover/share/diff_drive_mover/package.dsv'
[1.529s] INFO:colcon.colcon_core.shell:Creating package script '/workspaces/ros2-coding/install/diff_drive_mover/share/diff_drive_mover/package.sh'
[1.532s] INFO:colcon.colcon_core.shell:Creating package script '/workspaces/ros2-coding/install/diff_drive_mover/share/diff_drive_mover/package.bash'
[1.533s] INFO:colcon.colcon_core.shell:Creating package script '/workspaces/ros2-coding/install/diff_drive_mover/share/diff_drive_mover/package.zsh'
[1.537s] Level 1:colcon.colcon_core.environment:create_file_with_runtime_dependencies(/workspaces/ros2-coding/install/diff_drive_mover/share/colcon-core/packages/diff_drive_mover)
[1.541s] Level 1:colcon.colcon_core.environment:create_environment_scripts_only(diff_drive_mover)
[1.541s] Level 1:colcon.colcon_core.environment:checking '/workspaces/ros2-coding/install/diff_drive_mover' for CMake module files
[1.545s] Level 1:colcon.colcon_core.environment:checking '/workspaces/ros2-coding/install/diff_drive_mover' for CMake config files
[1.551s] Level 1:colcon.colcon_core.shell:create_environment_hook('diff_drive_mover', 'cmake_prefix_path')
[1.551s] INFO:colcon.colcon_core.shell:Creating environment hook '/workspaces/ros2-coding/install/diff_drive_mover/share/diff_drive_mover/hook/cmake_prefix_path.ps1'
[1.555s] INFO:colcon.colcon_core.shell:Creating environment descriptor '/workspaces/ros2-coding/install/diff_drive_mover/share/diff_drive_mover/hook/cmake_prefix_path.dsv'
[1.559s] INFO:colcon.colcon_core.shell:Creating environment hook '/workspaces/ros2-coding/install/diff_drive_mover/share/diff_drive_mover/hook/cmake_prefix_path.sh'
[1.562s] Level 1:colcon.colcon_core.environment:checking '/workspaces/ros2-coding/install/diff_drive_mover/bin'
[1.563s] Level 1:colcon.colcon_core.environment:checking '/workspaces/ros2-coding/install/diff_drive_mover/lib/pkgconfig/diff_drive_mover.pc'
[1.563s] Level 1:colcon.colcon_core.environment:checking '/workspaces/ros2-coding/install/diff_drive_mover/lib/python3.12/site-packages'
[1.564s] Level 1:colcon.colcon_core.environment:checking '/workspaces/ros2-coding/install/diff_drive_mover/bin'
[1.564s] INFO:colcon.colcon_core.shell:Creating package script '/workspaces/ros2-coding/install/diff_drive_mover/share/diff_drive_mover/package.ps1'
[1.577s] INFO:colcon.colcon_core.shell:Creating package descriptor '/workspaces/ros2-coding/install/diff_drive_mover/share/diff_drive_mover/package.dsv'
[1.578s] INFO:colcon.colcon_core.shell:Creating package script '/workspaces/ros2-coding/install/diff_drive_mover/share/diff_drive_mover/package.sh'
[1.579s] INFO:colcon.colcon_core.shell:Creating package script '/workspaces/ros2-coding/install/diff_drive_mover/share/diff_drive_mover/package.bash'
[1.579s] INFO:colcon.colcon_core.shell:Creating package script '/workspaces/ros2-coding/install/diff_drive_mover/share/diff_drive_mover/package.zsh'
[1.593s] Level 1:colcon.colcon_core.environment:create_file_with_runtime_dependencies(/workspaces/ros2-coding/install/diff_drive_mover/share/colcon-core/packages/diff_drive_mover)
[1.594s] INFO:colcon.colcon_ros.task.ament_cmake.build:Building ROS package in '/workspaces/ros2-coding/turtlesim_ws/src/humanoid_locomotion_policy_example/h1_fullbody_controller' with build type 'ament_cmake'
[1.594s] INFO:colcon.colcon_cmake.task.cmake.build:Building CMake package in '/workspaces/ros2-coding/turtlesim_ws/src/humanoid_locomotion_policy_example/h1_fullbody_controller'
[1.594s] INFO:colcon.colcon_core.shell:Skip shell extension 'powershell' for command environment: Not usable outside of PowerShell
[1.594s] DEBUG:colcon.colcon_core.shell:Skip shell extension 'dsv' for command environment
[1.667s] DEBUG:colcon.colcon_core.event_handler.log_command:Invoked command in '/workspaces/ros2-coding/build/ros_gz_example_gazebo' returned '0': CMAKE_PREFIX_PATH=/workspaces/ros2-coding/install/ros_gz_example_description:/workspaces/ros2-coding/install/nao_gz_control:/workspaces/ros2-coding/install/ros2_controllers:/workspaces/ros2-coding/install/ros2_control_demos:/workspaces/ros2-coding/install/ros2_control_demo_example_3:/workspaces/ros2-coding/install/gz_ros2_control_demos:/workspaces/ros2-coding/install/velocity_controllers:/workspaces/ros2-coding/install/tricycle_steering_controller:/workspaces/ros2-coding/install/tricycle_controller:/workspaces/ros2-coding/install/ros2_control_demo_example_8:/workspaces/ros2-coding/install/ros2_control:/workspaces/ros2-coding/install/transmission_interface:/workspaces/ros2-coding/install/ros2_control_demo_example_11:/workspaces/ros2-coding/install/bicycle_steering_controller:/workspaces/ros2-coding/install/ackermann_steering_controller:/workspaces/ros2-coding/install/steering_controllers_library:/workspaces/ros2-coding/install/ros2_control_demo_example_17:/workspaces/ros2-coding/install/ros2_control_demo_example_15:/workspaces/ros2-coding/install/ros2_control_demo_example_1:/workspaces/ros2-coding/install/ros_gz_example_bringup:/workspaces/ros2-coding/install/ros_gz_example_gazebo:/workspaces/ros2-coding/install/ros_gz_example_application:/workspaces/ros2-coding/install/ros2_control_demo_example_9:/workspaces/ros2-coding/install/ros2_control_demo_example_7:/workspaces/ros2-coding/install/ros2_control_demo_example_6:/workspaces/ros2-coding/install/ros2_control_demo_example_13:/workspaces/ros2-coding/install/ros2_control_demo_example_5:/workspaces/ros2-coding/install/ros2_control_demo_example_4:/workspaces/ros2-coding/install/ros2_control_demo_example_2:/workspaces/ros2-coding/install/ros2_control_demo_example_16:/workspaces/ros2-coding/install/ros2_control_demo_example_14:/workspaces/ros2-coding/install/ros2_control_demo_example_12:/workspaces/ros2-coding/install/ros2_control_demo_example_10:/workspaces/ros2-coding/install/hardware_interface_testing:/workspaces/ros2-coding/install/gz_ros2_control:/workspaces/ros2-coding/install/controller_manager:/workspaces/ros2-coding/install/ros2_control_test_assets:/workspaces/ros2-coding/install/ros2_control_demo_description:/workspaces/ros2-coding/install/ros2_control_cmake:/workspaces/ros2-coding/install/range_sensor_broadcaster:/workspaces/ros2-coding/install/position_controllers:/workspaces/ros2-coding/install/pose_broadcaster:/workspaces/ros2-coding/install/pid_controller:/workspaces/ros2-coding/install/parallel_gripper_controller:/workspaces/ros2-coding/install/omni_wheel_drive_controller:/workspaces/ros2-coding/install/mecanum_drive_controller:/workspaces/ros2-coding/install/joint_trajectory_controller:/workspaces/ros2-coding/install/joint_state_topic_hardware_interface:/workspaces/ros2-coding/install/joint_state_broadcaster:/workspaces/ros2-coding/install/imu_sensor_broadcaster:/workspaces/ros2-coding/install/gripper_controllers:/workspaces/ros2-coding/install/gps_sensor_broadcaster:/workspaces/ros2-coding/install/gpio_controllers:/workspaces/ros2-coding/install/effort_controllers:/workspaces/ros2-coding/install/forward_command_controller:/workspaces/ros2-coding/install/force_torque_sensor_broadcaster:/workspaces/ros2-coding/install/diff_drive_controller:/workspaces/ros2-coding/install/chained_filter_controller:/workspaces/ros2-coding/install/admittance_controller:/workspaces/ros2-coding/install/controller_interface:/workspaces/ros2-coding/install/hardware_interface:/workspaces/ros2-coding/install/joint_limits:/workspaces/ros2-coding/install/control_toolbox:/workspaces/ros2-coding/install/realtime_tools:/workspaces/ros2-coding/install/kinematics_interface_kdl:/workspaces/ros2-coding/install/kinematics_interface:/workspaces/ros2-coding/install/iw_hub_navigation:/workspaces/ros2-coding/install/isaacsim:/workspaces/ros2-coding/install/isaac_tutorials:/workspaces/ros2-coding/install/isaac_ros2_messages:/workspaces/ros2-coding/install/isaac_moveit:/workspaces/ros2-coding/install/human_interfaces:/workspaces/ros2-coding/install/h1_fullbody_controller:/workspaces/ros2-coding/install/gz_ros2_control_tests:/workspaces/ros2-coding/install/diff_drive_mover:/workspaces/ros2-coding/install/custom_message:/workspaces/ros2-coding/install/controller_manager_msgs:/workspaces/ros2-coding/install/control_msgs:/workspaces/ros2-coding/install/cmdvel_to_ackermann:/workspaces/ros2-coding/install/carter_navigation:/opt/ros/jazzy/opt/gz_sim_vendor:/opt/ros/jazzy/opt/gz_sensors_vendor:/opt/ros/jazzy/opt/gz_physics_vendor:/opt/ros/jazzy/opt/sdformat_vendor:/opt/ros/jazzy/opt/gz_gui_vendor:/opt/ros/jazzy/opt/gz_transport_vendor:/opt/ros/jazzy/opt/gz_rendering_vendor:/opt/ros/jazzy/opt/gz_plugin_vendor:/opt/ros/jazzy/opt/gz_fuel_tools_vendor:/opt/ros/jazzy/opt/gz_msgs_vendor:/opt/ros/jazzy/opt/gz_common_vendor:/opt/ros/jazzy/opt/gz_math_vendor:/opt/ros/jazzy/opt/gz_utils_vendor:/opt/ros/jazzy/opt/gz_tools_vendor:/opt/ros/jazzy/opt/gz_ogre_next_vendor:/opt/ros/jazzy/opt/gz_dartsim_vendor:/opt/ros/jazzy/opt/gz_cmake_vendor:/workspaces/ros2-coding/install/rqt_joint_trajectory_controller:/workspaces/ros2-coding/install/rqt_controller_manager:/workspaces/ros2-coding/install/ros2controlcli:/workspaces/ros2-coding/install/ros2_controllers_test_nodes:/workspaces/ros2-coding/install/my_turtlesim:/workspaces/ros2-coding/install/issac_sim:/workspaces/ros2-coding/install/isaac_ros_navigation_goal:/workspaces/ros2-coding/install/human_controller:/opt/ros/jazzy GZ_SIM_RESOURCE_PATH=/workspaces/ros2-coding/install/ros_gz_example_description/share/ros_gz_example_description/models:${GZ_SIM_RESOURCE_PATH} /usr/bin/cmake --build /workspaces/ros2-coding/build/ros_gz_example_gazebo -- -j4 -l4
[1.672s] DEBUG:colcon.colcon_core.event_handler.log_command:Invoking command in '/workspaces/ros2-coding/build/ros_gz_example_gazebo': CMAKE_PREFIX_PATH=/workspaces/ros2-coding/install/ros_gz_example_description:/workspaces/ros2-coding/install/nao_gz_control:/workspaces/ros2-coding/install/ros2_controllers:/workspaces/ros2-coding/install/ros2_control_demos:/workspaces/ros2-coding/install/ros2_control_demo_example_3:/workspaces/ros2-coding/install/gz_ros2_control_demos:/workspaces/ros2-coding/install/velocity_controllers:/workspaces/ros2-coding/install/tricycle_steering_controller:/workspaces/ros2-coding/install/tricycle_controller:/workspaces/ros2-coding/install/ros2_control_demo_example_8:/workspaces/ros2-coding/install/ros2_control:/workspaces/ros2-coding/install/transmission_interface:/workspaces/ros2-coding/install/ros2_control_demo_example_11:/workspaces/ros2-coding/install/bicycle_steering_controller:/workspaces/ros2-coding/install/ackermann_steering_controller:/workspaces/ros2-coding/install/steering_controllers_library:/workspaces/ros2-coding/install/ros2_control_demo_example_17:/workspaces/ros2-coding/install/ros2_control_demo_example_15:/workspaces/ros2-coding/install/ros2_control_demo_example_1:/workspaces/ros2-coding/install/ros_gz_example_bringup:/workspaces/ros2-coding/install/ros_gz_example_gazebo:/workspaces/ros2-coding/install/ros_gz_example_application:/workspaces/ros2-coding/install/ros2_control_demo_example_9:/workspaces/ros2-coding/install/ros2_control_demo_example_7:/workspaces/ros2-coding/install/ros2_control_demo_example_6:/workspaces/ros2-coding/install/ros2_control_demo_example_13:/workspaces/ros2-coding/install/ros2_control_demo_example_5:/workspaces/ros2-coding/install/ros2_control_demo_example_4:/workspaces/ros2-coding/install/ros2_control_demo_example_2:/workspaces/ros2-coding/install/ros2_control_demo_example_16:/workspaces/ros2-coding/install/ros2_control_demo_example_14:/workspaces/ros2-coding/install/ros2_control_demo_example_12:/workspaces/ros2-coding/install/ros2_control_demo_example_10:/workspaces/ros2-coding/install/hardware_interface_testing:/workspaces/ros2-coding/install/gz_ros2_control:/workspaces/ros2-coding/install/controller_manager:/workspaces/ros2-coding/install/ros2_control_test_assets:/workspaces/ros2-coding/install/ros2_control_demo_description:/workspaces/ros2-coding/install/ros2_control_cmake:/workspaces/ros2-coding/install/range_sensor_broadcaster:/workspaces/ros2-coding/install/position_controllers:/workspaces/ros2-coding/install/pose_broadcaster:/workspaces/ros2-coding/install/pid_controller:/workspaces/ros2-coding/install/parallel_gripper_controller:/workspaces/ros2-coding/install/omni_wheel_drive_controller:/workspaces/ros2-coding/install/mecanum_drive_controller:/workspaces/ros2-coding/install/joint_trajectory_controller:/workspaces/ros2-coding/install/joint_state_topic_hardware_interface:/workspaces/ros2-coding/install/joint_state_broadcaster:/workspaces/ros2-coding/install/imu_sensor_broadcaster:/workspaces/ros2-coding/install/gripper_controllers:/workspaces/ros2-coding/install/gps_sensor_broadcaster:/workspaces/ros2-coding/install/gpio_controllers:/workspaces/ros2-coding/install/effort_controllers:/workspaces/ros2-coding/install/forward_command_controller:/workspaces/ros2-coding/install/force_torque_sensor_broadcaster:/workspaces/ros2-coding/install/diff_drive_controller:/workspaces/ros2-coding/install/chained_filter_controller:/workspaces/ros2-coding/install/admittance_controller:/workspaces/ros2-coding/install/controller_interface:/workspaces/ros2-coding/install/hardware_interface:/workspaces/ros2-coding/install/joint_limits:/workspaces/ros2-coding/install/control_toolbox:/workspaces/ros2-coding/install/realtime_tools:/workspaces/ros2-coding/install/kinematics_interface_kdl:/workspaces/ros2-coding/install/kinematics_interface:/workspaces/ros2-coding/install/iw_hub_navigation:/workspaces/ros2-coding/install/isaacsim:/workspaces/ros2-coding/install/isaac_tutorials:/workspaces/ros2-coding/install/isaac_ros2_messages:/workspaces/ros2-coding/install/isaac_moveit:/workspaces/ros2-coding/install/human_interfaces:/workspaces/ros2-coding/install/h1_fullbody_controller:/workspaces/ros2-coding/install/gz_ros2_control_tests:/workspaces/ros2-coding/install/diff_drive_mover:/workspaces/ros2-coding/install/custom_message:/workspaces/ros2-coding/install/controller_manager_msgs:/workspaces/ros2-coding/install/control_msgs:/workspaces/ros2-coding/install/cmdvel_to_ackermann:/workspaces/ros2-coding/install/carter_navigation:/opt/ros/jazzy/opt/gz_sim_vendor:/opt/ros/jazzy/opt/gz_sensors_vendor:/opt/ros/jazzy/opt/gz_physics_vendor:/opt/ros/jazzy/opt/sdformat_vendor:/opt/ros/jazzy/opt/gz_gui_vendor:/opt/ros/jazzy/opt/gz_transport_vendor:/opt/ros/jazzy/opt/gz_rendering_vendor:/opt/ros/jazzy/opt/gz_plugin_vendor:/opt/ros/jazzy/opt/gz_fuel_tools_vendor:/opt/ros/jazzy/opt/gz_msgs_vendor:/opt/ros/jazzy/opt/gz_common_vendor:/opt/ros/jazzy/opt/gz_math_vendor:/opt/ros/jazzy/opt/gz_utils_vendor:/opt/ros/jazzy/opt/gz_tools_vendor:/opt/ros/jazzy/opt/gz_ogre_next_vendor:/opt/ros/jazzy/opt/gz_dartsim_vendor:/opt/ros/jazzy/opt/gz_cmake_vendor:/workspaces/ros2-coding/install/rqt_joint_trajectory_controller:/workspaces/ros2-coding/install/rqt_controller_manager:/workspaces/ros2-coding/install/ros2controlcli:/workspaces/ros2-coding/install/ros2_controllers_test_nodes:/workspaces/ros2-coding/install/my_turtlesim:/workspaces/ros2-coding/install/issac_sim:/workspaces/ros2-coding/install/isaac_ros_navigation_goal:/workspaces/ros2-coding/install/human_controller:/opt/ros/jazzy GZ_SIM_RESOURCE_PATH=/workspaces/ros2-coding/install/ros_gz_example_description/share/ros_gz_example_description/models:${GZ_SIM_RESOURCE_PATH} /usr/bin/cmake --install /workspaces/ros2-coding/build/ros_gz_example_gazebo
[1.695s] DEBUG:colcon.colcon_core.event_handler.log_command:Invoking command in '/workspaces/ros2-coding/build/h1_fullbody_controller': CMAKE_PREFIX_PATH=${CMAKE_PREFIX_PATH}:/workspaces/ros2-coding/install/rqt_joint_trajectory_controller:/workspaces/ros2-coding/install/rqt_controller_manager:/workspaces/ros2-coding/install/ros2controlcli:/workspaces/ros2-coding/install/ros2_controllers_test_nodes:/workspaces/ros2-coding/install/my_turtlesim:/workspaces/ros2-coding/install/issac_sim:/workspaces/ros2-coding/install/isaac_ros_navigation_goal:/workspaces/ros2-coding/install/human_controller:/opt/ros/jazzy /usr/bin/cmake --build /workspaces/ros2-coding/build/h1_fullbody_controller -- -j4 -l4
[1.845s] Level 1:colcon.colcon_core.environment:create_environment_scripts_only(ros_gz_example_gazebo)
[1.850s] Level 1:colcon.colcon_core.environment:checking '/workspaces/ros2-coding/install/ros_gz_example_gazebo' for CMake module files
[1.851s] Level 1:colcon.colcon_core.environment:checking '/workspaces/ros2-coding/install/ros_gz_example_gazebo' for CMake config files
[1.852s] Level 1:colcon.colcon_core.shell:create_environment_hook('ros_gz_example_gazebo', 'cmake_prefix_path')
[1.852s] INFO:colcon.colcon_core.shell:Creating environment hook '/workspaces/ros2-coding/install/ros_gz_example_gazebo/share/ros_gz_example_gazebo/hook/cmake_prefix_path.ps1'
[1.853s] INFO:colcon.colcon_core.shell:Creating environment descriptor '/workspaces/ros2-coding/install/ros_gz_example_gazebo/share/ros_gz_example_gazebo/hook/cmake_prefix_path.dsv'
[1.847s] DEBUG:colcon.colcon_core.event_handler.log_command:Invoked command in '/workspaces/ros2-coding/build/ros_gz_example_gazebo' returned '0': CMAKE_PREFIX_PATH=/workspaces/ros2-coding/install/ros_gz_example_description:/workspaces/ros2-coding/install/nao_gz_control:/workspaces/ros2-coding/install/ros2_controllers:/workspaces/ros2-coding/install/ros2_control_demos:/workspaces/ros2-coding/install/ros2_control_demo_example_3:/workspaces/ros2-coding/install/gz_ros2_control_demos:/workspaces/ros2-coding/install/velocity_controllers:/workspaces/ros2-coding/install/tricycle_steering_controller:/workspaces/ros2-coding/install/tricycle_controller:/workspaces/ros2-coding/install/ros2_control_demo_example_8:/workspaces/ros2-coding/install/ros2_control:/workspaces/ros2-coding/install/transmission_interface:/workspaces/ros2-coding/install/ros2_control_demo_example_11:/workspaces/ros2-coding/install/bicycle_steering_controller:/workspaces/ros2-coding/install/ackermann_steering_controller:/workspaces/ros2-coding/install/steering_controllers_library:/workspaces/ros2-coding/install/ros2_control_demo_example_17:/workspaces/ros2-coding/install/ros2_control_demo_example_15:/workspaces/ros2-coding/install/ros2_control_demo_example_1:/workspaces/ros2-coding/install/ros_gz_example_bringup:/workspaces/ros2-coding/install/ros_gz_example_gazebo:/workspaces/ros2-coding/install/ros_gz_example_application:/workspaces/ros2-coding/install/ros2_control_demo_example_9:/workspaces/ros2-coding/install/ros2_control_demo_example_7:/workspaces/ros2-coding/install/ros2_control_demo_example_6:/workspaces/ros2-coding/install/ros2_control_demo_example_13:/workspaces/ros2-coding/install/ros2_control_demo_example_5:/workspaces/ros2-coding/install/ros2_control_demo_example_4:/workspaces/ros2-coding/install/ros2_control_demo_example_2:/workspaces/ros2-coding/install/ros2_control_demo_example_16:/workspaces/ros2-coding/install/ros2_control_demo_example_14:/workspaces/ros2-coding/install/ros2_control_demo_example_12:/workspaces/ros2-coding/install/ros2_control_demo_example_10:/workspaces/ros2-coding/install/hardware_interface_testing:/workspaces/ros2-coding/install/gz_ros2_control:/workspaces/ros2-coding/install/controller_manager:/workspaces/ros2-coding/install/ros2_control_test_assets:/workspaces/ros2-coding/install/ros2_control_demo_description:/workspaces/ros2-coding/install/ros2_control_cmake:/workspaces/ros2-coding/install/range_sensor_broadcaster:/workspaces/ros2-coding/install/position_controllers:/workspaces/ros2-coding/install/pose_broadcaster:/workspaces/ros2-coding/install/pid_controller:/workspaces/ros2-coding/install/parallel_gripper_controller:/workspaces/ros2-coding/install/omni_wheel_drive_controller:/workspaces/ros2-coding/install/mecanum_drive_controller:/workspaces/ros2-coding/install/joint_trajectory_controller:/workspaces/ros2-coding/install/joint_state_topic_hardware_interface:/workspaces/ros2-coding/install/joint_state_broadcaster:/workspaces/ros2-coding/install/imu_sensor_broadcaster:/workspaces/ros2-coding/install/gripper_controllers:/workspaces/ros2-coding/install/gps_sensor_broadcaster:/workspaces/ros2-coding/install/gpio_controllers:/workspaces/ros2-coding/install/effort_controllers:/workspaces/ros2-coding/install/forward_command_controller:/workspaces/ros2-coding/install/force_torque_sensor_broadcaster:/workspaces/ros2-coding/install/diff_drive_controller:/workspaces/ros2-coding/install/chained_filter_controller:/workspaces/ros2-coding/install/admittance_controller:/workspaces/ros2-coding/install/controller_interface:/workspaces/ros2-coding/install/hardware_interface:/workspaces/ros2-coding/install/joint_limits:/workspaces/ros2-coding/install/control_toolbox:/workspaces/ros2-coding/install/realtime_tools:/workspaces/ros2-coding/install/kinematics_interface_kdl:/workspaces/ros2-coding/install/kinematics_interface:/workspaces/ros2-coding/install/iw_hub_navigation:/workspaces/ros2-coding/install/isaacsim:/workspaces/ros2-coding/install/isaac_tutorials:/workspaces/ros2-coding/install/isaac_ros2_messages:/workspaces/ros2-coding/install/isaac_moveit:/workspaces/ros2-coding/install/human_interfaces:/workspaces/ros2-coding/install/h1_fullbody_controller:/workspaces/ros2-coding/install/gz_ros2_control_tests:/workspaces/ros2-coding/install/diff_drive_mover:/workspaces/ros2-coding/install/custom_message:/workspaces/ros2-coding/install/controller_manager_msgs:/workspaces/ros2-coding/install/control_msgs:/workspaces/ros2-coding/install/cmdvel_to_ackermann:/workspaces/ros2-coding/install/carter_navigation:/opt/ros/jazzy/opt/gz_sim_vendor:/opt/ros/jazzy/opt/gz_sensors_vendor:/opt/ros/jazzy/opt/gz_physics_vendor:/opt/ros/jazzy/opt/sdformat_vendor:/opt/ros/jazzy/opt/gz_gui_vendor:/opt/ros/jazzy/opt/gz_transport_vendor:/opt/ros/jazzy/opt/gz_rendering_vendor:/opt/ros/jazzy/opt/gz_plugin_vendor:/opt/ros/jazzy/opt/gz_fuel_tools_vendor:/opt/ros/jazzy/opt/gz_msgs_vendor:/opt/ros/jazzy/opt/gz_common_vendor:/opt/ros/jazzy/opt/gz_math_vendor:/opt/ros/jazzy/opt/gz_utils_vendor:/opt/ros/jazzy/opt/gz_tools_vendor:/opt/ros/jazzy/opt/gz_ogre_next_vendor:/opt/ros/jazzy/opt/gz_dartsim_vendor:/opt/ros/jazzy/opt/gz_cmake_vendor:/workspaces/ros2-coding/install/rqt_joint_trajectory_controller:/workspaces/ros2-coding/install/rqt_controller_manager:/workspaces/ros2-coding/install/ros2controlcli:/workspaces/ros2-coding/install/ros2_controllers_test_nodes:/workspaces/ros2-coding/install/my_turtlesim:/workspaces/ros2-coding/install/issac_sim:/workspaces/ros2-coding/install/isaac_ros_navigation_goal:/workspaces/ros2-coding/install/human_controller:/opt/ros/jazzy GZ_SIM_RESOURCE_PATH=/workspaces/ros2-coding/install/ros_gz_example_description/share/ros_gz_example_description/models:${GZ_SIM_RESOURCE_PATH} /usr/bin/cmake --install /workspaces/ros2-coding/build/ros_gz_example_gazebo
[1.857s] INFO:colcon.colcon_core.shell:Creating environment hook '/workspaces/ros2-coding/install/ros_gz_example_gazebo/share/ros_gz_example_gazebo/hook/cmake_prefix_path.sh'
[1.858s] Level 1:colcon.colcon_core.environment:checking '/workspaces/ros2-coding/install/ros_gz_example_gazebo/lib'
[1.858s] Level 1:colcon.colcon_core.environment:checking '/workspaces/ros2-coding/install/ros_gz_example_gazebo/bin'
[1.858s] Level 1:colcon.colcon_core.environment:checking '/workspaces/ros2-coding/install/ros_gz_example_gazebo/lib/pkgconfig/ros_gz_example_gazebo.pc'
[1.859s] Level 1:colcon.colcon_core.environment:checking '/workspaces/ros2-coding/install/ros_gz_example_gazebo/lib/python3.12/site-packages'
[1.859s] Level 1:colcon.colcon_core.environment:checking '/workspaces/ros2-coding/install/ros_gz_example_gazebo/bin'
[1.860s] INFO:colcon.colcon_core.shell:Creating package script '/workspaces/ros2-coding/install/ros_gz_example_gazebo/share/ros_gz_example_gazebo/package.ps1'
[1.860s] INFO:colcon.colcon_core.shell:Creating package descriptor '/workspaces/ros2-coding/install/ros_gz_example_gazebo/share/ros_gz_example_gazebo/package.dsv'
[1.864s] INFO:colcon.colcon_core.shell:Creating package script '/workspaces/ros2-coding/install/ros_gz_example_gazebo/share/ros_gz_example_gazebo/package.sh'
[1.865s] INFO:colcon.colcon_core.shell:Creating package script '/workspaces/ros2-coding/install/ros_gz_example_gazebo/share/ros_gz_example_gazebo/package.bash'
[1.865s] INFO:colcon.colcon_core.shell:Creating package script '/workspaces/ros2-coding/install/ros_gz_example_gazebo/share/ros_gz_example_gazebo/package.zsh'
[1.866s] Level 1:colcon.colcon_core.environment:create_file_with_runtime_dependencies(/workspaces/ros2-coding/install/ros_gz_example_gazebo/share/colcon-core/packages/ros_gz_example_gazebo)
[1.866s] Level 1:colcon.colcon_core.environment:create_environment_scripts_only(ros_gz_example_gazebo)
[1.870s] Level 1:colcon.colcon_core.environment:checking '/workspaces/ros2-coding/install/ros_gz_example_gazebo' for CMake module files
[1.874s] Level 1:colcon.colcon_core.environment:checking '/workspaces/ros2-coding/install/ros_gz_example_gazebo' for CMake config files
[1.877s] Level 1:colcon.colcon_core.shell:create_environment_hook('ros_gz_example_gazebo', 'cmake_prefix_path')
[1.882s] INFO:colcon.colcon_core.shell:Creating environment hook '/workspaces/ros2-coding/install/ros_gz_example_gazebo/share/ros_gz_example_gazebo/hook/cmake_prefix_path.ps1'
[1.882s] INFO:colcon.colcon_core.shell:Creating environment descriptor '/workspaces/ros2-coding/install/ros_gz_example_gazebo/share/ros_gz_example_gazebo/hook/cmake_prefix_path.dsv'
[1.884s] INFO:colcon.colcon_core.shell:Creating environment hook '/workspaces/ros2-coding/install/ros_gz_example_gazebo/share/ros_gz_example_gazebo/hook/cmake_prefix_path.sh'
[1.885s] Level 1:colcon.colcon_core.environment:checking '/workspaces/ros2-coding/install/ros_gz_example_gazebo/lib'
[1.885s] Level 1:colcon.colcon_core.environment:checking '/workspaces/ros2-coding/install/ros_gz_example_gazebo/bin'
[1.885s] Level 1:colcon.colcon_core.environment:checking '/workspaces/ros2-coding/install/ros_gz_example_gazebo/lib/pkgconfig/ros_gz_example_gazebo.pc'
[1.891s] Level 1:colcon.colcon_core.environment:checking '/workspaces/ros2-coding/install/ros_gz_example_gazebo/lib/python3.12/site-packages'
[1.891s] Level 1:colcon.colcon_core.environment:checking '/workspaces/ros2-coding/install/ros_gz_example_gazebo/bin'
[1.891s] INFO:colcon.colcon_core.shell:Creating package script '/workspaces/ros2-coding/install/ros_gz_example_gazebo/share/ros_gz_example_gazebo/package.ps1'
[1.893s] INFO:colcon.colcon_core.shell:Creating package descriptor '/workspaces/ros2-coding/install/ros_gz_example_gazebo/share/ros_gz_example_gazebo/package.dsv'
[1.894s] INFO:colcon.colcon_core.shell:Creating package script '/workspaces/ros2-coding/install/ros_gz_example_gazebo/share/ros_gz_example_gazebo/package.sh'
[1.894s] INFO:colcon.colcon_core.shell:Creating package script '/workspaces/ros2-coding/install/ros_gz_example_gazebo/share/ros_gz_example_gazebo/package.bash'
[1.900s] INFO:colcon.colcon_core.shell:Creating package script '/workspaces/ros2-coding/install/ros_gz_example_gazebo/share/ros_gz_example_gazebo/package.zsh'
[1.901s] Level 1:colcon.colcon_core.environment:create_file_with_runtime_dependencies(/workspaces/ros2-coding/install/ros_gz_example_gazebo/share/colcon-core/packages/ros_gz_example_gazebo)
[1.902s] INFO:colcon.colcon_ros.task.ament_cmake.build:Building ROS package in '/workspaces/ros2-coding/turtlesim_ws/src/moveit/isaac_moveit' with build type 'ament_cmake'
[1.905s] INFO:colcon.colcon_cmake.task.cmake.build:Building CMake package in '/workspaces/ros2-coding/turtlesim_ws/src/moveit/isaac_moveit'
[1.906s] INFO:colcon.colcon_core.shell:Skip shell extension 'powershell' for command environment: Not usable outside of PowerShell
[1.906s] DEBUG:colcon.colcon_core.shell:Skip shell extension 'dsv' for command environment
[1.961s] DEBUG:colcon.colcon_core.event_handler.log_command:Invoked command in '/workspaces/ros2-coding/build/h1_fullbody_controller' returned '0': CMAKE_PREFIX_PATH=${CMAKE_PREFIX_PATH}:/workspaces/ros2-coding/install/rqt_joint_trajectory_controller:/workspaces/ros2-coding/install/rqt_controller_manager:/workspaces/ros2-coding/install/ros2controlcli:/workspaces/ros2-coding/install/ros2_controllers_test_nodes:/workspaces/ros2-coding/install/my_turtlesim:/workspaces/ros2-coding/install/issac_sim:/workspaces/ros2-coding/install/isaac_ros_navigation_goal:/workspaces/ros2-coding/install/human_controller:/opt/ros/jazzy /usr/bin/cmake --build /workspaces/ros2-coding/build/h1_fullbody_controller -- -j4 -l4
[1.964s] DEBUG:colcon.colcon_core.event_handler.log_command:Invoking command in '/workspaces/ros2-coding/build/h1_fullbody_controller': CMAKE_PREFIX_PATH=${CMAKE_PREFIX_PATH}:/workspaces/ros2-coding/install/rqt_joint_trajectory_controller:/workspaces/ros2-coding/install/rqt_controller_manager:/workspaces/ros2-coding/install/ros2controlcli:/workspaces/ros2-coding/install/ros2_controllers_test_nodes:/workspaces/ros2-coding/install/my_turtlesim:/workspaces/ros2-coding/install/issac_sim:/workspaces/ros2-coding/install/isaac_ros_navigation_goal:/workspaces/ros2-coding/install/human_controller:/opt/ros/jazzy /usr/bin/cmake --install /workspaces/ros2-coding/build/h1_fullbody_controller
[1.973s] DEBUG:colcon.colcon_core.event_handler.log_command:Invoking command in '/workspaces/ros2-coding/build/isaac_moveit': CMAKE_PREFIX_PATH=${CMAKE_PREFIX_PATH}:/workspaces/ros2-coding/install/rqt_joint_trajectory_controller:/workspaces/ros2-coding/install/rqt_controller_manager:/workspaces/ros2-coding/install/ros2controlcli:/workspaces/ros2-coding/install/ros2_controllers_test_nodes:/workspaces/ros2-coding/install/my_turtlesim:/workspaces/ros2-coding/install/issac_sim:/workspaces/ros2-coding/install/isaac_ros_navigation_goal:/workspaces/ros2-coding/install/human_controller:/opt/ros/jazzy /usr/bin/cmake --build /workspaces/ros2-coding/build/isaac_moveit -- -j4 -l4
[2.019s] DEBUG:colcon.colcon_core.event_handler.log_command:Invoked command in '/workspaces/ros2-coding/build/human_interfaces' returned '0': CMAKE_PREFIX_PATH=${CMAKE_PREFIX_PATH}:/workspaces/ros2-coding/install/rqt_joint_trajectory_controller:/workspaces/ros2-coding/install/rqt_controller_manager:/workspaces/ros2-coding/install/ros2controlcli:/workspaces/ros2-coding/install/ros2_controllers_test_nodes:/workspaces/ros2-coding/install/my_turtlesim:/workspaces/ros2-coding/install/issac_sim:/workspaces/ros2-coding/install/isaac_ros_navigation_goal:/workspaces/ros2-coding/install/human_controller:/opt/ros/jazzy /usr/bin/cmake --build /workspaces/ros2-coding/build/human_interfaces -- -j4 -l4
[2.019s] DEBUG:colcon.colcon_core.event_handler.log_command:Invoking command in '/workspaces/ros2-coding/build/human_interfaces': CMAKE_PREFIX_PATH=${CMAKE_PREFIX_PATH}:/workspaces/ros2-coding/install/rqt_joint_trajectory_controller:/workspaces/ros2-coding/install/rqt_controller_manager:/workspaces/ros2-coding/install/ros2controlcli:/workspaces/ros2-coding/install/ros2_controllers_test_nodes:/workspaces/ros2-coding/install/my_turtlesim:/workspaces/ros2-coding/install/issac_sim:/workspaces/ros2-coding/install/isaac_ros_navigation_goal:/workspaces/ros2-coding/install/human_controller:/opt/ros/jazzy /usr/bin/cmake --install /workspaces/ros2-coding/build/human_interfaces
[2.075s] Level 1:colcon.colcon_core.environment:create_environment_scripts_only(h1_fullbody_controller)
[2.076s] Level 1:colcon.colcon_core.environment:checking '/workspaces/ros2-coding/install/h1_fullbody_controller' for CMake module files
[2.080s] Level 1:colcon.colcon_core.environment:checking '/workspaces/ros2-coding/install/h1_fullbody_controller' for CMake config files
[2.081s] Level 1:colcon.colcon_core.shell:create_environment_hook('h1_fullbody_controller', 'cmake_prefix_path')
[2.085s] INFO:colcon.colcon_core.shell:Creating environment hook '/workspaces/ros2-coding/install/h1_fullbody_controller/share/h1_fullbody_controller/hook/cmake_prefix_path.ps1'
[2.086s] DEBUG:colcon.colcon_core.event_handler.log_command:Invoked command in '/workspaces/ros2-coding/build/h1_fullbody_controller' returned '0': CMAKE_PREFIX_PATH=${CMAKE_PREFIX_PATH}:/workspaces/ros2-coding/install/rqt_joint_trajectory_controller:/workspaces/ros2-coding/install/rqt_controller_manager:/workspaces/ros2-coding/install/ros2controlcli:/workspaces/ros2-coding/install/ros2_controllers_test_nodes:/workspaces/ros2-coding/install/my_turtlesim:/workspaces/ros2-coding/install/issac_sim:/workspaces/ros2-coding/install/isaac_ros_navigation_goal:/workspaces/ros2-coding/install/human_controller:/opt/ros/jazzy /usr/bin/cmake --install /workspaces/ros2-coding/build/h1_fullbody_controller
[2.086s] INFO:colcon.colcon_core.shell:Creating environment descriptor '/workspaces/ros2-coding/install/h1_fullbody_controller/share/h1_fullbody_controller/hook/cmake_prefix_path.dsv'
[2.087s] INFO:colcon.colcon_core.shell:Creating environment hook '/workspaces/ros2-coding/install/h1_fullbody_controller/share/h1_fullbody_controller/hook/cmake_prefix_path.sh'
[2.091s] Level 1:colcon.colcon_core.environment:checking '/workspaces/ros2-coding/install/h1_fullbody_controller/lib'
[2.091s] Level 1:colcon.colcon_core.environment:checking '/workspaces/ros2-coding/install/h1_fullbody_controller/bin'
[2.091s] Level 1:colcon.colcon_core.environment:checking '/workspaces/ros2-coding/install/h1_fullbody_controller/lib/pkgconfig/h1_fullbody_controller.pc'
[2.091s] Level 1:colcon.colcon_core.environment:checking '/workspaces/ros2-coding/install/h1_fullbody_controller/lib/python3.12/site-packages'
[2.093s] Level 1:colcon.colcon_core.environment:checking '/workspaces/ros2-coding/install/h1_fullbody_controller/bin'
[2.095s] INFO:colcon.colcon_core.shell:Creating package script '/workspaces/ros2-coding/install/h1_fullbody_controller/share/h1_fullbody_controller/package.ps1'
[2.099s] INFO:colcon.colcon_core.shell:Creating package descriptor '/workspaces/ros2-coding/install/h1_fullbody_controller/share/h1_fullbody_controller/package.dsv'
[2.099s] INFO:colcon.colcon_core.shell:Creating package script '/workspaces/ros2-coding/install/h1_fullbody_controller/share/h1_fullbody_controller/package.sh'
[2.103s] INFO:colcon.colcon_core.shell:Creating package script '/workspaces/ros2-coding/install/h1_fullbody_controller/share/h1_fullbody_controller/package.bash'
[2.104s] INFO:colcon.colcon_core.shell:Creating package script '/workspaces/ros2-coding/install/h1_fullbody_controller/share/h1_fullbody_controller/package.zsh'
[2.109s] Level 1:colcon.colcon_core.environment:create_file_with_runtime_dependencies(/workspaces/ros2-coding/install/h1_fullbody_controller/share/colcon-core/packages/h1_fullbody_controller)
[2.110s] Level 1:colcon.colcon_core.environment:create_environment_scripts_only(h1_fullbody_controller)
[2.114s] Level 1:colcon.colcon_core.environment:checking '/workspaces/ros2-coding/install/h1_fullbody_controller' for CMake module files
[2.115s] Level 1:colcon.colcon_core.environment:checking '/workspaces/ros2-coding/install/h1_fullbody_controller' for CMake config files
[2.120s] Level 1:colcon.colcon_core.shell:create_environment_hook('h1_fullbody_controller', 'cmake_prefix_path')
[2.120s] INFO:colcon.colcon_core.shell:Creating environment hook '/workspaces/ros2-coding/install/h1_fullbody_controller/share/h1_fullbody_controller/hook/cmake_prefix_path.ps1'
[2.121s] INFO:colcon.colcon_core.shell:Creating environment descriptor '/workspaces/ros2-coding/install/h1_fullbody_controller/share/h1_fullbody_controller/hook/cmake_prefix_path.dsv'
[2.122s] INFO:colcon.colcon_core.shell:Creating environment hook '/workspaces/ros2-coding/install/h1_fullbody_controller/share/h1_fullbody_controller/hook/cmake_prefix_path.sh'
[2.124s] Level 1:colcon.colcon_core.environment:checking '/workspaces/ros2-coding/install/h1_fullbody_controller/lib'
[2.124s] Level 1:colcon.colcon_core.environment:checking '/workspaces/ros2-coding/install/h1_fullbody_controller/bin'
[2.124s] Level 1:colcon.colcon_core.environment:checking '/workspaces/ros2-coding/install/h1_fullbody_controller/lib/pkgconfig/h1_fullbody_controller.pc'
[2.124s] Level 1:colcon.colcon_core.environment:checking '/workspaces/ros2-coding/install/h1_fullbody_controller/lib/python3.12/site-packages'
[2.125s] Level 1:colcon.colcon_core.environment:checking '/workspaces/ros2-coding/install/h1_fullbody_controller/bin'
[2.125s] INFO:colcon.colcon_core.shell:Creating package script '/workspaces/ros2-coding/install/h1_fullbody_controller/share/h1_fullbody_controller/package.ps1'
[2.126s] INFO:colcon.colcon_core.shell:Creating package descriptor '/workspaces/ros2-coding/install/h1_fullbody_controller/share/h1_fullbody_controller/package.dsv'
[2.127s] INFO:colcon.colcon_core.shell:Creating package script '/workspaces/ros2-coding/install/h1_fullbody_controller/share/h1_fullbody_controller/package.sh'
[2.132s] INFO:colcon.colcon_core.shell:Creating package script '/workspaces/ros2-coding/install/h1_fullbody_controller/share/h1_fullbody_controller/package.bash'
[2.133s] INFO:colcon.colcon_core.shell:Creating package script '/workspaces/ros2-coding/install/h1_fullbody_controller/share/h1_fullbody_controller/package.zsh'
[2.134s] Level 1:colcon.colcon_core.environment:create_file_with_runtime_dependencies(/workspaces/ros2-coding/install/h1_fullbody_controller/share/colcon-core/packages/h1_fullbody_controller)
[2.135s] INFO:colcon.colcon_ros.task.ament_cmake.build:Building ROS package in '/workspaces/ros2-coding/turtlesim_ws/src/isaac_ros2_messages' with build type 'ament_cmake'
[2.135s] INFO:colcon.colcon_cmake.task.cmake.build:Building CMake package in '/workspaces/ros2-coding/turtlesim_ws/src/isaac_ros2_messages'
[2.136s] INFO:colcon.colcon_core.shell:Skip shell extension 'powershell' for command environment: Not usable outside of PowerShell
[2.136s] DEBUG:colcon.colcon_core.shell:Skip shell extension 'dsv' for command environment
[2.204s] DEBUG:colcon.colcon_core.event_handler.log_command:Invoking command in '/workspaces/ros2-coding/build/isaac_ros2_messages': CMAKE_PREFIX_PATH=${CMAKE_PREFIX_PATH}:/workspaces/ros2-coding/install/rqt_joint_trajectory_controller:/workspaces/ros2-coding/install/rqt_controller_manager:/workspaces/ros2-coding/install/ros2controlcli:/workspaces/ros2-coding/install/ros2_controllers_test_nodes:/workspaces/ros2-coding/install/my_turtlesim:/workspaces/ros2-coding/install/issac_sim:/workspaces/ros2-coding/install/isaac_ros_navigation_goal:/workspaces/ros2-coding/install/human_controller:/opt/ros/jazzy /usr/bin/cmake --build /workspaces/ros2-coding/build/isaac_ros2_messages -- -j4 -l4
[2.210s] DEBUG:colcon.colcon_core.event_handler.log_command:Invoked command in '/workspaces/ros2-coding/build/isaac_moveit' returned '0': CMAKE_PREFIX_PATH=${CMAKE_PREFIX_PATH}:/workspaces/ros2-coding/install/rqt_joint_trajectory_controller:/workspaces/ros2-coding/install/rqt_controller_manager:/workspaces/ros2-coding/install/ros2controlcli:/workspaces/ros2-coding/install/ros2_controllers_test_nodes:/workspaces/ros2-coding/install/my_turtlesim:/workspaces/ros2-coding/install/issac_sim:/workspaces/ros2-coding/install/isaac_ros_navigation_goal:/workspaces/ros2-coding/install/human_controller:/opt/ros/jazzy /usr/bin/cmake --build /workspaces/ros2-coding/build/isaac_moveit -- -j4 -l4
[2.211s] DEBUG:colcon.colcon_core.event_handler.log_command:Invoking command in '/workspaces/ros2-coding/build/isaac_moveit': CMAKE_PREFIX_PATH=${CMAKE_PREFIX_PATH}:/workspaces/ros2-coding/install/rqt_joint_trajectory_controller:/workspaces/ros2-coding/install/rqt_controller_manager:/workspaces/ros2-coding/install/ros2controlcli:/workspaces/ros2-coding/install/ros2_controllers_test_nodes:/workspaces/ros2-coding/install/my_turtlesim:/workspaces/ros2-coding/install/issac_sim:/workspaces/ros2-coding/install/isaac_ros_navigation_goal:/workspaces/ros2-coding/install/human_controller:/opt/ros/jazzy /usr/bin/cmake --install /workspaces/ros2-coding/build/isaac_moveit
[2.303s] Level 1:colcon.colcon_core.environment:create_environment_scripts_only(isaac_moveit)
[2.303s] Level 1:colcon.colcon_core.environment:checking '/workspaces/ros2-coding/install/isaac_moveit' for CMake module files
[2.307s] DEBUG:colcon.colcon_core.event_handler.log_command:Invoked command in '/workspaces/ros2-coding/build/isaac_moveit' returned '0': CMAKE_PREFIX_PATH=${CMAKE_PREFIX_PATH}:/workspaces/ros2-coding/install/rqt_joint_trajectory_controller:/workspaces/ros2-coding/install/rqt_controller_manager:/workspaces/ros2-coding/install/ros2controlcli:/workspaces/ros2-coding/install/ros2_controllers_test_nodes:/workspaces/ros2-coding/install/my_turtlesim:/workspaces/ros2-coding/install/issac_sim:/workspaces/ros2-coding/install/isaac_ros_navigation_goal:/workspaces/ros2-coding/install/human_controller:/opt/ros/jazzy /usr/bin/cmake --install /workspaces/ros2-coding/build/isaac_moveit
[2.307s] Level 1:colcon.colcon_core.environment:checking '/workspaces/ros2-coding/install/isaac_moveit' for CMake config files
[2.308s] Level 1:colcon.colcon_core.shell:create_environment_hook('isaac_moveit', 'cmake_prefix_path')
[2.309s] INFO:colcon.colcon_core.shell:Creating environment hook '/workspaces/ros2-coding/install/isaac_moveit/share/isaac_moveit/hook/cmake_prefix_path.ps1'
[2.309s] INFO:colcon.colcon_core.shell:Creating environment descriptor '/workspaces/ros2-coding/install/isaac_moveit/share/isaac_moveit/hook/cmake_prefix_path.dsv'
[2.310s] INFO:colcon.colcon_core.shell:Creating environment hook '/workspaces/ros2-coding/install/isaac_moveit/share/isaac_moveit/hook/cmake_prefix_path.sh'
[2.313s] Level 1:colcon.colcon_core.environment:checking '/workspaces/ros2-coding/install/isaac_moveit/lib'
[2.313s] Level 1:colcon.colcon_core.environment:checking '/workspaces/ros2-coding/install/isaac_moveit/bin'
[2.313s] Level 1:colcon.colcon_core.environment:checking '/workspaces/ros2-coding/install/isaac_moveit/lib/pkgconfig/isaac_moveit.pc'
[2.316s] Level 1:colcon.colcon_core.environment:checking '/workspaces/ros2-coding/install/isaac_moveit/lib/python3.12/site-packages'
[2.316s] Level 1:colcon.colcon_core.environment:checking '/workspaces/ros2-coding/install/isaac_moveit/bin'
[2.317s] INFO:colcon.colcon_core.shell:Creating package script '/workspaces/ros2-coding/install/isaac_moveit/share/isaac_moveit/package.ps1'
[2.317s] INFO:colcon.colcon_core.shell:Creating package descriptor '/workspaces/ros2-coding/install/isaac_moveit/share/isaac_moveit/package.dsv'
[2.320s] INFO:colcon.colcon_core.shell:Creating package script '/workspaces/ros2-coding/install/isaac_moveit/share/isaac_moveit/package.sh'
[2.320s] INFO:colcon.colcon_core.shell:Creating package script '/workspaces/ros2-coding/install/isaac_moveit/share/isaac_moveit/package.bash'
[2.321s] INFO:colcon.colcon_core.shell:Creating package script '/workspaces/ros2-coding/install/isaac_moveit/share/isaac_moveit/package.zsh'
[2.321s] Level 1:colcon.colcon_core.environment:create_file_with_runtime_dependencies(/workspaces/ros2-coding/install/isaac_moveit/share/colcon-core/packages/isaac_moveit)
[2.322s] Level 1:colcon.colcon_core.environment:create_environment_scripts_only(isaac_moveit)
[2.322s] Level 1:colcon.colcon_core.environment:checking '/workspaces/ros2-coding/install/isaac_moveit' for CMake module files
[2.328s] Level 1:colcon.colcon_core.environment:checking '/workspaces/ros2-coding/install/isaac_moveit' for CMake config files
[2.329s] Level 1:colcon.colcon_core.shell:create_environment_hook('isaac_moveit', 'cmake_prefix_path')
[2.329s] INFO:colcon.colcon_core.shell:Creating environment hook '/workspaces/ros2-coding/install/isaac_moveit/share/isaac_moveit/hook/cmake_prefix_path.ps1'
[2.333s] INFO:colcon.colcon_core.shell:Creating environment descriptor '/workspaces/ros2-coding/install/isaac_moveit/share/isaac_moveit/hook/cmake_prefix_path.dsv'
[2.334s] INFO:colcon.colcon_core.shell:Creating environment hook '/workspaces/ros2-coding/install/isaac_moveit/share/isaac_moveit/hook/cmake_prefix_path.sh'
[2.335s] Level 1:colcon.colcon_core.environment:checking '/workspaces/ros2-coding/install/isaac_moveit/lib'
[2.335s] Level 1:colcon.colcon_core.environment:checking '/workspaces/ros2-coding/install/isaac_moveit/bin'
[2.335s] Level 1:colcon.colcon_core.environment:checking '/workspaces/ros2-coding/install/isaac_moveit/lib/pkgconfig/isaac_moveit.pc'
[2.335s] Level 1:colcon.colcon_core.environment:checking '/workspaces/ros2-coding/install/isaac_moveit/lib/python3.12/site-packages'
[2.336s] Level 1:colcon.colcon_core.environment:checking '/workspaces/ros2-coding/install/isaac_moveit/bin'
[2.341s] INFO:colcon.colcon_core.shell:Creating package script '/workspaces/ros2-coding/install/isaac_moveit/share/isaac_moveit/package.ps1'
[2.342s] INFO:colcon.colcon_core.shell:Creating package descriptor '/workspaces/ros2-coding/install/isaac_moveit/share/isaac_moveit/package.dsv'
[2.343s] INFO:colcon.colcon_core.shell:Creating package script '/workspaces/ros2-coding/install/isaac_moveit/share/isaac_moveit/package.sh'
[2.343s] INFO:colcon.colcon_core.shell:Creating package script '/workspaces/ros2-coding/install/isaac_moveit/share/isaac_moveit/package.bash'
[2.344s] INFO:colcon.colcon_core.shell:Creating package script '/workspaces/ros2-coding/install/isaac_moveit/share/isaac_moveit/package.zsh'
[2.344s] Level 1:colcon.colcon_core.environment:create_file_with_runtime_dependencies(/workspaces/ros2-coding/install/isaac_moveit/share/colcon-core/packages/isaac_moveit)
[2.345s] INFO:colcon.colcon_ros.task.ament_python.build:Building ROS package in '/workspaces/ros2-coding/turtlesim_ws/src/navigation/isaac_ros_navigation_goal' with build type 'ament_python'
[2.345s] Level 1:colcon.colcon_core.shell:create_environment_hook('isaac_ros_navigation_goal', 'ament_prefix_path')
[2.345s] INFO:colcon.colcon_core.shell:Creating environment hook '/workspaces/ros2-coding/install/isaac_ros_navigation_goal/share/isaac_ros_navigation_goal/hook/ament_prefix_path.ps1'
[2.346s] INFO:colcon.colcon_core.shell:Creating environment descriptor '/workspaces/ros2-coding/install/isaac_ros_navigation_goal/share/isaac_ros_navigation_goal/hook/ament_prefix_path.dsv'
[2.346s] INFO:colcon.colcon_core.shell:Creating environment hook '/workspaces/ros2-coding/install/isaac_ros_navigation_goal/share/isaac_ros_navigation_goal/hook/ament_prefix_path.sh'
[2.349s] INFO:colcon.colcon_core.shell:Skip shell extension 'powershell' for command environment: Not usable outside of PowerShell
[2.350s] DEBUG:colcon.colcon_core.shell:Skip shell extension 'dsv' for command environment
[2.386s] Level 1:colcon.colcon_core.environment:create_environment_scripts_only(human_interfaces)
[2.386s] Level 1:colcon.colcon_core.environment:checking '/workspaces/ros2-coding/install/human_interfaces' for CMake module files
[2.387s] Level 1:colcon.colcon_core.environment:checking '/workspaces/ros2-coding/install/human_interfaces' for CMake config files
[2.389s] DEBUG:colcon.colcon_core.event_handler.log_command:Invoked command in '/workspaces/ros2-coding/build/human_interfaces' returned '0': CMAKE_PREFIX_PATH=${CMAKE_PREFIX_PATH}:/workspaces/ros2-coding/install/rqt_joint_trajectory_controller:/workspaces/ros2-coding/install/rqt_controller_manager:/workspaces/ros2-coding/install/ros2controlcli:/workspaces/ros2-coding/install/ros2_controllers_test_nodes:/workspaces/ros2-coding/install/my_turtlesim:/workspaces/ros2-coding/install/issac_sim:/workspaces/ros2-coding/install/isaac_ros_navigation_goal:/workspaces/ros2-coding/install/human_controller:/opt/ros/jazzy /usr/bin/cmake --install /workspaces/ros2-coding/build/human_interfaces
[2.392s] Level 1:colcon.colcon_core.shell:create_environment_hook('human_interfaces', 'cmake_prefix_path')
[2.392s] INFO:colcon.colcon_core.shell:Creating environment hook '/workspaces/ros2-coding/install/human_interfaces/share/human_interfaces/hook/cmake_prefix_path.ps1'
[2.393s] INFO:colcon.colcon_core.shell:Creating environment descriptor '/workspaces/ros2-coding/install/human_interfaces/share/human_interfaces/hook/cmake_prefix_path.dsv'
[2.393s] INFO:colcon.colcon_core.shell:Creating environment hook '/workspaces/ros2-coding/install/human_interfaces/share/human_interfaces/hook/cmake_prefix_path.sh'
[2.394s] Level 1:colcon.colcon_core.environment:checking '/workspaces/ros2-coding/install/human_interfaces/lib'
[2.394s] Level 1:colcon.colcon_core.shell:create_environment_hook('human_interfaces', 'ld_library_path_lib')
[2.395s] INFO:colcon.colcon_core.shell:Creating environment hook '/workspaces/ros2-coding/install/human_interfaces/share/human_interfaces/hook/ld_library_path_lib.ps1'
[2.399s] INFO:colcon.colcon_core.shell:Creating environment descriptor '/workspaces/ros2-coding/install/human_interfaces/share/human_interfaces/hook/ld_library_path_lib.dsv'
[2.402s] INFO:colcon.colcon_core.shell:Creating environment hook '/workspaces/ros2-coding/install/human_interfaces/share/human_interfaces/hook/ld_library_path_lib.sh'
[2.403s] Level 1:colcon.colcon_core.environment:checking '/workspaces/ros2-coding/install/human_interfaces/bin'
[2.403s] Level 1:colcon.colcon_core.environment:checking '/workspaces/ros2-coding/install/human_interfaces/lib/pkgconfig/human_interfaces.pc'
[2.404s] Level 1:colcon.colcon_core.environment:checking '/workspaces/ros2-coding/install/human_interfaces/lib/python3.12/site-packages'
[2.404s] Level 1:colcon.colcon_core.shell:create_environment_hook('human_interfaces', 'pythonpath')
[2.404s] INFO:colcon.colcon_core.shell:Creating environment hook '/workspaces/ros2-coding/install/human_interfaces/share/human_interfaces/hook/pythonpath.ps1'
[2.406s] INFO:colcon.colcon_core.shell:Creating environment descriptor '/workspaces/ros2-coding/install/human_interfaces/share/human_interfaces/hook/pythonpath.dsv'
[2.406s] INFO:colcon.colcon_core.shell:Creating environment hook '/workspaces/ros2-coding/install/human_interfaces/share/human_interfaces/hook/pythonpath.sh'
[2.409s] Level 1:colcon.colcon_core.environment:checking '/workspaces/ros2-coding/install/human_interfaces/bin'
[2.409s] INFO:colcon.colcon_core.shell:Creating package script '/workspaces/ros2-coding/install/human_interfaces/share/human_interfaces/package.ps1'
[2.410s] INFO:colcon.colcon_core.shell:Creating package descriptor '/workspaces/ros2-coding/install/human_interfaces/share/human_interfaces/package.dsv'
[2.410s] INFO:colcon.colcon_core.shell:Creating package script '/workspaces/ros2-coding/install/human_interfaces/share/human_interfaces/package.sh'
[2.412s] INFO:colcon.colcon_core.shell:Creating package script '/workspaces/ros2-coding/install/human_interfaces/share/human_interfaces/package.bash'
[2.413s] INFO:colcon.colcon_core.shell:Creating package script '/workspaces/ros2-coding/install/human_interfaces/share/human_interfaces/package.zsh'
[2.413s] Level 1:colcon.colcon_core.environment:create_file_with_runtime_dependencies(/workspaces/ros2-coding/install/human_interfaces/share/colcon-core/packages/human_interfaces)
[2.415s] Level 1:colcon.colcon_core.environment:create_environment_scripts_only(human_interfaces)
[2.415s] Level 1:colcon.colcon_core.environment:checking '/workspaces/ros2-coding/install/human_interfaces' for CMake module files
[2.416s] Level 1:colcon.colcon_core.environment:checking '/workspaces/ros2-coding/install/human_interfaces' for CMake config files
[2.418s] Level 1:colcon.colcon_core.shell:create_environment_hook('human_interfaces', 'cmake_prefix_path')
[2.426s] INFO:colcon.colcon_core.shell:Creating environment hook '/workspaces/ros2-coding/install/human_interfaces/share/human_interfaces/hook/cmake_prefix_path.ps1'
[2.426s] INFO:colcon.colcon_core.shell:Creating environment descriptor '/workspaces/ros2-coding/install/human_interfaces/share/human_interfaces/hook/cmake_prefix_path.dsv'
[2.427s] INFO:colcon.colcon_core.shell:Creating environment hook '/workspaces/ros2-coding/install/human_interfaces/share/human_interfaces/hook/cmake_prefix_path.sh'
[2.428s] Level 1:colcon.colcon_core.environment:checking '/workspaces/ros2-coding/install/human_interfaces/lib'
[2.428s] Level 1:colcon.colcon_core.shell:create_environment_hook('human_interfaces', 'ld_library_path_lib')
[2.428s] INFO:colcon.colcon_core.shell:Creating environment hook '/workspaces/ros2-coding/install/human_interfaces/share/human_interfaces/hook/ld_library_path_lib.ps1'
[2.430s] INFO:colcon.colcon_core.shell:Creating environment descriptor '/workspaces/ros2-coding/install/human_interfaces/share/human_interfaces/hook/ld_library_path_lib.dsv'
[2.431s] INFO:colcon.colcon_core.shell:Creating environment hook '/workspaces/ros2-coding/install/human_interfaces/share/human_interfaces/hook/ld_library_path_lib.sh'
[2.431s] Level 1:colcon.colcon_core.environment:checking '/workspaces/ros2-coding/install/human_interfaces/bin'
[2.431s] Level 1:colcon.colcon_core.environment:checking '/workspaces/ros2-coding/install/human_interfaces/lib/pkgconfig/human_interfaces.pc'
[2.432s] Level 1:colcon.colcon_core.environment:checking '/workspaces/ros2-coding/install/human_interfaces/lib/python3.12/site-packages'
[2.432s] Level 1:colcon.colcon_core.shell:create_environment_hook('human_interfaces', 'pythonpath')
[2.432s] INFO:colcon.colcon_core.shell:Creating environment hook '/workspaces/ros2-coding/install/human_interfaces/share/human_interfaces/hook/pythonpath.ps1'
[2.433s] INFO:colcon.colcon_core.shell:Creating environment descriptor '/workspaces/ros2-coding/install/human_interfaces/share/human_interfaces/hook/pythonpath.dsv'
[2.433s] INFO:colcon.colcon_core.shell:Creating environment hook '/workspaces/ros2-coding/install/human_interfaces/share/human_interfaces/hook/pythonpath.sh'
[2.434s] Level 1:colcon.colcon_core.environment:checking '/workspaces/ros2-coding/install/human_interfaces/bin'
[2.435s] INFO:colcon.colcon_core.shell:Creating package script '/workspaces/ros2-coding/install/human_interfaces/share/human_interfaces/package.ps1'
[2.435s] INFO:colcon.colcon_core.shell:Creating package descriptor '/workspaces/ros2-coding/install/human_interfaces/share/human_interfaces/package.dsv'
[2.436s] INFO:colcon.colcon_core.shell:Creating package script '/workspaces/ros2-coding/install/human_interfaces/share/human_interfaces/package.sh'
[2.437s] INFO:colcon.colcon_core.shell:Creating package script '/workspaces/ros2-coding/install/human_interfaces/share/human_interfaces/package.bash'
[2.437s] INFO:colcon.colcon_core.shell:Creating package script '/workspaces/ros2-coding/install/human_interfaces/share/human_interfaces/package.zsh'
[2.438s] Level 1:colcon.colcon_core.environment:create_file_with_runtime_dependencies(/workspaces/ros2-coding/install/human_interfaces/share/colcon-core/packages/human_interfaces)
[2.440s] INFO:colcon.colcon_ros.task.ament_cmake.build:Building ROS package in '/workspaces/ros2-coding/turtlesim_ws/src/isaac_tutorials' with build type 'ament_cmake'
[2.440s] INFO:colcon.colcon_cmake.task.cmake.build:Building CMake package in '/workspaces/ros2-coding/turtlesim_ws/src/isaac_tutorials'
[2.440s] INFO:colcon.colcon_core.shell:Skip shell extension 'powershell' for command environment: Not usable outside of PowerShell
[2.440s] DEBUG:colcon.colcon_core.shell:Skip shell extension 'dsv' for command environment
[3.303s] INFO:colcon.colcon_core.task.python.build:Building Python package in '/workspaces/ros2-coding/turtlesim_ws/src/navigation/isaac_ros_navigation_goal'
[3.304s] INFO:colcon.colcon_core.shell:Skip shell extension 'powershell' for command environment: Not usable outside of PowerShell
[3.304s] DEBUG:colcon.colcon_core.shell:Skip shell extension 'dsv' for command environment
[3.335s] DEBUG:colcon.colcon_core.event_handler.log_command:Invoking command in '/workspaces/ros2-coding/build/isaac_tutorials': CMAKE_PREFIX_PATH=${CMAKE_PREFIX_PATH}:/workspaces/ros2-coding/install/rqt_joint_trajectory_controller:/workspaces/ros2-coding/install/rqt_controller_manager:/workspaces/ros2-coding/install/ros2controlcli:/workspaces/ros2-coding/install/ros2_controllers_test_nodes:/workspaces/ros2-coding/install/my_turtlesim:/workspaces/ros2-coding/install/issac_sim:/workspaces/ros2-coding/install/isaac_ros_navigation_goal:/workspaces/ros2-coding/install/human_controller:/opt/ros/jazzy /usr/bin/cmake --build /workspaces/ros2-coding/build/isaac_tutorials -- -j4 -l4
[3.336s] DEBUG:colcon.colcon_core.event_handler.log_command:Invoked command in '/workspaces/ros2-coding/build/custom_message' returned '0': CMAKE_PREFIX_PATH=${CMAKE_PREFIX_PATH}:/workspaces/ros2-coding/install/rqt_joint_trajectory_controller:/workspaces/ros2-coding/install/rqt_controller_manager:/workspaces/ros2-coding/install/ros2controlcli:/workspaces/ros2-coding/install/ros2_controllers_test_nodes:/workspaces/ros2-coding/install/my_turtlesim:/workspaces/ros2-coding/install/issac_sim:/workspaces/ros2-coding/install/isaac_ros_navigation_goal:/workspaces/ros2-coding/install/human_controller:/opt/ros/jazzy /usr/bin/cmake --build /workspaces/ros2-coding/build/custom_message -- -j4 -l4
[3.338s] DEBUG:colcon.colcon_core.event_handler.log_command:Invoking command in '/workspaces/ros2-coding/build/custom_message': CMAKE_PREFIX_PATH=${CMAKE_PREFIX_PATH}:/workspaces/ros2-coding/install/rqt_joint_trajectory_controller:/workspaces/ros2-coding/install/rqt_controller_manager:/workspaces/ros2-coding/install/ros2controlcli:/workspaces/ros2-coding/install/ros2_controllers_test_nodes:/workspaces/ros2-coding/install/my_turtlesim:/workspaces/ros2-coding/install/issac_sim:/workspaces/ros2-coding/install/isaac_ros_navigation_goal:/workspaces/ros2-coding/install/human_controller:/opt/ros/jazzy /usr/bin/cmake --install /workspaces/ros2-coding/build/custom_message
[3.564s] DEBUG:colcon.colcon_core.event_handler.log_command:Invoked command in '/workspaces/ros2-coding/build/isaac_tutorials' returned '0': CMAKE_PREFIX_PATH=${CMAKE_PREFIX_PATH}:/workspaces/ros2-coding/install/rqt_joint_trajectory_controller:/workspaces/ros2-coding/install/rqt_controller_manager:/workspaces/ros2-coding/install/ros2controlcli:/workspaces/ros2-coding/install/ros2_controllers_test_nodes:/workspaces/ros2-coding/install/my_turtlesim:/workspaces/ros2-coding/install/issac_sim:/workspaces/ros2-coding/install/isaac_ros_navigation_goal:/workspaces/ros2-coding/install/human_controller:/opt/ros/jazzy /usr/bin/cmake --build /workspaces/ros2-coding/build/isaac_tutorials -- -j4 -l4
[3.564s] DEBUG:colcon.colcon_core.event_handler.log_command:Invoking command in '/workspaces/ros2-coding/build/isaac_tutorials': CMAKE_PREFIX_PATH=${CMAKE_PREFIX_PATH}:/workspaces/ros2-coding/install/rqt_joint_trajectory_controller:/workspaces/ros2-coding/install/rqt_controller_manager:/workspaces/ros2-coding/install/ros2controlcli:/workspaces/ros2-coding/install/ros2_controllers_test_nodes:/workspaces/ros2-coding/install/my_turtlesim:/workspaces/ros2-coding/install/issac_sim:/workspaces/ros2-coding/install/isaac_ros_navigation_goal:/workspaces/ros2-coding/install/human_controller:/opt/ros/jazzy /usr/bin/cmake --install /workspaces/ros2-coding/build/isaac_tutorials
[3.685s] Level 1:colcon.colcon_core.environment:create_environment_scripts_only(isaac_tutorials)
[3.685s] Level 1:colcon.colcon_core.environment:checking '/workspaces/ros2-coding/install/isaac_tutorials' for CMake module files
[3.686s] Level 1:colcon.colcon_core.environment:checking '/workspaces/ros2-coding/install/isaac_tutorials' for CMake config files
[3.687s] Level 1:colcon.colcon_core.shell:create_environment_hook('isaac_tutorials', 'cmake_prefix_path')
[3.687s] INFO:colcon.colcon_core.shell:Creating environment hook '/workspaces/ros2-coding/install/isaac_tutorials/share/isaac_tutorials/hook/cmake_prefix_path.ps1'
[3.691s] DEBUG:colcon.colcon_core.event_handler.log_command:Invoked command in '/workspaces/ros2-coding/build/isaac_tutorials' returned '0': CMAKE_PREFIX_PATH=${CMAKE_PREFIX_PATH}:/workspaces/ros2-coding/install/rqt_joint_trajectory_controller:/workspaces/ros2-coding/install/rqt_controller_manager:/workspaces/ros2-coding/install/ros2controlcli:/workspaces/ros2-coding/install/ros2_controllers_test_nodes:/workspaces/ros2-coding/install/my_turtlesim:/workspaces/ros2-coding/install/issac_sim:/workspaces/ros2-coding/install/isaac_ros_navigation_goal:/workspaces/ros2-coding/install/human_controller:/opt/ros/jazzy /usr/bin/cmake --install /workspaces/ros2-coding/build/isaac_tutorials
[3.691s] INFO:colcon.colcon_core.shell:Creating environment descriptor '/workspaces/ros2-coding/install/isaac_tutorials/share/isaac_tutorials/hook/cmake_prefix_path.dsv'
[3.691s] INFO:colcon.colcon_core.shell:Creating environment hook '/workspaces/ros2-coding/install/isaac_tutorials/share/isaac_tutorials/hook/cmake_prefix_path.sh'
[3.692s] Level 1:colcon.colcon_core.environment:checking '/workspaces/ros2-coding/install/isaac_tutorials/lib'
[3.692s] Level 1:colcon.colcon_core.environment:checking '/workspaces/ros2-coding/install/isaac_tutorials/bin'
[3.693s] Level 1:colcon.colcon_core.environment:checking '/workspaces/ros2-coding/install/isaac_tutorials/lib/pkgconfig/isaac_tutorials.pc'
[3.693s] Level 1:colcon.colcon_core.environment:checking '/workspaces/ros2-coding/install/isaac_tutorials/lib/python3.12/site-packages'
[3.693s] Level 1:colcon.colcon_core.environment:checking '/workspaces/ros2-coding/install/isaac_tutorials/bin'
[3.694s] INFO:colcon.colcon_core.shell:Creating package script '/workspaces/ros2-coding/install/isaac_tutorials/share/isaac_tutorials/package.ps1'
[3.695s] INFO:colcon.colcon_core.shell:Creating package descriptor '/workspaces/ros2-coding/install/isaac_tutorials/share/isaac_tutorials/package.dsv'
[3.695s] INFO:colcon.colcon_core.shell:Creating package script '/workspaces/ros2-coding/install/isaac_tutorials/share/isaac_tutorials/package.sh'
[3.696s] INFO:colcon.colcon_core.shell:Creating package script '/workspaces/ros2-coding/install/isaac_tutorials/share/isaac_tutorials/package.bash'
[3.696s] INFO:colcon.colcon_core.shell:Creating package script '/workspaces/ros2-coding/install/isaac_tutorials/share/isaac_tutorials/package.zsh'
[3.697s] Level 1:colcon.colcon_core.environment:create_file_with_runtime_dependencies(/workspaces/ros2-coding/install/isaac_tutorials/share/colcon-core/packages/isaac_tutorials)
[3.698s] Level 1:colcon.colcon_core.environment:create_environment_scripts_only(isaac_tutorials)
[3.698s] Level 1:colcon.colcon_core.environment:checking '/workspaces/ros2-coding/install/isaac_tutorials' for CMake module files
[3.699s] Level 1:colcon.colcon_core.environment:checking '/workspaces/ros2-coding/install/isaac_tutorials' for CMake config files
[3.699s] Level 1:colcon.colcon_core.shell:create_environment_hook('isaac_tutorials', 'cmake_prefix_path')
[3.700s] INFO:colcon.colcon_core.shell:Creating environment hook '/workspaces/ros2-coding/install/isaac_tutorials/share/isaac_tutorials/hook/cmake_prefix_path.ps1'
[3.700s] INFO:colcon.colcon_core.shell:Creating environment descriptor '/workspaces/ros2-coding/install/isaac_tutorials/share/isaac_tutorials/hook/cmake_prefix_path.dsv'
[3.701s] INFO:colcon.colcon_core.shell:Creating environment hook '/workspaces/ros2-coding/install/isaac_tutorials/share/isaac_tutorials/hook/cmake_prefix_path.sh'
[3.701s] Level 1:colcon.colcon_core.environment:checking '/workspaces/ros2-coding/install/isaac_tutorials/lib'
[3.702s] Level 1:colcon.colcon_core.environment:checking '/workspaces/ros2-coding/install/isaac_tutorials/bin'
[3.702s] Level 1:colcon.colcon_core.environment:checking '/workspaces/ros2-coding/install/isaac_tutorials/lib/pkgconfig/isaac_tutorials.pc'
[3.702s] Level 1:colcon.colcon_core.environment:checking '/workspaces/ros2-coding/install/isaac_tutorials/lib/python3.12/site-packages'
[3.702s] Level 1:colcon.colcon_core.environment:checking '/workspaces/ros2-coding/install/isaac_tutorials/bin'
[3.703s] INFO:colcon.colcon_core.shell:Creating package script '/workspaces/ros2-coding/install/isaac_tutorials/share/isaac_tutorials/package.ps1'
[3.703s] INFO:colcon.colcon_core.shell:Creating package descriptor '/workspaces/ros2-coding/install/isaac_tutorials/share/isaac_tutorials/package.dsv'
[3.704s] INFO:colcon.colcon_core.shell:Creating package script '/workspaces/ros2-coding/install/isaac_tutorials/share/isaac_tutorials/package.sh'
[3.705s] INFO:colcon.colcon_core.shell:Creating package script '/workspaces/ros2-coding/install/isaac_tutorials/share/isaac_tutorials/package.bash'
[3.706s] INFO:colcon.colcon_core.shell:Creating package script '/workspaces/ros2-coding/install/isaac_tutorials/share/isaac_tutorials/package.zsh'
[3.706s] Level 1:colcon.colcon_core.environment:create_file_with_runtime_dependencies(/workspaces/ros2-coding/install/isaac_tutorials/share/colcon-core/packages/isaac_tutorials)
[3.707s] INFO:colcon.colcon_ros.task.ament_cmake.build:Building ROS package in '/workspaces/ros2-coding/turtlesim_ws/src/isaacsim' with build type 'ament_cmake'
[3.708s] INFO:colcon.colcon_cmake.task.cmake.build:Building CMake package in '/workspaces/ros2-coding/turtlesim_ws/src/isaacsim'
[3.708s] INFO:colcon.colcon_core.shell:Skip shell extension 'powershell' for command environment: Not usable outside of PowerShell
[3.708s] DEBUG:colcon.colcon_core.shell:Skip shell extension 'dsv' for command environment
[3.731s] Level 1:colcon.colcon_core.environment:create_environment_scripts_only(custom_message)
[3.731s] Level 1:colcon.colcon_core.environment:checking '/workspaces/ros2-coding/install/custom_message' for CMake module files
[3.733s] Level 1:colcon.colcon_core.environment:checking '/workspaces/ros2-coding/install/custom_message' for CMake config files
[3.733s] DEBUG:colcon.colcon_core.event_handler.log_command:Invoked command in '/workspaces/ros2-coding/build/custom_message' returned '0': CMAKE_PREFIX_PATH=${CMAKE_PREFIX_PATH}:/workspaces/ros2-coding/install/rqt_joint_trajectory_controller:/workspaces/ros2-coding/install/rqt_controller_manager:/workspaces/ros2-coding/install/ros2controlcli:/workspaces/ros2-coding/install/ros2_controllers_test_nodes:/workspaces/ros2-coding/install/my_turtlesim:/workspaces/ros2-coding/install/issac_sim:/workspaces/ros2-coding/install/isaac_ros_navigation_goal:/workspaces/ros2-coding/install/human_controller:/opt/ros/jazzy /usr/bin/cmake --install /workspaces/ros2-coding/build/custom_message
[3.738s] Level 1:colcon.colcon_core.shell:create_environment_hook('custom_message', 'cmake_prefix_path')
[3.738s] INFO:colcon.colcon_core.shell:Creating environment hook '/workspaces/ros2-coding/install/custom_message/share/custom_message/hook/cmake_prefix_path.ps1'
[3.741s] INFO:colcon.colcon_core.shell:Creating environment descriptor '/workspaces/ros2-coding/install/custom_message/share/custom_message/hook/cmake_prefix_path.dsv'
[3.741s] INFO:colcon.colcon_core.shell:Creating environment hook '/workspaces/ros2-coding/install/custom_message/share/custom_message/hook/cmake_prefix_path.sh'
[3.742s] Level 1:colcon.colcon_core.environment:checking '/workspaces/ros2-coding/install/custom_message/lib'
[3.742s] Level 1:colcon.colcon_core.shell:create_environment_hook('custom_message', 'ld_library_path_lib')
[3.743s] INFO:colcon.colcon_core.shell:Creating environment hook '/workspaces/ros2-coding/install/custom_message/share/custom_message/hook/ld_library_path_lib.ps1'
[3.744s] INFO:colcon.colcon_core.shell:Creating environment descriptor '/workspaces/ros2-coding/install/custom_message/share/custom_message/hook/ld_library_path_lib.dsv'
[3.745s] INFO:colcon.colcon_core.shell:Creating environment hook '/workspaces/ros2-coding/install/custom_message/share/custom_message/hook/ld_library_path_lib.sh'
[3.745s] Level 1:colcon.colcon_core.environment:checking '/workspaces/ros2-coding/install/custom_message/bin'
[3.745s] Level 1:colcon.colcon_core.environment:checking '/workspaces/ros2-coding/install/custom_message/lib/pkgconfig/custom_message.pc'
[3.746s] Level 1:colcon.colcon_core.environment:checking '/workspaces/ros2-coding/install/custom_message/lib/python3.12/site-packages'
[3.746s] Level 1:colcon.colcon_core.shell:create_environment_hook('custom_message', 'pythonpath')
[3.746s] INFO:colcon.colcon_core.shell:Creating environment hook '/workspaces/ros2-coding/install/custom_message/share/custom_message/hook/pythonpath.ps1'
[3.747s] INFO:colcon.colcon_core.shell:Creating environment descriptor '/workspaces/ros2-coding/install/custom_message/share/custom_message/hook/pythonpath.dsv'
[3.747s] INFO:colcon.colcon_core.shell:Creating environment hook '/workspaces/ros2-coding/install/custom_message/share/custom_message/hook/pythonpath.sh'
[3.748s] Level 1:colcon.colcon_core.environment:checking '/workspaces/ros2-coding/install/custom_message/bin'
[3.749s] INFO:colcon.colcon_core.shell:Creating package script '/workspaces/ros2-coding/install/custom_message/share/custom_message/package.ps1'
[3.750s] INFO:colcon.colcon_core.shell:Creating package descriptor '/workspaces/ros2-coding/install/custom_message/share/custom_message/package.dsv'
[3.752s] INFO:colcon.colcon_core.shell:Creating package script '/workspaces/ros2-coding/install/custom_message/share/custom_message/package.sh'
[3.753s] INFO:colcon.colcon_core.shell:Creating package script '/workspaces/ros2-coding/install/custom_message/share/custom_message/package.bash'
[3.753s] INFO:colcon.colcon_core.shell:Creating package script '/workspaces/ros2-coding/install/custom_message/share/custom_message/package.zsh'
[3.754s] Level 1:colcon.colcon_core.environment:create_file_with_runtime_dependencies(/workspaces/ros2-coding/install/custom_message/share/colcon-core/packages/custom_message)
[3.755s] Level 1:colcon.colcon_core.environment:create_environment_scripts_only(custom_message)
[3.755s] Level 1:colcon.colcon_core.environment:checking '/workspaces/ros2-coding/install/custom_message' for CMake module files
[3.757s] Level 1:colcon.colcon_core.environment:checking '/workspaces/ros2-coding/install/custom_message' for CMake config files
[3.758s] Level 1:colcon.colcon_core.shell:create_environment_hook('custom_message', 'cmake_prefix_path')
[3.758s] INFO:colcon.colcon_core.shell:Creating environment hook '/workspaces/ros2-coding/install/custom_message/share/custom_message/hook/cmake_prefix_path.ps1'
[3.759s] INFO:colcon.colcon_core.shell:Creating environment descriptor '/workspaces/ros2-coding/install/custom_message/share/custom_message/hook/cmake_prefix_path.dsv'
[3.760s] INFO:colcon.colcon_core.shell:Creating environment hook '/workspaces/ros2-coding/install/custom_message/share/custom_message/hook/cmake_prefix_path.sh'
[3.760s] Level 1:colcon.colcon_core.environment:checking '/workspaces/ros2-coding/install/custom_message/lib'
[3.761s] Level 1:colcon.colcon_core.shell:create_environment_hook('custom_message', 'ld_library_path_lib')
[3.761s] INFO:colcon.colcon_core.shell:Creating environment hook '/workspaces/ros2-coding/install/custom_message/share/custom_message/hook/ld_library_path_lib.ps1'
[3.761s] INFO:colcon.colcon_core.shell:Creating environment descriptor '/workspaces/ros2-coding/install/custom_message/share/custom_message/hook/ld_library_path_lib.dsv'
[3.762s] INFO:colcon.colcon_core.shell:Creating environment hook '/workspaces/ros2-coding/install/custom_message/share/custom_message/hook/ld_library_path_lib.sh'
[3.763s] Level 1:colcon.colcon_core.environment:checking '/workspaces/ros2-coding/install/custom_message/bin'
[3.763s] Level 1:colcon.colcon_core.environment:checking '/workspaces/ros2-coding/install/custom_message/lib/pkgconfig/custom_message.pc'
[3.763s] Level 1:colcon.colcon_core.environment:checking '/workspaces/ros2-coding/install/custom_message/lib/python3.12/site-packages'
[3.764s] Level 1:colcon.colcon_core.shell:create_environment_hook('custom_message', 'pythonpath')
[3.764s] INFO:colcon.colcon_core.shell:Creating environment hook '/workspaces/ros2-coding/install/custom_message/share/custom_message/hook/pythonpath.ps1'
[3.766s] INFO:colcon.colcon_core.shell:Creating environment descriptor '/workspaces/ros2-coding/install/custom_message/share/custom_message/hook/pythonpath.dsv'
[3.766s] INFO:colcon.colcon_core.shell:Creating environment hook '/workspaces/ros2-coding/install/custom_message/share/custom_message/hook/pythonpath.sh'
[3.767s] Level 1:colcon.colcon_core.environment:checking '/workspaces/ros2-coding/install/custom_message/bin'
[3.767s] INFO:colcon.colcon_core.shell:Creating package script '/workspaces/ros2-coding/install/custom_message/share/custom_message/package.ps1'
[3.769s] INFO:colcon.colcon_core.shell:Creating package descriptor '/workspaces/ros2-coding/install/custom_message/share/custom_message/package.dsv'
[3.770s] INFO:colcon.colcon_core.shell:Creating package script '/workspaces/ros2-coding/install/custom_message/share/custom_message/package.sh'
[3.771s] INFO:colcon.colcon_core.shell:Creating package script '/workspaces/ros2-coding/install/custom_message/share/custom_message/package.bash'
[3.773s] INFO:colcon.colcon_core.shell:Creating package script '/workspaces/ros2-coding/install/custom_message/share/custom_message/package.zsh'
[3.774s] Level 1:colcon.colcon_core.environment:create_file_with_runtime_dependencies(/workspaces/ros2-coding/install/custom_message/share/colcon-core/packages/custom_message)
[3.776s] INFO:colcon.colcon_ros.task.ament_python.build:Building ROS package in '/workspaces/ros2-coding/turtlesim_ws/src/issac_sim' with build type 'ament_python'
[3.776s] Level 1:colcon.colcon_core.shell:create_environment_hook('issac_sim', 'ament_prefix_path')
[3.776s] INFO:colcon.colcon_core.shell:Creating environment hook '/workspaces/ros2-coding/install/issac_sim/share/issac_sim/hook/ament_prefix_path.ps1'
[3.777s] INFO:colcon.colcon_core.shell:Creating environment descriptor '/workspaces/ros2-coding/install/issac_sim/share/issac_sim/hook/ament_prefix_path.dsv'
[3.778s] INFO:colcon.colcon_core.shell:Creating environment hook '/workspaces/ros2-coding/install/issac_sim/share/issac_sim/hook/ament_prefix_path.sh'
[3.778s] INFO:colcon.colcon_core.shell:Skip shell extension 'powershell' for command environment: Not usable outside of PowerShell
[3.779s] DEBUG:colcon.colcon_core.shell:Skip shell extension 'dsv' for command environment
[3.812s] DEBUG:colcon.colcon_core.event_handler.log_command:Invoking command in '/workspaces/ros2-coding/build/isaacsim': CMAKE_PREFIX_PATH=${CMAKE_PREFIX_PATH}:/workspaces/ros2-coding/install/rqt_joint_trajectory_controller:/workspaces/ros2-coding/install/rqt_controller_manager:/workspaces/ros2-coding/install/ros2controlcli:/workspaces/ros2-coding/install/ros2_controllers_test_nodes:/workspaces/ros2-coding/install/my_turtlesim:/workspaces/ros2-coding/install/issac_sim:/workspaces/ros2-coding/install/isaac_ros_navigation_goal:/workspaces/ros2-coding/install/human_controller:/opt/ros/jazzy /usr/bin/cmake --build /workspaces/ros2-coding/build/isaacsim -- -j4 -l4
[4.271s] INFO:colcon.colcon_core.task.python.build:Building Python package in '/workspaces/ros2-coding/turtlesim_ws/src/issac_sim'
[4.271s] INFO:colcon.colcon_core.shell:Skip shell extension 'powershell' for command environment: Not usable outside of PowerShell
[4.271s] DEBUG:colcon.colcon_core.shell:Skip shell extension 'dsv' for command environment
[4.295s] DEBUG:colcon.colcon_core.event_handler.log_command:Invoked command in '/workspaces/ros2-coding/build/isaacsim' returned '0': CMAKE_PREFIX_PATH=${CMAKE_PREFIX_PATH}:/workspaces/ros2-coding/install/rqt_joint_trajectory_controller:/workspaces/ros2-coding/install/rqt_controller_manager:/workspaces/ros2-coding/install/ros2controlcli:/workspaces/ros2-coding/install/ros2_controllers_test_nodes:/workspaces/ros2-coding/install/my_turtlesim:/workspaces/ros2-coding/install/issac_sim:/workspaces/ros2-coding/install/isaac_ros_navigation_goal:/workspaces/ros2-coding/install/human_controller:/opt/ros/jazzy /usr/bin/cmake --build /workspaces/ros2-coding/build/isaacsim -- -j4 -l4
[4.296s] DEBUG:colcon.colcon_core.event_handler.log_command:Invoking command in '/workspaces/ros2-coding/build/isaacsim': CMAKE_PREFIX_PATH=${CMAKE_PREFIX_PATH}:/workspaces/ros2-coding/install/rqt_joint_trajectory_controller:/workspaces/ros2-coding/install/rqt_controller_manager:/workspaces/ros2-coding/install/ros2controlcli:/workspaces/ros2-coding/install/ros2_controllers_test_nodes:/workspaces/ros2-coding/install/my_turtlesim:/workspaces/ros2-coding/install/issac_sim:/workspaces/ros2-coding/install/isaac_ros_navigation_goal:/workspaces/ros2-coding/install/human_controller:/opt/ros/jazzy /usr/bin/cmake --install /workspaces/ros2-coding/build/isaacsim
[4.302s] DEBUG:colcon.colcon_core.event_handler.log_command:Invoked command in '/workspaces/ros2-coding/build/isaac_ros2_messages' returned '0': CMAKE_PREFIX_PATH=${CMAKE_PREFIX_PATH}:/workspaces/ros2-coding/install/rqt_joint_trajectory_controller:/workspaces/ros2-coding/install/rqt_controller_manager:/workspaces/ros2-coding/install/ros2controlcli:/workspaces/ros2-coding/install/ros2_controllers_test_nodes:/workspaces/ros2-coding/install/my_turtlesim:/workspaces/ros2-coding/install/issac_sim:/workspaces/ros2-coding/install/isaac_ros_navigation_goal:/workspaces/ros2-coding/install/human_controller:/opt/ros/jazzy /usr/bin/cmake --build /workspaces/ros2-coding/build/isaac_ros2_messages -- -j4 -l4
[4.302s] DEBUG:colcon.colcon_core.event_handler.log_command:Invoking command in '/workspaces/ros2-coding/build/isaac_ros2_messages': CMAKE_PREFIX_PATH=${CMAKE_PREFIX_PATH}:/workspaces/ros2-coding/install/rqt_joint_trajectory_controller:/workspaces/ros2-coding/install/rqt_controller_manager:/workspaces/ros2-coding/install/ros2controlcli:/workspaces/ros2-coding/install/ros2_controllers_test_nodes:/workspaces/ros2-coding/install/my_turtlesim:/workspaces/ros2-coding/install/issac_sim:/workspaces/ros2-coding/install/isaac_ros_navigation_goal:/workspaces/ros2-coding/install/human_controller:/opt/ros/jazzy /usr/bin/cmake --install /workspaces/ros2-coding/build/isaac_ros2_messages
[4.419s] Level 1:colcon.colcon_core.environment:create_environment_scripts_only(isaacsim)
[4.420s] Level 1:colcon.colcon_core.environment:checking '/workspaces/ros2-coding/install/isaacsim' for CMake module files
[4.421s] Level 1:colcon.colcon_core.environment:checking '/workspaces/ros2-coding/install/isaacsim' for CMake config files
[4.421s] Level 1:colcon.colcon_core.shell:create_environment_hook('isaacsim', 'cmake_prefix_path')
[4.422s] INFO:colcon.colcon_core.shell:Creating environment hook '/workspaces/ros2-coding/install/isaacsim/share/isaacsim/hook/cmake_prefix_path.ps1'
[4.422s] DEBUG:colcon.colcon_core.event_handler.log_command:Invoked command in '/workspaces/ros2-coding/build/isaacsim' returned '0': CMAKE_PREFIX_PATH=${CMAKE_PREFIX_PATH}:/workspaces/ros2-coding/install/rqt_joint_trajectory_controller:/workspaces/ros2-coding/install/rqt_controller_manager:/workspaces/ros2-coding/install/ros2controlcli:/workspaces/ros2-coding/install/ros2_controllers_test_nodes:/workspaces/ros2-coding/install/my_turtlesim:/workspaces/ros2-coding/install/issac_sim:/workspaces/ros2-coding/install/isaac_ros_navigation_goal:/workspaces/ros2-coding/install/human_controller:/opt/ros/jazzy /usr/bin/cmake --install /workspaces/ros2-coding/build/isaacsim
[4.423s] INFO:colcon.colcon_core.shell:Creating environment descriptor '/workspaces/ros2-coding/install/isaacsim/share/isaacsim/hook/cmake_prefix_path.dsv'
[4.423s] INFO:colcon.colcon_core.shell:Creating environment hook '/workspaces/ros2-coding/install/isaacsim/share/isaacsim/hook/cmake_prefix_path.sh'
[4.424s] Level 1:colcon.colcon_core.environment:checking '/workspaces/ros2-coding/install/isaacsim/lib'
[4.424s] Level 1:colcon.colcon_core.environment:checking '/workspaces/ros2-coding/install/isaacsim/bin'
[4.425s] Level 1:colcon.colcon_core.environment:checking '/workspaces/ros2-coding/install/isaacsim/lib/pkgconfig/isaacsim.pc'
[4.425s] Level 1:colcon.colcon_core.environment:checking '/workspaces/ros2-coding/install/isaacsim/lib/python3.12/site-packages'
[4.427s] Level 1:colcon.colcon_core.environment:checking '/workspaces/ros2-coding/install/isaacsim/bin'
[4.428s] INFO:colcon.colcon_core.shell:Creating package script '/workspaces/ros2-coding/install/isaacsim/share/isaacsim/package.ps1'
[4.428s] INFO:colcon.colcon_core.shell:Creating package descriptor '/workspaces/ros2-coding/install/isaacsim/share/isaacsim/package.dsv'
[4.429s] INFO:colcon.colcon_core.shell:Creating package script '/workspaces/ros2-coding/install/isaacsim/share/isaacsim/package.sh'
[4.430s] INFO:colcon.colcon_core.shell:Creating package script '/workspaces/ros2-coding/install/isaacsim/share/isaacsim/package.bash'
[4.430s] INFO:colcon.colcon_core.shell:Creating package script '/workspaces/ros2-coding/install/isaacsim/share/isaacsim/package.zsh'
[4.433s] Level 1:colcon.colcon_core.environment:create_file_with_runtime_dependencies(/workspaces/ros2-coding/install/isaacsim/share/colcon-core/packages/isaacsim)
[4.433s] Level 1:colcon.colcon_core.environment:create_environment_scripts_only(isaacsim)
[4.434s] Level 1:colcon.colcon_core.environment:checking '/workspaces/ros2-coding/install/isaacsim' for CMake module files
[4.435s] Level 1:colcon.colcon_core.environment:checking '/workspaces/ros2-coding/install/isaacsim' for CMake config files
[4.435s] Level 1:colcon.colcon_core.shell:create_environment_hook('isaacsim', 'cmake_prefix_path')
[4.436s] INFO:colcon.colcon_core.shell:Creating environment hook '/workspaces/ros2-coding/install/isaacsim/share/isaacsim/hook/cmake_prefix_path.ps1'
[4.436s] INFO:colcon.colcon_core.shell:Creating environment descriptor '/workspaces/ros2-coding/install/isaacsim/share/isaacsim/hook/cmake_prefix_path.dsv'
[4.437s] INFO:colcon.colcon_core.shell:Creating environment hook '/workspaces/ros2-coding/install/isaacsim/share/isaacsim/hook/cmake_prefix_path.sh'
[4.439s] Level 1:colcon.colcon_core.environment:checking '/workspaces/ros2-coding/install/isaacsim/lib'
[4.440s] Level 1:colcon.colcon_core.environment:checking '/workspaces/ros2-coding/install/isaacsim/bin'
[4.440s] Level 1:colcon.colcon_core.environment:checking '/workspaces/ros2-coding/install/isaacsim/lib/pkgconfig/isaacsim.pc'
[4.440s] Level 1:colcon.colcon_core.environment:checking '/workspaces/ros2-coding/install/isaacsim/lib/python3.12/site-packages'
[4.441s] Level 1:colcon.colcon_core.environment:checking '/workspaces/ros2-coding/install/isaacsim/bin'
[4.441s] INFO:colcon.colcon_core.shell:Creating package script '/workspaces/ros2-coding/install/isaacsim/share/isaacsim/package.ps1'
[4.442s] INFO:colcon.colcon_core.shell:Creating package descriptor '/workspaces/ros2-coding/install/isaacsim/share/isaacsim/package.dsv'
[4.444s] INFO:colcon.colcon_core.shell:Creating package script '/workspaces/ros2-coding/install/isaacsim/share/isaacsim/package.sh'
[4.446s] INFO:colcon.colcon_core.shell:Creating package script '/workspaces/ros2-coding/install/isaacsim/share/isaacsim/package.bash'
[4.446s] INFO:colcon.colcon_core.shell:Creating package script '/workspaces/ros2-coding/install/isaacsim/share/isaacsim/package.zsh'
[4.448s] Level 1:colcon.colcon_core.environment:create_file_with_runtime_dependencies(/workspaces/ros2-coding/install/isaacsim/share/colcon-core/packages/isaacsim)
[4.449s] INFO:colcon.colcon_ros.task.ament_cmake.build:Building ROS package in '/workspaces/ros2-coding/turtlesim_ws/src/navigation/iw_hub_navigation' with build type 'ament_cmake'
[4.449s] INFO:colcon.colcon_cmake.task.cmake.build:Building CMake package in '/workspaces/ros2-coding/turtlesim_ws/src/navigation/iw_hub_navigation'
[4.449s] INFO:colcon.colcon_core.shell:Skip shell extension 'powershell' for command environment: Not usable outside of PowerShell
[4.450s] DEBUG:colcon.colcon_core.shell:Skip shell extension 'dsv' for command environment
[4.505s] DEBUG:colcon.colcon_core.event_handler.log_command:Invoking command in '/workspaces/ros2-coding/build/iw_hub_navigation': CMAKE_PREFIX_PATH=${CMAKE_PREFIX_PATH}:/workspaces/ros2-coding/install/rqt_joint_trajectory_controller:/workspaces/ros2-coding/install/rqt_controller_manager:/workspaces/ros2-coding/install/ros2controlcli:/workspaces/ros2-coding/install/ros2_controllers_test_nodes:/workspaces/ros2-coding/install/my_turtlesim:/workspaces/ros2-coding/install/issac_sim:/workspaces/ros2-coding/install/isaac_ros_navigation_goal:/workspaces/ros2-coding/install/human_controller:/opt/ros/jazzy /usr/bin/cmake --build /workspaces/ros2-coding/build/iw_hub_navigation -- -j4 -l4
[4.644s] Level 1:colcon.colcon_core.environment:create_environment_scripts_only(isaac_ros2_messages)
[4.644s] Level 1:colcon.colcon_core.environment:checking '/workspaces/ros2-coding/install/isaac_ros2_messages' for CMake module files
[4.645s] DEBUG:colcon.colcon_core.event_handler.log_command:Invoked command in '/workspaces/ros2-coding/build/isaac_ros2_messages' returned '0': CMAKE_PREFIX_PATH=${CMAKE_PREFIX_PATH}:/workspaces/ros2-coding/install/rqt_joint_trajectory_controller:/workspaces/ros2-coding/install/rqt_controller_manager:/workspaces/ros2-coding/install/ros2controlcli:/workspaces/ros2-coding/install/ros2_controllers_test_nodes:/workspaces/ros2-coding/install/my_turtlesim:/workspaces/ros2-coding/install/issac_sim:/workspaces/ros2-coding/install/isaac_ros_navigation_goal:/workspaces/ros2-coding/install/human_controller:/opt/ros/jazzy /usr/bin/cmake --install /workspaces/ros2-coding/build/isaac_ros2_messages
[4.650s] Level 1:colcon.colcon_core.environment:checking '/workspaces/ros2-coding/install/isaac_ros2_messages' for CMake config files
[4.652s] Level 1:colcon.colcon_core.shell:create_environment_hook('isaac_ros2_messages', 'cmake_prefix_path')
[4.656s] INFO:colcon.colcon_core.shell:Creating environment hook '/workspaces/ros2-coding/install/isaac_ros2_messages/share/isaac_ros2_messages/hook/cmake_prefix_path.ps1'
[4.660s] INFO:colcon.colcon_core.shell:Creating environment descriptor '/workspaces/ros2-coding/install/isaac_ros2_messages/share/isaac_ros2_messages/hook/cmake_prefix_path.dsv'
[4.660s] INFO:colcon.colcon_core.shell:Creating environment hook '/workspaces/ros2-coding/install/isaac_ros2_messages/share/isaac_ros2_messages/hook/cmake_prefix_path.sh'
[4.661s] Level 1:colcon.colcon_core.environment:checking '/workspaces/ros2-coding/install/isaac_ros2_messages/lib'
[4.661s] Level 1:colcon.colcon_core.shell:create_environment_hook('isaac_ros2_messages', 'ld_library_path_lib')
[4.662s] INFO:colcon.colcon_core.shell:Creating environment hook '/workspaces/ros2-coding/install/isaac_ros2_messages/share/isaac_ros2_messages/hook/ld_library_path_lib.ps1'
[4.666s] INFO:colcon.colcon_core.shell:Creating environment descriptor '/workspaces/ros2-coding/install/isaac_ros2_messages/share/isaac_ros2_messages/hook/ld_library_path_lib.dsv'
[4.666s] INFO:colcon.colcon_core.shell:Creating environment hook '/workspaces/ros2-coding/install/isaac_ros2_messages/share/isaac_ros2_messages/hook/ld_library_path_lib.sh'
[4.668s] Level 1:colcon.colcon_core.environment:checking '/workspaces/ros2-coding/install/isaac_ros2_messages/bin'
[4.668s] Level 1:colcon.colcon_core.environment:checking '/workspaces/ros2-coding/install/isaac_ros2_messages/lib/pkgconfig/isaac_ros2_messages.pc'
[4.668s] Level 1:colcon.colcon_core.environment:checking '/workspaces/ros2-coding/install/isaac_ros2_messages/lib/python3.12/site-packages'
[4.668s] Level 1:colcon.colcon_core.shell:create_environment_hook('isaac_ros2_messages', 'pythonpath')
[4.669s] INFO:colcon.colcon_core.shell:Creating environment hook '/workspaces/ros2-coding/install/isaac_ros2_messages/share/isaac_ros2_messages/hook/pythonpath.ps1'
[4.670s] INFO:colcon.colcon_core.shell:Creating environment descriptor '/workspaces/ros2-coding/install/isaac_ros2_messages/share/isaac_ros2_messages/hook/pythonpath.dsv'
[4.671s] INFO:colcon.colcon_core.shell:Creating environment hook '/workspaces/ros2-coding/install/isaac_ros2_messages/share/isaac_ros2_messages/hook/pythonpath.sh'
[4.672s] Level 1:colcon.colcon_core.environment:checking '/workspaces/ros2-coding/install/isaac_ros2_messages/bin'
[4.673s] INFO:colcon.colcon_core.shell:Creating package script '/workspaces/ros2-coding/install/isaac_ros2_messages/share/isaac_ros2_messages/package.ps1'
[4.674s] INFO:colcon.colcon_core.shell:Creating package descriptor '/workspaces/ros2-coding/install/isaac_ros2_messages/share/isaac_ros2_messages/package.dsv'
[4.675s] INFO:colcon.colcon_core.shell:Creating package script '/workspaces/ros2-coding/install/isaac_ros2_messages/share/isaac_ros2_messages/package.sh'
[4.676s] INFO:colcon.colcon_core.shell:Creating package script '/workspaces/ros2-coding/install/isaac_ros2_messages/share/isaac_ros2_messages/package.bash'
[4.677s] INFO:colcon.colcon_core.shell:Creating package script '/workspaces/ros2-coding/install/isaac_ros2_messages/share/isaac_ros2_messages/package.zsh'
[4.678s] Level 1:colcon.colcon_core.environment:create_file_with_runtime_dependencies(/workspaces/ros2-coding/install/isaac_ros2_messages/share/colcon-core/packages/isaac_ros2_messages)
[4.679s] Level 1:colcon.colcon_core.environment:create_environment_scripts_only(isaac_ros2_messages)
[4.680s] Level 1:colcon.colcon_core.environment:checking '/workspaces/ros2-coding/install/isaac_ros2_messages' for CMake module files
[4.681s] Level 1:colcon.colcon_core.environment:checking '/workspaces/ros2-coding/install/isaac_ros2_messages' for CMake config files
[4.683s] Level 1:colcon.colcon_core.shell:create_environment_hook('isaac_ros2_messages', 'cmake_prefix_path')
[4.683s] INFO:colcon.colcon_core.shell:Creating environment hook '/workspaces/ros2-coding/install/isaac_ros2_messages/share/isaac_ros2_messages/hook/cmake_prefix_path.ps1'
[4.685s] INFO:colcon.colcon_core.shell:Creating environment descriptor '/workspaces/ros2-coding/install/isaac_ros2_messages/share/isaac_ros2_messages/hook/cmake_prefix_path.dsv'
[4.687s] INFO:colcon.colcon_core.shell:Creating environment hook '/workspaces/ros2-coding/install/isaac_ros2_messages/share/isaac_ros2_messages/hook/cmake_prefix_path.sh'
[4.688s] Level 1:colcon.colcon_core.environment:checking '/workspaces/ros2-coding/install/isaac_ros2_messages/lib'
[4.688s] Level 1:colcon.colcon_core.shell:create_environment_hook('isaac_ros2_messages', 'ld_library_path_lib')
[4.689s] INFO:colcon.colcon_core.shell:Creating environment hook '/workspaces/ros2-coding/install/isaac_ros2_messages/share/isaac_ros2_messages/hook/ld_library_path_lib.ps1'
[4.690s] INFO:colcon.colcon_core.shell:Creating environment descriptor '/workspaces/ros2-coding/install/isaac_ros2_messages/share/isaac_ros2_messages/hook/ld_library_path_lib.dsv'
[4.691s] INFO:colcon.colcon_core.shell:Creating environment hook '/workspaces/ros2-coding/install/isaac_ros2_messages/share/isaac_ros2_messages/hook/ld_library_path_lib.sh'
[4.692s] Level 1:colcon.colcon_core.environment:checking '/workspaces/ros2-coding/install/isaac_ros2_messages/bin'
[4.695s] Level 1:colcon.colcon_core.environment:checking '/workspaces/ros2-coding/install/isaac_ros2_messages/lib/pkgconfig/isaac_ros2_messages.pc'
[4.695s] Level 1:colcon.colcon_core.environment:checking '/workspaces/ros2-coding/install/isaac_ros2_messages/lib/python3.12/site-packages'
[4.695s] Level 1:colcon.colcon_core.shell:create_environment_hook('isaac_ros2_messages', 'pythonpath')
[4.696s] INFO:colcon.colcon_core.shell:Creating environment hook '/workspaces/ros2-coding/install/isaac_ros2_messages/share/isaac_ros2_messages/hook/pythonpath.ps1'
[4.696s] INFO:colcon.colcon_core.shell:Creating environment descriptor '/workspaces/ros2-coding/install/isaac_ros2_messages/share/isaac_ros2_messages/hook/pythonpath.dsv'
[4.697s] INFO:colcon.colcon_core.shell:Creating environment hook '/workspaces/ros2-coding/install/isaac_ros2_messages/share/isaac_ros2_messages/hook/pythonpath.sh'
[4.698s] Level 1:colcon.colcon_core.environment:checking '/workspaces/ros2-coding/install/isaac_ros2_messages/bin'
[4.699s] INFO:colcon.colcon_core.shell:Creating package script '/workspaces/ros2-coding/install/isaac_ros2_messages/share/isaac_ros2_messages/package.ps1'
[4.700s] INFO:colcon.colcon_core.shell:Creating package descriptor '/workspaces/ros2-coding/install/isaac_ros2_messages/share/isaac_ros2_messages/package.dsv'
[4.701s] INFO:colcon.colcon_core.shell:Creating package script '/workspaces/ros2-coding/install/isaac_ros2_messages/share/isaac_ros2_messages/package.sh'
[4.701s] INFO:colcon.colcon_core.shell:Creating package script '/workspaces/ros2-coding/install/isaac_ros2_messages/share/isaac_ros2_messages/package.bash'
[4.702s] INFO:colcon.colcon_core.shell:Creating package script '/workspaces/ros2-coding/install/isaac_ros2_messages/share/isaac_ros2_messages/package.zsh'
[4.703s] Level 1:colcon.colcon_core.environment:create_file_with_runtime_dependencies(/workspaces/ros2-coding/install/isaac_ros2_messages/share/colcon-core/packages/isaac_ros2_messages)
[4.704s] INFO:colcon.colcon_ros.task.ament_python.build:Building ROS package in '/workspaces/ros2-coding/turtlesim_ws/src/my_turtlesim' with build type 'ament_python'
[4.705s] Level 1:colcon.colcon_core.shell:create_environment_hook('my_turtlesim', 'ament_prefix_path')
[4.705s] INFO:colcon.colcon_core.shell:Creating environment hook '/workspaces/ros2-coding/install/my_turtlesim/share/my_turtlesim/hook/ament_prefix_path.ps1'
[4.706s] INFO:colcon.colcon_core.shell:Creating environment descriptor '/workspaces/ros2-coding/install/my_turtlesim/share/my_turtlesim/hook/ament_prefix_path.dsv'
[4.707s] INFO:colcon.colcon_core.shell:Creating environment hook '/workspaces/ros2-coding/install/my_turtlesim/share/my_turtlesim/hook/ament_prefix_path.sh'
[4.707s] INFO:colcon.colcon_core.shell:Skip shell extension 'powershell' for command environment: Not usable outside of PowerShell
[4.708s] DEBUG:colcon.colcon_core.shell:Skip shell extension 'dsv' for command environment
[4.734s] DEBUG:colcon.colcon_core.event_handler.log_command:Invoked command in '/workspaces/ros2-coding/build/iw_hub_navigation' returned '0': CMAKE_PREFIX_PATH=${CMAKE_PREFIX_PATH}:/workspaces/ros2-coding/install/rqt_joint_trajectory_controller:/workspaces/ros2-coding/install/rqt_controller_manager:/workspaces/ros2-coding/install/ros2controlcli:/workspaces/ros2-coding/install/ros2_controllers_test_nodes:/workspaces/ros2-coding/install/my_turtlesim:/workspaces/ros2-coding/install/issac_sim:/workspaces/ros2-coding/install/isaac_ros_navigation_goal:/workspaces/ros2-coding/install/human_controller:/opt/ros/jazzy /usr/bin/cmake --build /workspaces/ros2-coding/build/iw_hub_navigation -- -j4 -l4
[4.737s] DEBUG:colcon.colcon_core.event_handler.log_command:Invoking command in '/workspaces/ros2-coding/build/iw_hub_navigation': CMAKE_PREFIX_PATH=${CMAKE_PREFIX_PATH}:/workspaces/ros2-coding/install/rqt_joint_trajectory_controller:/workspaces/ros2-coding/install/rqt_controller_manager:/workspaces/ros2-coding/install/ros2controlcli:/workspaces/ros2-coding/install/ros2_controllers_test_nodes:/workspaces/ros2-coding/install/my_turtlesim:/workspaces/ros2-coding/install/issac_sim:/workspaces/ros2-coding/install/isaac_ros_navigation_goal:/workspaces/ros2-coding/install/human_controller:/opt/ros/jazzy /usr/bin/cmake --install /workspaces/ros2-coding/build/iw_hub_navigation
[5.204s] INFO:colcon.colcon_core.task.python.build:Building Python package in '/workspaces/ros2-coding/turtlesim_ws/src/my_turtlesim'
[5.204s] INFO:colcon.colcon_core.shell:Skip shell extension 'powershell' for command environment: Not usable outside of PowerShell
[5.204s] DEBUG:colcon.colcon_core.shell:Skip shell extension 'dsv' for command environment
[5.231s] DEBUG:colcon.colcon_core.event_handler.log_command:Invoking command in '/workspaces/ros2-coding/build/isaac_ros_navigation_goal': PYTHONPATH=/workspaces/ros2-coding/build/isaac_ros_navigation_goal/prefix_override:/usr/lib/python3/dist-packages/colcon_core/task/python/colcon_distutils_commands:/workspaces/ros2-coding/install/isaac_ros_navigation_goal/lib/python3.12/site-packages:${PYTHONPATH} /usr/bin/python3 -W ignore:setup.py install is deprecated -W ignore:easy_install command is deprecated setup.py develop --editable --build-directory /workspaces/ros2-coding/build/isaac_ros_navigation_goal/build --no-deps symlink_data
[5.233s] Level 1:colcon.colcon_core.environment:create_environment_scripts_only(iw_hub_navigation)
[5.233s] Level 1:colcon.colcon_core.environment:checking '/workspaces/ros2-coding/install/iw_hub_navigation' for CMake module files
[5.234s] DEBUG:colcon.colcon_core.event_handler.log_command:Invoked command in '/workspaces/ros2-coding/build/iw_hub_navigation' returned '0': CMAKE_PREFIX_PATH=${CMAKE_PREFIX_PATH}:/workspaces/ros2-coding/install/rqt_joint_trajectory_controller:/workspaces/ros2-coding/install/rqt_controller_manager:/workspaces/ros2-coding/install/ros2controlcli:/workspaces/ros2-coding/install/ros2_controllers_test_nodes:/workspaces/ros2-coding/install/my_turtlesim:/workspaces/ros2-coding/install/issac_sim:/workspaces/ros2-coding/install/isaac_ros_navigation_goal:/workspaces/ros2-coding/install/human_controller:/opt/ros/jazzy /usr/bin/cmake --install /workspaces/ros2-coding/build/iw_hub_navigation
[5.235s] Level 1:colcon.colcon_core.environment:checking '/workspaces/ros2-coding/install/iw_hub_navigation' for CMake config files
[5.235s] Level 1:colcon.colcon_core.shell:create_environment_hook('iw_hub_navigation', 'cmake_prefix_path')
[5.236s] INFO:colcon.colcon_core.shell:Creating environment hook '/workspaces/ros2-coding/install/iw_hub_navigation/share/iw_hub_navigation/hook/cmake_prefix_path.ps1'
[5.236s] INFO:colcon.colcon_core.shell:Creating environment descriptor '/workspaces/ros2-coding/install/iw_hub_navigation/share/iw_hub_navigation/hook/cmake_prefix_path.dsv'
[5.237s] INFO:colcon.colcon_core.shell:Creating environment hook '/workspaces/ros2-coding/install/iw_hub_navigation/share/iw_hub_navigation/hook/cmake_prefix_path.sh'
[5.238s] Level 1:colcon.colcon_core.environment:checking '/workspaces/ros2-coding/install/iw_hub_navigation/bin'
[5.238s] Level 1:colcon.colcon_core.environment:checking '/workspaces/ros2-coding/install/iw_hub_navigation/lib/pkgconfig/iw_hub_navigation.pc'
[5.238s] Level 1:colcon.colcon_core.environment:checking '/workspaces/ros2-coding/install/iw_hub_navigation/lib/python3.12/site-packages'
[5.239s] Level 1:colcon.colcon_core.environment:checking '/workspaces/ros2-coding/install/iw_hub_navigation/bin'
[5.239s] INFO:colcon.colcon_core.shell:Creating package script '/workspaces/ros2-coding/install/iw_hub_navigation/share/iw_hub_navigation/package.ps1'
[5.239s] INFO:colcon.colcon_core.shell:Creating package descriptor '/workspaces/ros2-coding/install/iw_hub_navigation/share/iw_hub_navigation/package.dsv'
[5.240s] INFO:colcon.colcon_core.shell:Creating package script '/workspaces/ros2-coding/install/iw_hub_navigation/share/iw_hub_navigation/package.sh'
[5.241s] INFO:colcon.colcon_core.shell:Creating package script '/workspaces/ros2-coding/install/iw_hub_navigation/share/iw_hub_navigation/package.bash'
[5.241s] INFO:colcon.colcon_core.shell:Creating package script '/workspaces/ros2-coding/install/iw_hub_navigation/share/iw_hub_navigation/package.zsh'
[5.242s] Level 1:colcon.colcon_core.environment:create_file_with_runtime_dependencies(/workspaces/ros2-coding/install/iw_hub_navigation/share/colcon-core/packages/iw_hub_navigation)
[5.243s] Level 1:colcon.colcon_core.environment:create_environment_scripts_only(iw_hub_navigation)
[5.243s] Level 1:colcon.colcon_core.environment:checking '/workspaces/ros2-coding/install/iw_hub_navigation' for CMake module files
[5.244s] Level 1:colcon.colcon_core.environment:checking '/workspaces/ros2-coding/install/iw_hub_navigation' for CMake config files
[5.244s] Level 1:colcon.colcon_core.shell:create_environment_hook('iw_hub_navigation', 'cmake_prefix_path')
[5.245s] INFO:colcon.colcon_core.shell:Creating environment hook '/workspaces/ros2-coding/install/iw_hub_navigation/share/iw_hub_navigation/hook/cmake_prefix_path.ps1'
[5.245s] INFO:colcon.colcon_core.shell:Creating environment descriptor '/workspaces/ros2-coding/install/iw_hub_navigation/share/iw_hub_navigation/hook/cmake_prefix_path.dsv'
[5.246s] INFO:colcon.colcon_core.shell:Creating environment hook '/workspaces/ros2-coding/install/iw_hub_navigation/share/iw_hub_navigation/hook/cmake_prefix_path.sh'
[5.247s] Level 1:colcon.colcon_core.environment:checking '/workspaces/ros2-coding/install/iw_hub_navigation/bin'
[5.247s] Level 1:colcon.colcon_core.environment:checking '/workspaces/ros2-coding/install/iw_hub_navigation/lib/pkgconfig/iw_hub_navigation.pc'
[5.247s] Level 1:colcon.colcon_core.environment:checking '/workspaces/ros2-coding/install/iw_hub_navigation/lib/python3.12/site-packages'
[5.250s] Level 1:colcon.colcon_core.environment:checking '/workspaces/ros2-coding/install/iw_hub_navigation/bin'
[5.251s] INFO:colcon.colcon_core.shell:Creating package script '/workspaces/ros2-coding/install/iw_hub_navigation/share/iw_hub_navigation/package.ps1'
[5.252s] INFO:colcon.colcon_core.shell:Creating package descriptor '/workspaces/ros2-coding/install/iw_hub_navigation/share/iw_hub_navigation/package.dsv'
[5.255s] INFO:colcon.colcon_core.shell:Creating package script '/workspaces/ros2-coding/install/iw_hub_navigation/share/iw_hub_navigation/package.sh'
[5.256s] INFO:colcon.colcon_core.shell:Creating package script '/workspaces/ros2-coding/install/iw_hub_navigation/share/iw_hub_navigation/package.bash'
[5.256s] INFO:colcon.colcon_core.shell:Creating package script '/workspaces/ros2-coding/install/iw_hub_navigation/share/iw_hub_navigation/package.zsh'
[5.257s] Level 1:colcon.colcon_core.environment:create_file_with_runtime_dependencies(/workspaces/ros2-coding/install/iw_hub_navigation/share/colcon-core/packages/iw_hub_navigation)
[5.257s] INFO:colcon.colcon_ros.task.ament_cmake.build:Building ROS package in '/workspaces/ros2-coding/turtlesim_ws/src/ros_gz_example_application' with build type 'ament_cmake'
[5.258s] INFO:colcon.colcon_cmake.task.cmake.build:Building CMake package in '/workspaces/ros2-coding/turtlesim_ws/src/ros_gz_example_application'
[5.258s] INFO:colcon.colcon_core.shell:Skip shell extension 'powershell' for command environment: Not usable outside of PowerShell
[5.258s] DEBUG:colcon.colcon_core.shell:Skip shell extension 'dsv' for command environment
[5.320s] DEBUG:colcon.colcon_core.event_handler.log_command:Invoking command in '/workspaces/ros2-coding/build/ros_gz_example_application': CMAKE_PREFIX_PATH=${CMAKE_PREFIX_PATH}:/workspaces/ros2-coding/install/rqt_joint_trajectory_controller:/workspaces/ros2-coding/install/rqt_controller_manager:/workspaces/ros2-coding/install/ros2controlcli:/workspaces/ros2-coding/install/ros2_controllers_test_nodes:/workspaces/ros2-coding/install/my_turtlesim:/workspaces/ros2-coding/install/issac_sim:/workspaces/ros2-coding/install/isaac_ros_navigation_goal:/workspaces/ros2-coding/install/human_controller:/opt/ros/jazzy /usr/bin/cmake --build /workspaces/ros2-coding/build/ros_gz_example_application -- -j4 -l4
[5.580s] DEBUG:colcon.colcon_core.event_handler.log_command:Invoked command in '/workspaces/ros2-coding/build/ros_gz_example_application' returned '0': CMAKE_PREFIX_PATH=${CMAKE_PREFIX_PATH}:/workspaces/ros2-coding/install/rqt_joint_trajectory_controller:/workspaces/ros2-coding/install/rqt_controller_manager:/workspaces/ros2-coding/install/ros2controlcli:/workspaces/ros2-coding/install/ros2_controllers_test_nodes:/workspaces/ros2-coding/install/my_turtlesim:/workspaces/ros2-coding/install/issac_sim:/workspaces/ros2-coding/install/isaac_ros_navigation_goal:/workspaces/ros2-coding/install/human_controller:/opt/ros/jazzy /usr/bin/cmake --build /workspaces/ros2-coding/build/ros_gz_example_application -- -j4 -l4
[5.580s] DEBUG:colcon.colcon_core.event_handler.log_command:Invoking command in '/workspaces/ros2-coding/build/ros_gz_example_application': CMAKE_PREFIX_PATH=${CMAKE_PREFIX_PATH}:/workspaces/ros2-coding/install/rqt_joint_trajectory_controller:/workspaces/ros2-coding/install/rqt_controller_manager:/workspaces/ros2-coding/install/ros2controlcli:/workspaces/ros2-coding/install/ros2_controllers_test_nodes:/workspaces/ros2-coding/install/my_turtlesim:/workspaces/ros2-coding/install/issac_sim:/workspaces/ros2-coding/install/isaac_ros_navigation_goal:/workspaces/ros2-coding/install/human_controller:/opt/ros/jazzy /usr/bin/cmake --install /workspaces/ros2-coding/build/ros_gz_example_application
[5.758s] Level 1:colcon.colcon_core.environment:create_environment_scripts_only(ros_gz_example_application)
[5.758s] Level 1:colcon.colcon_core.environment:checking '/workspaces/ros2-coding/install/ros_gz_example_application' for CMake module files
[5.764s] DEBUG:colcon.colcon_core.event_handler.log_command:Invoked command in '/workspaces/ros2-coding/build/ros_gz_example_application' returned '0': CMAKE_PREFIX_PATH=${CMAKE_PREFIX_PATH}:/workspaces/ros2-coding/install/rqt_joint_trajectory_controller:/workspaces/ros2-coding/install/rqt_controller_manager:/workspaces/ros2-coding/install/ros2controlcli:/workspaces/ros2-coding/install/ros2_controllers_test_nodes:/workspaces/ros2-coding/install/my_turtlesim:/workspaces/ros2-coding/install/issac_sim:/workspaces/ros2-coding/install/isaac_ros_navigation_goal:/workspaces/ros2-coding/install/human_controller:/opt/ros/jazzy /usr/bin/cmake --install /workspaces/ros2-coding/build/ros_gz_example_application
[5.764s] Level 1:colcon.colcon_core.environment:checking '/workspaces/ros2-coding/install/ros_gz_example_application' for CMake config files
[5.766s] Level 1:colcon.colcon_core.shell:create_environment_hook('ros_gz_example_application', 'cmake_prefix_path')
[5.766s] INFO:colcon.colcon_core.shell:Creating environment hook '/workspaces/ros2-coding/install/ros_gz_example_application/share/ros_gz_example_application/hook/cmake_prefix_path.ps1'
[5.767s] INFO:colcon.colcon_core.shell:Creating environment descriptor '/workspaces/ros2-coding/install/ros_gz_example_application/share/ros_gz_example_application/hook/cmake_prefix_path.dsv'
[5.775s] INFO:colcon.colcon_core.shell:Creating environment hook '/workspaces/ros2-coding/install/ros_gz_example_application/share/ros_gz_example_application/hook/cmake_prefix_path.sh'
[5.775s] Level 1:colcon.colcon_core.environment:checking '/workspaces/ros2-coding/install/ros_gz_example_application/bin'
[5.775s] Level 1:colcon.colcon_core.environment:checking '/workspaces/ros2-coding/install/ros_gz_example_application/lib/pkgconfig/ros_gz_example_application.pc'
[5.776s] Level 1:colcon.colcon_core.environment:checking '/workspaces/ros2-coding/install/ros_gz_example_application/lib/python3.12/site-packages'
[5.776s] Level 1:colcon.colcon_core.environment:checking '/workspaces/ros2-coding/install/ros_gz_example_application/bin'
[5.777s] INFO:colcon.colcon_core.shell:Creating package script '/workspaces/ros2-coding/install/ros_gz_example_application/share/ros_gz_example_application/package.ps1'
[5.783s] INFO:colcon.colcon_core.shell:Creating package descriptor '/workspaces/ros2-coding/install/ros_gz_example_application/share/ros_gz_example_application/package.dsv'
[5.789s] INFO:colcon.colcon_core.shell:Creating package script '/workspaces/ros2-coding/install/ros_gz_example_application/share/ros_gz_example_application/package.sh'
[5.791s] INFO:colcon.colcon_core.shell:Creating package script '/workspaces/ros2-coding/install/ros_gz_example_application/share/ros_gz_example_application/package.bash'
[5.791s] INFO:colcon.colcon_core.shell:Creating package script '/workspaces/ros2-coding/install/ros_gz_example_application/share/ros_gz_example_application/package.zsh'
[5.794s] Level 1:colcon.colcon_core.environment:create_file_with_runtime_dependencies(/workspaces/ros2-coding/install/ros_gz_example_application/share/colcon-core/packages/ros_gz_example_application)
[5.794s] Level 1:colcon.colcon_core.environment:create_environment_scripts_only(ros_gz_example_application)
[5.795s] Level 1:colcon.colcon_core.environment:checking '/workspaces/ros2-coding/install/ros_gz_example_application' for CMake module files
[5.796s] Level 1:colcon.colcon_core.environment:checking '/workspaces/ros2-coding/install/ros_gz_example_application' for CMake config files
[5.796s] Level 1:colcon.colcon_core.shell:create_environment_hook('ros_gz_example_application', 'cmake_prefix_path')
[5.796s] INFO:colcon.colcon_core.shell:Creating environment hook '/workspaces/ros2-coding/install/ros_gz_example_application/share/ros_gz_example_application/hook/cmake_prefix_path.ps1'
[5.801s] INFO:colcon.colcon_core.shell:Creating environment descriptor '/workspaces/ros2-coding/install/ros_gz_example_application/share/ros_gz_example_application/hook/cmake_prefix_path.dsv'
[5.803s] INFO:colcon.colcon_core.shell:Creating environment hook '/workspaces/ros2-coding/install/ros_gz_example_application/share/ros_gz_example_application/hook/cmake_prefix_path.sh'
[5.805s] Level 1:colcon.colcon_core.environment:checking '/workspaces/ros2-coding/install/ros_gz_example_application/bin'
[5.805s] Level 1:colcon.colcon_core.environment:checking '/workspaces/ros2-coding/install/ros_gz_example_application/lib/pkgconfig/ros_gz_example_application.pc'
[5.809s] Level 1:colcon.colcon_core.environment:checking '/workspaces/ros2-coding/install/ros_gz_example_application/lib/python3.12/site-packages'
[5.809s] Level 1:colcon.colcon_core.environment:checking '/workspaces/ros2-coding/install/ros_gz_example_application/bin'
[5.809s] INFO:colcon.colcon_core.shell:Creating package script '/workspaces/ros2-coding/install/ros_gz_example_application/share/ros_gz_example_application/package.ps1'
[5.810s] INFO:colcon.colcon_core.shell:Creating package descriptor '/workspaces/ros2-coding/install/ros_gz_example_application/share/ros_gz_example_application/package.dsv'
[5.814s] INFO:colcon.colcon_core.shell:Creating package script '/workspaces/ros2-coding/install/ros_gz_example_application/share/ros_gz_example_application/package.sh'
[5.814s] INFO:colcon.colcon_core.shell:Creating package script '/workspaces/ros2-coding/install/ros_gz_example_application/share/ros_gz_example_application/package.bash'
[5.817s] INFO:colcon.colcon_core.shell:Creating package script '/workspaces/ros2-coding/install/ros_gz_example_application/share/ros_gz_example_application/package.zsh'
[5.820s] Level 1:colcon.colcon_core.environment:create_file_with_runtime_dependencies(/workspaces/ros2-coding/install/ros_gz_example_application/share/colcon-core/packages/ros_gz_example_application)
[5.820s] INFO:colcon.colcon_ros.task.ament_python.build:Building ROS package in '/workspaces/ros2-coding/turtlesim_ws/src/human_controller' with build type 'ament_python'
[5.821s] Level 1:colcon.colcon_core.shell:create_environment_hook('human_controller', 'ament_prefix_path')
[5.822s] INFO:colcon.colcon_core.shell:Creating environment hook '/workspaces/ros2-coding/install/human_controller/share/human_controller/hook/ament_prefix_path.ps1'
[5.826s] INFO:colcon.colcon_core.shell:Creating environment descriptor '/workspaces/ros2-coding/install/human_controller/share/human_controller/hook/ament_prefix_path.dsv'
[5.827s] INFO:colcon.colcon_core.shell:Creating environment hook '/workspaces/ros2-coding/install/human_controller/share/human_controller/hook/ament_prefix_path.sh'
[5.828s] INFO:colcon.colcon_core.shell:Skip shell extension 'powershell' for command environment: Not usable outside of PowerShell
[5.828s] DEBUG:colcon.colcon_core.shell:Skip shell extension 'dsv' for command environment
[5.876s] DEBUG:colcon.colcon_core.event_handler.log_command:Invoking command in '/workspaces/ros2-coding/build/issac_sim': PYTHONPATH=/workspaces/ros2-coding/build/issac_sim/prefix_override:/usr/lib/python3/dist-packages/colcon_core/task/python/colcon_distutils_commands:/workspaces/ros2-coding/install/issac_sim/lib/python3.12/site-packages:${PYTHONPATH} /usr/bin/python3 -W ignore:setup.py install is deprecated -W ignore:easy_install command is deprecated setup.py develop --editable --build-directory /workspaces/ros2-coding/build/issac_sim/build --no-deps symlink_data
[6.673s] INFO:colcon.colcon_core.task.python.build:Building Python package in '/workspaces/ros2-coding/turtlesim_ws/src/human_controller'
[6.673s] INFO:colcon.colcon_core.shell:Skip shell extension 'powershell' for command environment: Not usable outside of PowerShell
[6.673s] DEBUG:colcon.colcon_core.shell:Skip shell extension 'dsv' for command environment
[7.216s] DEBUG:colcon.colcon_core.event_handler.log_command:Invoking command in '/workspaces/ros2-coding/build/my_turtlesim': PYTHONPATH=/workspaces/ros2-coding/build/my_turtlesim/prefix_override:/usr/lib/python3/dist-packages/colcon_core/task/python/colcon_distutils_commands:/workspaces/ros2-coding/install/my_turtlesim/lib/python3.12/site-packages:${PYTHONPATH} /usr/bin/python3 -W ignore:setup.py install is deprecated -W ignore:easy_install command is deprecated setup.py develop --editable --build-directory /workspaces/ros2-coding/build/my_turtlesim/build --no-deps symlink_data
[7.890s] Level 1:colcon.colcon_core.shell:create_environment_hook('isaac_ros_navigation_goal', 'pythonpath_develop')
[7.890s] INFO:colcon.colcon_core.shell:Creating environment hook '/workspaces/ros2-coding/build/isaac_ros_navigation_goal/share/isaac_ros_navigation_goal/hook/pythonpath_develop.ps1'
[7.891s] DEBUG:colcon.colcon_core.event_handler.log_command:Invoked command in '/workspaces/ros2-coding/build/isaac_ros_navigation_goal' returned '0': PYTHONPATH=/workspaces/ros2-coding/build/isaac_ros_navigation_goal/prefix_override:/usr/lib/python3/dist-packages/colcon_core/task/python/colcon_distutils_commands:/workspaces/ros2-coding/install/isaac_ros_navigation_goal/lib/python3.12/site-packages:${PYTHONPATH} /usr/bin/python3 -W ignore:setup.py install is deprecated -W ignore:easy_install command is deprecated setup.py develop --editable --build-directory /workspaces/ros2-coding/build/isaac_ros_navigation_goal/build --no-deps symlink_data
[7.892s] INFO:colcon.colcon_core.shell:Creating environment descriptor '/workspaces/ros2-coding/build/isaac_ros_navigation_goal/share/isaac_ros_navigation_goal/hook/pythonpath_develop.dsv'
[7.893s] INFO:colcon.colcon_core.shell:Creating environment hook '/workspaces/ros2-coding/build/isaac_ros_navigation_goal/share/isaac_ros_navigation_goal/hook/pythonpath_develop.sh'
[7.896s] Level 1:colcon.colcon_core.environment:checking '/workspaces/ros2-coding/install/isaac_ros_navigation_goal' for CMake module files
[7.897s] Level 1:colcon.colcon_core.environment:checking '/workspaces/ros2-coding/install/isaac_ros_navigation_goal' for CMake config files
[7.899s] Level 1:colcon.colcon_core.environment:checking '/workspaces/ros2-coding/install/isaac_ros_navigation_goal/lib'
[7.899s] Level 1:colcon.colcon_core.environment:checking '/workspaces/ros2-coding/install/isaac_ros_navigation_goal/bin'
[7.899s] Level 1:colcon.colcon_core.environment:checking '/workspaces/ros2-coding/install/isaac_ros_navigation_goal/lib/pkgconfig/isaac_ros_navigation_goal.pc'
[7.899s] Level 1:colcon.colcon_core.environment:checking '/workspaces/ros2-coding/install/isaac_ros_navigation_goal/lib/python3.12/site-packages'
[7.899s] Level 1:colcon.colcon_core.shell:create_environment_hook('isaac_ros_navigation_goal', 'pythonpath')
[7.902s] INFO:colcon.colcon_core.shell:Creating environment hook '/workspaces/ros2-coding/install/isaac_ros_navigation_goal/share/isaac_ros_navigation_goal/hook/pythonpath.ps1'
[7.903s] INFO:colcon.colcon_core.shell:Creating environment descriptor '/workspaces/ros2-coding/install/isaac_ros_navigation_goal/share/isaac_ros_navigation_goal/hook/pythonpath.dsv'
[7.903s] INFO:colcon.colcon_core.shell:Creating environment hook '/workspaces/ros2-coding/install/isaac_ros_navigation_goal/share/isaac_ros_navigation_goal/hook/pythonpath.sh'
[7.907s] Level 1:colcon.colcon_core.environment:checking '/workspaces/ros2-coding/install/isaac_ros_navigation_goal/bin'
[7.907s] Level 1:colcon.colcon_core.environment:create_environment_scripts_only(isaac_ros_navigation_goal)
[7.908s] INFO:colcon.colcon_core.shell:Creating package script '/workspaces/ros2-coding/install/isaac_ros_navigation_goal/share/isaac_ros_navigation_goal/package.ps1'
[7.909s] INFO:colcon.colcon_core.shell:Creating package descriptor '/workspaces/ros2-coding/install/isaac_ros_navigation_goal/share/isaac_ros_navigation_goal/package.dsv'
[7.913s] INFO:colcon.colcon_core.shell:Creating package script '/workspaces/ros2-coding/install/isaac_ros_navigation_goal/share/isaac_ros_navigation_goal/package.sh'
[7.914s] INFO:colcon.colcon_core.shell:Creating package script '/workspaces/ros2-coding/install/isaac_ros_navigation_goal/share/isaac_ros_navigation_goal/package.bash'
[7.914s] INFO:colcon.colcon_core.shell:Creating package script '/workspaces/ros2-coding/install/isaac_ros_navigation_goal/share/isaac_ros_navigation_goal/package.zsh'
[7.915s] Level 1:colcon.colcon_core.environment:create_file_with_runtime_dependencies(/workspaces/ros2-coding/install/isaac_ros_navigation_goal/share/colcon-core/packages/isaac_ros_navigation_goal)
[7.917s] INFO:colcon.colcon_ros.task.ament_cmake.build:Building ROS package in '/workspaces/ros2-coding/turtlesim_ws/src/ros_gz_example_bringup' with build type 'ament_cmake'
[7.919s] INFO:colcon.colcon_cmake.task.cmake.build:Building CMake package in '/workspaces/ros2-coding/turtlesim_ws/src/ros_gz_example_bringup'
[7.920s] INFO:colcon.colcon_core.shell:Skip shell extension 'powershell' for command environment: Not usable outside of PowerShell
[7.920s] DEBUG:colcon.colcon_core.shell:Skip shell extension 'dsv' for command environment
[7.997s] DEBUG:colcon.colcon_core.event_handler.log_command:Invoking command in '/workspaces/ros2-coding/build/ros_gz_example_bringup': CMAKE_PREFIX_PATH=/workspaces/ros2-coding/install/ros_gz_example_gazebo:/workspaces/ros2-coding/install/ros_gz_example_description:/workspaces/ros2-coding/install/nao_gz_control:/workspaces/ros2-coding/install/ros2_controllers:/workspaces/ros2-coding/install/ros2_control_demos:/workspaces/ros2-coding/install/ros2_control_demo_example_3:/workspaces/ros2-coding/install/gz_ros2_control_demos:/workspaces/ros2-coding/install/velocity_controllers:/workspaces/ros2-coding/install/tricycle_steering_controller:/workspaces/ros2-coding/install/tricycle_controller:/workspaces/ros2-coding/install/ros2_control_demo_example_8:/workspaces/ros2-coding/install/ros2_control:/workspaces/ros2-coding/install/transmission_interface:/workspaces/ros2-coding/install/ros2_control_demo_example_11:/workspaces/ros2-coding/install/bicycle_steering_controller:/workspaces/ros2-coding/install/ackermann_steering_controller:/workspaces/ros2-coding/install/steering_controllers_library:/workspaces/ros2-coding/install/ros2_control_demo_example_17:/workspaces/ros2-coding/install/ros2_control_demo_example_15:/workspaces/ros2-coding/install/ros2_control_demo_example_1:/workspaces/ros2-coding/install/ros_gz_example_bringup:/workspaces/ros2-coding/install/ros_gz_example_application:/workspaces/ros2-coding/install/ros2_control_demo_example_9:/workspaces/ros2-coding/install/ros2_control_demo_example_7:/workspaces/ros2-coding/install/ros2_control_demo_example_6:/workspaces/ros2-coding/install/ros2_control_demo_example_13:/workspaces/ros2-coding/install/ros2_control_demo_example_5:/workspaces/ros2-coding/install/ros2_control_demo_example_4:/workspaces/ros2-coding/install/ros2_control_demo_example_2:/workspaces/ros2-coding/install/ros2_control_demo_example_16:/workspaces/ros2-coding/install/ros2_control_demo_example_14:/workspaces/ros2-coding/install/ros2_control_demo_example_12:/workspaces/ros2-coding/install/ros2_control_demo_example_10:/workspaces/ros2-coding/install/hardware_interface_testing:/workspaces/ros2-coding/install/gz_ros2_control:/workspaces/ros2-coding/install/controller_manager:/workspaces/ros2-coding/install/ros2_control_test_assets:/workspaces/ros2-coding/install/ros2_control_demo_description:/workspaces/ros2-coding/install/ros2_control_cmake:/workspaces/ros2-coding/install/range_sensor_broadcaster:/workspaces/ros2-coding/install/position_controllers:/workspaces/ros2-coding/install/pose_broadcaster:/workspaces/ros2-coding/install/pid_controller:/workspaces/ros2-coding/install/parallel_gripper_controller:/workspaces/ros2-coding/install/omni_wheel_drive_controller:/workspaces/ros2-coding/install/mecanum_drive_controller:/workspaces/ros2-coding/install/joint_trajectory_controller:/workspaces/ros2-coding/install/joint_state_topic_hardware_interface:/workspaces/ros2-coding/install/joint_state_broadcaster:/workspaces/ros2-coding/install/imu_sensor_broadcaster:/workspaces/ros2-coding/install/gripper_controllers:/workspaces/ros2-coding/install/gps_sensor_broadcaster:/workspaces/ros2-coding/install/gpio_controllers:/workspaces/ros2-coding/install/effort_controllers:/workspaces/ros2-coding/install/forward_command_controller:/workspaces/ros2-coding/install/force_torque_sensor_broadcaster:/workspaces/ros2-coding/install/diff_drive_controller:/workspaces/ros2-coding/install/chained_filter_controller:/workspaces/ros2-coding/install/admittance_controller:/workspaces/ros2-coding/install/controller_interface:/workspaces/ros2-coding/install/hardware_interface:/workspaces/ros2-coding/install/joint_limits:/workspaces/ros2-coding/install/control_toolbox:/workspaces/ros2-coding/install/realtime_tools:/workspaces/ros2-coding/install/kinematics_interface_kdl:/workspaces/ros2-coding/install/kinematics_interface:/workspaces/ros2-coding/install/iw_hub_navigation:/workspaces/ros2-coding/install/isaacsim:/workspaces/ros2-coding/install/isaac_tutorials:/workspaces/ros2-coding/install/isaac_ros2_messages:/workspaces/ros2-coding/install/isaac_moveit:/workspaces/ros2-coding/install/human_interfaces:/workspaces/ros2-coding/install/h1_fullbody_controller:/workspaces/ros2-coding/install/gz_ros2_control_tests:/workspaces/ros2-coding/install/diff_drive_mover:/workspaces/ros2-coding/install/custom_message:/workspaces/ros2-coding/install/controller_manager_msgs:/workspaces/ros2-coding/install/control_msgs:/workspaces/ros2-coding/install/cmdvel_to_ackermann:/workspaces/ros2-coding/install/carter_navigation:/opt/ros/jazzy/opt/gz_sim_vendor:/opt/ros/jazzy/opt/gz_sensors_vendor:/opt/ros/jazzy/opt/gz_physics_vendor:/opt/ros/jazzy/opt/sdformat_vendor:/opt/ros/jazzy/opt/gz_gui_vendor:/opt/ros/jazzy/opt/gz_transport_vendor:/opt/ros/jazzy/opt/gz_rendering_vendor:/opt/ros/jazzy/opt/gz_plugin_vendor:/opt/ros/jazzy/opt/gz_fuel_tools_vendor:/opt/ros/jazzy/opt/gz_msgs_vendor:/opt/ros/jazzy/opt/gz_common_vendor:/opt/ros/jazzy/opt/gz_math_vendor:/opt/ros/jazzy/opt/gz_utils_vendor:/opt/ros/jazzy/opt/gz_tools_vendor:/opt/ros/jazzy/opt/gz_ogre_next_vendor:/opt/ros/jazzy/opt/gz_dartsim_vendor:/opt/ros/jazzy/opt/gz_cmake_vendor:/workspaces/ros2-coding/install/rqt_joint_trajectory_controller:/workspaces/ros2-coding/install/rqt_controller_manager:/workspaces/ros2-coding/install/ros2controlcli:/workspaces/ros2-coding/install/ros2_controllers_test_nodes:/workspaces/ros2-coding/install/my_turtlesim:/workspaces/ros2-coding/install/issac_sim:/workspaces/ros2-coding/install/isaac_ros_navigation_goal:/workspaces/ros2-coding/install/human_controller:/opt/ros/jazzy GZ_SIM_PLUGIN_PATH=/workspaces/ros2-coding/install/ros_gz_example_gazebo/lib/ros_gz_example_gazebo GZ_SIM_RESOURCE_PATH=/workspaces/ros2-coding/install/ros_gz_example_description/share/ros_gz_example_description/models:${GZ_SIM_RESOURCE_PATH} /usr/bin/cmake --build /workspaces/ros2-coding/build/ros_gz_example_bringup -- -j4 -l4
[8.046s] Level 1:colcon.colcon_core.shell:create_environment_hook('issac_sim', 'pythonpath_develop')
[8.047s] INFO:colcon.colcon_core.shell:Creating environment hook '/workspaces/ros2-coding/build/issac_sim/share/issac_sim/hook/pythonpath_develop.ps1'
[8.047s] DEBUG:colcon.colcon_core.event_handler.log_command:Invoked command in '/workspaces/ros2-coding/build/issac_sim' returned '0': PYTHONPATH=/workspaces/ros2-coding/build/issac_sim/prefix_override:/usr/lib/python3/dist-packages/colcon_core/task/python/colcon_distutils_commands:/workspaces/ros2-coding/install/issac_sim/lib/python3.12/site-packages:${PYTHONPATH} /usr/bin/python3 -W ignore:setup.py install is deprecated -W ignore:easy_install command is deprecated setup.py develop --editable --build-directory /workspaces/ros2-coding/build/issac_sim/build --no-deps symlink_data
[8.049s] INFO:colcon.colcon_core.shell:Creating environment descriptor '/workspaces/ros2-coding/build/issac_sim/share/issac_sim/hook/pythonpath_develop.dsv'
[8.052s] INFO:colcon.colcon_core.shell:Creating environment hook '/workspaces/ros2-coding/build/issac_sim/share/issac_sim/hook/pythonpath_develop.sh'
[8.053s] Level 1:colcon.colcon_core.environment:checking '/workspaces/ros2-coding/install/issac_sim' for CMake module files
[8.054s] Level 1:colcon.colcon_core.environment:checking '/workspaces/ros2-coding/install/issac_sim' for CMake config files
[8.054s] Level 1:colcon.colcon_core.environment:checking '/workspaces/ros2-coding/install/issac_sim/lib'
[8.054s] Level 1:colcon.colcon_core.environment:checking '/workspaces/ros2-coding/install/issac_sim/bin'
[8.054s] Level 1:colcon.colcon_core.environment:checking '/workspaces/ros2-coding/install/issac_sim/lib/pkgconfig/issac_sim.pc'
[8.055s] Level 1:colcon.colcon_core.environment:checking '/workspaces/ros2-coding/install/issac_sim/lib/python3.12/site-packages'
[8.055s] Level 1:colcon.colcon_core.shell:create_environment_hook('issac_sim', 'pythonpath')
[8.055s] INFO:colcon.colcon_core.shell:Creating environment hook '/workspaces/ros2-coding/install/issac_sim/share/issac_sim/hook/pythonpath.ps1'
[8.058s] INFO:colcon.colcon_core.shell:Creating environment descriptor '/workspaces/ros2-coding/install/issac_sim/share/issac_sim/hook/pythonpath.dsv'
[8.059s] INFO:colcon.colcon_core.shell:Creating environment hook '/workspaces/ros2-coding/install/issac_sim/share/issac_sim/hook/pythonpath.sh'
[8.061s] Level 1:colcon.colcon_core.environment:checking '/workspaces/ros2-coding/install/issac_sim/bin'
[8.061s] Level 1:colcon.colcon_core.environment:create_environment_scripts_only(issac_sim)
[8.062s] INFO:colcon.colcon_core.shell:Creating package script '/workspaces/ros2-coding/install/issac_sim/share/issac_sim/package.ps1'
[8.062s] INFO:colcon.colcon_core.shell:Creating package descriptor '/workspaces/ros2-coding/install/issac_sim/share/issac_sim/package.dsv'
[8.068s] INFO:colcon.colcon_core.shell:Creating package script '/workspaces/ros2-coding/install/issac_sim/share/issac_sim/package.sh'
[8.069s] INFO:colcon.colcon_core.shell:Creating package script '/workspaces/ros2-coding/install/issac_sim/share/issac_sim/package.bash'
[8.069s] INFO:colcon.colcon_core.shell:Creating package script '/workspaces/ros2-coding/install/issac_sim/share/issac_sim/package.zsh'
[8.070s] Level 1:colcon.colcon_core.environment:create_file_with_runtime_dependencies(/workspaces/ros2-coding/install/issac_sim/share/colcon-core/packages/issac_sim)
[8.191s] DEBUG:colcon.colcon_core.event_handler.log_command:Invoked command in '/workspaces/ros2-coding/build/ros_gz_example_bringup' returned '0': CMAKE_PREFIX_PATH=/workspaces/ros2-coding/install/ros_gz_example_gazebo:/workspaces/ros2-coding/install/ros_gz_example_description:/workspaces/ros2-coding/install/nao_gz_control:/workspaces/ros2-coding/install/ros2_controllers:/workspaces/ros2-coding/install/ros2_control_demos:/workspaces/ros2-coding/install/ros2_control_demo_example_3:/workspaces/ros2-coding/install/gz_ros2_control_demos:/workspaces/ros2-coding/install/velocity_controllers:/workspaces/ros2-coding/install/tricycle_steering_controller:/workspaces/ros2-coding/install/tricycle_controller:/workspaces/ros2-coding/install/ros2_control_demo_example_8:/workspaces/ros2-coding/install/ros2_control:/workspaces/ros2-coding/install/transmission_interface:/workspaces/ros2-coding/install/ros2_control_demo_example_11:/workspaces/ros2-coding/install/bicycle_steering_controller:/workspaces/ros2-coding/install/ackermann_steering_controller:/workspaces/ros2-coding/install/steering_controllers_library:/workspaces/ros2-coding/install/ros2_control_demo_example_17:/workspaces/ros2-coding/install/ros2_control_demo_example_15:/workspaces/ros2-coding/install/ros2_control_demo_example_1:/workspaces/ros2-coding/install/ros_gz_example_bringup:/workspaces/ros2-coding/install/ros_gz_example_application:/workspaces/ros2-coding/install/ros2_control_demo_example_9:/workspaces/ros2-coding/install/ros2_control_demo_example_7:/workspaces/ros2-coding/install/ros2_control_demo_example_6:/workspaces/ros2-coding/install/ros2_control_demo_example_13:/workspaces/ros2-coding/install/ros2_control_demo_example_5:/workspaces/ros2-coding/install/ros2_control_demo_example_4:/workspaces/ros2-coding/install/ros2_control_demo_example_2:/workspaces/ros2-coding/install/ros2_control_demo_example_16:/workspaces/ros2-coding/install/ros2_control_demo_example_14:/workspaces/ros2-coding/install/ros2_control_demo_example_12:/workspaces/ros2-coding/install/ros2_control_demo_example_10:/workspaces/ros2-coding/install/hardware_interface_testing:/workspaces/ros2-coding/install/gz_ros2_control:/workspaces/ros2-coding/install/controller_manager:/workspaces/ros2-coding/install/ros2_control_test_assets:/workspaces/ros2-coding/install/ros2_control_demo_description:/workspaces/ros2-coding/install/ros2_control_cmake:/workspaces/ros2-coding/install/range_sensor_broadcaster:/workspaces/ros2-coding/install/position_controllers:/workspaces/ros2-coding/install/pose_broadcaster:/workspaces/ros2-coding/install/pid_controller:/workspaces/ros2-coding/install/parallel_gripper_controller:/workspaces/ros2-coding/install/omni_wheel_drive_controller:/workspaces/ros2-coding/install/mecanum_drive_controller:/workspaces/ros2-coding/install/joint_trajectory_controller:/workspaces/ros2-coding/install/joint_state_topic_hardware_interface:/workspaces/ros2-coding/install/joint_state_broadcaster:/workspaces/ros2-coding/install/imu_sensor_broadcaster:/workspaces/ros2-coding/install/gripper_controllers:/workspaces/ros2-coding/install/gps_sensor_broadcaster:/workspaces/ros2-coding/install/gpio_controllers:/workspaces/ros2-coding/install/effort_controllers:/workspaces/ros2-coding/install/forward_command_controller:/workspaces/ros2-coding/install/force_torque_sensor_broadcaster:/workspaces/ros2-coding/install/diff_drive_controller:/workspaces/ros2-coding/install/chained_filter_controller:/workspaces/ros2-coding/install/admittance_controller:/workspaces/ros2-coding/install/controller_interface:/workspaces/ros2-coding/install/hardware_interface:/workspaces/ros2-coding/install/joint_limits:/workspaces/ros2-coding/install/control_toolbox:/workspaces/ros2-coding/install/realtime_tools:/workspaces/ros2-coding/install/kinematics_interface_kdl:/workspaces/ros2-coding/install/kinematics_interface:/workspaces/ros2-coding/install/iw_hub_navigation:/workspaces/ros2-coding/install/isaacsim:/workspaces/ros2-coding/install/isaac_tutorials:/workspaces/ros2-coding/install/isaac_ros2_messages:/workspaces/ros2-coding/install/isaac_moveit:/workspaces/ros2-coding/install/human_interfaces:/workspaces/ros2-coding/install/h1_fullbody_controller:/workspaces/ros2-coding/install/gz_ros2_control_tests:/workspaces/ros2-coding/install/diff_drive_mover:/workspaces/ros2-coding/install/custom_message:/workspaces/ros2-coding/install/controller_manager_msgs:/workspaces/ros2-coding/install/control_msgs:/workspaces/ros2-coding/install/cmdvel_to_ackermann:/workspaces/ros2-coding/install/carter_navigation:/opt/ros/jazzy/opt/gz_sim_vendor:/opt/ros/jazzy/opt/gz_sensors_vendor:/opt/ros/jazzy/opt/gz_physics_vendor:/opt/ros/jazzy/opt/sdformat_vendor:/opt/ros/jazzy/opt/gz_gui_vendor:/opt/ros/jazzy/opt/gz_transport_vendor:/opt/ros/jazzy/opt/gz_rendering_vendor:/opt/ros/jazzy/opt/gz_plugin_vendor:/opt/ros/jazzy/opt/gz_fuel_tools_vendor:/opt/ros/jazzy/opt/gz_msgs_vendor:/opt/ros/jazzy/opt/gz_common_vendor:/opt/ros/jazzy/opt/gz_math_vendor:/opt/ros/jazzy/opt/gz_utils_vendor:/opt/ros/jazzy/opt/gz_tools_vendor:/opt/ros/jazzy/opt/gz_ogre_next_vendor:/opt/ros/jazzy/opt/gz_dartsim_vendor:/opt/ros/jazzy/opt/gz_cmake_vendor:/workspaces/ros2-coding/install/rqt_joint_trajectory_controller:/workspaces/ros2-coding/install/rqt_controller_manager:/workspaces/ros2-coding/install/ros2controlcli:/workspaces/ros2-coding/install/ros2_controllers_test_nodes:/workspaces/ros2-coding/install/my_turtlesim:/workspaces/ros2-coding/install/issac_sim:/workspaces/ros2-coding/install/isaac_ros_navigation_goal:/workspaces/ros2-coding/install/human_controller:/opt/ros/jazzy GZ_SIM_PLUGIN_PATH=/workspaces/ros2-coding/install/ros_gz_example_gazebo/lib/ros_gz_example_gazebo GZ_SIM_RESOURCE_PATH=/workspaces/ros2-coding/install/ros_gz_example_description/share/ros_gz_example_description/models:${GZ_SIM_RESOURCE_PATH} /usr/bin/cmake --build /workspaces/ros2-coding/build/ros_gz_example_bringup -- -j4 -l4
[8.192s] DEBUG:colcon.colcon_core.event_handler.log_command:Invoking command in '/workspaces/ros2-coding/build/ros_gz_example_bringup': CMAKE_PREFIX_PATH=/workspaces/ros2-coding/install/ros_gz_example_gazebo:/workspaces/ros2-coding/install/ros_gz_example_description:/workspaces/ros2-coding/install/nao_gz_control:/workspaces/ros2-coding/install/ros2_controllers:/workspaces/ros2-coding/install/ros2_control_demos:/workspaces/ros2-coding/install/ros2_control_demo_example_3:/workspaces/ros2-coding/install/gz_ros2_control_demos:/workspaces/ros2-coding/install/velocity_controllers:/workspaces/ros2-coding/install/tricycle_steering_controller:/workspaces/ros2-coding/install/tricycle_controller:/workspaces/ros2-coding/install/ros2_control_demo_example_8:/workspaces/ros2-coding/install/ros2_control:/workspaces/ros2-coding/install/transmission_interface:/workspaces/ros2-coding/install/ros2_control_demo_example_11:/workspaces/ros2-coding/install/bicycle_steering_controller:/workspaces/ros2-coding/install/ackermann_steering_controller:/workspaces/ros2-coding/install/steering_controllers_library:/workspaces/ros2-coding/install/ros2_control_demo_example_17:/workspaces/ros2-coding/install/ros2_control_demo_example_15:/workspaces/ros2-coding/install/ros2_control_demo_example_1:/workspaces/ros2-coding/install/ros_gz_example_bringup:/workspaces/ros2-coding/install/ros_gz_example_application:/workspaces/ros2-coding/install/ros2_control_demo_example_9:/workspaces/ros2-coding/install/ros2_control_demo_example_7:/workspaces/ros2-coding/install/ros2_control_demo_example_6:/workspaces/ros2-coding/install/ros2_control_demo_example_13:/workspaces/ros2-coding/install/ros2_control_demo_example_5:/workspaces/ros2-coding/install/ros2_control_demo_example_4:/workspaces/ros2-coding/install/ros2_control_demo_example_2:/workspaces/ros2-coding/install/ros2_control_demo_example_16:/workspaces/ros2-coding/install/ros2_control_demo_example_14:/workspaces/ros2-coding/install/ros2_control_demo_example_12:/workspaces/ros2-coding/install/ros2_control_demo_example_10:/workspaces/ros2-coding/install/hardware_interface_testing:/workspaces/ros2-coding/install/gz_ros2_control:/workspaces/ros2-coding/install/controller_manager:/workspaces/ros2-coding/install/ros2_control_test_assets:/workspaces/ros2-coding/install/ros2_control_demo_description:/workspaces/ros2-coding/install/ros2_control_cmake:/workspaces/ros2-coding/install/range_sensor_broadcaster:/workspaces/ros2-coding/install/position_controllers:/workspaces/ros2-coding/install/pose_broadcaster:/workspaces/ros2-coding/install/pid_controller:/workspaces/ros2-coding/install/parallel_gripper_controller:/workspaces/ros2-coding/install/omni_wheel_drive_controller:/workspaces/ros2-coding/install/mecanum_drive_controller:/workspaces/ros2-coding/install/joint_trajectory_controller:/workspaces/ros2-coding/install/joint_state_topic_hardware_interface:/workspaces/ros2-coding/install/joint_state_broadcaster:/workspaces/ros2-coding/install/imu_sensor_broadcaster:/workspaces/ros2-coding/install/gripper_controllers:/workspaces/ros2-coding/install/gps_sensor_broadcaster:/workspaces/ros2-coding/install/gpio_controllers:/workspaces/ros2-coding/install/effort_controllers:/workspaces/ros2-coding/install/forward_command_controller:/workspaces/ros2-coding/install/force_torque_sensor_broadcaster:/workspaces/ros2-coding/install/diff_drive_controller:/workspaces/ros2-coding/install/chained_filter_controller:/workspaces/ros2-coding/install/admittance_controller:/workspaces/ros2-coding/install/controller_interface:/workspaces/ros2-coding/install/hardware_interface:/workspaces/ros2-coding/install/joint_limits:/workspaces/ros2-coding/install/control_toolbox:/workspaces/ros2-coding/install/realtime_tools:/workspaces/ros2-coding/install/kinematics_interface_kdl:/workspaces/ros2-coding/install/kinematics_interface:/workspaces/ros2-coding/install/iw_hub_navigation:/workspaces/ros2-coding/install/isaacsim:/workspaces/ros2-coding/install/isaac_tutorials:/workspaces/ros2-coding/install/isaac_ros2_messages:/workspaces/ros2-coding/install/isaac_moveit:/workspaces/ros2-coding/install/human_interfaces:/workspaces/ros2-coding/install/h1_fullbody_controller:/workspaces/ros2-coding/install/gz_ros2_control_tests:/workspaces/ros2-coding/install/diff_drive_mover:/workspaces/ros2-coding/install/custom_message:/workspaces/ros2-coding/install/controller_manager_msgs:/workspaces/ros2-coding/install/control_msgs:/workspaces/ros2-coding/install/cmdvel_to_ackermann:/workspaces/ros2-coding/install/carter_navigation:/opt/ros/jazzy/opt/gz_sim_vendor:/opt/ros/jazzy/opt/gz_sensors_vendor:/opt/ros/jazzy/opt/gz_physics_vendor:/opt/ros/jazzy/opt/sdformat_vendor:/opt/ros/jazzy/opt/gz_gui_vendor:/opt/ros/jazzy/opt/gz_transport_vendor:/opt/ros/jazzy/opt/gz_rendering_vendor:/opt/ros/jazzy/opt/gz_plugin_vendor:/opt/ros/jazzy/opt/gz_fuel_tools_vendor:/opt/ros/jazzy/opt/gz_msgs_vendor:/opt/ros/jazzy/opt/gz_common_vendor:/opt/ros/jazzy/opt/gz_math_vendor:/opt/ros/jazzy/opt/gz_utils_vendor:/opt/ros/jazzy/opt/gz_tools_vendor:/opt/ros/jazzy/opt/gz_ogre_next_vendor:/opt/ros/jazzy/opt/gz_dartsim_vendor:/opt/ros/jazzy/opt/gz_cmake_vendor:/workspaces/ros2-coding/install/rqt_joint_trajectory_controller:/workspaces/ros2-coding/install/rqt_controller_manager:/workspaces/ros2-coding/install/ros2controlcli:/workspaces/ros2-coding/install/ros2_controllers_test_nodes:/workspaces/ros2-coding/install/my_turtlesim:/workspaces/ros2-coding/install/issac_sim:/workspaces/ros2-coding/install/isaac_ros_navigation_goal:/workspaces/ros2-coding/install/human_controller:/opt/ros/jazzy GZ_SIM_PLUGIN_PATH=/workspaces/ros2-coding/install/ros_gz_example_gazebo/lib/ros_gz_example_gazebo GZ_SIM_RESOURCE_PATH=/workspaces/ros2-coding/install/ros_gz_example_description/share/ros_gz_example_description/models:${GZ_SIM_RESOURCE_PATH} /usr/bin/cmake --install /workspaces/ros2-coding/build/ros_gz_example_bringup
[8.274s] Level 1:colcon.colcon_core.environment:create_environment_scripts_only(ros_gz_example_bringup)
[8.274s] DEBUG:colcon.colcon_core.event_handler.log_command:Invoked command in '/workspaces/ros2-coding/build/ros_gz_example_bringup' returned '0': CMAKE_PREFIX_PATH=/workspaces/ros2-coding/install/ros_gz_example_gazebo:/workspaces/ros2-coding/install/ros_gz_example_description:/workspaces/ros2-coding/install/nao_gz_control:/workspaces/ros2-coding/install/ros2_controllers:/workspaces/ros2-coding/install/ros2_control_demos:/workspaces/ros2-coding/install/ros2_control_demo_example_3:/workspaces/ros2-coding/install/gz_ros2_control_demos:/workspaces/ros2-coding/install/velocity_controllers:/workspaces/ros2-coding/install/tricycle_steering_controller:/workspaces/ros2-coding/install/tricycle_controller:/workspaces/ros2-coding/install/ros2_control_demo_example_8:/workspaces/ros2-coding/install/ros2_control:/workspaces/ros2-coding/install/transmission_interface:/workspaces/ros2-coding/install/ros2_control_demo_example_11:/workspaces/ros2-coding/install/bicycle_steering_controller:/workspaces/ros2-coding/install/ackermann_steering_controller:/workspaces/ros2-coding/install/steering_controllers_library:/workspaces/ros2-coding/install/ros2_control_demo_example_17:/workspaces/ros2-coding/install/ros2_control_demo_example_15:/workspaces/ros2-coding/install/ros2_control_demo_example_1:/workspaces/ros2-coding/install/ros_gz_example_bringup:/workspaces/ros2-coding/install/ros_gz_example_application:/workspaces/ros2-coding/install/ros2_control_demo_example_9:/workspaces/ros2-coding/install/ros2_control_demo_example_7:/workspaces/ros2-coding/install/ros2_control_demo_example_6:/workspaces/ros2-coding/install/ros2_control_demo_example_13:/workspaces/ros2-coding/install/ros2_control_demo_example_5:/workspaces/ros2-coding/install/ros2_control_demo_example_4:/workspaces/ros2-coding/install/ros2_control_demo_example_2:/workspaces/ros2-coding/install/ros2_control_demo_example_16:/workspaces/ros2-coding/install/ros2_control_demo_example_14:/workspaces/ros2-coding/install/ros2_control_demo_example_12:/workspaces/ros2-coding/install/ros2_control_demo_example_10:/workspaces/ros2-coding/install/hardware_interface_testing:/workspaces/ros2-coding/install/gz_ros2_control:/workspaces/ros2-coding/install/controller_manager:/workspaces/ros2-coding/install/ros2_control_test_assets:/workspaces/ros2-coding/install/ros2_control_demo_description:/workspaces/ros2-coding/install/ros2_control_cmake:/workspaces/ros2-coding/install/range_sensor_broadcaster:/workspaces/ros2-coding/install/position_controllers:/workspaces/ros2-coding/install/pose_broadcaster:/workspaces/ros2-coding/install/pid_controller:/workspaces/ros2-coding/install/parallel_gripper_controller:/workspaces/ros2-coding/install/omni_wheel_drive_controller:/workspaces/ros2-coding/install/mecanum_drive_controller:/workspaces/ros2-coding/install/joint_trajectory_controller:/workspaces/ros2-coding/install/joint_state_topic_hardware_interface:/workspaces/ros2-coding/install/joint_state_broadcaster:/workspaces/ros2-coding/install/imu_sensor_broadcaster:/workspaces/ros2-coding/install/gripper_controllers:/workspaces/ros2-coding/install/gps_sensor_broadcaster:/workspaces/ros2-coding/install/gpio_controllers:/workspaces/ros2-coding/install/effort_controllers:/workspaces/ros2-coding/install/forward_command_controller:/workspaces/ros2-coding/install/force_torque_sensor_broadcaster:/workspaces/ros2-coding/install/diff_drive_controller:/workspaces/ros2-coding/install/chained_filter_controller:/workspaces/ros2-coding/install/admittance_controller:/workspaces/ros2-coding/install/controller_interface:/workspaces/ros2-coding/install/hardware_interface:/workspaces/ros2-coding/install/joint_limits:/workspaces/ros2-coding/install/control_toolbox:/workspaces/ros2-coding/install/realtime_tools:/workspaces/ros2-coding/install/kinematics_interface_kdl:/workspaces/ros2-coding/install/kinematics_interface:/workspaces/ros2-coding/install/iw_hub_navigation:/workspaces/ros2-coding/install/isaacsim:/workspaces/ros2-coding/install/isaac_tutorials:/workspaces/ros2-coding/install/isaac_ros2_messages:/workspaces/ros2-coding/install/isaac_moveit:/workspaces/ros2-coding/install/human_interfaces:/workspaces/ros2-coding/install/h1_fullbody_controller:/workspaces/ros2-coding/install/gz_ros2_control_tests:/workspaces/ros2-coding/install/diff_drive_mover:/workspaces/ros2-coding/install/custom_message:/workspaces/ros2-coding/install/controller_manager_msgs:/workspaces/ros2-coding/install/control_msgs:/workspaces/ros2-coding/install/cmdvel_to_ackermann:/workspaces/ros2-coding/install/carter_navigation:/opt/ros/jazzy/opt/gz_sim_vendor:/opt/ros/jazzy/opt/gz_sensors_vendor:/opt/ros/jazzy/opt/gz_physics_vendor:/opt/ros/jazzy/opt/sdformat_vendor:/opt/ros/jazzy/opt/gz_gui_vendor:/opt/ros/jazzy/opt/gz_transport_vendor:/opt/ros/jazzy/opt/gz_rendering_vendor:/opt/ros/jazzy/opt/gz_plugin_vendor:/opt/ros/jazzy/opt/gz_fuel_tools_vendor:/opt/ros/jazzy/opt/gz_msgs_vendor:/opt/ros/jazzy/opt/gz_common_vendor:/opt/ros/jazzy/opt/gz_math_vendor:/opt/ros/jazzy/opt/gz_utils_vendor:/opt/ros/jazzy/opt/gz_tools_vendor:/opt/ros/jazzy/opt/gz_ogre_next_vendor:/opt/ros/jazzy/opt/gz_dartsim_vendor:/opt/ros/jazzy/opt/gz_cmake_vendor:/workspaces/ros2-coding/install/rqt_joint_trajectory_controller:/workspaces/ros2-coding/install/rqt_controller_manager:/workspaces/ros2-coding/install/ros2controlcli:/workspaces/ros2-coding/install/ros2_controllers_test_nodes:/workspaces/ros2-coding/install/my_turtlesim:/workspaces/ros2-coding/install/issac_sim:/workspaces/ros2-coding/install/isaac_ros_navigation_goal:/workspaces/ros2-coding/install/human_controller:/opt/ros/jazzy GZ_SIM_PLUGIN_PATH=/workspaces/ros2-coding/install/ros_gz_example_gazebo/lib/ros_gz_example_gazebo GZ_SIM_RESOURCE_PATH=/workspaces/ros2-coding/install/ros_gz_example_description/share/ros_gz_example_description/models:${GZ_SIM_RESOURCE_PATH} /usr/bin/cmake --install /workspaces/ros2-coding/build/ros_gz_example_bringup
[8.275s] Level 1:colcon.colcon_core.environment:checking '/workspaces/ros2-coding/install/ros_gz_example_bringup' for CMake module files
[8.276s] Level 1:colcon.colcon_core.environment:checking '/workspaces/ros2-coding/install/ros_gz_example_bringup' for CMake config files
[8.277s] Level 1:colcon.colcon_core.shell:create_environment_hook('ros_gz_example_bringup', 'cmake_prefix_path')
[8.277s] INFO:colcon.colcon_core.shell:Creating environment hook '/workspaces/ros2-coding/install/ros_gz_example_bringup/share/ros_gz_example_bringup/hook/cmake_prefix_path.ps1'
[8.278s] INFO:colcon.colcon_core.shell:Creating environment descriptor '/workspaces/ros2-coding/install/ros_gz_example_bringup/share/ros_gz_example_bringup/hook/cmake_prefix_path.dsv'
[8.278s] INFO:colcon.colcon_core.shell:Creating environment hook '/workspaces/ros2-coding/install/ros_gz_example_bringup/share/ros_gz_example_bringup/hook/cmake_prefix_path.sh'
[8.279s] Level 1:colcon.colcon_core.environment:checking '/workspaces/ros2-coding/install/ros_gz_example_bringup/bin'
[8.279s] Level 1:colcon.colcon_core.environment:checking '/workspaces/ros2-coding/install/ros_gz_example_bringup/lib/pkgconfig/ros_gz_example_bringup.pc'
[8.280s] Level 1:colcon.colcon_core.environment:checking '/workspaces/ros2-coding/install/ros_gz_example_bringup/lib/python3.12/site-packages'
[8.280s] Level 1:colcon.colcon_core.environment:checking '/workspaces/ros2-coding/install/ros_gz_example_bringup/bin'
[8.280s] INFO:colcon.colcon_core.shell:Creating package script '/workspaces/ros2-coding/install/ros_gz_example_bringup/share/ros_gz_example_bringup/package.ps1'
[8.281s] INFO:colcon.colcon_core.shell:Creating package descriptor '/workspaces/ros2-coding/install/ros_gz_example_bringup/share/ros_gz_example_bringup/package.dsv'
[8.282s] INFO:colcon.colcon_core.shell:Creating package script '/workspaces/ros2-coding/install/ros_gz_example_bringup/share/ros_gz_example_bringup/package.sh'
[8.283s] INFO:colcon.colcon_core.shell:Creating package script '/workspaces/ros2-coding/install/ros_gz_example_bringup/share/ros_gz_example_bringup/package.bash'
[8.283s] INFO:colcon.colcon_core.shell:Creating package script '/workspaces/ros2-coding/install/ros_gz_example_bringup/share/ros_gz_example_bringup/package.zsh'
[8.284s] Level 1:colcon.colcon_core.environment:create_file_with_runtime_dependencies(/workspaces/ros2-coding/install/ros_gz_example_bringup/share/colcon-core/packages/ros_gz_example_bringup)
[8.285s] Level 1:colcon.colcon_core.environment:create_environment_scripts_only(ros_gz_example_bringup)
[8.285s] Level 1:colcon.colcon_core.environment:checking '/workspaces/ros2-coding/install/ros_gz_example_bringup' for CMake module files
[8.286s] Level 1:colcon.colcon_core.environment:checking '/workspaces/ros2-coding/install/ros_gz_example_bringup' for CMake config files
[8.287s] Level 1:colcon.colcon_core.shell:create_environment_hook('ros_gz_example_bringup', 'cmake_prefix_path')
[8.287s] INFO:colcon.colcon_core.shell:Creating environment hook '/workspaces/ros2-coding/install/ros_gz_example_bringup/share/ros_gz_example_bringup/hook/cmake_prefix_path.ps1'
[8.287s] INFO:colcon.colcon_core.shell:Creating environment descriptor '/workspaces/ros2-coding/install/ros_gz_example_bringup/share/ros_gz_example_bringup/hook/cmake_prefix_path.dsv'
[8.288s] INFO:colcon.colcon_core.shell:Creating environment hook '/workspaces/ros2-coding/install/ros_gz_example_bringup/share/ros_gz_example_bringup/hook/cmake_prefix_path.sh'
[8.289s] Level 1:colcon.colcon_core.environment:checking '/workspaces/ros2-coding/install/ros_gz_example_bringup/bin'
[8.289s] Level 1:colcon.colcon_core.environment:checking '/workspaces/ros2-coding/install/ros_gz_example_bringup/lib/pkgconfig/ros_gz_example_bringup.pc'
[8.289s] Level 1:colcon.colcon_core.environment:checking '/workspaces/ros2-coding/install/ros_gz_example_bringup/lib/python3.12/site-packages'
[8.290s] Level 1:colcon.colcon_core.environment:checking '/workspaces/ros2-coding/install/ros_gz_example_bringup/bin'
[8.290s] INFO:colcon.colcon_core.shell:Creating package script '/workspaces/ros2-coding/install/ros_gz_example_bringup/share/ros_gz_example_bringup/package.ps1'
[8.291s] INFO:colcon.colcon_core.shell:Creating package descriptor '/workspaces/ros2-coding/install/ros_gz_example_bringup/share/ros_gz_example_bringup/package.dsv'
[8.292s] INFO:colcon.colcon_core.shell:Creating package script '/workspaces/ros2-coding/install/ros_gz_example_bringup/share/ros_gz_example_bringup/package.sh'
[8.293s] INFO:colcon.colcon_core.shell:Creating package script '/workspaces/ros2-coding/install/ros_gz_example_bringup/share/ros_gz_example_bringup/package.bash'
[8.293s] INFO:colcon.colcon_core.shell:Creating package script '/workspaces/ros2-coding/install/ros_gz_example_bringup/share/ros_gz_example_bringup/package.zsh'
[8.294s] Level 1:colcon.colcon_core.environment:create_file_with_runtime_dependencies(/workspaces/ros2-coding/install/ros_gz_example_bringup/share/colcon-core/packages/ros_gz_example_bringup)
[8.657s] DEBUG:colcon.colcon_core.event_handler.log_command:Invoking command in '/workspaces/ros2-coding/build/human_controller': CMAKE_PREFIX_PATH=/workspaces/ros2-coding/install/human_interfaces:/workspaces/ros2-coding/install/nao_gz_control:/workspaces/ros2-coding/install/ros2_controllers:/workspaces/ros2-coding/install/ros2_control_demos:/workspaces/ros2-coding/install/ros2_control_demo_example_3:/workspaces/ros2-coding/install/gz_ros2_control_demos:/workspaces/ros2-coding/install/velocity_controllers:/workspaces/ros2-coding/install/tricycle_steering_controller:/workspaces/ros2-coding/install/tricycle_controller:/workspaces/ros2-coding/install/ros2_control_demo_example_8:/workspaces/ros2-coding/install/ros2_control:/workspaces/ros2-coding/install/transmission_interface:/workspaces/ros2-coding/install/ros2_control_demo_example_11:/workspaces/ros2-coding/install/bicycle_steering_controller:/workspaces/ros2-coding/install/ackermann_steering_controller:/workspaces/ros2-coding/install/steering_controllers_library:/workspaces/ros2-coding/install/ros2_control_demo_example_17:/workspaces/ros2-coding/install/ros2_control_demo_example_15:/workspaces/ros2-coding/install/ros2_control_demo_example_1:/workspaces/ros2-coding/install/ros_gz_example_bringup:/workspaces/ros2-coding/install/ros_gz_example_gazebo:/workspaces/ros2-coding/install/ros_gz_example_description:/workspaces/ros2-coding/install/ros_gz_example_application:/workspaces/ros2-coding/install/ros2_control_demo_example_9:/workspaces/ros2-coding/install/ros2_control_demo_example_7:/workspaces/ros2-coding/install/ros2_control_demo_example_6:/workspaces/ros2-coding/install/ros2_control_demo_example_13:/workspaces/ros2-coding/install/ros2_control_demo_example_5:/workspaces/ros2-coding/install/ros2_control_demo_example_4:/workspaces/ros2-coding/install/ros2_control_demo_example_2:/workspaces/ros2-coding/install/ros2_control_demo_example_16:/workspaces/ros2-coding/install/ros2_control_demo_example_14:/workspaces/ros2-coding/install/ros2_control_demo_example_12:/workspaces/ros2-coding/install/ros2_control_demo_example_10:/workspaces/ros2-coding/install/hardware_interface_testing:/workspaces/ros2-coding/install/gz_ros2_control:/workspaces/ros2-coding/install/controller_manager:/workspaces/ros2-coding/install/ros2_control_test_assets:/workspaces/ros2-coding/install/ros2_control_demo_description:/workspaces/ros2-coding/install/ros2_control_cmake:/workspaces/ros2-coding/install/range_sensor_broadcaster:/workspaces/ros2-coding/install/position_controllers:/workspaces/ros2-coding/install/pose_broadcaster:/workspaces/ros2-coding/install/pid_controller:/workspaces/ros2-coding/install/parallel_gripper_controller:/workspaces/ros2-coding/install/omni_wheel_drive_controller:/workspaces/ros2-coding/install/mecanum_drive_controller:/workspaces/ros2-coding/install/joint_trajectory_controller:/workspaces/ros2-coding/install/joint_state_topic_hardware_interface:/workspaces/ros2-coding/install/joint_state_broadcaster:/workspaces/ros2-coding/install/imu_sensor_broadcaster:/workspaces/ros2-coding/install/gripper_controllers:/workspaces/ros2-coding/install/gps_sensor_broadcaster:/workspaces/ros2-coding/install/gpio_controllers:/workspaces/ros2-coding/install/effort_controllers:/workspaces/ros2-coding/install/forward_command_controller:/workspaces/ros2-coding/install/force_torque_sensor_broadcaster:/workspaces/ros2-coding/install/diff_drive_controller:/workspaces/ros2-coding/install/chained_filter_controller:/workspaces/ros2-coding/install/admittance_controller:/workspaces/ros2-coding/install/controller_interface:/workspaces/ros2-coding/install/hardware_interface:/workspaces/ros2-coding/install/joint_limits:/workspaces/ros2-coding/install/control_toolbox:/workspaces/ros2-coding/install/realtime_tools:/workspaces/ros2-coding/install/kinematics_interface_kdl:/workspaces/ros2-coding/install/kinematics_interface:/workspaces/ros2-coding/install/iw_hub_navigation:/workspaces/ros2-coding/install/isaacsim:/workspaces/ros2-coding/install/isaac_tutorials:/workspaces/ros2-coding/install/isaac_ros2_messages:/workspaces/ros2-coding/install/isaac_moveit:/workspaces/ros2-coding/install/h1_fullbody_controller:/workspaces/ros2-coding/install/gz_ros2_control_tests:/workspaces/ros2-coding/install/diff_drive_mover:/workspaces/ros2-coding/install/custom_message:/workspaces/ros2-coding/install/controller_manager_msgs:/workspaces/ros2-coding/install/control_msgs:/workspaces/ros2-coding/install/cmdvel_to_ackermann:/workspaces/ros2-coding/install/carter_navigation:/opt/ros/jazzy/opt/gz_sim_vendor:/opt/ros/jazzy/opt/gz_sensors_vendor:/opt/ros/jazzy/opt/gz_physics_vendor:/opt/ros/jazzy/opt/sdformat_vendor:/opt/ros/jazzy/opt/gz_gui_vendor:/opt/ros/jazzy/opt/gz_transport_vendor:/opt/ros/jazzy/opt/gz_rendering_vendor:/opt/ros/jazzy/opt/gz_plugin_vendor:/opt/ros/jazzy/opt/gz_fuel_tools_vendor:/opt/ros/jazzy/opt/gz_msgs_vendor:/opt/ros/jazzy/opt/gz_common_vendor:/opt/ros/jazzy/opt/gz_math_vendor:/opt/ros/jazzy/opt/gz_utils_vendor:/opt/ros/jazzy/opt/gz_tools_vendor:/opt/ros/jazzy/opt/gz_ogre_next_vendor:/opt/ros/jazzy/opt/gz_dartsim_vendor:/opt/ros/jazzy/opt/gz_cmake_vendor LD_LIBRARY_PATH=/workspaces/ros2-coding/install/human_interfaces/lib:/workspaces/ros2-coding/install/ros2_control_demo_example_3/lib:/workspaces/ros2-coding/install/velocity_controllers/lib:/workspaces/ros2-coding/install/tricycle_steering_controller/lib:/workspaces/ros2-coding/install/tricycle_controller/lib:/workspaces/ros2-coding/install/ros2_control_demo_example_8/lib:/workspaces/ros2-coding/install/transmission_interface/lib:/workspaces/ros2-coding/install/ros2_control_demo_example_11/lib:/workspaces/ros2-coding/install/bicycle_steering_controller/lib:/workspaces/ros2-coding/install/ackermann_steering_controller/lib:/workspaces/ros2-coding/install/steering_controllers_library/lib:/workspaces/ros2-coding/install/ros2_control_demo_example_17/lib:/workspaces/ros2-coding/install/ros2_control_demo_example_1/lib:/workspaces/ros2-coding/install/ros2_control_demo_example_9/lib:/workspaces/ros2-coding/install/ros2_control_demo_example_7/lib:/workspaces/ros2-coding/install/ros2_control_demo_example_6/lib:/workspaces/ros2-coding/install/ros2_control_demo_example_5/lib:/workspaces/ros2-coding/install/ros2_control_demo_example_4/lib:/workspaces/ros2-coding/install/ros2_control_demo_example_2/lib:/workspaces/ros2-coding/install/ros2_control_demo_example_16/lib:/workspaces/ros2-coding/install/ros2_control_demo_example_14/lib:/workspaces/ros2-coding/install/ros2_control_demo_example_12/lib:/workspaces/ros2-coding/install/ros2_control_demo_example_10/lib:/workspaces/ros2-coding/install/hardware_interface_testing/lib:/workspaces/ros2-coding/install/gz_ros2_control/lib:/workspaces/ros2-coding/install/controller_manager/lib:/workspaces/ros2-coding/install/ros2_control_test_assets/lib:/workspaces/ros2-coding/install/range_sensor_broadcaster/lib:/workspaces/ros2-coding/install/position_controllers/lib:/workspaces/ros2-coding/install/pose_broadcaster/lib:/workspaces/ros2-coding/install/pid_controller/lib:/workspaces/ros2-coding/install/parallel_gripper_controller/lib:/workspaces/ros2-coding/install/omni_wheel_drive_controller/lib:/workspaces/ros2-coding/install/mecanum_drive_controller/lib:/workspaces/ros2-coding/install/joint_trajectory_controller/lib:/workspaces/ros2-coding/install/joint_state_topic_hardware_interface/lib:/workspaces/ros2-coding/install/joint_state_broadcaster/lib:/workspaces/ros2-coding/install/imu_sensor_broadcaster/lib:/workspaces/ros2-coding/install/gripper_controllers/lib:/workspaces/ros2-coding/install/gps_sensor_broadcaster/lib:/workspaces/ros2-coding/install/gpio_controllers/lib:/workspaces/ros2-coding/install/effort_controllers/lib:/workspaces/ros2-coding/install/forward_command_controller/lib:/workspaces/ros2-coding/install/force_torque_sensor_broadcaster/lib:/workspaces/ros2-coding/install/diff_drive_controller/lib:/workspaces/ros2-coding/install/chained_filter_controller/lib:/workspaces/ros2-coding/install/admittance_controller/lib:/workspaces/ros2-coding/install/controller_interface/lib:/workspaces/ros2-coding/install/hardware_interface/lib:/workspaces/ros2-coding/install/joint_limits/lib:/workspaces/ros2-coding/install/control_toolbox/lib:/workspaces/ros2-coding/install/realtime_tools/lib:/workspaces/ros2-coding/install/kinematics_interface_kdl/lib:/workspaces/ros2-coding/install/kinematics_interface/lib:/workspaces/ros2-coding/install/isaac_ros2_messages/lib:/workspaces/ros2-coding/install/custom_message/lib:/workspaces/ros2-coding/install/controller_manager_msgs/lib:/workspaces/ros2-coding/install/control_msgs/lib:/opt/ros/jazzy/opt/gz_sim_vendor/lib:/opt/ros/jazzy/opt/gz_sensors_vendor/lib:/opt/ros/jazzy/opt/gz_physics_vendor/lib:/opt/ros/jazzy/opt/sdformat_vendor/lib:/opt/ros/jazzy/opt/rviz_ogre_vendor/lib:/opt/ros/jazzy/lib/x86_64-linux-gnu:/opt/ros/jazzy/opt/gz_gui_vendor/lib:/opt/ros/jazzy/opt/gz_transport_vendor/lib:/opt/ros/jazzy/opt/gz_rendering_vendor/lib:/opt/ros/jazzy/opt/gz_plugin_vendor/lib:/opt/ros/jazzy/opt/gz_fuel_tools_vendor/lib:/opt/ros/jazzy/opt/gz_msgs_vendor/lib:/opt/ros/jazzy/opt/gz_common_vendor/lib:/opt/ros/jazzy/opt/gz_math_vendor/lib:/opt/ros/jazzy/opt/gz_utils_vendor/lib:/opt/ros/jazzy/opt/gz_tools_vendor/lib:/opt/ros/jazzy/opt/gz_ogre_next_vendor/lib:/opt/ros/jazzy/opt/gz_dartsim_vendor/lib:/opt/ros/jazzy/opt/gz_cmake_vendor/lib:/opt/ros/jazzy/lib PYTHONPATH=/workspaces/ros2-coding/build/human_controller/prefix_override:/usr/lib/python3/dist-packages/colcon_core/task/python/colcon_distutils_commands:/workspaces/ros2-coding/install/human_controller/lib/python3.12/site-packages:/workspaces/ros2-coding/install/human_interfaces/lib/python3.12/site-packages:/workspaces/ros2-coding/build/rqt_joint_trajectory_controller:/workspaces/ros2-coding/install/rqt_joint_trajectory_controller/lib/python3.12/site-packages:/workspaces/ros2-coding/build/rqt_controller_manager:/workspaces/ros2-coding/install/rqt_controller_manager/lib/python3.12/site-packages:/workspaces/ros2-coding/build/ros2controlcli:/workspaces/ros2-coding/install/ros2controlcli/lib/python3.12/site-packages:/workspaces/ros2-coding/build/ros2_controllers_test_nodes:/workspaces/ros2-coding/install/ros2_controllers_test_nodes/lib/python3.12/site-packages:/workspaces/ros2-coding/install/controller_manager/lib/python3.12/site-packages:/workspaces/ros2-coding/build/my_turtlesim:/workspaces/ros2-coding/install/my_turtlesim/lib/python3.12/site-packages:/workspaces/ros2-coding/build/issac_sim:/workspaces/ros2-coding/install/issac_sim/lib/python3.12/site-packages:/workspaces/ros2-coding/build/isaac_ros_navigation_goal:/workspaces/ros2-coding/install/isaac_ros_navigation_goal/lib/python3.12/site-packages:/workspaces/ros2-coding/install/isaac_ros2_messages/lib/python3.12/site-packages:/workspaces/ros2-coding/build/human_controller:/workspaces/ros2-coding/install/human_controller/lib/python3.12/site-packages:/workspaces/ros2-coding/install/custom_message/lib/python3.12/site-packages:/workspaces/ros2-coding/install/controller_manager_msgs/lib/python3.12/site-packages:/workspaces/ros2-coding/install/control_msgs/lib/python3.12/site-packages:/opt/ros/jazzy/lib/python3.12/site-packages /usr/bin/python3 -W ignore:setup.py install is deprecated -W ignore:easy_install command is deprecated setup.py develop --editable --build-directory /workspaces/ros2-coding/build/human_controller/build --no-deps symlink_data
[9.075s] Level 1:colcon.colcon_core.shell:create_environment_hook('my_turtlesim', 'pythonpath_develop')
[9.075s] DEBUG:colcon.colcon_core.event_handler.log_command:Invoked command in '/workspaces/ros2-coding/build/my_turtlesim' returned '0': PYTHONPATH=/workspaces/ros2-coding/build/my_turtlesim/prefix_override:/usr/lib/python3/dist-packages/colcon_core/task/python/colcon_distutils_commands:/workspaces/ros2-coding/install/my_turtlesim/lib/python3.12/site-packages:${PYTHONPATH} /usr/bin/python3 -W ignore:setup.py install is deprecated -W ignore:easy_install command is deprecated setup.py develop --editable --build-directory /workspaces/ros2-coding/build/my_turtlesim/build --no-deps symlink_data
[9.076s] INFO:colcon.colcon_core.shell:Creating environment hook '/workspaces/ros2-coding/build/my_turtlesim/share/my_turtlesim/hook/pythonpath_develop.ps1'
[9.077s] INFO:colcon.colcon_core.shell:Creating environment descriptor '/workspaces/ros2-coding/build/my_turtlesim/share/my_turtlesim/hook/pythonpath_develop.dsv'
[9.077s] INFO:colcon.colcon_core.shell:Creating environment hook '/workspaces/ros2-coding/build/my_turtlesim/share/my_turtlesim/hook/pythonpath_develop.sh'
[9.079s] Level 1:colcon.colcon_core.environment:checking '/workspaces/ros2-coding/install/my_turtlesim' for CMake module files
[9.082s] Level 1:colcon.colcon_core.environment:checking '/workspaces/ros2-coding/install/my_turtlesim' for CMake config files
[9.083s] Level 1:colcon.colcon_core.environment:checking '/workspaces/ros2-coding/install/my_turtlesim/lib'
[9.083s] Level 1:colcon.colcon_core.environment:checking '/workspaces/ros2-coding/install/my_turtlesim/bin'
[9.083s] Level 1:colcon.colcon_core.environment:checking '/workspaces/ros2-coding/install/my_turtlesim/lib/pkgconfig/my_turtlesim.pc'
[9.083s] Level 1:colcon.colcon_core.environment:checking '/workspaces/ros2-coding/install/my_turtlesim/lib/python3.12/site-packages'
[9.083s] Level 1:colcon.colcon_core.shell:create_environment_hook('my_turtlesim', 'pythonpath')
[9.084s] INFO:colcon.colcon_core.shell:Creating environment hook '/workspaces/ros2-coding/install/my_turtlesim/share/my_turtlesim/hook/pythonpath.ps1'
[9.085s] INFO:colcon.colcon_core.shell:Creating environment descriptor '/workspaces/ros2-coding/install/my_turtlesim/share/my_turtlesim/hook/pythonpath.dsv'
[9.085s] INFO:colcon.colcon_core.shell:Creating environment hook '/workspaces/ros2-coding/install/my_turtlesim/share/my_turtlesim/hook/pythonpath.sh'
[9.086s] Level 1:colcon.colcon_core.environment:checking '/workspaces/ros2-coding/install/my_turtlesim/bin'
[9.086s] Level 1:colcon.colcon_core.environment:create_environment_scripts_only(my_turtlesim)
[9.087s] INFO:colcon.colcon_core.shell:Creating package script '/workspaces/ros2-coding/install/my_turtlesim/share/my_turtlesim/package.ps1'
[9.088s] INFO:colcon.colcon_core.shell:Creating package descriptor '/workspaces/ros2-coding/install/my_turtlesim/share/my_turtlesim/package.dsv'
[9.088s] INFO:colcon.colcon_core.shell:Creating package script '/workspaces/ros2-coding/install/my_turtlesim/share/my_turtlesim/package.sh'
[9.089s] INFO:colcon.colcon_core.shell:Creating package script '/workspaces/ros2-coding/install/my_turtlesim/share/my_turtlesim/package.bash'
[9.090s] INFO:colcon.colcon_core.shell:Creating package script '/workspaces/ros2-coding/install/my_turtlesim/share/my_turtlesim/package.zsh'
[9.090s] Level 1:colcon.colcon_core.environment:create_file_with_runtime_dependencies(/workspaces/ros2-coding/install/my_turtlesim/share/colcon-core/packages/my_turtlesim)
[10.142s] Level 1:colcon.colcon_core.shell:create_environment_hook('human_controller', 'pythonpath_develop')
[10.142s] INFO:colcon.colcon_core.shell:Creating environment hook '/workspaces/ros2-coding/build/human_controller/share/human_controller/hook/pythonpath_develop.ps1'
[10.144s] DEBUG:colcon.colcon_core.event_handler.log_command:Invoked command in '/workspaces/ros2-coding/build/human_controller' returned '0': CMAKE_PREFIX_PATH=/workspaces/ros2-coding/install/human_interfaces:/workspaces/ros2-coding/install/nao_gz_control:/workspaces/ros2-coding/install/ros2_controllers:/workspaces/ros2-coding/install/ros2_control_demos:/workspaces/ros2-coding/install/ros2_control_demo_example_3:/workspaces/ros2-coding/install/gz_ros2_control_demos:/workspaces/ros2-coding/install/velocity_controllers:/workspaces/ros2-coding/install/tricycle_steering_controller:/workspaces/ros2-coding/install/tricycle_controller:/workspaces/ros2-coding/install/ros2_control_demo_example_8:/workspaces/ros2-coding/install/ros2_control:/workspaces/ros2-coding/install/transmission_interface:/workspaces/ros2-coding/install/ros2_control_demo_example_11:/workspaces/ros2-coding/install/bicycle_steering_controller:/workspaces/ros2-coding/install/ackermann_steering_controller:/workspaces/ros2-coding/install/steering_controllers_library:/workspaces/ros2-coding/install/ros2_control_demo_example_17:/workspaces/ros2-coding/install/ros2_control_demo_example_15:/workspaces/ros2-coding/install/ros2_control_demo_example_1:/workspaces/ros2-coding/install/ros_gz_example_bringup:/workspaces/ros2-coding/install/ros_gz_example_gazebo:/workspaces/ros2-coding/install/ros_gz_example_description:/workspaces/ros2-coding/install/ros_gz_example_application:/workspaces/ros2-coding/install/ros2_control_demo_example_9:/workspaces/ros2-coding/install/ros2_control_demo_example_7:/workspaces/ros2-coding/install/ros2_control_demo_example_6:/workspaces/ros2-coding/install/ros2_control_demo_example_13:/workspaces/ros2-coding/install/ros2_control_demo_example_5:/workspaces/ros2-coding/install/ros2_control_demo_example_4:/workspaces/ros2-coding/install/ros2_control_demo_example_2:/workspaces/ros2-coding/install/ros2_control_demo_example_16:/workspaces/ros2-coding/install/ros2_control_demo_example_14:/workspaces/ros2-coding/install/ros2_control_demo_example_12:/workspaces/ros2-coding/install/ros2_control_demo_example_10:/workspaces/ros2-coding/install/hardware_interface_testing:/workspaces/ros2-coding/install/gz_ros2_control:/workspaces/ros2-coding/install/controller_manager:/workspaces/ros2-coding/install/ros2_control_test_assets:/workspaces/ros2-coding/install/ros2_control_demo_description:/workspaces/ros2-coding/install/ros2_control_cmake:/workspaces/ros2-coding/install/range_sensor_broadcaster:/workspaces/ros2-coding/install/position_controllers:/workspaces/ros2-coding/install/pose_broadcaster:/workspaces/ros2-coding/install/pid_controller:/workspaces/ros2-coding/install/parallel_gripper_controller:/workspaces/ros2-coding/install/omni_wheel_drive_controller:/workspaces/ros2-coding/install/mecanum_drive_controller:/workspaces/ros2-coding/install/joint_trajectory_controller:/workspaces/ros2-coding/install/joint_state_topic_hardware_interface:/workspaces/ros2-coding/install/joint_state_broadcaster:/workspaces/ros2-coding/install/imu_sensor_broadcaster:/workspaces/ros2-coding/install/gripper_controllers:/workspaces/ros2-coding/install/gps_sensor_broadcaster:/workspaces/ros2-coding/install/gpio_controllers:/workspaces/ros2-coding/install/effort_controllers:/workspaces/ros2-coding/install/forward_command_controller:/workspaces/ros2-coding/install/force_torque_sensor_broadcaster:/workspaces/ros2-coding/install/diff_drive_controller:/workspaces/ros2-coding/install/chained_filter_controller:/workspaces/ros2-coding/install/admittance_controller:/workspaces/ros2-coding/install/controller_interface:/workspaces/ros2-coding/install/hardware_interface:/workspaces/ros2-coding/install/joint_limits:/workspaces/ros2-coding/install/control_toolbox:/workspaces/ros2-coding/install/realtime_tools:/workspaces/ros2-coding/install/kinematics_interface_kdl:/workspaces/ros2-coding/install/kinematics_interface:/workspaces/ros2-coding/install/iw_hub_navigation:/workspaces/ros2-coding/install/isaacsim:/workspaces/ros2-coding/install/isaac_tutorials:/workspaces/ros2-coding/install/isaac_ros2_messages:/workspaces/ros2-coding/install/isaac_moveit:/workspaces/ros2-coding/install/h1_fullbody_controller:/workspaces/ros2-coding/install/gz_ros2_control_tests:/workspaces/ros2-coding/install/diff_drive_mover:/workspaces/ros2-coding/install/custom_message:/workspaces/ros2-coding/install/controller_manager_msgs:/workspaces/ros2-coding/install/control_msgs:/workspaces/ros2-coding/install/cmdvel_to_ackermann:/workspaces/ros2-coding/install/carter_navigation:/opt/ros/jazzy/opt/gz_sim_vendor:/opt/ros/jazzy/opt/gz_sensors_vendor:/opt/ros/jazzy/opt/gz_physics_vendor:/opt/ros/jazzy/opt/sdformat_vendor:/opt/ros/jazzy/opt/gz_gui_vendor:/opt/ros/jazzy/opt/gz_transport_vendor:/opt/ros/jazzy/opt/gz_rendering_vendor:/opt/ros/jazzy/opt/gz_plugin_vendor:/opt/ros/jazzy/opt/gz_fuel_tools_vendor:/opt/ros/jazzy/opt/gz_msgs_vendor:/opt/ros/jazzy/opt/gz_common_vendor:/opt/ros/jazzy/opt/gz_math_vendor:/opt/ros/jazzy/opt/gz_utils_vendor:/opt/ros/jazzy/opt/gz_tools_vendor:/opt/ros/jazzy/opt/gz_ogre_next_vendor:/opt/ros/jazzy/opt/gz_dartsim_vendor:/opt/ros/jazzy/opt/gz_cmake_vendor LD_LIBRARY_PATH=/workspaces/ros2-coding/install/human_interfaces/lib:/workspaces/ros2-coding/install/ros2_control_demo_example_3/lib:/workspaces/ros2-coding/install/velocity_controllers/lib:/workspaces/ros2-coding/install/tricycle_steering_controller/lib:/workspaces/ros2-coding/install/tricycle_controller/lib:/workspaces/ros2-coding/install/ros2_control_demo_example_8/lib:/workspaces/ros2-coding/install/transmission_interface/lib:/workspaces/ros2-coding/install/ros2_control_demo_example_11/lib:/workspaces/ros2-coding/install/bicycle_steering_controller/lib:/workspaces/ros2-coding/install/ackermann_steering_controller/lib:/workspaces/ros2-coding/install/steering_controllers_library/lib:/workspaces/ros2-coding/install/ros2_control_demo_example_17/lib:/workspaces/ros2-coding/install/ros2_control_demo_example_1/lib:/workspaces/ros2-coding/install/ros2_control_demo_example_9/lib:/workspaces/ros2-coding/install/ros2_control_demo_example_7/lib:/workspaces/ros2-coding/install/ros2_control_demo_example_6/lib:/workspaces/ros2-coding/install/ros2_control_demo_example_5/lib:/workspaces/ros2-coding/install/ros2_control_demo_example_4/lib:/workspaces/ros2-coding/install/ros2_control_demo_example_2/lib:/workspaces/ros2-coding/install/ros2_control_demo_example_16/lib:/workspaces/ros2-coding/install/ros2_control_demo_example_14/lib:/workspaces/ros2-coding/install/ros2_control_demo_example_12/lib:/workspaces/ros2-coding/install/ros2_control_demo_example_10/lib:/workspaces/ros2-coding/install/hardware_interface_testing/lib:/workspaces/ros2-coding/install/gz_ros2_control/lib:/workspaces/ros2-coding/install/controller_manager/lib:/workspaces/ros2-coding/install/ros2_control_test_assets/lib:/workspaces/ros2-coding/install/range_sensor_broadcaster/lib:/workspaces/ros2-coding/install/position_controllers/lib:/workspaces/ros2-coding/install/pose_broadcaster/lib:/workspaces/ros2-coding/install/pid_controller/lib:/workspaces/ros2-coding/install/parallel_gripper_controller/lib:/workspaces/ros2-coding/install/omni_wheel_drive_controller/lib:/workspaces/ros2-coding/install/mecanum_drive_controller/lib:/workspaces/ros2-coding/install/joint_trajectory_controller/lib:/workspaces/ros2-coding/install/joint_state_topic_hardware_interface/lib:/workspaces/ros2-coding/install/joint_state_broadcaster/lib:/workspaces/ros2-coding/install/imu_sensor_broadcaster/lib:/workspaces/ros2-coding/install/gripper_controllers/lib:/workspaces/ros2-coding/install/gps_sensor_broadcaster/lib:/workspaces/ros2-coding/install/gpio_controllers/lib:/workspaces/ros2-coding/install/effort_controllers/lib:/workspaces/ros2-coding/install/forward_command_controller/lib:/workspaces/ros2-coding/install/force_torque_sensor_broadcaster/lib:/workspaces/ros2-coding/install/diff_drive_controller/lib:/workspaces/ros2-coding/install/chained_filter_controller/lib:/workspaces/ros2-coding/install/admittance_controller/lib:/workspaces/ros2-coding/install/controller_interface/lib:/workspaces/ros2-coding/install/hardware_interface/lib:/workspaces/ros2-coding/install/joint_limits/lib:/workspaces/ros2-coding/install/control_toolbox/lib:/workspaces/ros2-coding/install/realtime_tools/lib:/workspaces/ros2-coding/install/kinematics_interface_kdl/lib:/workspaces/ros2-coding/install/kinematics_interface/lib:/workspaces/ros2-coding/install/isaac_ros2_messages/lib:/workspaces/ros2-coding/install/custom_message/lib:/workspaces/ros2-coding/install/controller_manager_msgs/lib:/workspaces/ros2-coding/install/control_msgs/lib:/opt/ros/jazzy/opt/gz_sim_vendor/lib:/opt/ros/jazzy/opt/gz_sensors_vendor/lib:/opt/ros/jazzy/opt/gz_physics_vendor/lib:/opt/ros/jazzy/opt/sdformat_vendor/lib:/opt/ros/jazzy/opt/rviz_ogre_vendor/lib:/opt/ros/jazzy/lib/x86_64-linux-gnu:/opt/ros/jazzy/opt/gz_gui_vendor/lib:/opt/ros/jazzy/opt/gz_transport_vendor/lib:/opt/ros/jazzy/opt/gz_rendering_vendor/lib:/opt/ros/jazzy/opt/gz_plugin_vendor/lib:/opt/ros/jazzy/opt/gz_fuel_tools_vendor/lib:/opt/ros/jazzy/opt/gz_msgs_vendor/lib:/opt/ros/jazzy/opt/gz_common_vendor/lib:/opt/ros/jazzy/opt/gz_math_vendor/lib:/opt/ros/jazzy/opt/gz_utils_vendor/lib:/opt/ros/jazzy/opt/gz_tools_vendor/lib:/opt/ros/jazzy/opt/gz_ogre_next_vendor/lib:/opt/ros/jazzy/opt/gz_dartsim_vendor/lib:/opt/ros/jazzy/opt/gz_cmake_vendor/lib:/opt/ros/jazzy/lib PYTHONPATH=/workspaces/ros2-coding/build/human_controller/prefix_override:/usr/lib/python3/dist-packages/colcon_core/task/python/colcon_distutils_commands:/workspaces/ros2-coding/install/human_controller/lib/python3.12/site-packages:/workspaces/ros2-coding/install/human_interfaces/lib/python3.12/site-packages:/workspaces/ros2-coding/build/rqt_joint_trajectory_controller:/workspaces/ros2-coding/install/rqt_joint_trajectory_controller/lib/python3.12/site-packages:/workspaces/ros2-coding/build/rqt_controller_manager:/workspaces/ros2-coding/install/rqt_controller_manager/lib/python3.12/site-packages:/workspaces/ros2-coding/build/ros2controlcli:/workspaces/ros2-coding/install/ros2controlcli/lib/python3.12/site-packages:/workspaces/ros2-coding/build/ros2_controllers_test_nodes:/workspaces/ros2-coding/install/ros2_controllers_test_nodes/lib/python3.12/site-packages:/workspaces/ros2-coding/install/controller_manager/lib/python3.12/site-packages:/workspaces/ros2-coding/build/my_turtlesim:/workspaces/ros2-coding/install/my_turtlesim/lib/python3.12/site-packages:/workspaces/ros2-coding/build/issac_sim:/workspaces/ros2-coding/install/issac_sim/lib/python3.12/site-packages:/workspaces/ros2-coding/build/isaac_ros_navigation_goal:/workspaces/ros2-coding/install/isaac_ros_navigation_goal/lib/python3.12/site-packages:/workspaces/ros2-coding/install/isaac_ros2_messages/lib/python3.12/site-packages:/workspaces/ros2-coding/build/human_controller:/workspaces/ros2-coding/install/human_controller/lib/python3.12/site-packages:/workspaces/ros2-coding/install/custom_message/lib/python3.12/site-packages:/workspaces/ros2-coding/install/controller_manager_msgs/lib/python3.12/site-packages:/workspaces/ros2-coding/install/control_msgs/lib/python3.12/site-packages:/opt/ros/jazzy/lib/python3.12/site-packages /usr/bin/python3 -W ignore:setup.py install is deprecated -W ignore:easy_install command is deprecated setup.py develop --editable --build-directory /workspaces/ros2-coding/build/human_controller/build --no-deps symlink_data
[10.144s] INFO:colcon.colcon_core.shell:Creating environment descriptor '/workspaces/ros2-coding/build/human_controller/share/human_controller/hook/pythonpath_develop.dsv'
[10.147s] INFO:colcon.colcon_core.shell:Creating environment hook '/workspaces/ros2-coding/build/human_controller/share/human_controller/hook/pythonpath_develop.sh'
[10.148s] Level 1:colcon.colcon_core.environment:checking '/workspaces/ros2-coding/install/human_controller' for CMake module files
[10.149s] Level 1:colcon.colcon_core.environment:checking '/workspaces/ros2-coding/install/human_controller' for CMake config files
[10.150s] Level 1:colcon.colcon_core.environment:checking '/workspaces/ros2-coding/install/human_controller/lib'
[10.151s] Level 1:colcon.colcon_core.environment:checking '/workspaces/ros2-coding/install/human_controller/bin'
[10.151s] Level 1:colcon.colcon_core.environment:checking '/workspaces/ros2-coding/install/human_controller/lib/pkgconfig/human_controller.pc'
[10.151s] Level 1:colcon.colcon_core.environment:checking '/workspaces/ros2-coding/install/human_controller/lib/python3.12/site-packages'
[10.151s] Level 1:colcon.colcon_core.shell:create_environment_hook('human_controller', 'pythonpath')
[10.152s] INFO:colcon.colcon_core.shell:Creating environment hook '/workspaces/ros2-coding/install/human_controller/share/human_controller/hook/pythonpath.ps1'
[10.153s] INFO:colcon.colcon_core.shell:Creating environment descriptor '/workspaces/ros2-coding/install/human_controller/share/human_controller/hook/pythonpath.dsv'
[10.154s] INFO:colcon.colcon_core.shell:Creating environment hook '/workspaces/ros2-coding/install/human_controller/share/human_controller/hook/pythonpath.sh'
[10.155s] Level 1:colcon.colcon_core.environment:checking '/workspaces/ros2-coding/install/human_controller/bin'
[10.155s] Level 1:colcon.colcon_core.environment:create_environment_scripts_only(human_controller)
[10.155s] INFO:colcon.colcon_core.shell:Creating package script '/workspaces/ros2-coding/install/human_controller/share/human_controller/package.ps1'
[10.156s] INFO:colcon.colcon_core.shell:Creating package descriptor '/workspaces/ros2-coding/install/human_controller/share/human_controller/package.dsv'
[10.157s] INFO:colcon.colcon_core.shell:Creating package script '/workspaces/ros2-coding/install/human_controller/share/human_controller/package.sh'
[10.158s] INFO:colcon.colcon_core.shell:Creating package script '/workspaces/ros2-coding/install/human_controller/share/human_controller/package.bash'
[10.159s] INFO:colcon.colcon_core.shell:Creating package script '/workspaces/ros2-coding/install/human_controller/share/human_controller/package.zsh'
[10.159s] Level 1:colcon.colcon_core.environment:create_file_with_runtime_dependencies(/workspaces/ros2-coding/install/human_controller/share/colcon-core/packages/human_controller)
[10.160s] DEBUG:colcon.colcon_parallel_executor.executor.parallel:closing loop
[10.161s] DEBUG:colcon.colcon_parallel_executor.executor.parallel:loop closed
[10.161s] DEBUG:colcon.colcon_parallel_executor.executor.parallel:run_until_complete finished with '0'
[10.161s] DEBUG:colcon.colcon_core.event_reactor:joining thread
[10.175s] INFO:colcon.colcon_core.plugin_system:Skipping extension 'colcon_notification.desktop_notification.notify_send': Could not find 'notify-send'
[10.175s] INFO:colcon.colcon_core.plugin_system:Skipping extension 'colcon_notification.desktop_notification.terminal_notifier': Not used on non-Darwin systems
[10.175s] INFO:colcon.colcon_core.plugin_system:Skipping extension 'colcon_notification.desktop_notification.win32': Not used on non-Windows systems
[10.176s] INFO:colcon.colcon_notification.desktop_notification:Sending desktop notification using 'notify2'
[10.189s] DEBUG:colcon.colcon_notification.desktop_notification.notify2:Failed to initialize notify2: org.freedesktop.DBus.Error.ServiceUnknown: The name org.freedesktop.Notifications was not provided by any .service files
[10.190s] DEBUG:colcon.colcon_core.event_reactor:joined thread
[10.191s] INFO:colcon.colcon_core.shell:Creating prefix script '/workspaces/ros2-coding/install/local_setup.ps1'
[10.193s] INFO:colcon.colcon_core.shell:Creating prefix util module '/workspaces/ros2-coding/install/_local_setup_util_ps1.py'
[10.195s] INFO:colcon.colcon_core.shell:Creating prefix chain script '/workspaces/ros2-coding/install/setup.ps1'
[10.205s] INFO:colcon.colcon_core.shell:Creating prefix script '/workspaces/ros2-coding/install/local_setup.sh'
[10.206s] INFO:colcon.colcon_core.shell:Creating prefix util module '/workspaces/ros2-coding/install/_local_setup_util_sh.py'
[10.207s] INFO:colcon.colcon_core.shell:Creating prefix chain script '/workspaces/ros2-coding/install/setup.sh'
[10.221s] INFO:colcon.colcon_core.shell:Creating prefix script '/workspaces/ros2-coding/install/local_setup.bash'
[10.222s] INFO:colcon.colcon_core.shell:Creating prefix chain script '/workspaces/ros2-coding/install/setup.bash'
[10.233s] INFO:colcon.colcon_core.shell:Creating prefix script '/workspaces/ros2-coding/install/local_setup.zsh'
[10.234s] INFO:colcon.colcon_core.shell:Creating prefix chain script '/workspaces/ros2-coding/install/setup.zsh'
