[0.163s] DEBUG:colcon:Command line arguments: ['/usr/bin/colcon', 'build', '--symlink-install']
[0.163s] DEBUG:colcon:Parsed command line arguments: Namespace(log_base=None, log_level=None, verb_name='build', build_base='build', install_base='install', merge_install=False, symlink_install=True, test_result_base=None, continue_on_error=False, executor='parallel', parallel_workers=4, event_handlers=None, ignore_user_meta=False, metas=['./colcon.meta'], base_paths=['.'], packages_ignore=None, packages_ignore_regex=None, paths=None, packages_up_to=None, packages_up_to_regex=None, packages_above=None, packages_above_and_dependencies=None, packages_above_depth=None, packages_select_by_dep=None, packages_skip_by_dep=None, packages_skip_up_to=None, packages_select_build_failed=False, packages_skip_build_finished=False, packages_select_test_failures=False, packages_skip_test_passed=False, packages_select=None, packages_skip=None, packages_select_regex=None, packages_skip_regex=None, packages_start=None, packages_end=None, cmake_args=None, cmake_target=None, cmake_target_skip_unavailable=False, cmake_clean_cache=False, cmake_clean_first=False, cmake_force_configure=False, ament_cmake_args=None, catkin_cmake_args=None, catkin_skip_building_tests=False, mixin_files=None, mixin=None, verb_parser=<colcon_mixin.mixin.mixin_argument.MixinArgumentDecorator object at 0x7fba37728680>, verb_extension=<colcon_core.verb.build.BuildVerb object at 0x7fba37728260>, main=<bound method BuildVerb.main of <colcon_core.verb.build.BuildVerb object at 0x7fba37728260>>, mixin_verb=('build',))
[0.216s] Level 1:colcon.colcon_core.package_discovery:discover_packages(colcon_meta) check parameters
[0.217s] INFO:colcon.colcon_metadata.package_discovery.colcon_meta:Using configuration from '/root/.colcon/metadata/default/Gazebo.meta'
[0.218s] INFO:colcon.colcon_metadata.package_discovery.colcon_meta:Using configuration from '/root/.colcon/metadata/default/fastdds.meta'
[0.218s] INFO:colcon.colcon_metadata.package_discovery.colcon_meta:Using configuration from '/root/.colcon/metadata/default/fastrtps.meta'
[0.218s] Level 1:colcon.colcon_core.package_discovery:discover_packages(recursive) check parameters
[0.218s] Level 1:colcon.colcon_core.package_discovery:discover_packages(ignore) check parameters
[0.218s] Level 1:colcon.colcon_core.package_discovery:discover_packages(path) check parameters
[0.218s] Level 1:colcon.colcon_core.package_discovery:discover_packages(colcon_meta) discover
[0.218s] Level 1:colcon.colcon_core.package_discovery:discover_packages(recursive) discover
[0.218s] INFO:colcon.colcon_core.package_discovery:Crawling recursively for packages in '/workspaces/ros2-coding'
[0.218s] Level 1:colcon.colcon_core.package_identification:_identify(.) by extensions ['ignore', 'ignore_ament_install']
[0.219s] Level 1:colcon.colcon_core.package_identification:_identify(.) by extension 'ignore'
[0.219s] Level 1:colcon.colcon_core.package_identification:_identify(.) by extension 'ignore_ament_install'
[0.219s] Level 1:colcon.colcon_core.package_identification:_identify(.) by extensions ['colcon_pkg']
[0.219s] Level 1:colcon.colcon_core.package_identification:_identify(.) by extension 'colcon_pkg'
[0.219s] Level 1:colcon.colcon_core.package_identification:_identify(.) by extensions ['colcon_meta']
[0.219s] Level 1:colcon.colcon_core.package_identification:_identify(.) by extension 'colcon_meta'
[0.219s] Level 1:colcon.colcon_core.package_identification:_identify(.) by extensions ['ros']
[0.219s] Level 1:colcon.colcon_core.package_identification:_identify(.) by extension 'ros'
[0.252s] Level 1:colcon.colcon_core.package_identification:_identify(.) by extensions ['cmake', 'python']
[0.253s] Level 1:colcon.colcon_core.package_identification:_identify(.) by extension 'cmake'
[0.253s] Level 1:colcon.colcon_core.package_identification:_identify(.) by extension 'python'
[0.253s] Level 1:colcon.colcon_core.package_identification:_identify(.) by extensions ['python_setup_py']
[0.253s] Level 1:colcon.colcon_core.package_identification:_identify(.) by extension 'python_setup_py'
[0.253s] Level 1:colcon.colcon_core.package_identification:_identify(build) by extensions ['ignore', 'ignore_ament_install']
[0.253s] Level 1:colcon.colcon_core.package_identification:_identify(build) by extension 'ignore'
[0.253s] Level 1:colcon.colcon_core.package_identification:_identify(build) ignored
[0.253s] Level 1:colcon.colcon_core.package_identification:_identify(docker) by extensions ['ignore', 'ignore_ament_install']
[0.254s] Level 1:colcon.colcon_core.package_identification:_identify(docker) by extension 'ignore'
[0.254s] Level 1:colcon.colcon_core.package_identification:_identify(docker) by extension 'ignore_ament_install'
[0.254s] Level 1:colcon.colcon_core.package_identification:_identify(docker) by extensions ['colcon_pkg']
[0.254s] Level 1:colcon.colcon_core.package_identification:_identify(docker) by extension 'colcon_pkg'
[0.254s] Level 1:colcon.colcon_core.package_identification:_identify(docker) by extensions ['colcon_meta']
[0.254s] Level 1:colcon.colcon_core.package_identification:_identify(docker) by extension 'colcon_meta'
[0.254s] Level 1:colcon.colcon_core.package_identification:_identify(docker) by extensions ['ros']
[0.254s] Level 1:colcon.colcon_core.package_identification:_identify(docker) by extension 'ros'
[0.254s] Level 1:colcon.colcon_core.package_identification:_identify(docker) by extensions ['cmake', 'python']
[0.254s] Level 1:colcon.colcon_core.package_identification:_identify(docker) by extension 'cmake'
[0.254s] Level 1:colcon.colcon_core.package_identification:_identify(docker) by extension 'python'
[0.254s] Level 1:colcon.colcon_core.package_identification:_identify(docker) by extensions ['python_setup_py']
[0.254s] Level 1:colcon.colcon_core.package_identification:_identify(docker) by extension 'python_setup_py'
[0.255s] Level 1:colcon.colcon_core.package_identification:_identify(install) by extensions ['ignore', 'ignore_ament_install']
[0.255s] Level 1:colcon.colcon_core.package_identification:_identify(install) by extension 'ignore'
[0.255s] Level 1:colcon.colcon_core.package_identification:_identify(install) ignored
[0.255s] Level 1:colcon.colcon_core.package_identification:_identify(jazzy_ws) by extensions ['ignore', 'ignore_ament_install']
[0.255s] Level 1:colcon.colcon_core.package_identification:_identify(jazzy_ws) by extension 'ignore'
[0.255s] Level 1:colcon.colcon_core.package_identification:_identify(jazzy_ws) by extension 'ignore_ament_install'
[0.255s] Level 1:colcon.colcon_core.package_identification:_identify(jazzy_ws) by extensions ['colcon_pkg']
[0.255s] Level 1:colcon.colcon_core.package_identification:_identify(jazzy_ws) by extension 'colcon_pkg'
[0.255s] Level 1:colcon.colcon_core.package_identification:_identify(jazzy_ws) by extensions ['colcon_meta']
[0.255s] Level 1:colcon.colcon_core.package_identification:_identify(jazzy_ws) by extension 'colcon_meta'
[0.255s] Level 1:colcon.colcon_core.package_identification:_identify(jazzy_ws) by extensions ['ros']
[0.256s] Level 1:colcon.colcon_core.package_identification:_identify(jazzy_ws) by extension 'ros'
[0.256s] Level 1:colcon.colcon_core.package_identification:_identify(jazzy_ws) by extensions ['cmake', 'python']
[0.256s] Level 1:colcon.colcon_core.package_identification:_identify(jazzy_ws) by extension 'cmake'
[0.256s] Level 1:colcon.colcon_core.package_identification:_identify(jazzy_ws) by extension 'python'
[0.256s] Level 1:colcon.colcon_core.package_identification:_identify(jazzy_ws) by extensions ['python_setup_py']
[0.256s] Level 1:colcon.colcon_core.package_identification:_identify(jazzy_ws) by extension 'python_setup_py'
[0.256s] Level 1:colcon.colcon_core.package_identification:_identify(jazzy_ws/src) by extensions ['ignore', 'ignore_ament_install']
[0.256s] Level 1:colcon.colcon_core.package_identification:_identify(jazzy_ws/src) by extension 'ignore'
[0.256s] Level 1:colcon.colcon_core.package_identification:_identify(jazzy_ws/src) by extension 'ignore_ament_install'
[0.256s] Level 1:colcon.colcon_core.package_identification:_identify(jazzy_ws/src) by extensions ['colcon_pkg']
[0.256s] Level 1:colcon.colcon_core.package_identification:_identify(jazzy_ws/src) by extension 'colcon_pkg'
[0.256s] Level 1:colcon.colcon_core.package_identification:_identify(jazzy_ws/src) by extensions ['colcon_meta']
[0.257s] Level 1:colcon.colcon_core.package_identification:_identify(jazzy_ws/src) by extension 'colcon_meta'
[0.257s] Level 1:colcon.colcon_core.package_identification:_identify(jazzy_ws/src) by extensions ['ros']
[0.257s] Level 1:colcon.colcon_core.package_identification:_identify(jazzy_ws/src) by extension 'ros'
[0.257s] Level 1:colcon.colcon_core.package_identification:_identify(jazzy_ws/src) by extensions ['cmake', 'python']
[0.257s] Level 1:colcon.colcon_core.package_identification:_identify(jazzy_ws/src) by extension 'cmake'
[0.257s] Level 1:colcon.colcon_core.package_identification:_identify(jazzy_ws/src) by extension 'python'
[0.257s] Level 1:colcon.colcon_core.package_identification:_identify(jazzy_ws/src) by extensions ['python_setup_py']
[0.257s] Level 1:colcon.colcon_core.package_identification:_identify(jazzy_ws/src) by extension 'python_setup_py'
[0.257s] Level 1:colcon.colcon_core.package_identification:_identify(jazzy_ws/src/ackermann_control) by extensions ['ignore', 'ignore_ament_install']
[0.257s] Level 1:colcon.colcon_core.package_identification:_identify(jazzy_ws/src/ackermann_control) by extension 'ignore'
[0.257s] Level 1:colcon.colcon_core.package_identification:_identify(jazzy_ws/src/ackermann_control) by extension 'ignore_ament_install'
[0.257s] Level 1:colcon.colcon_core.package_identification:_identify(jazzy_ws/src/ackermann_control) by extensions ['colcon_pkg']
[0.258s] Level 1:colcon.colcon_core.package_identification:_identify(jazzy_ws/src/ackermann_control) by extension 'colcon_pkg'
[0.258s] Level 1:colcon.colcon_core.package_identification:_identify(jazzy_ws/src/ackermann_control) by extensions ['colcon_meta']
[0.258s] Level 1:colcon.colcon_core.package_identification:_identify(jazzy_ws/src/ackermann_control) by extension 'colcon_meta'
[0.258s] Level 1:colcon.colcon_core.package_identification:_identify(jazzy_ws/src/ackermann_control) by extensions ['ros']
[0.258s] Level 1:colcon.colcon_core.package_identification:_identify(jazzy_ws/src/ackermann_control) by extension 'ros'
[0.258s] Level 1:colcon.colcon_core.package_identification:_identify(jazzy_ws/src/ackermann_control) by extensions ['cmake', 'python']
[0.258s] Level 1:colcon.colcon_core.package_identification:_identify(jazzy_ws/src/ackermann_control) by extension 'cmake'
[0.258s] Level 1:colcon.colcon_core.package_identification:_identify(jazzy_ws/src/ackermann_control) by extension 'python'
[0.258s] Level 1:colcon.colcon_core.package_identification:_identify(jazzy_ws/src/ackermann_control) by extensions ['python_setup_py']
[0.258s] Level 1:colcon.colcon_core.package_identification:_identify(jazzy_ws/src/ackermann_control) by extension 'python_setup_py'
[0.258s] Level 1:colcon.colcon_core.package_identification:_identify(log) by extensions ['ignore', 'ignore_ament_install']
[0.258s] Level 1:colcon.colcon_core.package_identification:_identify(log) by extension 'ignore'
[0.259s] Level 1:colcon.colcon_core.package_identification:_identify(log) ignored
[0.259s] Level 1:colcon.colcon_core.package_identification:_identify(squashfs-root) by extensions ['ignore', 'ignore_ament_install']
[0.259s] Level 1:colcon.colcon_core.package_identification:_identify(squashfs-root) by extension 'ignore'
[0.259s] Level 1:colcon.colcon_core.package_identification:_identify(squashfs-root) by extension 'ignore_ament_install'
[0.259s] Level 1:colcon.colcon_core.package_identification:_identify(squashfs-root) by extensions ['colcon_pkg']
[0.259s] Level 1:colcon.colcon_core.package_identification:_identify(squashfs-root) by extension 'colcon_pkg'
[0.259s] Level 1:colcon.colcon_core.package_identification:_identify(squashfs-root) by extensions ['colcon_meta']
[0.259s] Level 1:colcon.colcon_core.package_identification:_identify(squashfs-root) by extension 'colcon_meta'
[0.259s] Level 1:colcon.colcon_core.package_identification:_identify(squashfs-root) by extensions ['ros']
[0.259s] Level 1:colcon.colcon_core.package_identification:_identify(squashfs-root) by extension 'ros'
[0.259s] Level 1:colcon.colcon_core.package_identification:_identify(squashfs-root) by extensions ['cmake', 'python']
[0.260s] Level 1:colcon.colcon_core.package_identification:_identify(squashfs-root) by extension 'cmake'
[0.260s] Level 1:colcon.colcon_core.package_identification:_identify(squashfs-root) by extension 'python'
[0.260s] Level 1:colcon.colcon_core.package_identification:_identify(squashfs-root) by extensions ['python_setup_py']
[0.260s] Level 1:colcon.colcon_core.package_identification:_identify(squashfs-root) by extension 'python_setup_py'
[0.260s] Level 1:colcon.colcon_core.package_identification:_identify(squashfs-root/locales) by extensions ['ignore', 'ignore_ament_install']
[0.260s] Level 1:colcon.colcon_core.package_identification:_identify(squashfs-root/locales) by extension 'ignore'
[0.260s] Level 1:colcon.colcon_core.package_identification:_identify(squashfs-root/locales) by extension 'ignore_ament_install'
[0.260s] Level 1:colcon.colcon_core.package_identification:_identify(squashfs-root/locales) by extensions ['colcon_pkg']
[0.260s] Level 1:colcon.colcon_core.package_identification:_identify(squashfs-root/locales) by extension 'colcon_pkg'
[0.260s] Level 1:colcon.colcon_core.package_identification:_identify(squashfs-root/locales) by extensions ['colcon_meta']
[0.260s] Level 1:colcon.colcon_core.package_identification:_identify(squashfs-root/locales) by extension 'colcon_meta'
[0.261s] Level 1:colcon.colcon_core.package_identification:_identify(squashfs-root/locales) by extensions ['ros']
[0.261s] Level 1:colcon.colcon_core.package_identification:_identify(squashfs-root/locales) by extension 'ros'
[0.261s] Level 1:colcon.colcon_core.package_identification:_identify(squashfs-root/locales) by extensions ['cmake', 'python']
[0.261s] Level 1:colcon.colcon_core.package_identification:_identify(squashfs-root/locales) by extension 'cmake'
[0.261s] Level 1:colcon.colcon_core.package_identification:_identify(squashfs-root/locales) by extension 'python'
[0.261s] Level 1:colcon.colcon_core.package_identification:_identify(squashfs-root/locales) by extensions ['python_setup_py']
[0.261s] Level 1:colcon.colcon_core.package_identification:_identify(squashfs-root/locales) by extension 'python_setup_py'
[0.261s] Level 1:colcon.colcon_core.package_identification:_identify(squashfs-root/resources) by extensions ['ignore', 'ignore_ament_install']
[0.261s] Level 1:colcon.colcon_core.package_identification:_identify(squashfs-root/resources) by extension 'ignore'
[0.261s] Level 1:colcon.colcon_core.package_identification:_identify(squashfs-root/resources) by extension 'ignore_ament_install'
[0.261s] Level 1:colcon.colcon_core.package_identification:_identify(squashfs-root/resources) by extensions ['colcon_pkg']
[0.262s] Level 1:colcon.colcon_core.package_identification:_identify(squashfs-root/resources) by extension 'colcon_pkg'
[0.262s] Level 1:colcon.colcon_core.package_identification:_identify(squashfs-root/resources) by extensions ['colcon_meta']
[0.262s] Level 1:colcon.colcon_core.package_identification:_identify(squashfs-root/resources) by extension 'colcon_meta'
[0.262s] Level 1:colcon.colcon_core.package_identification:_identify(squashfs-root/resources) by extensions ['ros']
[0.262s] Level 1:colcon.colcon_core.package_identification:_identify(squashfs-root/resources) by extension 'ros'
[0.262s] Level 1:colcon.colcon_core.package_identification:_identify(squashfs-root/resources) by extensions ['cmake', 'python']
[0.262s] Level 1:colcon.colcon_core.package_identification:_identify(squashfs-root/resources) by extension 'cmake'
[0.262s] Level 1:colcon.colcon_core.package_identification:_identify(squashfs-root/resources) by extension 'python'
[0.262s] Level 1:colcon.colcon_core.package_identification:_identify(squashfs-root/resources) by extensions ['python_setup_py']
[0.262s] Level 1:colcon.colcon_core.package_identification:_identify(squashfs-root/resources) by extension 'python_setup_py'
[0.262s] Level 1:colcon.colcon_core.package_identification:_identify(squashfs-root/usr) by extensions ['ignore', 'ignore_ament_install']
[0.262s] Level 1:colcon.colcon_core.package_identification:_identify(squashfs-root/usr) by extension 'ignore'
[0.262s] Level 1:colcon.colcon_core.package_identification:_identify(squashfs-root/usr) by extension 'ignore_ament_install'
[0.262s] Level 1:colcon.colcon_core.package_identification:_identify(squashfs-root/usr) by extensions ['colcon_pkg']
[0.263s] Level 1:colcon.colcon_core.package_identification:_identify(squashfs-root/usr) by extension 'colcon_pkg'
[0.263s] Level 1:colcon.colcon_core.package_identification:_identify(squashfs-root/usr) by extensions ['colcon_meta']
[0.263s] Level 1:colcon.colcon_core.package_identification:_identify(squashfs-root/usr) by extension 'colcon_meta'
[0.263s] Level 1:colcon.colcon_core.package_identification:_identify(squashfs-root/usr) by extensions ['ros']
[0.263s] Level 1:colcon.colcon_core.package_identification:_identify(squashfs-root/usr) by extension 'ros'
[0.263s] Level 1:colcon.colcon_core.package_identification:_identify(squashfs-root/usr) by extensions ['cmake', 'python']
[0.263s] Level 1:colcon.colcon_core.package_identification:_identify(squashfs-root/usr) by extension 'cmake'
[0.263s] Level 1:colcon.colcon_core.package_identification:_identify(squashfs-root/usr) by extension 'python'
[0.263s] Level 1:colcon.colcon_core.package_identification:_identify(squashfs-root/usr) by extensions ['python_setup_py']
[0.263s] Level 1:colcon.colcon_core.package_identification:_identify(squashfs-root/usr) by extension 'python_setup_py'
[0.263s] Level 1:colcon.colcon_core.package_identification:_identify(squashfs-root/usr/lib) by extensions ['ignore', 'ignore_ament_install']
[0.263s] Level 1:colcon.colcon_core.package_identification:_identify(squashfs-root/usr/lib) by extension 'ignore'
[0.263s] Level 1:colcon.colcon_core.package_identification:_identify(squashfs-root/usr/lib) by extension 'ignore_ament_install'
[0.263s] Level 1:colcon.colcon_core.package_identification:_identify(squashfs-root/usr/lib) by extensions ['colcon_pkg']
[0.264s] Level 1:colcon.colcon_core.package_identification:_identify(squashfs-root/usr/lib) by extension 'colcon_pkg'
[0.264s] Level 1:colcon.colcon_core.package_identification:_identify(squashfs-root/usr/lib) by extensions ['colcon_meta']
[0.264s] Level 1:colcon.colcon_core.package_identification:_identify(squashfs-root/usr/lib) by extension 'colcon_meta'
[0.264s] Level 1:colcon.colcon_core.package_identification:_identify(squashfs-root/usr/lib) by extensions ['ros']
[0.264s] Level 1:colcon.colcon_core.package_identification:_identify(squashfs-root/usr/lib) by extension 'ros'
[0.264s] Level 1:colcon.colcon_core.package_identification:_identify(squashfs-root/usr/lib) by extensions ['cmake', 'python']
[0.264s] Level 1:colcon.colcon_core.package_identification:_identify(squashfs-root/usr/lib) by extension 'cmake'
[0.264s] Level 1:colcon.colcon_core.package_identification:_identify(squashfs-root/usr/lib) by extension 'python'
[0.264s] Level 1:colcon.colcon_core.package_identification:_identify(squashfs-root/usr/lib) by extensions ['python_setup_py']
[0.264s] Level 1:colcon.colcon_core.package_identification:_identify(squashfs-root/usr/lib) by extension 'python_setup_py'
[0.264s] Level 1:colcon.colcon_core.package_identification:_identify(squashfs-root/usr/share) by extensions ['ignore', 'ignore_ament_install']
[0.264s] Level 1:colcon.colcon_core.package_identification:_identify(squashfs-root/usr/share) by extension 'ignore'
[0.264s] Level 1:colcon.colcon_core.package_identification:_identify(squashfs-root/usr/share) by extension 'ignore_ament_install'
[0.264s] Level 1:colcon.colcon_core.package_identification:_identify(squashfs-root/usr/share) by extensions ['colcon_pkg']
[0.264s] Level 1:colcon.colcon_core.package_identification:_identify(squashfs-root/usr/share) by extension 'colcon_pkg'
[0.265s] Level 1:colcon.colcon_core.package_identification:_identify(squashfs-root/usr/share) by extensions ['colcon_meta']
[0.265s] Level 1:colcon.colcon_core.package_identification:_identify(squashfs-root/usr/share) by extension 'colcon_meta'
[0.265s] Level 1:colcon.colcon_core.package_identification:_identify(squashfs-root/usr/share) by extensions ['ros']
[0.265s] Level 1:colcon.colcon_core.package_identification:_identify(squashfs-root/usr/share) by extension 'ros'
[0.265s] Level 1:colcon.colcon_core.package_identification:_identify(squashfs-root/usr/share) by extensions ['cmake', 'python']
[0.265s] Level 1:colcon.colcon_core.package_identification:_identify(squashfs-root/usr/share) by extension 'cmake'
[0.265s] Level 1:colcon.colcon_core.package_identification:_identify(squashfs-root/usr/share) by extension 'python'
[0.265s] Level 1:colcon.colcon_core.package_identification:_identify(squashfs-root/usr/share) by extensions ['python_setup_py']
[0.265s] Level 1:colcon.colcon_core.package_identification:_identify(squashfs-root/usr/share) by extension 'python_setup_py'
[0.265s] Level 1:colcon.colcon_core.package_identification:_identify(squashfs-root/usr/share/icons) by extensions ['ignore', 'ignore_ament_install']
[0.265s] Level 1:colcon.colcon_core.package_identification:_identify(squashfs-root/usr/share/icons) by extension 'ignore'
[0.265s] Level 1:colcon.colcon_core.package_identification:_identify(squashfs-root/usr/share/icons) by extension 'ignore_ament_install'
[0.265s] Level 1:colcon.colcon_core.package_identification:_identify(squashfs-root/usr/share/icons) by extensions ['colcon_pkg']
[0.265s] Level 1:colcon.colcon_core.package_identification:_identify(squashfs-root/usr/share/icons) by extension 'colcon_pkg'
[0.265s] Level 1:colcon.colcon_core.package_identification:_identify(squashfs-root/usr/share/icons) by extensions ['colcon_meta']
[0.266s] Level 1:colcon.colcon_core.package_identification:_identify(squashfs-root/usr/share/icons) by extension 'colcon_meta'
[0.266s] Level 1:colcon.colcon_core.package_identification:_identify(squashfs-root/usr/share/icons) by extensions ['ros']
[0.266s] Level 1:colcon.colcon_core.package_identification:_identify(squashfs-root/usr/share/icons) by extension 'ros'
[0.266s] Level 1:colcon.colcon_core.package_identification:_identify(squashfs-root/usr/share/icons) by extensions ['cmake', 'python']
[0.266s] Level 1:colcon.colcon_core.package_identification:_identify(squashfs-root/usr/share/icons) by extension 'cmake'
[0.266s] Level 1:colcon.colcon_core.package_identification:_identify(squashfs-root/usr/share/icons) by extension 'python'
[0.266s] Level 1:colcon.colcon_core.package_identification:_identify(squashfs-root/usr/share/icons) by extensions ['python_setup_py']
[0.266s] Level 1:colcon.colcon_core.package_identification:_identify(squashfs-root/usr/share/icons) by extension 'python_setup_py'
[0.266s] Level 1:colcon.colcon_core.package_identification:_identify(squashfs-root/usr/share/icons/hicolor) by extensions ['ignore', 'ignore_ament_install']
[0.266s] Level 1:colcon.colcon_core.package_identification:_identify(squashfs-root/usr/share/icons/hicolor) by extension 'ignore'
[0.266s] Level 1:colcon.colcon_core.package_identification:_identify(squashfs-root/usr/share/icons/hicolor) by extension 'ignore_ament_install'
[0.266s] Level 1:colcon.colcon_core.package_identification:_identify(squashfs-root/usr/share/icons/hicolor) by extensions ['colcon_pkg']
[0.267s] Level 1:colcon.colcon_core.package_identification:_identify(squashfs-root/usr/share/icons/hicolor) by extension 'colcon_pkg'
[0.267s] Level 1:colcon.colcon_core.package_identification:_identify(squashfs-root/usr/share/icons/hicolor) by extensions ['colcon_meta']
[0.267s] Level 1:colcon.colcon_core.package_identification:_identify(squashfs-root/usr/share/icons/hicolor) by extension 'colcon_meta'
[0.267s] Level 1:colcon.colcon_core.package_identification:_identify(squashfs-root/usr/share/icons/hicolor) by extensions ['ros']
[0.267s] Level 1:colcon.colcon_core.package_identification:_identify(squashfs-root/usr/share/icons/hicolor) by extension 'ros'
[0.267s] Level 1:colcon.colcon_core.package_identification:_identify(squashfs-root/usr/share/icons/hicolor) by extensions ['cmake', 'python']
[0.267s] Level 1:colcon.colcon_core.package_identification:_identify(squashfs-root/usr/share/icons/hicolor) by extension 'cmake'
[0.267s] Level 1:colcon.colcon_core.package_identification:_identify(squashfs-root/usr/share/icons/hicolor) by extension 'python'
[0.267s] Level 1:colcon.colcon_core.package_identification:_identify(squashfs-root/usr/share/icons/hicolor) by extensions ['python_setup_py']
[0.267s] Level 1:colcon.colcon_core.package_identification:_identify(squashfs-root/usr/share/icons/hicolor) by extension 'python_setup_py'
[0.267s] Level 1:colcon.colcon_core.package_identification:_identify(squashfs-root/usr/share/icons/hicolor/128x128) by extensions ['ignore', 'ignore_ament_install']
[0.267s] Level 1:colcon.colcon_core.package_identification:_identify(squashfs-root/usr/share/icons/hicolor/128x128) by extension 'ignore'
[0.268s] Level 1:colcon.colcon_core.package_identification:_identify(squashfs-root/usr/share/icons/hicolor/128x128) by extension 'ignore_ament_install'
[0.268s] Level 1:colcon.colcon_core.package_identification:_identify(squashfs-root/usr/share/icons/hicolor/128x128) by extensions ['colcon_pkg']
[0.268s] Level 1:colcon.colcon_core.package_identification:_identify(squashfs-root/usr/share/icons/hicolor/128x128) by extension 'colcon_pkg'
[0.268s] Level 1:colcon.colcon_core.package_identification:_identify(squashfs-root/usr/share/icons/hicolor/128x128) by extensions ['colcon_meta']
[0.268s] Level 1:colcon.colcon_core.package_identification:_identify(squashfs-root/usr/share/icons/hicolor/128x128) by extension 'colcon_meta'
[0.268s] Level 1:colcon.colcon_core.package_identification:_identify(squashfs-root/usr/share/icons/hicolor/128x128) by extensions ['ros']
[0.268s] Level 1:colcon.colcon_core.package_identification:_identify(squashfs-root/usr/share/icons/hicolor/128x128) by extension 'ros'
[0.268s] Level 1:colcon.colcon_core.package_identification:_identify(squashfs-root/usr/share/icons/hicolor/128x128) by extensions ['cmake', 'python']
[0.268s] Level 1:colcon.colcon_core.package_identification:_identify(squashfs-root/usr/share/icons/hicolor/128x128) by extension 'cmake'
[0.268s] Level 1:colcon.colcon_core.package_identification:_identify(squashfs-root/usr/share/icons/hicolor/128x128) by extension 'python'
[0.268s] Level 1:colcon.colcon_core.package_identification:_identify(squashfs-root/usr/share/icons/hicolor/128x128) by extensions ['python_setup_py']
[0.268s] Level 1:colcon.colcon_core.package_identification:_identify(squashfs-root/usr/share/icons/hicolor/128x128) by extension 'python_setup_py'
[0.268s] Level 1:colcon.colcon_core.package_identification:_identify(squashfs-root/usr/share/icons/hicolor/128x128/apps) by extensions ['ignore', 'ignore_ament_install']
[0.269s] Level 1:colcon.colcon_core.package_identification:_identify(squashfs-root/usr/share/icons/hicolor/128x128/apps) by extension 'ignore'
[0.269s] Level 1:colcon.colcon_core.package_identification:_identify(squashfs-root/usr/share/icons/hicolor/128x128/apps) by extension 'ignore_ament_install'
[0.269s] Level 1:colcon.colcon_core.package_identification:_identify(squashfs-root/usr/share/icons/hicolor/128x128/apps) by extensions ['colcon_pkg']
[0.269s] Level 1:colcon.colcon_core.package_identification:_identify(squashfs-root/usr/share/icons/hicolor/128x128/apps) by extension 'colcon_pkg'
[0.269s] Level 1:colcon.colcon_core.package_identification:_identify(squashfs-root/usr/share/icons/hicolor/128x128/apps) by extensions ['colcon_meta']
[0.269s] Level 1:colcon.colcon_core.package_identification:_identify(squashfs-root/usr/share/icons/hicolor/128x128/apps) by extension 'colcon_meta'
[0.269s] Level 1:colcon.colcon_core.package_identification:_identify(squashfs-root/usr/share/icons/hicolor/128x128/apps) by extensions ['ros']
[0.269s] Level 1:colcon.colcon_core.package_identification:_identify(squashfs-root/usr/share/icons/hicolor/128x128/apps) by extension 'ros'
[0.269s] Level 1:colcon.colcon_core.package_identification:_identify(squashfs-root/usr/share/icons/hicolor/128x128/apps) by extensions ['cmake', 'python']
[0.269s] Level 1:colcon.colcon_core.package_identification:_identify(squashfs-root/usr/share/icons/hicolor/128x128/apps) by extension 'cmake'
[0.269s] Level 1:colcon.colcon_core.package_identification:_identify(squashfs-root/usr/share/icons/hicolor/128x128/apps) by extension 'python'
[0.269s] Level 1:colcon.colcon_core.package_identification:_identify(squashfs-root/usr/share/icons/hicolor/128x128/apps) by extensions ['python_setup_py']
[0.270s] Level 1:colcon.colcon_core.package_identification:_identify(squashfs-root/usr/share/icons/hicolor/128x128/apps) by extension 'python_setup_py'
[0.270s] Level 1:colcon.colcon_core.package_identification:_identify(squashfs-root/usr/share/icons/hicolor/16x16) by extensions ['ignore', 'ignore_ament_install']
[0.270s] Level 1:colcon.colcon_core.package_identification:_identify(squashfs-root/usr/share/icons/hicolor/16x16) by extension 'ignore'
[0.270s] Level 1:colcon.colcon_core.package_identification:_identify(squashfs-root/usr/share/icons/hicolor/16x16) by extension 'ignore_ament_install'
[0.270s] Level 1:colcon.colcon_core.package_identification:_identify(squashfs-root/usr/share/icons/hicolor/16x16) by extensions ['colcon_pkg']
[0.270s] Level 1:colcon.colcon_core.package_identification:_identify(squashfs-root/usr/share/icons/hicolor/16x16) by extension 'colcon_pkg'
[0.270s] Level 1:colcon.colcon_core.package_identification:_identify(squashfs-root/usr/share/icons/hicolor/16x16) by extensions ['colcon_meta']
[0.270s] Level 1:colcon.colcon_core.package_identification:_identify(squashfs-root/usr/share/icons/hicolor/16x16) by extension 'colcon_meta'
[0.270s] Level 1:colcon.colcon_core.package_identification:_identify(squashfs-root/usr/share/icons/hicolor/16x16) by extensions ['ros']
[0.270s] Level 1:colcon.colcon_core.package_identification:_identify(squashfs-root/usr/share/icons/hicolor/16x16) by extension 'ros'
[0.270s] Level 1:colcon.colcon_core.package_identification:_identify(squashfs-root/usr/share/icons/hicolor/16x16) by extensions ['cmake', 'python']
[0.271s] Level 1:colcon.colcon_core.package_identification:_identify(squashfs-root/usr/share/icons/hicolor/16x16) by extension 'cmake'
[0.271s] Level 1:colcon.colcon_core.package_identification:_identify(squashfs-root/usr/share/icons/hicolor/16x16) by extension 'python'
[0.271s] Level 1:colcon.colcon_core.package_identification:_identify(squashfs-root/usr/share/icons/hicolor/16x16) by extensions ['python_setup_py']
[0.271s] Level 1:colcon.colcon_core.package_identification:_identify(squashfs-root/usr/share/icons/hicolor/16x16) by extension 'python_setup_py'
[0.271s] Level 1:colcon.colcon_core.package_identification:_identify(squashfs-root/usr/share/icons/hicolor/16x16/apps) by extensions ['ignore', 'ignore_ament_install']
[0.271s] Level 1:colcon.colcon_core.package_identification:_identify(squashfs-root/usr/share/icons/hicolor/16x16/apps) by extension 'ignore'
[0.271s] Level 1:colcon.colcon_core.package_identification:_identify(squashfs-root/usr/share/icons/hicolor/16x16/apps) by extension 'ignore_ament_install'
[0.271s] Level 1:colcon.colcon_core.package_identification:_identify(squashfs-root/usr/share/icons/hicolor/16x16/apps) by extensions ['colcon_pkg']
[0.271s] Level 1:colcon.colcon_core.package_identification:_identify(squashfs-root/usr/share/icons/hicolor/16x16/apps) by extension 'colcon_pkg'
[0.271s] Level 1:colcon.colcon_core.package_identification:_identify(squashfs-root/usr/share/icons/hicolor/16x16/apps) by extensions ['colcon_meta']
[0.271s] Level 1:colcon.colcon_core.package_identification:_identify(squashfs-root/usr/share/icons/hicolor/16x16/apps) by extension 'colcon_meta'
[0.272s] Level 1:colcon.colcon_core.package_identification:_identify(squashfs-root/usr/share/icons/hicolor/16x16/apps) by extensions ['ros']
[0.272s] Level 1:colcon.colcon_core.package_identification:_identify(squashfs-root/usr/share/icons/hicolor/16x16/apps) by extension 'ros'
[0.272s] Level 1:colcon.colcon_core.package_identification:_identify(squashfs-root/usr/share/icons/hicolor/16x16/apps) by extensions ['cmake', 'python']
[0.272s] Level 1:colcon.colcon_core.package_identification:_identify(squashfs-root/usr/share/icons/hicolor/16x16/apps) by extension 'cmake'
[0.272s] Level 1:colcon.colcon_core.package_identification:_identify(squashfs-root/usr/share/icons/hicolor/16x16/apps) by extension 'python'
[0.272s] Level 1:colcon.colcon_core.package_identification:_identify(squashfs-root/usr/share/icons/hicolor/16x16/apps) by extensions ['python_setup_py']
[0.272s] Level 1:colcon.colcon_core.package_identification:_identify(squashfs-root/usr/share/icons/hicolor/16x16/apps) by extension 'python_setup_py'
[0.272s] Level 1:colcon.colcon_core.package_identification:_identify(squashfs-root/usr/share/icons/hicolor/256x256) by extensions ['ignore', 'ignore_ament_install']
[0.272s] Level 1:colcon.colcon_core.package_identification:_identify(squashfs-root/usr/share/icons/hicolor/256x256) by extension 'ignore'
[0.272s] Level 1:colcon.colcon_core.package_identification:_identify(squashfs-root/usr/share/icons/hicolor/256x256) by extension 'ignore_ament_install'
[0.272s] Level 1:colcon.colcon_core.package_identification:_identify(squashfs-root/usr/share/icons/hicolor/256x256) by extensions ['colcon_pkg']
[0.273s] Level 1:colcon.colcon_core.package_identification:_identify(squashfs-root/usr/share/icons/hicolor/256x256) by extension 'colcon_pkg'
[0.273s] Level 1:colcon.colcon_core.package_identification:_identify(squashfs-root/usr/share/icons/hicolor/256x256) by extensions ['colcon_meta']
[0.273s] Level 1:colcon.colcon_core.package_identification:_identify(squashfs-root/usr/share/icons/hicolor/256x256) by extension 'colcon_meta'
[0.273s] Level 1:colcon.colcon_core.package_identification:_identify(squashfs-root/usr/share/icons/hicolor/256x256) by extensions ['ros']
[0.273s] Level 1:colcon.colcon_core.package_identification:_identify(squashfs-root/usr/share/icons/hicolor/256x256) by extension 'ros'
[0.273s] Level 1:colcon.colcon_core.package_identification:_identify(squashfs-root/usr/share/icons/hicolor/256x256) by extensions ['cmake', 'python']
[0.273s] Level 1:colcon.colcon_core.package_identification:_identify(squashfs-root/usr/share/icons/hicolor/256x256) by extension 'cmake'
[0.273s] Level 1:colcon.colcon_core.package_identification:_identify(squashfs-root/usr/share/icons/hicolor/256x256) by extension 'python'
[0.273s] Level 1:colcon.colcon_core.package_identification:_identify(squashfs-root/usr/share/icons/hicolor/256x256) by extensions ['python_setup_py']
[0.273s] Level 1:colcon.colcon_core.package_identification:_identify(squashfs-root/usr/share/icons/hicolor/256x256) by extension 'python_setup_py'
[0.273s] Level 1:colcon.colcon_core.package_identification:_identify(squashfs-root/usr/share/icons/hicolor/256x256/apps) by extensions ['ignore', 'ignore_ament_install']
[0.273s] Level 1:colcon.colcon_core.package_identification:_identify(squashfs-root/usr/share/icons/hicolor/256x256/apps) by extension 'ignore'
[0.274s] Level 1:colcon.colcon_core.package_identification:_identify(squashfs-root/usr/share/icons/hicolor/256x256/apps) by extension 'ignore_ament_install'
[0.274s] Level 1:colcon.colcon_core.package_identification:_identify(squashfs-root/usr/share/icons/hicolor/256x256/apps) by extensions ['colcon_pkg']
[0.274s] Level 1:colcon.colcon_core.package_identification:_identify(squashfs-root/usr/share/icons/hicolor/256x256/apps) by extension 'colcon_pkg'
[0.274s] Level 1:colcon.colcon_core.package_identification:_identify(squashfs-root/usr/share/icons/hicolor/256x256/apps) by extensions ['colcon_meta']
[0.274s] Level 1:colcon.colcon_core.package_identification:_identify(squashfs-root/usr/share/icons/hicolor/256x256/apps) by extension 'colcon_meta'
[0.274s] Level 1:colcon.colcon_core.package_identification:_identify(squashfs-root/usr/share/icons/hicolor/256x256/apps) by extensions ['ros']
[0.274s] Level 1:colcon.colcon_core.package_identification:_identify(squashfs-root/usr/share/icons/hicolor/256x256/apps) by extension 'ros'
[0.274s] Level 1:colcon.colcon_core.package_identification:_identify(squashfs-root/usr/share/icons/hicolor/256x256/apps) by extensions ['cmake', 'python']
[0.274s] Level 1:colcon.colcon_core.package_identification:_identify(squashfs-root/usr/share/icons/hicolor/256x256/apps) by extension 'cmake'
[0.274s] Level 1:colcon.colcon_core.package_identification:_identify(squashfs-root/usr/share/icons/hicolor/256x256/apps) by extension 'python'
[0.274s] Level 1:colcon.colcon_core.package_identification:_identify(squashfs-root/usr/share/icons/hicolor/256x256/apps) by extensions ['python_setup_py']
[0.274s] Level 1:colcon.colcon_core.package_identification:_identify(squashfs-root/usr/share/icons/hicolor/256x256/apps) by extension 'python_setup_py'
[0.275s] Level 1:colcon.colcon_core.package_identification:_identify(squashfs-root/usr/share/icons/hicolor/32x32) by extensions ['ignore', 'ignore_ament_install']
[0.275s] Level 1:colcon.colcon_core.package_identification:_identify(squashfs-root/usr/share/icons/hicolor/32x32) by extension 'ignore'
[0.275s] Level 1:colcon.colcon_core.package_identification:_identify(squashfs-root/usr/share/icons/hicolor/32x32) by extension 'ignore_ament_install'
[0.275s] Level 1:colcon.colcon_core.package_identification:_identify(squashfs-root/usr/share/icons/hicolor/32x32) by extensions ['colcon_pkg']
[0.275s] Level 1:colcon.colcon_core.package_identification:_identify(squashfs-root/usr/share/icons/hicolor/32x32) by extension 'colcon_pkg'
[0.275s] Level 1:colcon.colcon_core.package_identification:_identify(squashfs-root/usr/share/icons/hicolor/32x32) by extensions ['colcon_meta']
[0.275s] Level 1:colcon.colcon_core.package_identification:_identify(squashfs-root/usr/share/icons/hicolor/32x32) by extension 'colcon_meta'
[0.275s] Level 1:colcon.colcon_core.package_identification:_identify(squashfs-root/usr/share/icons/hicolor/32x32) by extensions ['ros']
[0.275s] Level 1:colcon.colcon_core.package_identification:_identify(squashfs-root/usr/share/icons/hicolor/32x32) by extension 'ros'
[0.275s] Level 1:colcon.colcon_core.package_identification:_identify(squashfs-root/usr/share/icons/hicolor/32x32) by extensions ['cmake', 'python']
[0.275s] Level 1:colcon.colcon_core.package_identification:_identify(squashfs-root/usr/share/icons/hicolor/32x32) by extension 'cmake'
[0.276s] Level 1:colcon.colcon_core.package_identification:_identify(squashfs-root/usr/share/icons/hicolor/32x32) by extension 'python'
[0.276s] Level 1:colcon.colcon_core.package_identification:_identify(squashfs-root/usr/share/icons/hicolor/32x32) by extensions ['python_setup_py']
[0.276s] Level 1:colcon.colcon_core.package_identification:_identify(squashfs-root/usr/share/icons/hicolor/32x32) by extension 'python_setup_py'
[0.276s] Level 1:colcon.colcon_core.package_identification:_identify(squashfs-root/usr/share/icons/hicolor/32x32/apps) by extensions ['ignore', 'ignore_ament_install']
[0.276s] Level 1:colcon.colcon_core.package_identification:_identify(squashfs-root/usr/share/icons/hicolor/32x32/apps) by extension 'ignore'
[0.276s] Level 1:colcon.colcon_core.package_identification:_identify(squashfs-root/usr/share/icons/hicolor/32x32/apps) by extension 'ignore_ament_install'
[0.276s] Level 1:colcon.colcon_core.package_identification:_identify(squashfs-root/usr/share/icons/hicolor/32x32/apps) by extensions ['colcon_pkg']
[0.276s] Level 1:colcon.colcon_core.package_identification:_identify(squashfs-root/usr/share/icons/hicolor/32x32/apps) by extension 'colcon_pkg'
[0.276s] Level 1:colcon.colcon_core.package_identification:_identify(squashfs-root/usr/share/icons/hicolor/32x32/apps) by extensions ['colcon_meta']
[0.276s] Level 1:colcon.colcon_core.package_identification:_identify(squashfs-root/usr/share/icons/hicolor/32x32/apps) by extension 'colcon_meta'
[0.276s] Level 1:colcon.colcon_core.package_identification:_identify(squashfs-root/usr/share/icons/hicolor/32x32/apps) by extensions ['ros']
[0.277s] Level 1:colcon.colcon_core.package_identification:_identify(squashfs-root/usr/share/icons/hicolor/32x32/apps) by extension 'ros'
[0.277s] Level 1:colcon.colcon_core.package_identification:_identify(squashfs-root/usr/share/icons/hicolor/32x32/apps) by extensions ['cmake', 'python']
[0.277s] Level 1:colcon.colcon_core.package_identification:_identify(squashfs-root/usr/share/icons/hicolor/32x32/apps) by extension 'cmake'
[0.277s] Level 1:colcon.colcon_core.package_identification:_identify(squashfs-root/usr/share/icons/hicolor/32x32/apps) by extension 'python'
[0.277s] Level 1:colcon.colcon_core.package_identification:_identify(squashfs-root/usr/share/icons/hicolor/32x32/apps) by extensions ['python_setup_py']
[0.277s] Level 1:colcon.colcon_core.package_identification:_identify(squashfs-root/usr/share/icons/hicolor/32x32/apps) by extension 'python_setup_py'
[0.277s] Level 1:colcon.colcon_core.package_identification:_identify(squashfs-root/usr/share/icons/hicolor/48x48) by extensions ['ignore', 'ignore_ament_install']
[0.277s] Level 1:colcon.colcon_core.package_identification:_identify(squashfs-root/usr/share/icons/hicolor/48x48) by extension 'ignore'
[0.277s] Level 1:colcon.colcon_core.package_identification:_identify(squashfs-root/usr/share/icons/hicolor/48x48) by extension 'ignore_ament_install'
[0.277s] Level 1:colcon.colcon_core.package_identification:_identify(squashfs-root/usr/share/icons/hicolor/48x48) by extensions ['colcon_pkg']
[0.277s] Level 1:colcon.colcon_core.package_identification:_identify(squashfs-root/usr/share/icons/hicolor/48x48) by extension 'colcon_pkg'
[0.278s] Level 1:colcon.colcon_core.package_identification:_identify(squashfs-root/usr/share/icons/hicolor/48x48) by extensions ['colcon_meta']
[0.278s] Level 1:colcon.colcon_core.package_identification:_identify(squashfs-root/usr/share/icons/hicolor/48x48) by extension 'colcon_meta'
[0.278s] Level 1:colcon.colcon_core.package_identification:_identify(squashfs-root/usr/share/icons/hicolor/48x48) by extensions ['ros']
[0.278s] Level 1:colcon.colcon_core.package_identification:_identify(squashfs-root/usr/share/icons/hicolor/48x48) by extension 'ros'
[0.278s] Level 1:colcon.colcon_core.package_identification:_identify(squashfs-root/usr/share/icons/hicolor/48x48) by extensions ['cmake', 'python']
[0.278s] Level 1:colcon.colcon_core.package_identification:_identify(squashfs-root/usr/share/icons/hicolor/48x48) by extension 'cmake'
[0.278s] Level 1:colcon.colcon_core.package_identification:_identify(squashfs-root/usr/share/icons/hicolor/48x48) by extension 'python'
[0.278s] Level 1:colcon.colcon_core.package_identification:_identify(squashfs-root/usr/share/icons/hicolor/48x48) by extensions ['python_setup_py']
[0.278s] Level 1:colcon.colcon_core.package_identification:_identify(squashfs-root/usr/share/icons/hicolor/48x48) by extension 'python_setup_py'
[0.278s] Level 1:colcon.colcon_core.package_identification:_identify(squashfs-root/usr/share/icons/hicolor/48x48/apps) by extensions ['ignore', 'ignore_ament_install']
[0.278s] Level 1:colcon.colcon_core.package_identification:_identify(squashfs-root/usr/share/icons/hicolor/48x48/apps) by extension 'ignore'
[0.278s] Level 1:colcon.colcon_core.package_identification:_identify(squashfs-root/usr/share/icons/hicolor/48x48/apps) by extension 'ignore_ament_install'
[0.279s] Level 1:colcon.colcon_core.package_identification:_identify(squashfs-root/usr/share/icons/hicolor/48x48/apps) by extensions ['colcon_pkg']
[0.279s] Level 1:colcon.colcon_core.package_identification:_identify(squashfs-root/usr/share/icons/hicolor/48x48/apps) by extension 'colcon_pkg'
[0.279s] Level 1:colcon.colcon_core.package_identification:_identify(squashfs-root/usr/share/icons/hicolor/48x48/apps) by extensions ['colcon_meta']
[0.279s] Level 1:colcon.colcon_core.package_identification:_identify(squashfs-root/usr/share/icons/hicolor/48x48/apps) by extension 'colcon_meta'
[0.279s] Level 1:colcon.colcon_core.package_identification:_identify(squashfs-root/usr/share/icons/hicolor/48x48/apps) by extensions ['ros']
[0.279s] Level 1:colcon.colcon_core.package_identification:_identify(squashfs-root/usr/share/icons/hicolor/48x48/apps) by extension 'ros'
[0.279s] Level 1:colcon.colcon_core.package_identification:_identify(squashfs-root/usr/share/icons/hicolor/48x48/apps) by extensions ['cmake', 'python']
[0.279s] Level 1:colcon.colcon_core.package_identification:_identify(squashfs-root/usr/share/icons/hicolor/48x48/apps) by extension 'cmake'
[0.279s] Level 1:colcon.colcon_core.package_identification:_identify(squashfs-root/usr/share/icons/hicolor/48x48/apps) by extension 'python'
[0.279s] Level 1:colcon.colcon_core.package_identification:_identify(squashfs-root/usr/share/icons/hicolor/48x48/apps) by extensions ['python_setup_py']
[0.279s] Level 1:colcon.colcon_core.package_identification:_identify(squashfs-root/usr/share/icons/hicolor/48x48/apps) by extension 'python_setup_py'
[0.279s] Level 1:colcon.colcon_core.package_identification:_identify(squashfs-root/usr/share/icons/hicolor/64x64) by extensions ['ignore', 'ignore_ament_install']
[0.279s] Level 1:colcon.colcon_core.package_identification:_identify(squashfs-root/usr/share/icons/hicolor/64x64) by extension 'ignore'
[0.280s] Level 1:colcon.colcon_core.package_identification:_identify(squashfs-root/usr/share/icons/hicolor/64x64) by extension 'ignore_ament_install'
[0.280s] Level 1:colcon.colcon_core.package_identification:_identify(squashfs-root/usr/share/icons/hicolor/64x64) by extensions ['colcon_pkg']
[0.280s] Level 1:colcon.colcon_core.package_identification:_identify(squashfs-root/usr/share/icons/hicolor/64x64) by extension 'colcon_pkg'
[0.280s] Level 1:colcon.colcon_core.package_identification:_identify(squashfs-root/usr/share/icons/hicolor/64x64) by extensions ['colcon_meta']
[0.280s] Level 1:colcon.colcon_core.package_identification:_identify(squashfs-root/usr/share/icons/hicolor/64x64) by extension 'colcon_meta'
[0.280s] Level 1:colcon.colcon_core.package_identification:_identify(squashfs-root/usr/share/icons/hicolor/64x64) by extensions ['ros']
[0.280s] Level 1:colcon.colcon_core.package_identification:_identify(squashfs-root/usr/share/icons/hicolor/64x64) by extension 'ros'
[0.280s] Level 1:colcon.colcon_core.package_identification:_identify(squashfs-root/usr/share/icons/hicolor/64x64) by extensions ['cmake', 'python']
[0.280s] Level 1:colcon.colcon_core.package_identification:_identify(squashfs-root/usr/share/icons/hicolor/64x64) by extension 'cmake'
[0.280s] Level 1:colcon.colcon_core.package_identification:_identify(squashfs-root/usr/share/icons/hicolor/64x64) by extension 'python'
[0.280s] Level 1:colcon.colcon_core.package_identification:_identify(squashfs-root/usr/share/icons/hicolor/64x64) by extensions ['python_setup_py']
[0.280s] Level 1:colcon.colcon_core.package_identification:_identify(squashfs-root/usr/share/icons/hicolor/64x64) by extension 'python_setup_py'
[0.280s] Level 1:colcon.colcon_core.package_identification:_identify(squashfs-root/usr/share/icons/hicolor/64x64/apps) by extensions ['ignore', 'ignore_ament_install']
[0.281s] Level 1:colcon.colcon_core.package_identification:_identify(squashfs-root/usr/share/icons/hicolor/64x64/apps) by extension 'ignore'
[0.281s] Level 1:colcon.colcon_core.package_identification:_identify(squashfs-root/usr/share/icons/hicolor/64x64/apps) by extension 'ignore_ament_install'
[0.281s] Level 1:colcon.colcon_core.package_identification:_identify(squashfs-root/usr/share/icons/hicolor/64x64/apps) by extensions ['colcon_pkg']
[0.281s] Level 1:colcon.colcon_core.package_identification:_identify(squashfs-root/usr/share/icons/hicolor/64x64/apps) by extension 'colcon_pkg'
[0.281s] Level 1:colcon.colcon_core.package_identification:_identify(squashfs-root/usr/share/icons/hicolor/64x64/apps) by extensions ['colcon_meta']
[0.281s] Level 1:colcon.colcon_core.package_identification:_identify(squashfs-root/usr/share/icons/hicolor/64x64/apps) by extension 'colcon_meta'
[0.281s] Level 1:colcon.colcon_core.package_identification:_identify(squashfs-root/usr/share/icons/hicolor/64x64/apps) by extensions ['ros']
[0.281s] Level 1:colcon.colcon_core.package_identification:_identify(squashfs-root/usr/share/icons/hicolor/64x64/apps) by extension 'ros'
[0.281s] Level 1:colcon.colcon_core.package_identification:_identify(squashfs-root/usr/share/icons/hicolor/64x64/apps) by extensions ['cmake', 'python']
[0.281s] Level 1:colcon.colcon_core.package_identification:_identify(squashfs-root/usr/share/icons/hicolor/64x64/apps) by extension 'cmake'
[0.281s] Level 1:colcon.colcon_core.package_identification:_identify(squashfs-root/usr/share/icons/hicolor/64x64/apps) by extension 'python'
[0.281s] Level 1:colcon.colcon_core.package_identification:_identify(squashfs-root/usr/share/icons/hicolor/64x64/apps) by extensions ['python_setup_py']
[0.281s] Level 1:colcon.colcon_core.package_identification:_identify(squashfs-root/usr/share/icons/hicolor/64x64/apps) by extension 'python_setup_py'
[0.282s] Level 1:colcon.colcon_core.package_identification:_identify(turtlesim_ws) by extensions ['ignore', 'ignore_ament_install']
[0.282s] Level 1:colcon.colcon_core.package_identification:_identify(turtlesim_ws) by extension 'ignore'
[0.282s] Level 1:colcon.colcon_core.package_identification:_identify(turtlesim_ws) by extension 'ignore_ament_install'
[0.282s] Level 1:colcon.colcon_core.package_identification:_identify(turtlesim_ws) by extensions ['colcon_pkg']
[0.282s] Level 1:colcon.colcon_core.package_identification:_identify(turtlesim_ws) by extension 'colcon_pkg'
[0.282s] Level 1:colcon.colcon_core.package_identification:_identify(turtlesim_ws) by extensions ['colcon_meta']
[0.282s] Level 1:colcon.colcon_core.package_identification:_identify(turtlesim_ws) by extension 'colcon_meta'
[0.282s] Level 1:colcon.colcon_core.package_identification:_identify(turtlesim_ws) by extensions ['ros']
[0.282s] Level 1:colcon.colcon_core.package_identification:_identify(turtlesim_ws) by extension 'ros'
[0.282s] Level 1:colcon.colcon_core.package_identification:_identify(turtlesim_ws) by extensions ['cmake', 'python']
[0.282s] Level 1:colcon.colcon_core.package_identification:_identify(turtlesim_ws) by extension 'cmake'
[0.282s] Level 1:colcon.colcon_core.package_identification:_identify(turtlesim_ws) by extension 'python'
[0.282s] Level 1:colcon.colcon_core.package_identification:_identify(turtlesim_ws) by extensions ['python_setup_py']
[0.282s] Level 1:colcon.colcon_core.package_identification:_identify(turtlesim_ws) by extension 'python_setup_py'
[0.282s] Level 1:colcon.colcon_core.package_identification:_identify(turtlesim_ws/src) by extensions ['ignore', 'ignore_ament_install']
[0.283s] Level 1:colcon.colcon_core.package_identification:_identify(turtlesim_ws/src) by extension 'ignore'
[0.283s] Level 1:colcon.colcon_core.package_identification:_identify(turtlesim_ws/src) by extension 'ignore_ament_install'
[0.283s] Level 1:colcon.colcon_core.package_identification:_identify(turtlesim_ws/src) by extensions ['colcon_pkg']
[0.283s] Level 1:colcon.colcon_core.package_identification:_identify(turtlesim_ws/src) by extension 'colcon_pkg'
[0.283s] Level 1:colcon.colcon_core.package_identification:_identify(turtlesim_ws/src) by extensions ['colcon_meta']
[0.283s] Level 1:colcon.colcon_core.package_identification:_identify(turtlesim_ws/src) by extension 'colcon_meta'
[0.283s] Level 1:colcon.colcon_core.package_identification:_identify(turtlesim_ws/src) by extensions ['ros']
[0.283s] Level 1:colcon.colcon_core.package_identification:_identify(turtlesim_ws/src) by extension 'ros'
[0.283s] Level 1:colcon.colcon_core.package_identification:_identify(turtlesim_ws/src) by extensions ['cmake', 'python']
[0.283s] Level 1:colcon.colcon_core.package_identification:_identify(turtlesim_ws/src) by extension 'cmake'
[0.283s] Level 1:colcon.colcon_core.package_identification:_identify(turtlesim_ws/src) by extension 'python'
[0.284s] Level 1:colcon.colcon_core.package_identification:_identify(turtlesim_ws/src) by extensions ['python_setup_py']
[0.284s] Level 1:colcon.colcon_core.package_identification:_identify(turtlesim_ws/src) by extension 'python_setup_py'
[0.284s] Level 1:colcon.colcon_core.package_identification:_identify(turtlesim_ws/src/cmdvel_to_ackermann) by extensions ['ignore', 'ignore_ament_install']
[0.284s] Level 1:colcon.colcon_core.package_identification:_identify(turtlesim_ws/src/cmdvel_to_ackermann) by extension 'ignore'
[0.284s] Level 1:colcon.colcon_core.package_identification:_identify(turtlesim_ws/src/cmdvel_to_ackermann) by extension 'ignore_ament_install'
[0.284s] Level 1:colcon.colcon_core.package_identification:_identify(turtlesim_ws/src/cmdvel_to_ackermann) by extensions ['colcon_pkg']
[0.284s] Level 1:colcon.colcon_core.package_identification:_identify(turtlesim_ws/src/cmdvel_to_ackermann) by extension 'colcon_pkg'
[0.284s] Level 1:colcon.colcon_core.package_identification:_identify(turtlesim_ws/src/cmdvel_to_ackermann) by extensions ['colcon_meta']
[0.284s] Level 1:colcon.colcon_core.package_identification:_identify(turtlesim_ws/src/cmdvel_to_ackermann) by extension 'colcon_meta'
[0.284s] Level 1:colcon.colcon_core.package_identification:_identify(turtlesim_ws/src/cmdvel_to_ackermann) by extensions ['ros']
[0.284s] Level 1:colcon.colcon_core.package_identification:_identify(turtlesim_ws/src/cmdvel_to_ackermann) by extension 'ros'
[0.287s] DEBUG:colcon.colcon_core.package_identification:Package 'turtlesim_ws/src/cmdvel_to_ackermann' with type 'ros.ament_cmake' and name 'cmdvel_to_ackermann'
[0.287s] Level 1:colcon.colcon_core.package_identification:_identify(turtlesim_ws/src/custom_message) by extensions ['ignore', 'ignore_ament_install']
[0.287s] Level 1:colcon.colcon_core.package_identification:_identify(turtlesim_ws/src/custom_message) by extension 'ignore'
[0.288s] Level 1:colcon.colcon_core.package_identification:_identify(turtlesim_ws/src/custom_message) by extension 'ignore_ament_install'
[0.288s] Level 1:colcon.colcon_core.package_identification:_identify(turtlesim_ws/src/custom_message) by extensions ['colcon_pkg']
[0.288s] Level 1:colcon.colcon_core.package_identification:_identify(turtlesim_ws/src/custom_message) by extension 'colcon_pkg'
[0.288s] Level 1:colcon.colcon_core.package_identification:_identify(turtlesim_ws/src/custom_message) by extensions ['colcon_meta']
[0.288s] Level 1:colcon.colcon_core.package_identification:_identify(turtlesim_ws/src/custom_message) by extension 'colcon_meta'
[0.288s] Level 1:colcon.colcon_core.package_identification:_identify(turtlesim_ws/src/custom_message) by extensions ['ros']
[0.288s] Level 1:colcon.colcon_core.package_identification:_identify(turtlesim_ws/src/custom_message) by extension 'ros'
[0.289s] DEBUG:colcon.colcon_core.package_identification:Package 'turtlesim_ws/src/custom_message' with type 'ros.ament_cmake' and name 'custom_message'
[0.289s] Level 1:colcon.colcon_core.package_identification:_identify(turtlesim_ws/src/humanoid_locomotion_policy_example) by extensions ['ignore', 'ignore_ament_install']
[0.289s] Level 1:colcon.colcon_core.package_identification:_identify(turtlesim_ws/src/humanoid_locomotion_policy_example) by extension 'ignore'
[0.289s] Level 1:colcon.colcon_core.package_identification:_identify(turtlesim_ws/src/humanoid_locomotion_policy_example) by extension 'ignore_ament_install'
[0.289s] Level 1:colcon.colcon_core.package_identification:_identify(turtlesim_ws/src/humanoid_locomotion_policy_example) by extensions ['colcon_pkg']
[0.289s] Level 1:colcon.colcon_core.package_identification:_identify(turtlesim_ws/src/humanoid_locomotion_policy_example) by extension 'colcon_pkg'
[0.289s] Level 1:colcon.colcon_core.package_identification:_identify(turtlesim_ws/src/humanoid_locomotion_policy_example) by extensions ['colcon_meta']
[0.289s] Level 1:colcon.colcon_core.package_identification:_identify(turtlesim_ws/src/humanoid_locomotion_policy_example) by extension 'colcon_meta'
[0.289s] Level 1:colcon.colcon_core.package_identification:_identify(turtlesim_ws/src/humanoid_locomotion_policy_example) by extensions ['ros']
[0.289s] Level 1:colcon.colcon_core.package_identification:_identify(turtlesim_ws/src/humanoid_locomotion_policy_example) by extension 'ros'
[0.290s] Level 1:colcon.colcon_core.package_identification:_identify(turtlesim_ws/src/humanoid_locomotion_policy_example) by extensions ['cmake', 'python']
[0.290s] Level 1:colcon.colcon_core.package_identification:_identify(turtlesim_ws/src/humanoid_locomotion_policy_example) by extension 'cmake'
[0.290s] Level 1:colcon.colcon_core.package_identification:_identify(turtlesim_ws/src/humanoid_locomotion_policy_example) by extension 'python'
[0.290s] Level 1:colcon.colcon_core.package_identification:_identify(turtlesim_ws/src/humanoid_locomotion_policy_example) by extensions ['python_setup_py']
[0.290s] Level 1:colcon.colcon_core.package_identification:_identify(turtlesim_ws/src/humanoid_locomotion_policy_example) by extension 'python_setup_py'
[0.290s] Level 1:colcon.colcon_core.package_identification:_identify(turtlesim_ws/src/humanoid_locomotion_policy_example/h1_fullbody_controller) by extensions ['ignore', 'ignore_ament_install']
[0.290s] Level 1:colcon.colcon_core.package_identification:_identify(turtlesim_ws/src/humanoid_locomotion_policy_example/h1_fullbody_controller) by extension 'ignore'
[0.290s] Level 1:colcon.colcon_core.package_identification:_identify(turtlesim_ws/src/humanoid_locomotion_policy_example/h1_fullbody_controller) by extension 'ignore_ament_install'
[0.290s] Level 1:colcon.colcon_core.package_identification:_identify(turtlesim_ws/src/humanoid_locomotion_policy_example/h1_fullbody_controller) by extensions ['colcon_pkg']
[0.290s] Level 1:colcon.colcon_core.package_identification:_identify(turtlesim_ws/src/humanoid_locomotion_policy_example/h1_fullbody_controller) by extension 'colcon_pkg'
[0.290s] Level 1:colcon.colcon_core.package_identification:_identify(turtlesim_ws/src/humanoid_locomotion_policy_example/h1_fullbody_controller) by extensions ['colcon_meta']
[0.291s] Level 1:colcon.colcon_core.package_identification:_identify(turtlesim_ws/src/humanoid_locomotion_policy_example/h1_fullbody_controller) by extension 'colcon_meta'
[0.291s] Level 1:colcon.colcon_core.package_identification:_identify(turtlesim_ws/src/humanoid_locomotion_policy_example/h1_fullbody_controller) by extensions ['ros']
[0.291s] Level 1:colcon.colcon_core.package_identification:_identify(turtlesim_ws/src/humanoid_locomotion_policy_example/h1_fullbody_controller) by extension 'ros'
[0.292s] DEBUG:colcon.colcon_core.package_identification:Package 'turtlesim_ws/src/humanoid_locomotion_policy_example/h1_fullbody_controller' with type 'ros.ament_cmake' and name 'h1_fullbody_controller'
[0.292s] Level 1:colcon.colcon_core.package_identification:_identify(turtlesim_ws/src/isaac_ros2_messages) by extensions ['ignore', 'ignore_ament_install']
[0.292s] Level 1:colcon.colcon_core.package_identification:_identify(turtlesim_ws/src/isaac_ros2_messages) by extension 'ignore'
[0.292s] Level 1:colcon.colcon_core.package_identification:_identify(turtlesim_ws/src/isaac_ros2_messages) by extension 'ignore_ament_install'
[0.292s] Level 1:colcon.colcon_core.package_identification:_identify(turtlesim_ws/src/isaac_ros2_messages) by extensions ['colcon_pkg']
[0.293s] Level 1:colcon.colcon_core.package_identification:_identify(turtlesim_ws/src/isaac_ros2_messages) by extension 'colcon_pkg'
[0.293s] Level 1:colcon.colcon_core.package_identification:_identify(turtlesim_ws/src/isaac_ros2_messages) by extensions ['colcon_meta']
[0.293s] Level 1:colcon.colcon_core.package_identification:_identify(turtlesim_ws/src/isaac_ros2_messages) by extension 'colcon_meta'
[0.293s] Level 1:colcon.colcon_core.package_identification:_identify(turtlesim_ws/src/isaac_ros2_messages) by extensions ['ros']
[0.293s] Level 1:colcon.colcon_core.package_identification:_identify(turtlesim_ws/src/isaac_ros2_messages) by extension 'ros'
[0.294s] DEBUG:colcon.colcon_core.package_identification:Package 'turtlesim_ws/src/isaac_ros2_messages' with type 'ros.ament_cmake' and name 'isaac_ros2_messages'
[0.294s] Level 1:colcon.colcon_core.package_identification:_identify(turtlesim_ws/src/isaac_tutorials) by extensions ['ignore', 'ignore_ament_install']
[0.294s] Level 1:colcon.colcon_core.package_identification:_identify(turtlesim_ws/src/isaac_tutorials) by extension 'ignore'
[0.294s] Level 1:colcon.colcon_core.package_identification:_identify(turtlesim_ws/src/isaac_tutorials) by extension 'ignore_ament_install'
[0.294s] Level 1:colcon.colcon_core.package_identification:_identify(turtlesim_ws/src/isaac_tutorials) by extensions ['colcon_pkg']
[0.294s] Level 1:colcon.colcon_core.package_identification:_identify(turtlesim_ws/src/isaac_tutorials) by extension 'colcon_pkg'
[0.294s] Level 1:colcon.colcon_core.package_identification:_identify(turtlesim_ws/src/isaac_tutorials) by extensions ['colcon_meta']
[0.294s] Level 1:colcon.colcon_core.package_identification:_identify(turtlesim_ws/src/isaac_tutorials) by extension 'colcon_meta'
[0.294s] Level 1:colcon.colcon_core.package_identification:_identify(turtlesim_ws/src/isaac_tutorials) by extensions ['ros']
[0.295s] Level 1:colcon.colcon_core.package_identification:_identify(turtlesim_ws/src/isaac_tutorials) by extension 'ros'
[0.295s] DEBUG:colcon.colcon_core.package_identification:Package 'turtlesim_ws/src/isaac_tutorials' with type 'ros.ament_cmake' and name 'isaac_tutorials'
[0.295s] Level 1:colcon.colcon_core.package_identification:_identify(turtlesim_ws/src/isaacsim) by extensions ['ignore', 'ignore_ament_install']
[0.295s] Level 1:colcon.colcon_core.package_identification:_identify(turtlesim_ws/src/isaacsim) by extension 'ignore'
[0.295s] Level 1:colcon.colcon_core.package_identification:_identify(turtlesim_ws/src/isaacsim) by extension 'ignore_ament_install'
[0.295s] Level 1:colcon.colcon_core.package_identification:_identify(turtlesim_ws/src/isaacsim) by extensions ['colcon_pkg']
[0.295s] Level 1:colcon.colcon_core.package_identification:_identify(turtlesim_ws/src/isaacsim) by extension 'colcon_pkg'
[0.296s] Level 1:colcon.colcon_core.package_identification:_identify(turtlesim_ws/src/isaacsim) by extensions ['colcon_meta']
[0.296s] Level 1:colcon.colcon_core.package_identification:_identify(turtlesim_ws/src/isaacsim) by extension 'colcon_meta'
[0.296s] Level 1:colcon.colcon_core.package_identification:_identify(turtlesim_ws/src/isaacsim) by extensions ['ros']
[0.296s] Level 1:colcon.colcon_core.package_identification:_identify(turtlesim_ws/src/isaacsim) by extension 'ros'
[0.296s] DEBUG:colcon.colcon_core.package_identification:Package 'turtlesim_ws/src/isaacsim' with type 'ros.ament_cmake' and name 'isaacsim'
[0.296s] Level 1:colcon.colcon_core.package_identification:_identify(turtlesim_ws/src/issac_sim) by extensions ['ignore', 'ignore_ament_install']
[0.296s] Level 1:colcon.colcon_core.package_identification:_identify(turtlesim_ws/src/issac_sim) by extension 'ignore'
[0.296s] Level 1:colcon.colcon_core.package_identification:_identify(turtlesim_ws/src/issac_sim) by extension 'ignore_ament_install'
[0.296s] Level 1:colcon.colcon_core.package_identification:_identify(turtlesim_ws/src/issac_sim) by extensions ['colcon_pkg']
[0.297s] Level 1:colcon.colcon_core.package_identification:_identify(turtlesim_ws/src/issac_sim) by extension 'colcon_pkg'
[0.297s] Level 1:colcon.colcon_core.package_identification:_identify(turtlesim_ws/src/issac_sim) by extensions ['colcon_meta']
[0.297s] Level 1:colcon.colcon_core.package_identification:_identify(turtlesim_ws/src/issac_sim) by extension 'colcon_meta'
[0.297s] Level 1:colcon.colcon_core.package_identification:_identify(turtlesim_ws/src/issac_sim) by extensions ['ros']
[0.297s] Level 1:colcon.colcon_core.package_identification:_identify(turtlesim_ws/src/issac_sim) by extension 'ros'
[0.297s] DEBUG:colcon.colcon_core.package_identification:Package 'turtlesim_ws/src/issac_sim' with type 'ros.ament_python' and name 'issac_sim'
[0.297s] Level 1:colcon.colcon_core.package_identification:_identify(turtlesim_ws/src/moveit) by extensions ['ignore', 'ignore_ament_install']
[0.297s] Level 1:colcon.colcon_core.package_identification:_identify(turtlesim_ws/src/moveit) by extension 'ignore'
[0.297s] Level 1:colcon.colcon_core.package_identification:_identify(turtlesim_ws/src/moveit) by extension 'ignore_ament_install'
[0.298s] Level 1:colcon.colcon_core.package_identification:_identify(turtlesim_ws/src/moveit) by extensions ['colcon_pkg']
[0.298s] Level 1:colcon.colcon_core.package_identification:_identify(turtlesim_ws/src/moveit) by extension 'colcon_pkg'
[0.298s] Level 1:colcon.colcon_core.package_identification:_identify(turtlesim_ws/src/moveit) by extensions ['colcon_meta']
[0.298s] Level 1:colcon.colcon_core.package_identification:_identify(turtlesim_ws/src/moveit) by extension 'colcon_meta'
[0.298s] Level 1:colcon.colcon_core.package_identification:_identify(turtlesim_ws/src/moveit) by extensions ['ros']
[0.298s] Level 1:colcon.colcon_core.package_identification:_identify(turtlesim_ws/src/moveit) by extension 'ros'
[0.298s] Level 1:colcon.colcon_core.package_identification:_identify(turtlesim_ws/src/moveit) by extensions ['cmake', 'python']
[0.298s] Level 1:colcon.colcon_core.package_identification:_identify(turtlesim_ws/src/moveit) by extension 'cmake'
[0.298s] Level 1:colcon.colcon_core.package_identification:_identify(turtlesim_ws/src/moveit) by extension 'python'
[0.298s] Level 1:colcon.colcon_core.package_identification:_identify(turtlesim_ws/src/moveit) by extensions ['python_setup_py']
[0.298s] Level 1:colcon.colcon_core.package_identification:_identify(turtlesim_ws/src/moveit) by extension 'python_setup_py'
[0.298s] Level 1:colcon.colcon_core.package_identification:_identify(turtlesim_ws/src/moveit/isaac_moveit) by extensions ['ignore', 'ignore_ament_install']
[0.298s] Level 1:colcon.colcon_core.package_identification:_identify(turtlesim_ws/src/moveit/isaac_moveit) by extension 'ignore'
[0.299s] Level 1:colcon.colcon_core.package_identification:_identify(turtlesim_ws/src/moveit/isaac_moveit) by extension 'ignore_ament_install'
[0.299s] Level 1:colcon.colcon_core.package_identification:_identify(turtlesim_ws/src/moveit/isaac_moveit) by extensions ['colcon_pkg']
[0.299s] Level 1:colcon.colcon_core.package_identification:_identify(turtlesim_ws/src/moveit/isaac_moveit) by extension 'colcon_pkg'
[0.299s] Level 1:colcon.colcon_core.package_identification:_identify(turtlesim_ws/src/moveit/isaac_moveit) by extensions ['colcon_meta']
[0.299s] Level 1:colcon.colcon_core.package_identification:_identify(turtlesim_ws/src/moveit/isaac_moveit) by extension 'colcon_meta'
[0.299s] Level 1:colcon.colcon_core.package_identification:_identify(turtlesim_ws/src/moveit/isaac_moveit) by extensions ['ros']
[0.299s] Level 1:colcon.colcon_core.package_identification:_identify(turtlesim_ws/src/moveit/isaac_moveit) by extension 'ros'
[0.300s] DEBUG:colcon.colcon_core.package_identification:Package 'turtlesim_ws/src/moveit/isaac_moveit' with type 'ros.ament_cmake' and name 'isaac_moveit'
[0.300s] Level 1:colcon.colcon_core.package_identification:_identify(turtlesim_ws/src/my_turtlesim) by extensions ['ignore', 'ignore_ament_install']
[0.300s] Level 1:colcon.colcon_core.package_identification:_identify(turtlesim_ws/src/my_turtlesim) by extension 'ignore'
[0.300s] Level 1:colcon.colcon_core.package_identification:_identify(turtlesim_ws/src/my_turtlesim) by extension 'ignore_ament_install'
[0.300s] Level 1:colcon.colcon_core.package_identification:_identify(turtlesim_ws/src/my_turtlesim) by extensions ['colcon_pkg']
[0.300s] Level 1:colcon.colcon_core.package_identification:_identify(turtlesim_ws/src/my_turtlesim) by extension 'colcon_pkg'
[0.300s] Level 1:colcon.colcon_core.package_identification:_identify(turtlesim_ws/src/my_turtlesim) by extensions ['colcon_meta']
[0.300s] Level 1:colcon.colcon_core.package_identification:_identify(turtlesim_ws/src/my_turtlesim) by extension 'colcon_meta'
[0.300s] Level 1:colcon.colcon_core.package_identification:_identify(turtlesim_ws/src/my_turtlesim) by extensions ['ros']
[0.301s] Level 1:colcon.colcon_core.package_identification:_identify(turtlesim_ws/src/my_turtlesim) by extension 'ros'
[0.301s] DEBUG:colcon.colcon_core.package_identification:Package 'turtlesim_ws/src/my_turtlesim' with type 'ros.ament_python' and name 'my_turtlesim'
[0.301s] Level 1:colcon.colcon_core.package_identification:_identify(turtlesim_ws/src/navigation) by extensions ['ignore', 'ignore_ament_install']
[0.301s] Level 1:colcon.colcon_core.package_identification:_identify(turtlesim_ws/src/navigation) by extension 'ignore'
[0.302s] Level 1:colcon.colcon_core.package_identification:_identify(turtlesim_ws/src/navigation) by extension 'ignore_ament_install'
[0.302s] Level 1:colcon.colcon_core.package_identification:_identify(turtlesim_ws/src/navigation) by extensions ['colcon_pkg']
[0.302s] Level 1:colcon.colcon_core.package_identification:_identify(turtlesim_ws/src/navigation) by extension 'colcon_pkg'
[0.302s] Level 1:colcon.colcon_core.package_identification:_identify(turtlesim_ws/src/navigation) by extensions ['colcon_meta']
[0.302s] Level 1:colcon.colcon_core.package_identification:_identify(turtlesim_ws/src/navigation) by extension 'colcon_meta'
[0.302s] Level 1:colcon.colcon_core.package_identification:_identify(turtlesim_ws/src/navigation) by extensions ['ros']
[0.302s] Level 1:colcon.colcon_core.package_identification:_identify(turtlesim_ws/src/navigation) by extension 'ros'
[0.302s] Level 1:colcon.colcon_core.package_identification:_identify(turtlesim_ws/src/navigation) by extensions ['cmake', 'python']
[0.302s] Level 1:colcon.colcon_core.package_identification:_identify(turtlesim_ws/src/navigation) by extension 'cmake'
[0.302s] Level 1:colcon.colcon_core.package_identification:_identify(turtlesim_ws/src/navigation) by extension 'python'
[0.302s] Level 1:colcon.colcon_core.package_identification:_identify(turtlesim_ws/src/navigation) by extensions ['python_setup_py']
[0.302s] Level 1:colcon.colcon_core.package_identification:_identify(turtlesim_ws/src/navigation) by extension 'python_setup_py'
[0.303s] Level 1:colcon.colcon_core.package_identification:_identify(turtlesim_ws/src/navigation/carter_navigation) by extensions ['ignore', 'ignore_ament_install']
[0.303s] Level 1:colcon.colcon_core.package_identification:_identify(turtlesim_ws/src/navigation/carter_navigation) by extension 'ignore'
[0.303s] Level 1:colcon.colcon_core.package_identification:_identify(turtlesim_ws/src/navigation/carter_navigation) by extension 'ignore_ament_install'
[0.303s] Level 1:colcon.colcon_core.package_identification:_identify(turtlesim_ws/src/navigation/carter_navigation) by extensions ['colcon_pkg']
[0.303s] Level 1:colcon.colcon_core.package_identification:_identify(turtlesim_ws/src/navigation/carter_navigation) by extension 'colcon_pkg'
[0.303s] Level 1:colcon.colcon_core.package_identification:_identify(turtlesim_ws/src/navigation/carter_navigation) by extensions ['colcon_meta']
[0.303s] Level 1:colcon.colcon_core.package_identification:_identify(turtlesim_ws/src/navigation/carter_navigation) by extension 'colcon_meta'
[0.303s] Level 1:colcon.colcon_core.package_identification:_identify(turtlesim_ws/src/navigation/carter_navigation) by extensions ['ros']
[0.303s] Level 1:colcon.colcon_core.package_identification:_identify(turtlesim_ws/src/navigation/carter_navigation) by extension 'ros'
[0.304s] DEBUG:colcon.colcon_core.package_identification:Package 'turtlesim_ws/src/navigation/carter_navigation' with type 'ros.ament_cmake' and name 'carter_navigation'
[0.304s] Level 1:colcon.colcon_core.package_identification:_identify(turtlesim_ws/src/navigation/isaac_ros_navigation_goal) by extensions ['ignore', 'ignore_ament_install']
[0.304s] Level 1:colcon.colcon_core.package_identification:_identify(turtlesim_ws/src/navigation/isaac_ros_navigation_goal) by extension 'ignore'
[0.304s] Level 1:colcon.colcon_core.package_identification:_identify(turtlesim_ws/src/navigation/isaac_ros_navigation_goal) by extension 'ignore_ament_install'
[0.304s] Level 1:colcon.colcon_core.package_identification:_identify(turtlesim_ws/src/navigation/isaac_ros_navigation_goal) by extensions ['colcon_pkg']
[0.304s] Level 1:colcon.colcon_core.package_identification:_identify(turtlesim_ws/src/navigation/isaac_ros_navigation_goal) by extension 'colcon_pkg'
[0.304s] Level 1:colcon.colcon_core.package_identification:_identify(turtlesim_ws/src/navigation/isaac_ros_navigation_goal) by extensions ['colcon_meta']
[0.304s] Level 1:colcon.colcon_core.package_identification:_identify(turtlesim_ws/src/navigation/isaac_ros_navigation_goal) by extension 'colcon_meta'
[0.305s] Level 1:colcon.colcon_core.package_identification:_identify(turtlesim_ws/src/navigation/isaac_ros_navigation_goal) by extensions ['ros']
[0.305s] Level 1:colcon.colcon_core.package_identification:_identify(turtlesim_ws/src/navigation/isaac_ros_navigation_goal) by extension 'ros'
[0.305s] DEBUG:colcon.colcon_core.package_identification:Package 'turtlesim_ws/src/navigation/isaac_ros_navigation_goal' with type 'ros.ament_python' and name 'isaac_ros_navigation_goal'
[0.305s] Level 1:colcon.colcon_core.package_identification:_identify(turtlesim_ws/src/navigation/iw_hub_navigation) by extensions ['ignore', 'ignore_ament_install']
[0.305s] Level 1:colcon.colcon_core.package_identification:_identify(turtlesim_ws/src/navigation/iw_hub_navigation) by extension 'ignore'
[0.306s] Level 1:colcon.colcon_core.package_identification:_identify(turtlesim_ws/src/navigation/iw_hub_navigation) by extension 'ignore_ament_install'
[0.306s] Level 1:colcon.colcon_core.package_identification:_identify(turtlesim_ws/src/navigation/iw_hub_navigation) by extensions ['colcon_pkg']
[0.306s] Level 1:colcon.colcon_core.package_identification:_identify(turtlesim_ws/src/navigation/iw_hub_navigation) by extension 'colcon_pkg'
[0.306s] Level 1:colcon.colcon_core.package_identification:_identify(turtlesim_ws/src/navigation/iw_hub_navigation) by extensions ['colcon_meta']
[0.306s] Level 1:colcon.colcon_core.package_identification:_identify(turtlesim_ws/src/navigation/iw_hub_navigation) by extension 'colcon_meta'
[0.306s] Level 1:colcon.colcon_core.package_identification:_identify(turtlesim_ws/src/navigation/iw_hub_navigation) by extensions ['ros']
[0.306s] Level 1:colcon.colcon_core.package_identification:_identify(turtlesim_ws/src/navigation/iw_hub_navigation) by extension 'ros'
[0.307s] DEBUG:colcon.colcon_core.package_identification:Package 'turtlesim_ws/src/navigation/iw_hub_navigation' with type 'ros.ament_cmake' and name 'iw_hub_navigation'
[0.307s] Level 1:colcon.colcon_core.package_identification:_identify(turtlesim_ws/src/ros-controls) by extensions ['ignore', 'ignore_ament_install']
[0.307s] Level 1:colcon.colcon_core.package_identification:_identify(turtlesim_ws/src/ros-controls) by extension 'ignore'
[0.307s] Level 1:colcon.colcon_core.package_identification:_identify(turtlesim_ws/src/ros-controls) by extension 'ignore_ament_install'
[0.307s] Level 1:colcon.colcon_core.package_identification:_identify(turtlesim_ws/src/ros-controls) by extensions ['colcon_pkg']
[0.307s] Level 1:colcon.colcon_core.package_identification:_identify(turtlesim_ws/src/ros-controls) by extension 'colcon_pkg'
[0.307s] Level 1:colcon.colcon_core.package_identification:_identify(turtlesim_ws/src/ros-controls) by extensions ['colcon_meta']
[0.307s] Level 1:colcon.colcon_core.package_identification:_identify(turtlesim_ws/src/ros-controls) by extension 'colcon_meta'
[0.307s] Level 1:colcon.colcon_core.package_identification:_identify(turtlesim_ws/src/ros-controls) by extensions ['ros']
[0.308s] Level 1:colcon.colcon_core.package_identification:_identify(turtlesim_ws/src/ros-controls) by extension 'ros'
[0.308s] Level 1:colcon.colcon_core.package_identification:_identify(turtlesim_ws/src/ros-controls) by extensions ['cmake', 'python']
[0.308s] Level 1:colcon.colcon_core.package_identification:_identify(turtlesim_ws/src/ros-controls) by extension 'cmake'
[0.308s] Level 1:colcon.colcon_core.package_identification:_identify(turtlesim_ws/src/ros-controls) by extension 'python'
[0.308s] Level 1:colcon.colcon_core.package_identification:_identify(turtlesim_ws/src/ros-controls) by extensions ['python_setup_py']
[0.308s] Level 1:colcon.colcon_core.package_identification:_identify(turtlesim_ws/src/ros-controls) by extension 'python_setup_py'
[0.308s] Level 1:colcon.colcon_core.package_identification:_identify(turtlesim_ws/src/ros-controls/control_msgs) by extensions ['ignore', 'ignore_ament_install']
[0.308s] Level 1:colcon.colcon_core.package_identification:_identify(turtlesim_ws/src/ros-controls/control_msgs) by extension 'ignore'
[0.308s] Level 1:colcon.colcon_core.package_identification:_identify(turtlesim_ws/src/ros-controls/control_msgs) by extension 'ignore_ament_install'
[0.308s] Level 1:colcon.colcon_core.package_identification:_identify(turtlesim_ws/src/ros-controls/control_msgs) by extensions ['colcon_pkg']
[0.308s] Level 1:colcon.colcon_core.package_identification:_identify(turtlesim_ws/src/ros-controls/control_msgs) by extension 'colcon_pkg'
[0.309s] Level 1:colcon.colcon_core.package_identification:_identify(turtlesim_ws/src/ros-controls/control_msgs) by extensions ['colcon_meta']
[0.309s] Level 1:colcon.colcon_core.package_identification:_identify(turtlesim_ws/src/ros-controls/control_msgs) by extension 'colcon_meta'
[0.309s] Level 1:colcon.colcon_core.package_identification:_identify(turtlesim_ws/src/ros-controls/control_msgs) by extensions ['ros']
[0.309s] Level 1:colcon.colcon_core.package_identification:_identify(turtlesim_ws/src/ros-controls/control_msgs) by extension 'ros'
[0.309s] Level 1:colcon.colcon_core.package_identification:_identify(turtlesim_ws/src/ros-controls/control_msgs) by extensions ['cmake', 'python']
[0.309s] Level 1:colcon.colcon_core.package_identification:_identify(turtlesim_ws/src/ros-controls/control_msgs) by extension 'cmake'
[0.309s] Level 1:colcon.colcon_core.package_identification:_identify(turtlesim_ws/src/ros-controls/control_msgs) by extension 'python'
[0.309s] Level 1:colcon.colcon_core.package_identification:_identify(turtlesim_ws/src/ros-controls/control_msgs) by extensions ['python_setup_py']
[0.309s] Level 1:colcon.colcon_core.package_identification:_identify(turtlesim_ws/src/ros-controls/control_msgs) by extension 'python_setup_py'
[0.309s] Level 1:colcon.colcon_core.package_identification:_identify(turtlesim_ws/src/ros-controls/control_toolbox) by extensions ['ignore', 'ignore_ament_install']
[0.309s] Level 1:colcon.colcon_core.package_identification:_identify(turtlesim_ws/src/ros-controls/control_toolbox) by extension 'ignore'
[0.309s] Level 1:colcon.colcon_core.package_identification:_identify(turtlesim_ws/src/ros-controls/control_toolbox) by extension 'ignore_ament_install'
[0.310s] Level 1:colcon.colcon_core.package_identification:_identify(turtlesim_ws/src/ros-controls/control_toolbox) by extensions ['colcon_pkg']
[0.310s] Level 1:colcon.colcon_core.package_identification:_identify(turtlesim_ws/src/ros-controls/control_toolbox) by extension 'colcon_pkg'
[0.310s] Level 1:colcon.colcon_core.package_identification:_identify(turtlesim_ws/src/ros-controls/control_toolbox) by extensions ['colcon_meta']
[0.310s] Level 1:colcon.colcon_core.package_identification:_identify(turtlesim_ws/src/ros-controls/control_toolbox) by extension 'colcon_meta'
[0.310s] Level 1:colcon.colcon_core.package_identification:_identify(turtlesim_ws/src/ros-controls/control_toolbox) by extensions ['ros']
[0.310s] Level 1:colcon.colcon_core.package_identification:_identify(turtlesim_ws/src/ros-controls/control_toolbox) by extension 'ros'
[0.310s] Level 1:colcon.colcon_core.package_identification:_identify(turtlesim_ws/src/ros-controls/control_toolbox) by extensions ['cmake', 'python']
[0.310s] Level 1:colcon.colcon_core.package_identification:_identify(turtlesim_ws/src/ros-controls/control_toolbox) by extension 'cmake'
[0.310s] Level 1:colcon.colcon_core.package_identification:_identify(turtlesim_ws/src/ros-controls/control_toolbox) by extension 'python'
[0.310s] Level 1:colcon.colcon_core.package_identification:_identify(turtlesim_ws/src/ros-controls/control_toolbox) by extensions ['python_setup_py']
[0.310s] Level 1:colcon.colcon_core.package_identification:_identify(turtlesim_ws/src/ros-controls/control_toolbox) by extension 'python_setup_py'
[0.310s] Level 1:colcon.colcon_core.package_identification:_identify(turtlesim_ws/src/ros-controls/gz_ros2_control) by extensions ['ignore', 'ignore_ament_install']
[0.310s] Level 1:colcon.colcon_core.package_identification:_identify(turtlesim_ws/src/ros-controls/gz_ros2_control) by extension 'ignore'
[0.311s] Level 1:colcon.colcon_core.package_identification:_identify(turtlesim_ws/src/ros-controls/gz_ros2_control) by extension 'ignore_ament_install'
[0.311s] Level 1:colcon.colcon_core.package_identification:_identify(turtlesim_ws/src/ros-controls/gz_ros2_control) by extensions ['colcon_pkg']
[0.311s] Level 1:colcon.colcon_core.package_identification:_identify(turtlesim_ws/src/ros-controls/gz_ros2_control) by extension 'colcon_pkg'
[0.311s] Level 1:colcon.colcon_core.package_identification:_identify(turtlesim_ws/src/ros-controls/gz_ros2_control) by extensions ['colcon_meta']
[0.311s] Level 1:colcon.colcon_core.package_identification:_identify(turtlesim_ws/src/ros-controls/gz_ros2_control) by extension 'colcon_meta'
[0.311s] Level 1:colcon.colcon_core.package_identification:_identify(turtlesim_ws/src/ros-controls/gz_ros2_control) by extensions ['ros']
[0.311s] Level 1:colcon.colcon_core.package_identification:_identify(turtlesim_ws/src/ros-controls/gz_ros2_control) by extension 'ros'
[0.311s] Level 1:colcon.colcon_core.package_identification:_identify(turtlesim_ws/src/ros-controls/gz_ros2_control) by extensions ['cmake', 'python']
[0.311s] Level 1:colcon.colcon_core.package_identification:_identify(turtlesim_ws/src/ros-controls/gz_ros2_control) by extension 'cmake'
[0.311s] Level 1:colcon.colcon_core.package_identification:_identify(turtlesim_ws/src/ros-controls/gz_ros2_control) by extension 'python'
[0.311s] Level 1:colcon.colcon_core.package_identification:_identify(turtlesim_ws/src/ros-controls/gz_ros2_control) by extensions ['python_setup_py']
[0.311s] Level 1:colcon.colcon_core.package_identification:_identify(turtlesim_ws/src/ros-controls/gz_ros2_control) by extension 'python_setup_py'
[0.311s] Level 1:colcon.colcon_core.package_identification:_identify(turtlesim_ws/src/ros-controls/kinematics_interface) by extensions ['ignore', 'ignore_ament_install']
[0.311s] Level 1:colcon.colcon_core.package_identification:_identify(turtlesim_ws/src/ros-controls/kinematics_interface) by extension 'ignore'
[0.311s] Level 1:colcon.colcon_core.package_identification:_identify(turtlesim_ws/src/ros-controls/kinematics_interface) by extension 'ignore_ament_install'
[0.312s] Level 1:colcon.colcon_core.package_identification:_identify(turtlesim_ws/src/ros-controls/kinematics_interface) by extensions ['colcon_pkg']
[0.312s] Level 1:colcon.colcon_core.package_identification:_identify(turtlesim_ws/src/ros-controls/kinematics_interface) by extension 'colcon_pkg'
[0.312s] Level 1:colcon.colcon_core.package_identification:_identify(turtlesim_ws/src/ros-controls/kinematics_interface) by extensions ['colcon_meta']
[0.312s] Level 1:colcon.colcon_core.package_identification:_identify(turtlesim_ws/src/ros-controls/kinematics_interface) by extension 'colcon_meta'
[0.312s] Level 1:colcon.colcon_core.package_identification:_identify(turtlesim_ws/src/ros-controls/kinematics_interface) by extensions ['ros']
[0.312s] Level 1:colcon.colcon_core.package_identification:_identify(turtlesim_ws/src/ros-controls/kinematics_interface) by extension 'ros'
[0.312s] Level 1:colcon.colcon_core.package_identification:_identify(turtlesim_ws/src/ros-controls/kinematics_interface) by extensions ['cmake', 'python']
[0.312s] Level 1:colcon.colcon_core.package_identification:_identify(turtlesim_ws/src/ros-controls/kinematics_interface) by extension 'cmake'
[0.312s] Level 1:colcon.colcon_core.package_identification:_identify(turtlesim_ws/src/ros-controls/kinematics_interface) by extension 'python'
[0.312s] Level 1:colcon.colcon_core.package_identification:_identify(turtlesim_ws/src/ros-controls/kinematics_interface) by extensions ['python_setup_py']
[0.312s] Level 1:colcon.colcon_core.package_identification:_identify(turtlesim_ws/src/ros-controls/kinematics_interface) by extension 'python_setup_py'
[0.312s] Level 1:colcon.colcon_core.package_identification:_identify(turtlesim_ws/src/ros-controls/realtime_tools) by extensions ['ignore', 'ignore_ament_install']
[0.312s] Level 1:colcon.colcon_core.package_identification:_identify(turtlesim_ws/src/ros-controls/realtime_tools) by extension 'ignore'
[0.312s] Level 1:colcon.colcon_core.package_identification:_identify(turtlesim_ws/src/ros-controls/realtime_tools) by extension 'ignore_ament_install'
[0.312s] Level 1:colcon.colcon_core.package_identification:_identify(turtlesim_ws/src/ros-controls/realtime_tools) by extensions ['colcon_pkg']
[0.312s] Level 1:colcon.colcon_core.package_identification:_identify(turtlesim_ws/src/ros-controls/realtime_tools) by extension 'colcon_pkg'
[0.313s] Level 1:colcon.colcon_core.package_identification:_identify(turtlesim_ws/src/ros-controls/realtime_tools) by extensions ['colcon_meta']
[0.313s] Level 1:colcon.colcon_core.package_identification:_identify(turtlesim_ws/src/ros-controls/realtime_tools) by extension 'colcon_meta'
[0.313s] Level 1:colcon.colcon_core.package_identification:_identify(turtlesim_ws/src/ros-controls/realtime_tools) by extensions ['ros']
[0.313s] Level 1:colcon.colcon_core.package_identification:_identify(turtlesim_ws/src/ros-controls/realtime_tools) by extension 'ros'
[0.313s] Level 1:colcon.colcon_core.package_identification:_identify(turtlesim_ws/src/ros-controls/realtime_tools) by extensions ['cmake', 'python']
[0.313s] Level 1:colcon.colcon_core.package_identification:_identify(turtlesim_ws/src/ros-controls/realtime_tools) by extension 'cmake'
[0.313s] Level 1:colcon.colcon_core.package_identification:_identify(turtlesim_ws/src/ros-controls/realtime_tools) by extension 'python'
[0.313s] Level 1:colcon.colcon_core.package_identification:_identify(turtlesim_ws/src/ros-controls/realtime_tools) by extensions ['python_setup_py']
[0.313s] Level 1:colcon.colcon_core.package_identification:_identify(turtlesim_ws/src/ros-controls/realtime_tools) by extension 'python_setup_py'
[0.313s] Level 1:colcon.colcon_core.package_identification:_identify(turtlesim_ws/src/ros-controls/ros2_control) by extensions ['ignore', 'ignore_ament_install']
[0.313s] Level 1:colcon.colcon_core.package_identification:_identify(turtlesim_ws/src/ros-controls/ros2_control) by extension 'ignore'
[0.313s] Level 1:colcon.colcon_core.package_identification:_identify(turtlesim_ws/src/ros-controls/ros2_control) by extension 'ignore_ament_install'
[0.313s] Level 1:colcon.colcon_core.package_identification:_identify(turtlesim_ws/src/ros-controls/ros2_control) by extensions ['colcon_pkg']
[0.313s] Level 1:colcon.colcon_core.package_identification:_identify(turtlesim_ws/src/ros-controls/ros2_control) by extension 'colcon_pkg'
[0.313s] Level 1:colcon.colcon_core.package_identification:_identify(turtlesim_ws/src/ros-controls/ros2_control) by extensions ['colcon_meta']
[0.313s] Level 1:colcon.colcon_core.package_identification:_identify(turtlesim_ws/src/ros-controls/ros2_control) by extension 'colcon_meta'
[0.314s] Level 1:colcon.colcon_core.package_identification:_identify(turtlesim_ws/src/ros-controls/ros2_control) by extensions ['ros']
[0.314s] Level 1:colcon.colcon_core.package_identification:_identify(turtlesim_ws/src/ros-controls/ros2_control) by extension 'ros'
[0.314s] Level 1:colcon.colcon_core.package_identification:_identify(turtlesim_ws/src/ros-controls/ros2_control) by extensions ['cmake', 'python']
[0.314s] Level 1:colcon.colcon_core.package_identification:_identify(turtlesim_ws/src/ros-controls/ros2_control) by extension 'cmake'
[0.314s] Level 1:colcon.colcon_core.package_identification:_identify(turtlesim_ws/src/ros-controls/ros2_control) by extension 'python'
[0.314s] Level 1:colcon.colcon_core.package_identification:_identify(turtlesim_ws/src/ros-controls/ros2_control) by extensions ['python_setup_py']
[0.314s] Level 1:colcon.colcon_core.package_identification:_identify(turtlesim_ws/src/ros-controls/ros2_control) by extension 'python_setup_py'
[0.314s] Level 1:colcon.colcon_core.package_identification:_identify(turtlesim_ws/src/ros-controls/ros2_control_cmake) by extensions ['ignore', 'ignore_ament_install']
[0.314s] Level 1:colcon.colcon_core.package_identification:_identify(turtlesim_ws/src/ros-controls/ros2_control_cmake) by extension 'ignore'
[0.314s] Level 1:colcon.colcon_core.package_identification:_identify(turtlesim_ws/src/ros-controls/ros2_control_cmake) by extension 'ignore_ament_install'
[0.314s] Level 1:colcon.colcon_core.package_identification:_identify(turtlesim_ws/src/ros-controls/ros2_control_cmake) by extensions ['colcon_pkg']
[0.314s] Level 1:colcon.colcon_core.package_identification:_identify(turtlesim_ws/src/ros-controls/ros2_control_cmake) by extension 'colcon_pkg'
[0.314s] Level 1:colcon.colcon_core.package_identification:_identify(turtlesim_ws/src/ros-controls/ros2_control_cmake) by extensions ['colcon_meta']
[0.314s] Level 1:colcon.colcon_core.package_identification:_identify(turtlesim_ws/src/ros-controls/ros2_control_cmake) by extension 'colcon_meta'
[0.314s] Level 1:colcon.colcon_core.package_identification:_identify(turtlesim_ws/src/ros-controls/ros2_control_cmake) by extensions ['ros']
[0.314s] Level 1:colcon.colcon_core.package_identification:_identify(turtlesim_ws/src/ros-controls/ros2_control_cmake) by extension 'ros'
[0.315s] Level 1:colcon.colcon_core.package_identification:_identify(turtlesim_ws/src/ros-controls/ros2_control_cmake) by extensions ['cmake', 'python']
[0.315s] Level 1:colcon.colcon_core.package_identification:_identify(turtlesim_ws/src/ros-controls/ros2_control_cmake) by extension 'cmake'
[0.315s] Level 1:colcon.colcon_core.package_identification:_identify(turtlesim_ws/src/ros-controls/ros2_control_cmake) by extension 'python'
[0.315s] Level 1:colcon.colcon_core.package_identification:_identify(turtlesim_ws/src/ros-controls/ros2_control_cmake) by extensions ['python_setup_py']
[0.315s] Level 1:colcon.colcon_core.package_identification:_identify(turtlesim_ws/src/ros-controls/ros2_control_cmake) by extension 'python_setup_py'
[0.315s] Level 1:colcon.colcon_core.package_identification:_identify(turtlesim_ws/src/ros-controls/ros2_control_demos) by extensions ['ignore', 'ignore_ament_install']
[0.315s] Level 1:colcon.colcon_core.package_identification:_identify(turtlesim_ws/src/ros-controls/ros2_control_demos) by extension 'ignore'
[0.315s] Level 1:colcon.colcon_core.package_identification:_identify(turtlesim_ws/src/ros-controls/ros2_control_demos) by extension 'ignore_ament_install'
[0.315s] Level 1:colcon.colcon_core.package_identification:_identify(turtlesim_ws/src/ros-controls/ros2_control_demos) by extensions ['colcon_pkg']
[0.315s] Level 1:colcon.colcon_core.package_identification:_identify(turtlesim_ws/src/ros-controls/ros2_control_demos) by extension 'colcon_pkg'
[0.315s] Level 1:colcon.colcon_core.package_identification:_identify(turtlesim_ws/src/ros-controls/ros2_control_demos) by extensions ['colcon_meta']
[0.315s] Level 1:colcon.colcon_core.package_identification:_identify(turtlesim_ws/src/ros-controls/ros2_control_demos) by extension 'colcon_meta'
[0.315s] Level 1:colcon.colcon_core.package_identification:_identify(turtlesim_ws/src/ros-controls/ros2_control_demos) by extensions ['ros']
[0.315s] Level 1:colcon.colcon_core.package_identification:_identify(turtlesim_ws/src/ros-controls/ros2_control_demos) by extension 'ros'
[0.315s] Level 1:colcon.colcon_core.package_identification:_identify(turtlesim_ws/src/ros-controls/ros2_control_demos) by extensions ['cmake', 'python']
[0.315s] Level 1:colcon.colcon_core.package_identification:_identify(turtlesim_ws/src/ros-controls/ros2_control_demos) by extension 'cmake'
[0.315s] Level 1:colcon.colcon_core.package_identification:_identify(turtlesim_ws/src/ros-controls/ros2_control_demos) by extension 'python'
[0.316s] Level 1:colcon.colcon_core.package_identification:_identify(turtlesim_ws/src/ros-controls/ros2_control_demos) by extensions ['python_setup_py']
[0.316s] Level 1:colcon.colcon_core.package_identification:_identify(turtlesim_ws/src/ros-controls/ros2_control_demos) by extension 'python_setup_py'
[0.316s] Level 1:colcon.colcon_core.package_identification:_identify(turtlesim_ws/src/ros-controls/ros2_controllers) by extensions ['ignore', 'ignore_ament_install']
[0.316s] Level 1:colcon.colcon_core.package_identification:_identify(turtlesim_ws/src/ros-controls/ros2_controllers) by extension 'ignore'
[0.316s] Level 1:colcon.colcon_core.package_identification:_identify(turtlesim_ws/src/ros-controls/ros2_controllers) by extension 'ignore_ament_install'
[0.316s] Level 1:colcon.colcon_core.package_identification:_identify(turtlesim_ws/src/ros-controls/ros2_controllers) by extensions ['colcon_pkg']
[0.316s] Level 1:colcon.colcon_core.package_identification:_identify(turtlesim_ws/src/ros-controls/ros2_controllers) by extension 'colcon_pkg'
[0.316s] Level 1:colcon.colcon_core.package_identification:_identify(turtlesim_ws/src/ros-controls/ros2_controllers) by extensions ['colcon_meta']
[0.316s] Level 1:colcon.colcon_core.package_identification:_identify(turtlesim_ws/src/ros-controls/ros2_controllers) by extension 'colcon_meta'
[0.316s] Level 1:colcon.colcon_core.package_identification:_identify(turtlesim_ws/src/ros-controls/ros2_controllers) by extensions ['ros']
[0.316s] Level 1:colcon.colcon_core.package_identification:_identify(turtlesim_ws/src/ros-controls/ros2_controllers) by extension 'ros'
[0.316s] Level 1:colcon.colcon_core.package_identification:_identify(turtlesim_ws/src/ros-controls/ros2_controllers) by extensions ['cmake', 'python']
[0.316s] Level 1:colcon.colcon_core.package_identification:_identify(turtlesim_ws/src/ros-controls/ros2_controllers) by extension 'cmake'
[0.316s] Level 1:colcon.colcon_core.package_identification:_identify(turtlesim_ws/src/ros-controls/ros2_controllers) by extension 'python'
[0.316s] Level 1:colcon.colcon_core.package_identification:_identify(turtlesim_ws/src/ros-controls/ros2_controllers) by extensions ['python_setup_py']
[0.316s] Level 1:colcon.colcon_core.package_identification:_identify(turtlesim_ws/src/ros-controls/ros2_controllers) by extension 'python_setup_py'
[0.317s] Level 1:colcon.colcon_core.package_identification:_identify(turtlesim_ws/src/ros-controls/topic_based_hardware_interfaces) by extensions ['ignore', 'ignore_ament_install']
[0.317s] Level 1:colcon.colcon_core.package_identification:_identify(turtlesim_ws/src/ros-controls/topic_based_hardware_interfaces) by extension 'ignore'
[0.317s] Level 1:colcon.colcon_core.package_identification:_identify(turtlesim_ws/src/ros-controls/topic_based_hardware_interfaces) by extension 'ignore_ament_install'
[0.317s] Level 1:colcon.colcon_core.package_identification:_identify(turtlesim_ws/src/ros-controls/topic_based_hardware_interfaces) by extensions ['colcon_pkg']
[0.317s] Level 1:colcon.colcon_core.package_identification:_identify(turtlesim_ws/src/ros-controls/topic_based_hardware_interfaces) by extension 'colcon_pkg'
[0.317s] Level 1:colcon.colcon_core.package_identification:_identify(turtlesim_ws/src/ros-controls/topic_based_hardware_interfaces) by extensions ['colcon_meta']
[0.317s] Level 1:colcon.colcon_core.package_identification:_identify(turtlesim_ws/src/ros-controls/topic_based_hardware_interfaces) by extension 'colcon_meta'
[0.317s] Level 1:colcon.colcon_core.package_identification:_identify(turtlesim_ws/src/ros-controls/topic_based_hardware_interfaces) by extensions ['ros']
[0.317s] Level 1:colcon.colcon_core.package_identification:_identify(turtlesim_ws/src/ros-controls/topic_based_hardware_interfaces) by extension 'ros'
[0.317s] Level 1:colcon.colcon_core.package_identification:_identify(turtlesim_ws/src/ros-controls/topic_based_hardware_interfaces) by extensions ['cmake', 'python']
[0.317s] Level 1:colcon.colcon_core.package_identification:_identify(turtlesim_ws/src/ros-controls/topic_based_hardware_interfaces) by extension 'cmake'
[0.317s] Level 1:colcon.colcon_core.package_identification:_identify(turtlesim_ws/src/ros-controls/topic_based_hardware_interfaces) by extension 'python'
[0.317s] Level 1:colcon.colcon_core.package_identification:_identify(turtlesim_ws/src/ros-controls/topic_based_hardware_interfaces) by extensions ['python_setup_py']
[0.317s] Level 1:colcon.colcon_core.package_identification:_identify(turtlesim_ws/src/ros-controls/topic_based_hardware_interfaces) by extension 'python_setup_py'
[0.317s] Level 1:colcon.colcon_core.package_discovery:discover_packages(recursive) using defaults
[0.317s] Level 1:colcon.colcon_core.package_discovery:discover_packages(ignore) discover
[0.317s] Level 1:colcon.colcon_core.package_discovery:discover_packages(ignore) using defaults
[0.318s] Level 1:colcon.colcon_core.package_discovery:discover_packages(path) discover
[0.318s] Level 1:colcon.colcon_core.package_discovery:discover_packages(path) using defaults
[0.343s] Level 5:colcon.colcon_core.verb:set package 'carter_navigation' build argument 'cmake_args' from command line to 'None'
[0.343s] Level 5:colcon.colcon_core.verb:set package 'carter_navigation' build argument 'cmake_target' from command line to 'None'
[0.343s] Level 5:colcon.colcon_core.verb:set package 'carter_navigation' build argument 'cmake_target_skip_unavailable' from command line to 'False'
[0.343s] Level 5:colcon.colcon_core.verb:set package 'carter_navigation' build argument 'cmake_clean_cache' from command line to 'False'
[0.343s] Level 5:colcon.colcon_core.verb:set package 'carter_navigation' build argument 'cmake_clean_first' from command line to 'False'
[0.344s] Level 5:colcon.colcon_core.verb:set package 'carter_navigation' build argument 'cmake_force_configure' from command line to 'False'
[0.344s] Level 5:colcon.colcon_core.verb:set package 'carter_navigation' build argument 'ament_cmake_args' from command line to 'None'
[0.344s] Level 5:colcon.colcon_core.verb:set package 'carter_navigation' build argument 'catkin_cmake_args' from command line to 'None'
[0.344s] Level 5:colcon.colcon_core.verb:set package 'carter_navigation' build argument 'catkin_skip_building_tests' from command line to 'False'
[0.344s] DEBUG:colcon.colcon_core.verb:Building package 'carter_navigation' with the following arguments: {'ament_cmake_args': None, 'build_base': '/workspaces/ros2-coding/build/carter_navigation', 'catkin_cmake_args': None, 'catkin_skip_building_tests': False, 'cmake_args': None, 'cmake_clean_cache': False, 'cmake_clean_first': False, 'cmake_force_configure': False, 'cmake_target': None, 'cmake_target_skip_unavailable': False, 'install_base': '/workspaces/ros2-coding/install/carter_navigation', 'merge_install': False, 'path': '/workspaces/ros2-coding/turtlesim_ws/src/navigation/carter_navigation', 'symlink_install': True, 'test_result_base': None}
[0.344s] Level 5:colcon.colcon_core.verb:set package 'cmdvel_to_ackermann' build argument 'cmake_args' from command line to 'None'
[0.344s] Level 5:colcon.colcon_core.verb:set package 'cmdvel_to_ackermann' build argument 'cmake_target' from command line to 'None'
[0.344s] Level 5:colcon.colcon_core.verb:set package 'cmdvel_to_ackermann' build argument 'cmake_target_skip_unavailable' from command line to 'False'
[0.344s] Level 5:colcon.colcon_core.verb:set package 'cmdvel_to_ackermann' build argument 'cmake_clean_cache' from command line to 'False'
[0.344s] Level 5:colcon.colcon_core.verb:set package 'cmdvel_to_ackermann' build argument 'cmake_clean_first' from command line to 'False'
[0.344s] Level 5:colcon.colcon_core.verb:set package 'cmdvel_to_ackermann' build argument 'cmake_force_configure' from command line to 'False'
[0.344s] Level 5:colcon.colcon_core.verb:set package 'cmdvel_to_ackermann' build argument 'ament_cmake_args' from command line to 'None'
[0.344s] Level 5:colcon.colcon_core.verb:set package 'cmdvel_to_ackermann' build argument 'catkin_cmake_args' from command line to 'None'
[0.344s] Level 5:colcon.colcon_core.verb:set package 'cmdvel_to_ackermann' build argument 'catkin_skip_building_tests' from command line to 'False'
[0.344s] DEBUG:colcon.colcon_core.verb:Building package 'cmdvel_to_ackermann' with the following arguments: {'ament_cmake_args': None, 'build_base': '/workspaces/ros2-coding/build/cmdvel_to_ackermann', 'catkin_cmake_args': None, 'catkin_skip_building_tests': False, 'cmake_args': None, 'cmake_clean_cache': False, 'cmake_clean_first': False, 'cmake_force_configure': False, 'cmake_target': None, 'cmake_target_skip_unavailable': False, 'install_base': '/workspaces/ros2-coding/install/cmdvel_to_ackermann', 'merge_install': False, 'path': '/workspaces/ros2-coding/turtlesim_ws/src/cmdvel_to_ackermann', 'symlink_install': True, 'test_result_base': None}
[0.345s] Level 5:colcon.colcon_core.verb:set package 'custom_message' build argument 'cmake_args' from command line to 'None'
[0.345s] Level 5:colcon.colcon_core.verb:set package 'custom_message' build argument 'cmake_target' from command line to 'None'
[0.345s] Level 5:colcon.colcon_core.verb:set package 'custom_message' build argument 'cmake_target_skip_unavailable' from command line to 'False'
[0.345s] Level 5:colcon.colcon_core.verb:set package 'custom_message' build argument 'cmake_clean_cache' from command line to 'False'
[0.345s] Level 5:colcon.colcon_core.verb:set package 'custom_message' build argument 'cmake_clean_first' from command line to 'False'
[0.345s] Level 5:colcon.colcon_core.verb:set package 'custom_message' build argument 'cmake_force_configure' from command line to 'False'
[0.345s] Level 5:colcon.colcon_core.verb:set package 'custom_message' build argument 'ament_cmake_args' from command line to 'None'
[0.345s] Level 5:colcon.colcon_core.verb:set package 'custom_message' build argument 'catkin_cmake_args' from command line to 'None'
[0.345s] Level 5:colcon.colcon_core.verb:set package 'custom_message' build argument 'catkin_skip_building_tests' from command line to 'False'
[0.345s] DEBUG:colcon.colcon_core.verb:Building package 'custom_message' with the following arguments: {'ament_cmake_args': None, 'build_base': '/workspaces/ros2-coding/build/custom_message', 'catkin_cmake_args': None, 'catkin_skip_building_tests': False, 'cmake_args': None, 'cmake_clean_cache': False, 'cmake_clean_first': False, 'cmake_force_configure': False, 'cmake_target': None, 'cmake_target_skip_unavailable': False, 'install_base': '/workspaces/ros2-coding/install/custom_message', 'merge_install': False, 'path': '/workspaces/ros2-coding/turtlesim_ws/src/custom_message', 'symlink_install': True, 'test_result_base': None}
[0.345s] Level 5:colcon.colcon_core.verb:set package 'h1_fullbody_controller' build argument 'cmake_args' from command line to 'None'
[0.345s] Level 5:colcon.colcon_core.verb:set package 'h1_fullbody_controller' build argument 'cmake_target' from command line to 'None'
[0.346s] Level 5:colcon.colcon_core.verb:set package 'h1_fullbody_controller' build argument 'cmake_target_skip_unavailable' from command line to 'False'
[0.346s] Level 5:colcon.colcon_core.verb:set package 'h1_fullbody_controller' build argument 'cmake_clean_cache' from command line to 'False'
[0.346s] Level 5:colcon.colcon_core.verb:set package 'h1_fullbody_controller' build argument 'cmake_clean_first' from command line to 'False'
[0.346s] Level 5:colcon.colcon_core.verb:set package 'h1_fullbody_controller' build argument 'cmake_force_configure' from command line to 'False'
[0.346s] Level 5:colcon.colcon_core.verb:set package 'h1_fullbody_controller' build argument 'ament_cmake_args' from command line to 'None'
[0.346s] Level 5:colcon.colcon_core.verb:set package 'h1_fullbody_controller' build argument 'catkin_cmake_args' from command line to 'None'
[0.346s] Level 5:colcon.colcon_core.verb:set package 'h1_fullbody_controller' build argument 'catkin_skip_building_tests' from command line to 'False'
[0.346s] DEBUG:colcon.colcon_core.verb:Building package 'h1_fullbody_controller' with the following arguments: {'ament_cmake_args': None, 'build_base': '/workspaces/ros2-coding/build/h1_fullbody_controller', 'catkin_cmake_args': None, 'catkin_skip_building_tests': False, 'cmake_args': None, 'cmake_clean_cache': False, 'cmake_clean_first': False, 'cmake_force_configure': False, 'cmake_target': None, 'cmake_target_skip_unavailable': False, 'install_base': '/workspaces/ros2-coding/install/h1_fullbody_controller', 'merge_install': False, 'path': '/workspaces/ros2-coding/turtlesim_ws/src/humanoid_locomotion_policy_example/h1_fullbody_controller', 'symlink_install': True, 'test_result_base': None}
[0.346s] Level 5:colcon.colcon_core.verb:set package 'isaac_moveit' build argument 'cmake_args' from command line to 'None'
[0.346s] Level 5:colcon.colcon_core.verb:set package 'isaac_moveit' build argument 'cmake_target' from command line to 'None'
[0.346s] Level 5:colcon.colcon_core.verb:set package 'isaac_moveit' build argument 'cmake_target_skip_unavailable' from command line to 'False'
[0.346s] Level 5:colcon.colcon_core.verb:set package 'isaac_moveit' build argument 'cmake_clean_cache' from command line to 'False'
[0.346s] Level 5:colcon.colcon_core.verb:set package 'isaac_moveit' build argument 'cmake_clean_first' from command line to 'False'
[0.346s] Level 5:colcon.colcon_core.verb:set package 'isaac_moveit' build argument 'cmake_force_configure' from command line to 'False'
[0.346s] Level 5:colcon.colcon_core.verb:set package 'isaac_moveit' build argument 'ament_cmake_args' from command line to 'None'
[0.346s] Level 5:colcon.colcon_core.verb:set package 'isaac_moveit' build argument 'catkin_cmake_args' from command line to 'None'
[0.346s] Level 5:colcon.colcon_core.verb:set package 'isaac_moveit' build argument 'catkin_skip_building_tests' from command line to 'False'
[0.346s] DEBUG:colcon.colcon_core.verb:Building package 'isaac_moveit' with the following arguments: {'ament_cmake_args': None, 'build_base': '/workspaces/ros2-coding/build/isaac_moveit', 'catkin_cmake_args': None, 'catkin_skip_building_tests': False, 'cmake_args': None, 'cmake_clean_cache': False, 'cmake_clean_first': False, 'cmake_force_configure': False, 'cmake_target': None, 'cmake_target_skip_unavailable': False, 'install_base': '/workspaces/ros2-coding/install/isaac_moveit', 'merge_install': False, 'path': '/workspaces/ros2-coding/turtlesim_ws/src/moveit/isaac_moveit', 'symlink_install': True, 'test_result_base': None}
[0.347s] Level 5:colcon.colcon_core.verb:set package 'isaac_ros2_messages' build argument 'cmake_args' from command line to 'None'
[0.347s] Level 5:colcon.colcon_core.verb:set package 'isaac_ros2_messages' build argument 'cmake_target' from command line to 'None'
[0.347s] Level 5:colcon.colcon_core.verb:set package 'isaac_ros2_messages' build argument 'cmake_target_skip_unavailable' from command line to 'False'
[0.347s] Level 5:colcon.colcon_core.verb:set package 'isaac_ros2_messages' build argument 'cmake_clean_cache' from command line to 'False'
[0.347s] Level 5:colcon.colcon_core.verb:set package 'isaac_ros2_messages' build argument 'cmake_clean_first' from command line to 'False'
[0.347s] Level 5:colcon.colcon_core.verb:set package 'isaac_ros2_messages' build argument 'cmake_force_configure' from command line to 'False'
[0.347s] Level 5:colcon.colcon_core.verb:set package 'isaac_ros2_messages' build argument 'ament_cmake_args' from command line to 'None'
[0.347s] Level 5:colcon.colcon_core.verb:set package 'isaac_ros2_messages' build argument 'catkin_cmake_args' from command line to 'None'
[0.347s] Level 5:colcon.colcon_core.verb:set package 'isaac_ros2_messages' build argument 'catkin_skip_building_tests' from command line to 'False'
[0.347s] DEBUG:colcon.colcon_core.verb:Building package 'isaac_ros2_messages' with the following arguments: {'ament_cmake_args': None, 'build_base': '/workspaces/ros2-coding/build/isaac_ros2_messages', 'catkin_cmake_args': None, 'catkin_skip_building_tests': False, 'cmake_args': None, 'cmake_clean_cache': False, 'cmake_clean_first': False, 'cmake_force_configure': False, 'cmake_target': None, 'cmake_target_skip_unavailable': False, 'install_base': '/workspaces/ros2-coding/install/isaac_ros2_messages', 'merge_install': False, 'path': '/workspaces/ros2-coding/turtlesim_ws/src/isaac_ros2_messages', 'symlink_install': True, 'test_result_base': None}
[0.347s] Level 5:colcon.colcon_core.verb:set package 'isaac_ros_navigation_goal' build argument 'cmake_args' from command line to 'None'
[0.347s] Level 5:colcon.colcon_core.verb:set package 'isaac_ros_navigation_goal' build argument 'cmake_target' from command line to 'None'
[0.348s] Level 5:colcon.colcon_core.verb:set package 'isaac_ros_navigation_goal' build argument 'cmake_target_skip_unavailable' from command line to 'False'
[0.348s] Level 5:colcon.colcon_core.verb:set package 'isaac_ros_navigation_goal' build argument 'cmake_clean_cache' from command line to 'False'
[0.348s] Level 5:colcon.colcon_core.verb:set package 'isaac_ros_navigation_goal' build argument 'cmake_clean_first' from command line to 'False'
[0.348s] Level 5:colcon.colcon_core.verb:set package 'isaac_ros_navigation_goal' build argument 'cmake_force_configure' from command line to 'False'
[0.348s] Level 5:colcon.colcon_core.verb:set package 'isaac_ros_navigation_goal' build argument 'ament_cmake_args' from command line to 'None'
[0.348s] Level 5:colcon.colcon_core.verb:set package 'isaac_ros_navigation_goal' build argument 'catkin_cmake_args' from command line to 'None'
[0.348s] Level 5:colcon.colcon_core.verb:set package 'isaac_ros_navigation_goal' build argument 'catkin_skip_building_tests' from command line to 'False'
[0.348s] DEBUG:colcon.colcon_core.verb:Building package 'isaac_ros_navigation_goal' with the following arguments: {'ament_cmake_args': None, 'build_base': '/workspaces/ros2-coding/build/isaac_ros_navigation_goal', 'catkin_cmake_args': None, 'catkin_skip_building_tests': False, 'cmake_args': None, 'cmake_clean_cache': False, 'cmake_clean_first': False, 'cmake_force_configure': False, 'cmake_target': None, 'cmake_target_skip_unavailable': False, 'install_base': '/workspaces/ros2-coding/install/isaac_ros_navigation_goal', 'merge_install': False, 'path': '/workspaces/ros2-coding/turtlesim_ws/src/navigation/isaac_ros_navigation_goal', 'symlink_install': True, 'test_result_base': None}
[0.348s] Level 5:colcon.colcon_core.verb:set package 'isaac_tutorials' build argument 'cmake_args' from command line to 'None'
[0.348s] Level 5:colcon.colcon_core.verb:set package 'isaac_tutorials' build argument 'cmake_target' from command line to 'None'
[0.348s] Level 5:colcon.colcon_core.verb:set package 'isaac_tutorials' build argument 'cmake_target_skip_unavailable' from command line to 'False'
[0.348s] Level 5:colcon.colcon_core.verb:set package 'isaac_tutorials' build argument 'cmake_clean_cache' from command line to 'False'
[0.348s] Level 5:colcon.colcon_core.verb:set package 'isaac_tutorials' build argument 'cmake_clean_first' from command line to 'False'
[0.348s] Level 5:colcon.colcon_core.verb:set package 'isaac_tutorials' build argument 'cmake_force_configure' from command line to 'False'
[0.348s] Level 5:colcon.colcon_core.verb:set package 'isaac_tutorials' build argument 'ament_cmake_args' from command line to 'None'
[0.348s] Level 5:colcon.colcon_core.verb:set package 'isaac_tutorials' build argument 'catkin_cmake_args' from command line to 'None'
[0.348s] Level 5:colcon.colcon_core.verb:set package 'isaac_tutorials' build argument 'catkin_skip_building_tests' from command line to 'False'
[0.348s] DEBUG:colcon.colcon_core.verb:Building package 'isaac_tutorials' with the following arguments: {'ament_cmake_args': None, 'build_base': '/workspaces/ros2-coding/build/isaac_tutorials', 'catkin_cmake_args': None, 'catkin_skip_building_tests': False, 'cmake_args': None, 'cmake_clean_cache': False, 'cmake_clean_first': False, 'cmake_force_configure': False, 'cmake_target': None, 'cmake_target_skip_unavailable': False, 'install_base': '/workspaces/ros2-coding/install/isaac_tutorials', 'merge_install': False, 'path': '/workspaces/ros2-coding/turtlesim_ws/src/isaac_tutorials', 'symlink_install': True, 'test_result_base': None}
[0.349s] Level 5:colcon.colcon_core.verb:set package 'isaacsim' build argument 'cmake_args' from command line to 'None'
[0.349s] Level 5:colcon.colcon_core.verb:set package 'isaacsim' build argument 'cmake_target' from command line to 'None'
[0.349s] Level 5:colcon.colcon_core.verb:set package 'isaacsim' build argument 'cmake_target_skip_unavailable' from command line to 'False'
[0.349s] Level 5:colcon.colcon_core.verb:set package 'isaacsim' build argument 'cmake_clean_cache' from command line to 'False'
[0.349s] Level 5:colcon.colcon_core.verb:set package 'isaacsim' build argument 'cmake_clean_first' from command line to 'False'
[0.349s] Level 5:colcon.colcon_core.verb:set package 'isaacsim' build argument 'cmake_force_configure' from command line to 'False'
[0.349s] Level 5:colcon.colcon_core.verb:set package 'isaacsim' build argument 'ament_cmake_args' from command line to 'None'
[0.349s] Level 5:colcon.colcon_core.verb:set package 'isaacsim' build argument 'catkin_cmake_args' from command line to 'None'
[0.349s] Level 5:colcon.colcon_core.verb:set package 'isaacsim' build argument 'catkin_skip_building_tests' from command line to 'False'
[0.349s] DEBUG:colcon.colcon_core.verb:Building package 'isaacsim' with the following arguments: {'ament_cmake_args': None, 'build_base': '/workspaces/ros2-coding/build/isaacsim', 'catkin_cmake_args': None, 'catkin_skip_building_tests': False, 'cmake_args': None, 'cmake_clean_cache': False, 'cmake_clean_first': False, 'cmake_force_configure': False, 'cmake_target': None, 'cmake_target_skip_unavailable': False, 'install_base': '/workspaces/ros2-coding/install/isaacsim', 'merge_install': False, 'path': '/workspaces/ros2-coding/turtlesim_ws/src/isaacsim', 'symlink_install': True, 'test_result_base': None}
[0.350s] Level 5:colcon.colcon_core.verb:set package 'issac_sim' build argument 'cmake_args' from command line to 'None'
[0.350s] Level 5:colcon.colcon_core.verb:set package 'issac_sim' build argument 'cmake_target' from command line to 'None'
[0.350s] Level 5:colcon.colcon_core.verb:set package 'issac_sim' build argument 'cmake_target_skip_unavailable' from command line to 'False'
[0.350s] Level 5:colcon.colcon_core.verb:set package 'issac_sim' build argument 'cmake_clean_cache' from command line to 'False'
[0.350s] Level 5:colcon.colcon_core.verb:set package 'issac_sim' build argument 'cmake_clean_first' from command line to 'False'
[0.350s] Level 5:colcon.colcon_core.verb:set package 'issac_sim' build argument 'cmake_force_configure' from command line to 'False'
[0.350s] Level 5:colcon.colcon_core.verb:set package 'issac_sim' build argument 'ament_cmake_args' from command line to 'None'
[0.350s] Level 5:colcon.colcon_core.verb:set package 'issac_sim' build argument 'catkin_cmake_args' from command line to 'None'
[0.350s] Level 5:colcon.colcon_core.verb:set package 'issac_sim' build argument 'catkin_skip_building_tests' from command line to 'False'
[0.350s] DEBUG:colcon.colcon_core.verb:Building package 'issac_sim' with the following arguments: {'ament_cmake_args': None, 'build_base': '/workspaces/ros2-coding/build/issac_sim', 'catkin_cmake_args': None, 'catkin_skip_building_tests': False, 'cmake_args': None, 'cmake_clean_cache': False, 'cmake_clean_first': False, 'cmake_force_configure': False, 'cmake_target': None, 'cmake_target_skip_unavailable': False, 'install_base': '/workspaces/ros2-coding/install/issac_sim', 'merge_install': False, 'path': '/workspaces/ros2-coding/turtlesim_ws/src/issac_sim', 'symlink_install': True, 'test_result_base': None}
[0.350s] Level 5:colcon.colcon_core.verb:set package 'iw_hub_navigation' build argument 'cmake_args' from command line to 'None'
[0.350s] Level 5:colcon.colcon_core.verb:set package 'iw_hub_navigation' build argument 'cmake_target' from command line to 'None'
[0.350s] Level 5:colcon.colcon_core.verb:set package 'iw_hub_navigation' build argument 'cmake_target_skip_unavailable' from command line to 'False'
[0.350s] Level 5:colcon.colcon_core.verb:set package 'iw_hub_navigation' build argument 'cmake_clean_cache' from command line to 'False'
[0.350s] Level 5:colcon.colcon_core.verb:set package 'iw_hub_navigation' build argument 'cmake_clean_first' from command line to 'False'
[0.350s] Level 5:colcon.colcon_core.verb:set package 'iw_hub_navigation' build argument 'cmake_force_configure' from command line to 'False'
[0.350s] Level 5:colcon.colcon_core.verb:set package 'iw_hub_navigation' build argument 'ament_cmake_args' from command line to 'None'
[0.350s] Level 5:colcon.colcon_core.verb:set package 'iw_hub_navigation' build argument 'catkin_cmake_args' from command line to 'None'
[0.350s] Level 5:colcon.colcon_core.verb:set package 'iw_hub_navigation' build argument 'catkin_skip_building_tests' from command line to 'False'
[0.350s] DEBUG:colcon.colcon_core.verb:Building package 'iw_hub_navigation' with the following arguments: {'ament_cmake_args': None, 'build_base': '/workspaces/ros2-coding/build/iw_hub_navigation', 'catkin_cmake_args': None, 'catkin_skip_building_tests': False, 'cmake_args': None, 'cmake_clean_cache': False, 'cmake_clean_first': False, 'cmake_force_configure': False, 'cmake_target': None, 'cmake_target_skip_unavailable': False, 'install_base': '/workspaces/ros2-coding/install/iw_hub_navigation', 'merge_install': False, 'path': '/workspaces/ros2-coding/turtlesim_ws/src/navigation/iw_hub_navigation', 'symlink_install': True, 'test_result_base': None}
[0.351s] Level 5:colcon.colcon_core.verb:set package 'my_turtlesim' build argument 'cmake_args' from command line to 'None'
[0.351s] Level 5:colcon.colcon_core.verb:set package 'my_turtlesim' build argument 'cmake_target' from command line to 'None'
[0.351s] Level 5:colcon.colcon_core.verb:set package 'my_turtlesim' build argument 'cmake_target_skip_unavailable' from command line to 'False'
[0.351s] Level 5:colcon.colcon_core.verb:set package 'my_turtlesim' build argument 'cmake_clean_cache' from command line to 'False'
[0.351s] Level 5:colcon.colcon_core.verb:set package 'my_turtlesim' build argument 'cmake_clean_first' from command line to 'False'
[0.351s] Level 5:colcon.colcon_core.verb:set package 'my_turtlesim' build argument 'cmake_force_configure' from command line to 'False'
[0.351s] Level 5:colcon.colcon_core.verb:set package 'my_turtlesim' build argument 'ament_cmake_args' from command line to 'None'
[0.351s] Level 5:colcon.colcon_core.verb:set package 'my_turtlesim' build argument 'catkin_cmake_args' from command line to 'None'
[0.351s] Level 5:colcon.colcon_core.verb:set package 'my_turtlesim' build argument 'catkin_skip_building_tests' from command line to 'False'
[0.351s] DEBUG:colcon.colcon_core.verb:Building package 'my_turtlesim' with the following arguments: {'ament_cmake_args': None, 'build_base': '/workspaces/ros2-coding/build/my_turtlesim', 'catkin_cmake_args': None, 'catkin_skip_building_tests': False, 'cmake_args': None, 'cmake_clean_cache': False, 'cmake_clean_first': False, 'cmake_force_configure': False, 'cmake_target': None, 'cmake_target_skip_unavailable': False, 'install_base': '/workspaces/ros2-coding/install/my_turtlesim', 'merge_install': False, 'path': '/workspaces/ros2-coding/turtlesim_ws/src/my_turtlesim', 'symlink_install': True, 'test_result_base': None}
[0.351s] INFO:colcon.colcon_core.executor:Executing jobs using 'parallel' executor
[0.352s] DEBUG:colcon.colcon_parallel_executor.executor.parallel:run_until_complete
[0.353s] INFO:colcon.colcon_ros.task.ament_cmake.build:Building ROS package in '/workspaces/ros2-coding/turtlesim_ws/src/navigation/carter_navigation' with build type 'ament_cmake'
[0.353s] INFO:colcon.colcon_cmake.task.cmake.build:Building CMake package in '/workspaces/ros2-coding/turtlesim_ws/src/navigation/carter_navigation'
[0.357s] INFO:colcon.colcon_core.plugin_system:Skipping extension 'colcon_core.shell.bat': Not used on non-Windows systems
[0.357s] INFO:colcon.colcon_core.shell:Skip shell extension 'powershell' for command environment: Not usable outside of PowerShell
[0.357s] DEBUG:colcon.colcon_core.shell:Skip shell extension 'dsv' for command environment
[0.373s] INFO:colcon.colcon_ros.task.ament_cmake.build:Building ROS package in '/workspaces/ros2-coding/turtlesim_ws/src/cmdvel_to_ackermann' with build type 'ament_cmake'
[0.374s] INFO:colcon.colcon_cmake.task.cmake.build:Building CMake package in '/workspaces/ros2-coding/turtlesim_ws/src/cmdvel_to_ackermann'
[0.374s] INFO:colcon.colcon_core.shell:Skip shell extension 'powershell' for command environment: Not usable outside of PowerShell
[0.374s] DEBUG:colcon.colcon_core.shell:Skip shell extension 'dsv' for command environment
[0.388s] INFO:colcon.colcon_ros.task.ament_cmake.build:Building ROS package in '/workspaces/ros2-coding/turtlesim_ws/src/custom_message' with build type 'ament_cmake'
[0.389s] INFO:colcon.colcon_cmake.task.cmake.build:Building CMake package in '/workspaces/ros2-coding/turtlesim_ws/src/custom_message'
[0.389s] INFO:colcon.colcon_core.shell:Skip shell extension 'powershell' for command environment: Not usable outside of PowerShell
[0.389s] DEBUG:colcon.colcon_core.shell:Skip shell extension 'dsv' for command environment
[0.403s] INFO:colcon.colcon_ros.task.ament_cmake.build:Building ROS package in '/workspaces/ros2-coding/turtlesim_ws/src/humanoid_locomotion_policy_example/h1_fullbody_controller' with build type 'ament_cmake'
[0.403s] INFO:colcon.colcon_cmake.task.cmake.build:Building CMake package in '/workspaces/ros2-coding/turtlesim_ws/src/humanoid_locomotion_policy_example/h1_fullbody_controller'
[0.404s] INFO:colcon.colcon_core.shell:Skip shell extension 'powershell' for command environment: Not usable outside of PowerShell
[0.404s] DEBUG:colcon.colcon_core.shell:Skip shell extension 'dsv' for command environment
[0.428s] DEBUG:colcon.colcon_core.event_handler.log_command:Invoking command in '/workspaces/ros2-coding/build/carter_navigation': CMAKE_PREFIX_PATH=${CMAKE_PREFIX_PATH}:/workspaces/ros2-coding/install/rqt_joint_trajectory_controller:/workspaces/ros2-coding/install/rqt_controller_manager:/workspaces/ros2-coding/install/ros2controlcli:/workspaces/ros2-coding/install/ros2_controllers_test_nodes:/workspaces/ros2-coding/install/my_turtlesim:/workspaces/ros2-coding/install/issac_sim:/workspaces/ros2-coding/install/isaac_ros_navigation_goal:/opt/ros/jazzy /usr/bin/cmake --build /workspaces/ros2-coding/build/carter_navigation -- -j4 -l4
[0.432s] DEBUG:colcon.colcon_core.event_handler.log_command:Invoking command in '/workspaces/ros2-coding/build/cmdvel_to_ackermann': CMAKE_PREFIX_PATH=${CMAKE_PREFIX_PATH}:/workspaces/ros2-coding/install/rqt_joint_trajectory_controller:/workspaces/ros2-coding/install/rqt_controller_manager:/workspaces/ros2-coding/install/ros2controlcli:/workspaces/ros2-coding/install/ros2_controllers_test_nodes:/workspaces/ros2-coding/install/my_turtlesim:/workspaces/ros2-coding/install/issac_sim:/workspaces/ros2-coding/install/isaac_ros_navigation_goal:/opt/ros/jazzy /usr/bin/cmake --build /workspaces/ros2-coding/build/cmdvel_to_ackermann -- -j4 -l4
[0.437s] DEBUG:colcon.colcon_core.event_handler.log_command:Invoking command in '/workspaces/ros2-coding/build/custom_message': CMAKE_PREFIX_PATH=${CMAKE_PREFIX_PATH}:/workspaces/ros2-coding/install/rqt_joint_trajectory_controller:/workspaces/ros2-coding/install/rqt_controller_manager:/workspaces/ros2-coding/install/ros2controlcli:/workspaces/ros2-coding/install/ros2_controllers_test_nodes:/workspaces/ros2-coding/install/my_turtlesim:/workspaces/ros2-coding/install/issac_sim:/workspaces/ros2-coding/install/isaac_ros_navigation_goal:/opt/ros/jazzy /usr/bin/cmake --build /workspaces/ros2-coding/build/custom_message -- -j4 -l4
[0.460s] DEBUG:colcon.colcon_core.event_handler.log_command:Invoking command in '/workspaces/ros2-coding/build/h1_fullbody_controller': CMAKE_PREFIX_PATH=${CMAKE_PREFIX_PATH}:/workspaces/ros2-coding/install/rqt_joint_trajectory_controller:/workspaces/ros2-coding/install/rqt_controller_manager:/workspaces/ros2-coding/install/ros2controlcli:/workspaces/ros2-coding/install/ros2_controllers_test_nodes:/workspaces/ros2-coding/install/my_turtlesim:/workspaces/ros2-coding/install/issac_sim:/workspaces/ros2-coding/install/isaac_ros_navigation_goal:/opt/ros/jazzy /usr/bin/cmake --build /workspaces/ros2-coding/build/h1_fullbody_controller -- -j4 -l4
[0.582s] DEBUG:colcon.colcon_core.event_handler.log_command:Invoked command in '/workspaces/ros2-coding/build/carter_navigation' returned '0': CMAKE_PREFIX_PATH=${CMAKE_PREFIX_PATH}:/workspaces/ros2-coding/install/rqt_joint_trajectory_controller:/workspaces/ros2-coding/install/rqt_controller_manager:/workspaces/ros2-coding/install/ros2controlcli:/workspaces/ros2-coding/install/ros2_controllers_test_nodes:/workspaces/ros2-coding/install/my_turtlesim:/workspaces/ros2-coding/install/issac_sim:/workspaces/ros2-coding/install/isaac_ros_navigation_goal:/opt/ros/jazzy /usr/bin/cmake --build /workspaces/ros2-coding/build/carter_navigation -- -j4 -l4
[0.632s] DEBUG:colcon.colcon_core.event_handler.log_command:Invoking command in '/workspaces/ros2-coding/build/carter_navigation': CMAKE_PREFIX_PATH=${CMAKE_PREFIX_PATH}:/workspaces/ros2-coding/install/rqt_joint_trajectory_controller:/workspaces/ros2-coding/install/rqt_controller_manager:/workspaces/ros2-coding/install/ros2controlcli:/workspaces/ros2-coding/install/ros2_controllers_test_nodes:/workspaces/ros2-coding/install/my_turtlesim:/workspaces/ros2-coding/install/issac_sim:/workspaces/ros2-coding/install/isaac_ros_navigation_goal:/opt/ros/jazzy /usr/bin/cmake --install /workspaces/ros2-coding/build/carter_navigation
[0.638s] DEBUG:colcon.colcon_core.event_handler.log_command:Invoked command in '/workspaces/ros2-coding/build/h1_fullbody_controller' returned '0': CMAKE_PREFIX_PATH=${CMAKE_PREFIX_PATH}:/workspaces/ros2-coding/install/rqt_joint_trajectory_controller:/workspaces/ros2-coding/install/rqt_controller_manager:/workspaces/ros2-coding/install/ros2controlcli:/workspaces/ros2-coding/install/ros2_controllers_test_nodes:/workspaces/ros2-coding/install/my_turtlesim:/workspaces/ros2-coding/install/issac_sim:/workspaces/ros2-coding/install/isaac_ros_navigation_goal:/opt/ros/jazzy /usr/bin/cmake --build /workspaces/ros2-coding/build/h1_fullbody_controller -- -j4 -l4
[0.639s] DEBUG:colcon.colcon_core.event_handler.log_command:Invoking command in '/workspaces/ros2-coding/build/h1_fullbody_controller': CMAKE_PREFIX_PATH=${CMAKE_PREFIX_PATH}:/workspaces/ros2-coding/install/rqt_joint_trajectory_controller:/workspaces/ros2-coding/install/rqt_controller_manager:/workspaces/ros2-coding/install/ros2controlcli:/workspaces/ros2-coding/install/ros2_controllers_test_nodes:/workspaces/ros2-coding/install/my_turtlesim:/workspaces/ros2-coding/install/issac_sim:/workspaces/ros2-coding/install/isaac_ros_navigation_goal:/opt/ros/jazzy /usr/bin/cmake --install /workspaces/ros2-coding/build/h1_fullbody_controller
[0.647s] DEBUG:colcon.colcon_core.event_handler.log_command:Invoked command in '/workspaces/ros2-coding/build/cmdvel_to_ackermann' returned '0': CMAKE_PREFIX_PATH=${CMAKE_PREFIX_PATH}:/workspaces/ros2-coding/install/rqt_joint_trajectory_controller:/workspaces/ros2-coding/install/rqt_controller_manager:/workspaces/ros2-coding/install/ros2controlcli:/workspaces/ros2-coding/install/ros2_controllers_test_nodes:/workspaces/ros2-coding/install/my_turtlesim:/workspaces/ros2-coding/install/issac_sim:/workspaces/ros2-coding/install/isaac_ros_navigation_goal:/opt/ros/jazzy /usr/bin/cmake --build /workspaces/ros2-coding/build/cmdvel_to_ackermann -- -j4 -l4
[0.648s] DEBUG:colcon.colcon_core.event_handler.log_command:Invoking command in '/workspaces/ros2-coding/build/cmdvel_to_ackermann': CMAKE_PREFIX_PATH=${CMAKE_PREFIX_PATH}:/workspaces/ros2-coding/install/rqt_joint_trajectory_controller:/workspaces/ros2-coding/install/rqt_controller_manager:/workspaces/ros2-coding/install/ros2controlcli:/workspaces/ros2-coding/install/ros2_controllers_test_nodes:/workspaces/ros2-coding/install/my_turtlesim:/workspaces/ros2-coding/install/issac_sim:/workspaces/ros2-coding/install/isaac_ros_navigation_goal:/opt/ros/jazzy /usr/bin/cmake --install /workspaces/ros2-coding/build/cmdvel_to_ackermann
[0.776s] Level 1:colcon.colcon_core.environment:create_environment_scripts_only(carter_navigation)
[0.777s] DEBUG:colcon.colcon_core.event_handler.log_command:Invoked command in '/workspaces/ros2-coding/build/carter_navigation' returned '0': CMAKE_PREFIX_PATH=${CMAKE_PREFIX_PATH}:/workspaces/ros2-coding/install/rqt_joint_trajectory_controller:/workspaces/ros2-coding/install/rqt_controller_manager:/workspaces/ros2-coding/install/ros2controlcli:/workspaces/ros2-coding/install/ros2_controllers_test_nodes:/workspaces/ros2-coding/install/my_turtlesim:/workspaces/ros2-coding/install/issac_sim:/workspaces/ros2-coding/install/isaac_ros_navigation_goal:/opt/ros/jazzy /usr/bin/cmake --install /workspaces/ros2-coding/build/carter_navigation
[0.796s] Level 1:colcon.colcon_core.environment:checking '/workspaces/ros2-coding/install/carter_navigation' for CMake module files
[0.803s] Level 1:colcon.colcon_core.environment:checking '/workspaces/ros2-coding/install/carter_navigation' for CMake config files
[0.810s] Level 1:colcon.colcon_core.shell:create_environment_hook('carter_navigation', 'cmake_prefix_path')
[0.810s] INFO:colcon.colcon_core.shell:Creating environment hook '/workspaces/ros2-coding/install/carter_navigation/share/carter_navigation/hook/cmake_prefix_path.ps1'
[0.817s] INFO:colcon.colcon_core.shell:Creating environment descriptor '/workspaces/ros2-coding/install/carter_navigation/share/carter_navigation/hook/cmake_prefix_path.dsv'
[0.817s] INFO:colcon.colcon_core.shell:Creating environment hook '/workspaces/ros2-coding/install/carter_navigation/share/carter_navigation/hook/cmake_prefix_path.sh'
[0.819s] Level 1:colcon.colcon_core.environment:checking '/workspaces/ros2-coding/install/carter_navigation/bin'
[0.819s] Level 1:colcon.colcon_core.environment:checking '/workspaces/ros2-coding/install/carter_navigation/lib/pkgconfig/carter_navigation.pc'
[0.829s] Level 1:colcon.colcon_core.environment:checking '/workspaces/ros2-coding/install/carter_navigation/lib/python3.12/site-packages'
[0.829s] Level 1:colcon.colcon_core.environment:checking '/workspaces/ros2-coding/install/carter_navigation/bin'
[0.829s] INFO:colcon.colcon_core.shell:Creating package script '/workspaces/ros2-coding/install/carter_navigation/share/carter_navigation/package.ps1'
[0.831s] INFO:colcon.colcon_core.shell:Creating package descriptor '/workspaces/ros2-coding/install/carter_navigation/share/carter_navigation/package.dsv'
[0.832s] INFO:colcon.colcon_core.shell:Creating package script '/workspaces/ros2-coding/install/carter_navigation/share/carter_navigation/package.sh'
[0.834s] INFO:colcon.colcon_core.shell:Creating package script '/workspaces/ros2-coding/install/carter_navigation/share/carter_navigation/package.bash'
[0.835s] INFO:colcon.colcon_core.shell:Creating package script '/workspaces/ros2-coding/install/carter_navigation/share/carter_navigation/package.zsh'
[0.835s] Level 1:colcon.colcon_core.environment:create_file_with_runtime_dependencies(/workspaces/ros2-coding/install/carter_navigation/share/colcon-core/packages/carter_navigation)
[0.837s] Level 1:colcon.colcon_core.environment:create_environment_scripts_only(carter_navigation)
[0.837s] Level 1:colcon.colcon_core.environment:checking '/workspaces/ros2-coding/install/carter_navigation' for CMake module files
[0.838s] Level 1:colcon.colcon_core.environment:checking '/workspaces/ros2-coding/install/carter_navigation' for CMake config files
[0.839s] Level 1:colcon.colcon_core.shell:create_environment_hook('carter_navigation', 'cmake_prefix_path')
[0.839s] INFO:colcon.colcon_core.shell:Creating environment hook '/workspaces/ros2-coding/install/carter_navigation/share/carter_navigation/hook/cmake_prefix_path.ps1'
[0.840s] INFO:colcon.colcon_core.shell:Creating environment descriptor '/workspaces/ros2-coding/install/carter_navigation/share/carter_navigation/hook/cmake_prefix_path.dsv'
[0.843s] INFO:colcon.colcon_core.shell:Creating environment hook '/workspaces/ros2-coding/install/carter_navigation/share/carter_navigation/hook/cmake_prefix_path.sh'
[0.846s] Level 1:colcon.colcon_core.environment:checking '/workspaces/ros2-coding/install/carter_navigation/bin'
[0.846s] Level 1:colcon.colcon_core.environment:checking '/workspaces/ros2-coding/install/carter_navigation/lib/pkgconfig/carter_navigation.pc'
[0.847s] Level 1:colcon.colcon_core.environment:checking '/workspaces/ros2-coding/install/carter_navigation/lib/python3.12/site-packages'
[0.847s] Level 1:colcon.colcon_core.environment:checking '/workspaces/ros2-coding/install/carter_navigation/bin'
[0.849s] INFO:colcon.colcon_core.shell:Creating package script '/workspaces/ros2-coding/install/carter_navigation/share/carter_navigation/package.ps1'
[0.850s] INFO:colcon.colcon_core.shell:Creating package descriptor '/workspaces/ros2-coding/install/carter_navigation/share/carter_navigation/package.dsv'
[0.851s] INFO:colcon.colcon_core.shell:Creating package script '/workspaces/ros2-coding/install/carter_navigation/share/carter_navigation/package.sh'
[0.852s] INFO:colcon.colcon_core.shell:Creating package script '/workspaces/ros2-coding/install/carter_navigation/share/carter_navigation/package.bash'
[0.852s] INFO:colcon.colcon_core.shell:Creating package script '/workspaces/ros2-coding/install/carter_navigation/share/carter_navigation/package.zsh'
[0.853s] Level 1:colcon.colcon_core.environment:create_file_with_runtime_dependencies(/workspaces/ros2-coding/install/carter_navigation/share/colcon-core/packages/carter_navigation)
[0.854s] INFO:colcon.colcon_ros.task.ament_cmake.build:Building ROS package in '/workspaces/ros2-coding/turtlesim_ws/src/moveit/isaac_moveit' with build type 'ament_cmake'
[0.854s] INFO:colcon.colcon_cmake.task.cmake.build:Building CMake package in '/workspaces/ros2-coding/turtlesim_ws/src/moveit/isaac_moveit'
[0.854s] INFO:colcon.colcon_core.shell:Skip shell extension 'powershell' for command environment: Not usable outside of PowerShell
[0.854s] DEBUG:colcon.colcon_core.shell:Skip shell extension 'dsv' for command environment
[0.891s] Level 1:colcon.colcon_core.environment:create_environment_scripts_only(cmdvel_to_ackermann)
[0.891s] Level 1:colcon.colcon_core.environment:checking '/workspaces/ros2-coding/install/cmdvel_to_ackermann' for CMake module files
[0.893s] DEBUG:colcon.colcon_core.event_handler.log_command:Invoked command in '/workspaces/ros2-coding/build/cmdvel_to_ackermann' returned '0': CMAKE_PREFIX_PATH=${CMAKE_PREFIX_PATH}:/workspaces/ros2-coding/install/rqt_joint_trajectory_controller:/workspaces/ros2-coding/install/rqt_controller_manager:/workspaces/ros2-coding/install/ros2controlcli:/workspaces/ros2-coding/install/ros2_controllers_test_nodes:/workspaces/ros2-coding/install/my_turtlesim:/workspaces/ros2-coding/install/issac_sim:/workspaces/ros2-coding/install/isaac_ros_navigation_goal:/opt/ros/jazzy /usr/bin/cmake --install /workspaces/ros2-coding/build/cmdvel_to_ackermann
[0.895s] Level 1:colcon.colcon_core.environment:checking '/workspaces/ros2-coding/install/cmdvel_to_ackermann' for CMake config files
[0.895s] Level 1:colcon.colcon_core.shell:create_environment_hook('cmdvel_to_ackermann', 'cmake_prefix_path')
[0.896s] INFO:colcon.colcon_core.shell:Creating environment hook '/workspaces/ros2-coding/install/cmdvel_to_ackermann/share/cmdvel_to_ackermann/hook/cmake_prefix_path.ps1'
[0.897s] INFO:colcon.colcon_core.shell:Creating environment descriptor '/workspaces/ros2-coding/install/cmdvel_to_ackermann/share/cmdvel_to_ackermann/hook/cmake_prefix_path.dsv'
[0.899s] INFO:colcon.colcon_core.shell:Creating environment hook '/workspaces/ros2-coding/install/cmdvel_to_ackermann/share/cmdvel_to_ackermann/hook/cmake_prefix_path.sh'
[0.900s] Level 1:colcon.colcon_core.environment:checking '/workspaces/ros2-coding/install/cmdvel_to_ackermann/lib'
[0.900s] Level 1:colcon.colcon_core.environment:checking '/workspaces/ros2-coding/install/cmdvel_to_ackermann/bin'
[0.901s] Level 1:colcon.colcon_core.environment:checking '/workspaces/ros2-coding/install/cmdvel_to_ackermann/lib/pkgconfig/cmdvel_to_ackermann.pc'
[0.901s] Level 1:colcon.colcon_core.environment:checking '/workspaces/ros2-coding/install/cmdvel_to_ackermann/lib/python3.12/site-packages'
[0.901s] Level 1:colcon.colcon_core.environment:checking '/workspaces/ros2-coding/install/cmdvel_to_ackermann/bin'
[0.902s] INFO:colcon.colcon_core.shell:Creating package script '/workspaces/ros2-coding/install/cmdvel_to_ackermann/share/cmdvel_to_ackermann/package.ps1'
[0.902s] INFO:colcon.colcon_core.shell:Creating package descriptor '/workspaces/ros2-coding/install/cmdvel_to_ackermann/share/cmdvel_to_ackermann/package.dsv'
[0.907s] INFO:colcon.colcon_core.shell:Creating package script '/workspaces/ros2-coding/install/cmdvel_to_ackermann/share/cmdvel_to_ackermann/package.sh'
[0.908s] INFO:colcon.colcon_core.shell:Creating package script '/workspaces/ros2-coding/install/cmdvel_to_ackermann/share/cmdvel_to_ackermann/package.bash'
[0.908s] INFO:colcon.colcon_core.shell:Creating package script '/workspaces/ros2-coding/install/cmdvel_to_ackermann/share/cmdvel_to_ackermann/package.zsh'
[0.909s] Level 1:colcon.colcon_core.environment:create_file_with_runtime_dependencies(/workspaces/ros2-coding/install/cmdvel_to_ackermann/share/colcon-core/packages/cmdvel_to_ackermann)
[0.910s] Level 1:colcon.colcon_core.environment:create_environment_scripts_only(cmdvel_to_ackermann)
[0.910s] Level 1:colcon.colcon_core.environment:checking '/workspaces/ros2-coding/install/cmdvel_to_ackermann' for CMake module files
[0.911s] Level 1:colcon.colcon_core.environment:checking '/workspaces/ros2-coding/install/cmdvel_to_ackermann' for CMake config files
[0.914s] Level 1:colcon.colcon_core.shell:create_environment_hook('cmdvel_to_ackermann', 'cmake_prefix_path')
[0.915s] INFO:colcon.colcon_core.shell:Creating environment hook '/workspaces/ros2-coding/install/cmdvel_to_ackermann/share/cmdvel_to_ackermann/hook/cmake_prefix_path.ps1'
[0.915s] INFO:colcon.colcon_core.shell:Creating environment descriptor '/workspaces/ros2-coding/install/cmdvel_to_ackermann/share/cmdvel_to_ackermann/hook/cmake_prefix_path.dsv'
[0.916s] INFO:colcon.colcon_core.shell:Creating environment hook '/workspaces/ros2-coding/install/cmdvel_to_ackermann/share/cmdvel_to_ackermann/hook/cmake_prefix_path.sh'
[0.919s] Level 1:colcon.colcon_core.environment:checking '/workspaces/ros2-coding/install/cmdvel_to_ackermann/lib'
[0.919s] Level 1:colcon.colcon_core.environment:checking '/workspaces/ros2-coding/install/cmdvel_to_ackermann/bin'
[0.919s] Level 1:colcon.colcon_core.environment:checking '/workspaces/ros2-coding/install/cmdvel_to_ackermann/lib/pkgconfig/cmdvel_to_ackermann.pc'
[0.920s] Level 1:colcon.colcon_core.environment:checking '/workspaces/ros2-coding/install/cmdvel_to_ackermann/lib/python3.12/site-packages'
[0.920s] Level 1:colcon.colcon_core.environment:checking '/workspaces/ros2-coding/install/cmdvel_to_ackermann/bin'
[0.921s] INFO:colcon.colcon_core.shell:Creating package script '/workspaces/ros2-coding/install/cmdvel_to_ackermann/share/cmdvel_to_ackermann/package.ps1'
[0.922s] INFO:colcon.colcon_core.shell:Creating package descriptor '/workspaces/ros2-coding/install/cmdvel_to_ackermann/share/cmdvel_to_ackermann/package.dsv'
[0.923s] INFO:colcon.colcon_core.shell:Creating package script '/workspaces/ros2-coding/install/cmdvel_to_ackermann/share/cmdvel_to_ackermann/package.sh'
[0.924s] INFO:colcon.colcon_core.shell:Creating package script '/workspaces/ros2-coding/install/cmdvel_to_ackermann/share/cmdvel_to_ackermann/package.bash'
[0.926s] INFO:colcon.colcon_core.shell:Creating package script '/workspaces/ros2-coding/install/cmdvel_to_ackermann/share/cmdvel_to_ackermann/package.zsh'
[0.927s] Level 1:colcon.colcon_core.environment:create_file_with_runtime_dependencies(/workspaces/ros2-coding/install/cmdvel_to_ackermann/share/colcon-core/packages/cmdvel_to_ackermann)
[0.927s] Level 1:colcon.colcon_core.environment:create_environment_scripts_only(h1_fullbody_controller)
[0.928s] Level 1:colcon.colcon_core.environment:checking '/workspaces/ros2-coding/install/h1_fullbody_controller' for CMake module files
[0.929s] Level 1:colcon.colcon_core.environment:checking '/workspaces/ros2-coding/install/h1_fullbody_controller' for CMake config files
[0.933s] DEBUG:colcon.colcon_core.event_handler.log_command:Invoked command in '/workspaces/ros2-coding/build/h1_fullbody_controller' returned '0': CMAKE_PREFIX_PATH=${CMAKE_PREFIX_PATH}:/workspaces/ros2-coding/install/rqt_joint_trajectory_controller:/workspaces/ros2-coding/install/rqt_controller_manager:/workspaces/ros2-coding/install/ros2controlcli:/workspaces/ros2-coding/install/ros2_controllers_test_nodes:/workspaces/ros2-coding/install/my_turtlesim:/workspaces/ros2-coding/install/issac_sim:/workspaces/ros2-coding/install/isaac_ros_navigation_goal:/opt/ros/jazzy /usr/bin/cmake --install /workspaces/ros2-coding/build/h1_fullbody_controller
[0.933s] Level 1:colcon.colcon_core.shell:create_environment_hook('h1_fullbody_controller', 'cmake_prefix_path')
[0.935s] INFO:colcon.colcon_core.shell:Creating environment hook '/workspaces/ros2-coding/install/h1_fullbody_controller/share/h1_fullbody_controller/hook/cmake_prefix_path.ps1'
[0.936s] INFO:colcon.colcon_core.shell:Creating environment descriptor '/workspaces/ros2-coding/install/h1_fullbody_controller/share/h1_fullbody_controller/hook/cmake_prefix_path.dsv'
[0.939s] INFO:colcon.colcon_core.shell:Creating environment hook '/workspaces/ros2-coding/install/h1_fullbody_controller/share/h1_fullbody_controller/hook/cmake_prefix_path.sh'
[0.940s] Level 1:colcon.colcon_core.environment:checking '/workspaces/ros2-coding/install/h1_fullbody_controller/lib'
[0.940s] Level 1:colcon.colcon_core.environment:checking '/workspaces/ros2-coding/install/h1_fullbody_controller/bin'
[0.940s] Level 1:colcon.colcon_core.environment:checking '/workspaces/ros2-coding/install/h1_fullbody_controller/lib/pkgconfig/h1_fullbody_controller.pc'
[0.940s] Level 1:colcon.colcon_core.environment:checking '/workspaces/ros2-coding/install/h1_fullbody_controller/lib/python3.12/site-packages'
[0.940s] Level 1:colcon.colcon_core.environment:checking '/workspaces/ros2-coding/install/h1_fullbody_controller/bin'
[0.941s] INFO:colcon.colcon_core.shell:Creating package script '/workspaces/ros2-coding/install/h1_fullbody_controller/share/h1_fullbody_controller/package.ps1'
[0.942s] INFO:colcon.colcon_core.shell:Creating package descriptor '/workspaces/ros2-coding/install/h1_fullbody_controller/share/h1_fullbody_controller/package.dsv'
[0.949s] INFO:colcon.colcon_core.shell:Creating package script '/workspaces/ros2-coding/install/h1_fullbody_controller/share/h1_fullbody_controller/package.sh'
[0.954s] INFO:colcon.colcon_core.shell:Creating package script '/workspaces/ros2-coding/install/h1_fullbody_controller/share/h1_fullbody_controller/package.bash'
[0.954s] INFO:colcon.colcon_core.shell:Creating package script '/workspaces/ros2-coding/install/h1_fullbody_controller/share/h1_fullbody_controller/package.zsh'
[0.959s] Level 1:colcon.colcon_core.environment:create_file_with_runtime_dependencies(/workspaces/ros2-coding/install/h1_fullbody_controller/share/colcon-core/packages/h1_fullbody_controller)
[0.960s] Level 1:colcon.colcon_core.environment:create_environment_scripts_only(h1_fullbody_controller)
[0.960s] Level 1:colcon.colcon_core.environment:checking '/workspaces/ros2-coding/install/h1_fullbody_controller' for CMake module files
[0.967s] Level 1:colcon.colcon_core.environment:checking '/workspaces/ros2-coding/install/h1_fullbody_controller' for CMake config files
[0.968s] Level 1:colcon.colcon_core.shell:create_environment_hook('h1_fullbody_controller', 'cmake_prefix_path')
[0.968s] INFO:colcon.colcon_core.shell:Creating environment hook '/workspaces/ros2-coding/install/h1_fullbody_controller/share/h1_fullbody_controller/hook/cmake_prefix_path.ps1'
[0.969s] INFO:colcon.colcon_core.shell:Creating environment descriptor '/workspaces/ros2-coding/install/h1_fullbody_controller/share/h1_fullbody_controller/hook/cmake_prefix_path.dsv'
[0.970s] INFO:colcon.colcon_core.shell:Creating environment hook '/workspaces/ros2-coding/install/h1_fullbody_controller/share/h1_fullbody_controller/hook/cmake_prefix_path.sh'
[0.974s] Level 1:colcon.colcon_core.environment:checking '/workspaces/ros2-coding/install/h1_fullbody_controller/lib'
[0.974s] Level 1:colcon.colcon_core.environment:checking '/workspaces/ros2-coding/install/h1_fullbody_controller/bin'
[0.974s] Level 1:colcon.colcon_core.environment:checking '/workspaces/ros2-coding/install/h1_fullbody_controller/lib/pkgconfig/h1_fullbody_controller.pc'
[0.974s] Level 1:colcon.colcon_core.environment:checking '/workspaces/ros2-coding/install/h1_fullbody_controller/lib/python3.12/site-packages'
[0.975s] Level 1:colcon.colcon_core.environment:checking '/workspaces/ros2-coding/install/h1_fullbody_controller/bin'
[0.976s] INFO:colcon.colcon_core.shell:Creating package script '/workspaces/ros2-coding/install/h1_fullbody_controller/share/h1_fullbody_controller/package.ps1'
[0.977s] INFO:colcon.colcon_core.shell:Creating package descriptor '/workspaces/ros2-coding/install/h1_fullbody_controller/share/h1_fullbody_controller/package.dsv'
[0.978s] INFO:colcon.colcon_core.shell:Creating package script '/workspaces/ros2-coding/install/h1_fullbody_controller/share/h1_fullbody_controller/package.sh'
[0.979s] INFO:colcon.colcon_core.shell:Creating package script '/workspaces/ros2-coding/install/h1_fullbody_controller/share/h1_fullbody_controller/package.bash'
[0.980s] INFO:colcon.colcon_core.shell:Creating package script '/workspaces/ros2-coding/install/h1_fullbody_controller/share/h1_fullbody_controller/package.zsh'
[0.981s] Level 1:colcon.colcon_core.environment:create_file_with_runtime_dependencies(/workspaces/ros2-coding/install/h1_fullbody_controller/share/colcon-core/packages/h1_fullbody_controller)
[0.982s] INFO:colcon.colcon_ros.task.ament_cmake.build:Building ROS package in '/workspaces/ros2-coding/turtlesim_ws/src/isaac_ros2_messages' with build type 'ament_cmake'
[0.982s] INFO:colcon.colcon_cmake.task.cmake.build:Building CMake package in '/workspaces/ros2-coding/turtlesim_ws/src/isaac_ros2_messages'
[0.985s] INFO:colcon.colcon_core.shell:Skip shell extension 'powershell' for command environment: Not usable outside of PowerShell
[0.985s] DEBUG:colcon.colcon_core.shell:Skip shell extension 'dsv' for command environment
[1.051s] INFO:colcon.colcon_ros.task.ament_python.build:Building ROS package in '/workspaces/ros2-coding/turtlesim_ws/src/navigation/isaac_ros_navigation_goal' with build type 'ament_python'
[1.051s] Level 1:colcon.colcon_core.shell:create_environment_hook('isaac_ros_navigation_goal', 'ament_prefix_path')
[1.052s] INFO:colcon.colcon_core.shell:Creating environment hook '/workspaces/ros2-coding/install/isaac_ros_navigation_goal/share/isaac_ros_navigation_goal/hook/ament_prefix_path.ps1'
[1.052s] INFO:colcon.colcon_core.shell:Creating environment descriptor '/workspaces/ros2-coding/install/isaac_ros_navigation_goal/share/isaac_ros_navigation_goal/hook/ament_prefix_path.dsv'
[1.053s] INFO:colcon.colcon_core.shell:Creating environment hook '/workspaces/ros2-coding/install/isaac_ros_navigation_goal/share/isaac_ros_navigation_goal/hook/ament_prefix_path.sh'
[1.056s] INFO:colcon.colcon_core.shell:Skip shell extension 'powershell' for command environment: Not usable outside of PowerShell
[1.056s] DEBUG:colcon.colcon_core.shell:Skip shell extension 'dsv' for command environment
[1.116s] DEBUG:colcon.colcon_core.event_handler.log_command:Invoking command in '/workspaces/ros2-coding/build/isaac_moveit': CMAKE_PREFIX_PATH=${CMAKE_PREFIX_PATH}:/workspaces/ros2-coding/install/rqt_joint_trajectory_controller:/workspaces/ros2-coding/install/rqt_controller_manager:/workspaces/ros2-coding/install/ros2controlcli:/workspaces/ros2-coding/install/ros2_controllers_test_nodes:/workspaces/ros2-coding/install/my_turtlesim:/workspaces/ros2-coding/install/issac_sim:/workspaces/ros2-coding/install/isaac_ros_navigation_goal:/opt/ros/jazzy /usr/bin/cmake --build /workspaces/ros2-coding/build/isaac_moveit -- -j4 -l4
[1.123s] DEBUG:colcon.colcon_core.event_handler.log_command:Invoking command in '/workspaces/ros2-coding/build/isaac_ros2_messages': CMAKE_PREFIX_PATH=${CMAKE_PREFIX_PATH}:/workspaces/ros2-coding/install/rqt_joint_trajectory_controller:/workspaces/ros2-coding/install/rqt_controller_manager:/workspaces/ros2-coding/install/ros2controlcli:/workspaces/ros2-coding/install/ros2_controllers_test_nodes:/workspaces/ros2-coding/install/my_turtlesim:/workspaces/ros2-coding/install/issac_sim:/workspaces/ros2-coding/install/isaac_ros_navigation_goal:/opt/ros/jazzy /usr/bin/cmake --build /workspaces/ros2-coding/build/isaac_ros2_messages -- -j4 -l4
[2.561s] INFO:colcon.colcon_core.task.python.build:Building Python package in '/workspaces/ros2-coding/turtlesim_ws/src/navigation/isaac_ros_navigation_goal'
[2.561s] INFO:colcon.colcon_core.shell:Skip shell extension 'powershell' for command environment: Not usable outside of PowerShell
[2.561s] DEBUG:colcon.colcon_core.shell:Skip shell extension 'dsv' for command environment
[2.608s] DEBUG:colcon.colcon_core.event_handler.log_command:Invoked command in '/workspaces/ros2-coding/build/isaac_moveit' returned '0': CMAKE_PREFIX_PATH=${CMAKE_PREFIX_PATH}:/workspaces/ros2-coding/install/rqt_joint_trajectory_controller:/workspaces/ros2-coding/install/rqt_controller_manager:/workspaces/ros2-coding/install/ros2controlcli:/workspaces/ros2-coding/install/ros2_controllers_test_nodes:/workspaces/ros2-coding/install/my_turtlesim:/workspaces/ros2-coding/install/issac_sim:/workspaces/ros2-coding/install/isaac_ros_navigation_goal:/opt/ros/jazzy /usr/bin/cmake --build /workspaces/ros2-coding/build/isaac_moveit -- -j4 -l4
[2.609s] DEBUG:colcon.colcon_core.event_handler.log_command:Invoking command in '/workspaces/ros2-coding/build/isaac_moveit': CMAKE_PREFIX_PATH=${CMAKE_PREFIX_PATH}:/workspaces/ros2-coding/install/rqt_joint_trajectory_controller:/workspaces/ros2-coding/install/rqt_controller_manager:/workspaces/ros2-coding/install/ros2controlcli:/workspaces/ros2-coding/install/ros2_controllers_test_nodes:/workspaces/ros2-coding/install/my_turtlesim:/workspaces/ros2-coding/install/issac_sim:/workspaces/ros2-coding/install/isaac_ros_navigation_goal:/opt/ros/jazzy /usr/bin/cmake --install /workspaces/ros2-coding/build/isaac_moveit
[2.613s] DEBUG:colcon.colcon_core.event_handler.log_command:Invoked command in '/workspaces/ros2-coding/build/custom_message' returned '0': CMAKE_PREFIX_PATH=${CMAKE_PREFIX_PATH}:/workspaces/ros2-coding/install/rqt_joint_trajectory_controller:/workspaces/ros2-coding/install/rqt_controller_manager:/workspaces/ros2-coding/install/ros2controlcli:/workspaces/ros2-coding/install/ros2_controllers_test_nodes:/workspaces/ros2-coding/install/my_turtlesim:/workspaces/ros2-coding/install/issac_sim:/workspaces/ros2-coding/install/isaac_ros_navigation_goal:/opt/ros/jazzy /usr/bin/cmake --build /workspaces/ros2-coding/build/custom_message -- -j4 -l4
[2.616s] DEBUG:colcon.colcon_core.event_handler.log_command:Invoking command in '/workspaces/ros2-coding/build/custom_message': CMAKE_PREFIX_PATH=${CMAKE_PREFIX_PATH}:/workspaces/ros2-coding/install/rqt_joint_trajectory_controller:/workspaces/ros2-coding/install/rqt_controller_manager:/workspaces/ros2-coding/install/ros2controlcli:/workspaces/ros2-coding/install/ros2_controllers_test_nodes:/workspaces/ros2-coding/install/my_turtlesim:/workspaces/ros2-coding/install/issac_sim:/workspaces/ros2-coding/install/isaac_ros_navigation_goal:/opt/ros/jazzy /usr/bin/cmake --install /workspaces/ros2-coding/build/custom_message
[2.811s] Level 1:colcon.colcon_core.environment:create_environment_scripts_only(isaac_moveit)
[2.812s] Level 1:colcon.colcon_core.environment:checking '/workspaces/ros2-coding/install/isaac_moveit' for CMake module files
[2.813s] Level 1:colcon.colcon_core.environment:checking '/workspaces/ros2-coding/install/isaac_moveit' for CMake config files
[2.814s] DEBUG:colcon.colcon_core.event_handler.log_command:Invoked command in '/workspaces/ros2-coding/build/isaac_moveit' returned '0': CMAKE_PREFIX_PATH=${CMAKE_PREFIX_PATH}:/workspaces/ros2-coding/install/rqt_joint_trajectory_controller:/workspaces/ros2-coding/install/rqt_controller_manager:/workspaces/ros2-coding/install/ros2controlcli:/workspaces/ros2-coding/install/ros2_controllers_test_nodes:/workspaces/ros2-coding/install/my_turtlesim:/workspaces/ros2-coding/install/issac_sim:/workspaces/ros2-coding/install/isaac_ros_navigation_goal:/opt/ros/jazzy /usr/bin/cmake --install /workspaces/ros2-coding/build/isaac_moveit
[2.825s] Level 1:colcon.colcon_core.shell:create_environment_hook('isaac_moveit', 'cmake_prefix_path')
[2.825s] INFO:colcon.colcon_core.shell:Creating environment hook '/workspaces/ros2-coding/install/isaac_moveit/share/isaac_moveit/hook/cmake_prefix_path.ps1'
[2.826s] INFO:colcon.colcon_core.shell:Creating environment descriptor '/workspaces/ros2-coding/install/isaac_moveit/share/isaac_moveit/hook/cmake_prefix_path.dsv'
[2.827s] INFO:colcon.colcon_core.shell:Creating environment hook '/workspaces/ros2-coding/install/isaac_moveit/share/isaac_moveit/hook/cmake_prefix_path.sh'
[2.828s] Level 1:colcon.colcon_core.environment:checking '/workspaces/ros2-coding/install/isaac_moveit/lib'
[2.836s] Level 1:colcon.colcon_core.environment:checking '/workspaces/ros2-coding/install/isaac_moveit/bin'
[2.836s] Level 1:colcon.colcon_core.environment:checking '/workspaces/ros2-coding/install/isaac_moveit/lib/pkgconfig/isaac_moveit.pc'
[2.836s] Level 1:colcon.colcon_core.environment:checking '/workspaces/ros2-coding/install/isaac_moveit/lib/python3.12/site-packages'
[2.837s] Level 1:colcon.colcon_core.environment:checking '/workspaces/ros2-coding/install/isaac_moveit/bin'
[2.837s] INFO:colcon.colcon_core.shell:Creating package script '/workspaces/ros2-coding/install/isaac_moveit/share/isaac_moveit/package.ps1'
[2.838s] INFO:colcon.colcon_core.shell:Creating package descriptor '/workspaces/ros2-coding/install/isaac_moveit/share/isaac_moveit/package.dsv'
[2.839s] INFO:colcon.colcon_core.shell:Creating package script '/workspaces/ros2-coding/install/isaac_moveit/share/isaac_moveit/package.sh'
[2.848s] INFO:colcon.colcon_core.shell:Creating package script '/workspaces/ros2-coding/install/isaac_moveit/share/isaac_moveit/package.bash'
[2.849s] INFO:colcon.colcon_core.shell:Creating package script '/workspaces/ros2-coding/install/isaac_moveit/share/isaac_moveit/package.zsh'
[2.849s] Level 1:colcon.colcon_core.environment:create_file_with_runtime_dependencies(/workspaces/ros2-coding/install/isaac_moveit/share/colcon-core/packages/isaac_moveit)
[2.850s] Level 1:colcon.colcon_core.environment:create_environment_scripts_only(isaac_moveit)
[2.850s] Level 1:colcon.colcon_core.environment:checking '/workspaces/ros2-coding/install/isaac_moveit' for CMake module files
[2.851s] Level 1:colcon.colcon_core.environment:checking '/workspaces/ros2-coding/install/isaac_moveit' for CMake config files
[2.852s] Level 1:colcon.colcon_core.shell:create_environment_hook('isaac_moveit', 'cmake_prefix_path')
[2.852s] INFO:colcon.colcon_core.shell:Creating environment hook '/workspaces/ros2-coding/install/isaac_moveit/share/isaac_moveit/hook/cmake_prefix_path.ps1'
[2.854s] INFO:colcon.colcon_core.shell:Creating environment descriptor '/workspaces/ros2-coding/install/isaac_moveit/share/isaac_moveit/hook/cmake_prefix_path.dsv'
[2.854s] INFO:colcon.colcon_core.shell:Creating environment hook '/workspaces/ros2-coding/install/isaac_moveit/share/isaac_moveit/hook/cmake_prefix_path.sh'
[2.856s] Level 1:colcon.colcon_core.environment:checking '/workspaces/ros2-coding/install/isaac_moveit/lib'
[2.856s] Level 1:colcon.colcon_core.environment:checking '/workspaces/ros2-coding/install/isaac_moveit/bin'
[2.856s] Level 1:colcon.colcon_core.environment:checking '/workspaces/ros2-coding/install/isaac_moveit/lib/pkgconfig/isaac_moveit.pc'
[2.856s] Level 1:colcon.colcon_core.environment:checking '/workspaces/ros2-coding/install/isaac_moveit/lib/python3.12/site-packages'
[2.857s] Level 1:colcon.colcon_core.environment:checking '/workspaces/ros2-coding/install/isaac_moveit/bin'
[2.857s] INFO:colcon.colcon_core.shell:Creating package script '/workspaces/ros2-coding/install/isaac_moveit/share/isaac_moveit/package.ps1'
[2.858s] INFO:colcon.colcon_core.shell:Creating package descriptor '/workspaces/ros2-coding/install/isaac_moveit/share/isaac_moveit/package.dsv'
[2.858s] INFO:colcon.colcon_core.shell:Creating package script '/workspaces/ros2-coding/install/isaac_moveit/share/isaac_moveit/package.sh'
[2.859s] INFO:colcon.colcon_core.shell:Creating package script '/workspaces/ros2-coding/install/isaac_moveit/share/isaac_moveit/package.bash'
[2.860s] INFO:colcon.colcon_core.shell:Creating package script '/workspaces/ros2-coding/install/isaac_moveit/share/isaac_moveit/package.zsh'
[2.860s] Level 1:colcon.colcon_core.environment:create_file_with_runtime_dependencies(/workspaces/ros2-coding/install/isaac_moveit/share/colcon-core/packages/isaac_moveit)
[2.861s] INFO:colcon.colcon_ros.task.ament_cmake.build:Building ROS package in '/workspaces/ros2-coding/turtlesim_ws/src/isaac_tutorials' with build type 'ament_cmake'
[2.862s] INFO:colcon.colcon_cmake.task.cmake.build:Building CMake package in '/workspaces/ros2-coding/turtlesim_ws/src/isaac_tutorials'
[2.862s] INFO:colcon.colcon_core.shell:Skip shell extension 'powershell' for command environment: Not usable outside of PowerShell
[2.862s] DEBUG:colcon.colcon_core.shell:Skip shell extension 'dsv' for command environment
[2.916s] DEBUG:colcon.colcon_core.event_handler.log_command:Invoking command in '/workspaces/ros2-coding/build/isaac_tutorials': CMAKE_PREFIX_PATH=${CMAKE_PREFIX_PATH}:/workspaces/ros2-coding/install/rqt_joint_trajectory_controller:/workspaces/ros2-coding/install/rqt_controller_manager:/workspaces/ros2-coding/install/ros2controlcli:/workspaces/ros2-coding/install/ros2_controllers_test_nodes:/workspaces/ros2-coding/install/my_turtlesim:/workspaces/ros2-coding/install/issac_sim:/workspaces/ros2-coding/install/isaac_ros_navigation_goal:/opt/ros/jazzy /usr/bin/cmake --build /workspaces/ros2-coding/build/isaac_tutorials -- -j4 -l4
[3.230s] Level 1:colcon.colcon_core.environment:create_environment_scripts_only(custom_message)
[3.231s] Level 1:colcon.colcon_core.environment:checking '/workspaces/ros2-coding/install/custom_message' for CMake module files
[3.232s] Level 1:colcon.colcon_core.environment:checking '/workspaces/ros2-coding/install/custom_message' for CMake config files
[3.244s] Level 1:colcon.colcon_core.shell:create_environment_hook('custom_message', 'cmake_prefix_path')
[3.244s] INFO:colcon.colcon_core.shell:Creating environment hook '/workspaces/ros2-coding/install/custom_message/share/custom_message/hook/cmake_prefix_path.ps1'
[3.245s] INFO:colcon.colcon_core.shell:Creating environment descriptor '/workspaces/ros2-coding/install/custom_message/share/custom_message/hook/cmake_prefix_path.dsv'
[3.246s] INFO:colcon.colcon_core.shell:Creating environment hook '/workspaces/ros2-coding/install/custom_message/share/custom_message/hook/cmake_prefix_path.sh'
[3.246s] Level 1:colcon.colcon_core.environment:checking '/workspaces/ros2-coding/install/custom_message/lib'
[3.247s] Level 1:colcon.colcon_core.shell:create_environment_hook('custom_message', 'ld_library_path_lib')
[3.262s] DEBUG:colcon.colcon_core.event_handler.log_command:Invoked command in '/workspaces/ros2-coding/build/custom_message' returned '0': CMAKE_PREFIX_PATH=${CMAKE_PREFIX_PATH}:/workspaces/ros2-coding/install/rqt_joint_trajectory_controller:/workspaces/ros2-coding/install/rqt_controller_manager:/workspaces/ros2-coding/install/ros2controlcli:/workspaces/ros2-coding/install/ros2_controllers_test_nodes:/workspaces/ros2-coding/install/my_turtlesim:/workspaces/ros2-coding/install/issac_sim:/workspaces/ros2-coding/install/isaac_ros_navigation_goal:/opt/ros/jazzy /usr/bin/cmake --install /workspaces/ros2-coding/build/custom_message
[3.263s] INFO:colcon.colcon_core.shell:Creating environment hook '/workspaces/ros2-coding/install/custom_message/share/custom_message/hook/ld_library_path_lib.ps1'
[3.264s] INFO:colcon.colcon_core.shell:Creating environment descriptor '/workspaces/ros2-coding/install/custom_message/share/custom_message/hook/ld_library_path_lib.dsv'
[3.264s] INFO:colcon.colcon_core.shell:Creating environment hook '/workspaces/ros2-coding/install/custom_message/share/custom_message/hook/ld_library_path_lib.sh'
[3.265s] Level 1:colcon.colcon_core.environment:checking '/workspaces/ros2-coding/install/custom_message/bin'
[3.265s] Level 1:colcon.colcon_core.environment:checking '/workspaces/ros2-coding/install/custom_message/lib/pkgconfig/custom_message.pc'
[3.265s] Level 1:colcon.colcon_core.environment:checking '/workspaces/ros2-coding/install/custom_message/lib/python3.12/site-packages'
[3.266s] Level 1:colcon.colcon_core.shell:create_environment_hook('custom_message', 'pythonpath')
[3.279s] INFO:colcon.colcon_core.shell:Creating environment hook '/workspaces/ros2-coding/install/custom_message/share/custom_message/hook/pythonpath.ps1'
[3.280s] INFO:colcon.colcon_core.shell:Creating environment descriptor '/workspaces/ros2-coding/install/custom_message/share/custom_message/hook/pythonpath.dsv'
[3.280s] INFO:colcon.colcon_core.shell:Creating environment hook '/workspaces/ros2-coding/install/custom_message/share/custom_message/hook/pythonpath.sh'
[3.281s] Level 1:colcon.colcon_core.environment:checking '/workspaces/ros2-coding/install/custom_message/bin'
[3.281s] INFO:colcon.colcon_core.shell:Creating package script '/workspaces/ros2-coding/install/custom_message/share/custom_message/package.ps1'
[3.293s] INFO:colcon.colcon_core.shell:Creating package descriptor '/workspaces/ros2-coding/install/custom_message/share/custom_message/package.dsv'
[3.294s] INFO:colcon.colcon_core.shell:Creating package script '/workspaces/ros2-coding/install/custom_message/share/custom_message/package.sh'
[3.295s] INFO:colcon.colcon_core.shell:Creating package script '/workspaces/ros2-coding/install/custom_message/share/custom_message/package.bash'
[3.305s] INFO:colcon.colcon_core.shell:Creating package script '/workspaces/ros2-coding/install/custom_message/share/custom_message/package.zsh'
[3.305s] Level 1:colcon.colcon_core.environment:create_file_with_runtime_dependencies(/workspaces/ros2-coding/install/custom_message/share/colcon-core/packages/custom_message)
[3.309s] Level 1:colcon.colcon_core.environment:create_environment_scripts_only(custom_message)
[3.309s] Level 1:colcon.colcon_core.environment:checking '/workspaces/ros2-coding/install/custom_message' for CMake module files
[3.314s] Level 1:colcon.colcon_core.environment:checking '/workspaces/ros2-coding/install/custom_message' for CMake config files
[3.319s] Level 1:colcon.colcon_core.shell:create_environment_hook('custom_message', 'cmake_prefix_path')
[3.320s] INFO:colcon.colcon_core.shell:Creating environment hook '/workspaces/ros2-coding/install/custom_message/share/custom_message/hook/cmake_prefix_path.ps1'
[3.325s] INFO:colcon.colcon_core.shell:Creating environment descriptor '/workspaces/ros2-coding/install/custom_message/share/custom_message/hook/cmake_prefix_path.dsv'
[3.325s] INFO:colcon.colcon_core.shell:Creating environment hook '/workspaces/ros2-coding/install/custom_message/share/custom_message/hook/cmake_prefix_path.sh'
[3.326s] Level 1:colcon.colcon_core.environment:checking '/workspaces/ros2-coding/install/custom_message/lib'
[3.326s] Level 1:colcon.colcon_core.shell:create_environment_hook('custom_message', 'ld_library_path_lib')
[3.327s] INFO:colcon.colcon_core.shell:Creating environment hook '/workspaces/ros2-coding/install/custom_message/share/custom_message/hook/ld_library_path_lib.ps1'
[3.327s] INFO:colcon.colcon_core.shell:Creating environment descriptor '/workspaces/ros2-coding/install/custom_message/share/custom_message/hook/ld_library_path_lib.dsv'
[3.328s] INFO:colcon.colcon_core.shell:Creating environment hook '/workspaces/ros2-coding/install/custom_message/share/custom_message/hook/ld_library_path_lib.sh'
[3.328s] Level 1:colcon.colcon_core.environment:checking '/workspaces/ros2-coding/install/custom_message/bin'
[3.328s] Level 1:colcon.colcon_core.environment:checking '/workspaces/ros2-coding/install/custom_message/lib/pkgconfig/custom_message.pc'
[3.329s] Level 1:colcon.colcon_core.environment:checking '/workspaces/ros2-coding/install/custom_message/lib/python3.12/site-packages'
[3.329s] Level 1:colcon.colcon_core.shell:create_environment_hook('custom_message', 'pythonpath')
[3.329s] INFO:colcon.colcon_core.shell:Creating environment hook '/workspaces/ros2-coding/install/custom_message/share/custom_message/hook/pythonpath.ps1'
[3.330s] INFO:colcon.colcon_core.shell:Creating environment descriptor '/workspaces/ros2-coding/install/custom_message/share/custom_message/hook/pythonpath.dsv'
[3.330s] INFO:colcon.colcon_core.shell:Creating environment hook '/workspaces/ros2-coding/install/custom_message/share/custom_message/hook/pythonpath.sh'
[3.331s] Level 1:colcon.colcon_core.environment:checking '/workspaces/ros2-coding/install/custom_message/bin'
[3.331s] INFO:colcon.colcon_core.shell:Creating package script '/workspaces/ros2-coding/install/custom_message/share/custom_message/package.ps1'
[3.332s] INFO:colcon.colcon_core.shell:Creating package descriptor '/workspaces/ros2-coding/install/custom_message/share/custom_message/package.dsv'
[3.333s] INFO:colcon.colcon_core.shell:Creating package script '/workspaces/ros2-coding/install/custom_message/share/custom_message/package.sh'
[3.334s] INFO:colcon.colcon_core.shell:Creating package script '/workspaces/ros2-coding/install/custom_message/share/custom_message/package.bash'
[3.334s] INFO:colcon.colcon_core.shell:Creating package script '/workspaces/ros2-coding/install/custom_message/share/custom_message/package.zsh'
[3.335s] Level 1:colcon.colcon_core.environment:create_file_with_runtime_dependencies(/workspaces/ros2-coding/install/custom_message/share/colcon-core/packages/custom_message)
[3.336s] INFO:colcon.colcon_ros.task.ament_cmake.build:Building ROS package in '/workspaces/ros2-coding/turtlesim_ws/src/isaacsim' with build type 'ament_cmake'
[3.336s] INFO:colcon.colcon_cmake.task.cmake.build:Building CMake package in '/workspaces/ros2-coding/turtlesim_ws/src/isaacsim'
[3.337s] INFO:colcon.colcon_core.shell:Skip shell extension 'powershell' for command environment: Not usable outside of PowerShell
[3.337s] DEBUG:colcon.colcon_core.shell:Skip shell extension 'dsv' for command environment
[3.370s] DEBUG:colcon.colcon_core.event_handler.log_command:Invoked command in '/workspaces/ros2-coding/build/isaac_tutorials' returned '0': CMAKE_PREFIX_PATH=${CMAKE_PREFIX_PATH}:/workspaces/ros2-coding/install/rqt_joint_trajectory_controller:/workspaces/ros2-coding/install/rqt_controller_manager:/workspaces/ros2-coding/install/ros2controlcli:/workspaces/ros2-coding/install/ros2_controllers_test_nodes:/workspaces/ros2-coding/install/my_turtlesim:/workspaces/ros2-coding/install/issac_sim:/workspaces/ros2-coding/install/isaac_ros_navigation_goal:/opt/ros/jazzy /usr/bin/cmake --build /workspaces/ros2-coding/build/isaac_tutorials -- -j4 -l4
[3.372s] DEBUG:colcon.colcon_core.event_handler.log_command:Invoking command in '/workspaces/ros2-coding/build/isaac_tutorials': CMAKE_PREFIX_PATH=${CMAKE_PREFIX_PATH}:/workspaces/ros2-coding/install/rqt_joint_trajectory_controller:/workspaces/ros2-coding/install/rqt_controller_manager:/workspaces/ros2-coding/install/ros2controlcli:/workspaces/ros2-coding/install/ros2_controllers_test_nodes:/workspaces/ros2-coding/install/my_turtlesim:/workspaces/ros2-coding/install/issac_sim:/workspaces/ros2-coding/install/isaac_ros_navigation_goal:/opt/ros/jazzy /usr/bin/cmake --install /workspaces/ros2-coding/build/isaac_tutorials
[3.376s] DEBUG:colcon.colcon_core.event_handler.log_command:Invoked command in '/workspaces/ros2-coding/build/isaac_ros2_messages' returned '0': CMAKE_PREFIX_PATH=${CMAKE_PREFIX_PATH}:/workspaces/ros2-coding/install/rqt_joint_trajectory_controller:/workspaces/ros2-coding/install/rqt_controller_manager:/workspaces/ros2-coding/install/ros2controlcli:/workspaces/ros2-coding/install/ros2_controllers_test_nodes:/workspaces/ros2-coding/install/my_turtlesim:/workspaces/ros2-coding/install/issac_sim:/workspaces/ros2-coding/install/isaac_ros_navigation_goal:/opt/ros/jazzy /usr/bin/cmake --build /workspaces/ros2-coding/build/isaac_ros2_messages -- -j4 -l4
[3.377s] DEBUG:colcon.colcon_core.event_handler.log_command:Invoking command in '/workspaces/ros2-coding/build/isaac_ros2_messages': CMAKE_PREFIX_PATH=${CMAKE_PREFIX_PATH}:/workspaces/ros2-coding/install/rqt_joint_trajectory_controller:/workspaces/ros2-coding/install/rqt_controller_manager:/workspaces/ros2-coding/install/ros2controlcli:/workspaces/ros2-coding/install/ros2_controllers_test_nodes:/workspaces/ros2-coding/install/my_turtlesim:/workspaces/ros2-coding/install/issac_sim:/workspaces/ros2-coding/install/isaac_ros_navigation_goal:/opt/ros/jazzy /usr/bin/cmake --install /workspaces/ros2-coding/build/isaac_ros2_messages
[3.391s] DEBUG:colcon.colcon_core.event_handler.log_command:Invoking command in '/workspaces/ros2-coding/build/isaacsim': CMAKE_PREFIX_PATH=${CMAKE_PREFIX_PATH}:/workspaces/ros2-coding/install/rqt_joint_trajectory_controller:/workspaces/ros2-coding/install/rqt_controller_manager:/workspaces/ros2-coding/install/ros2controlcli:/workspaces/ros2-coding/install/ros2_controllers_test_nodes:/workspaces/ros2-coding/install/my_turtlesim:/workspaces/ros2-coding/install/issac_sim:/workspaces/ros2-coding/install/isaac_ros_navigation_goal:/opt/ros/jazzy /usr/bin/cmake --build /workspaces/ros2-coding/build/isaacsim -- -j4 -l4
[3.460s] Level 1:colcon.colcon_core.environment:create_environment_scripts_only(isaac_tutorials)
[3.461s] Level 1:colcon.colcon_core.environment:checking '/workspaces/ros2-coding/install/isaac_tutorials' for CMake module files
[3.462s] Level 1:colcon.colcon_core.environment:checking '/workspaces/ros2-coding/install/isaac_tutorials' for CMake config files
[3.463s] DEBUG:colcon.colcon_core.event_handler.log_command:Invoked command in '/workspaces/ros2-coding/build/isaac_tutorials' returned '0': CMAKE_PREFIX_PATH=${CMAKE_PREFIX_PATH}:/workspaces/ros2-coding/install/rqt_joint_trajectory_controller:/workspaces/ros2-coding/install/rqt_controller_manager:/workspaces/ros2-coding/install/ros2controlcli:/workspaces/ros2-coding/install/ros2_controllers_test_nodes:/workspaces/ros2-coding/install/my_turtlesim:/workspaces/ros2-coding/install/issac_sim:/workspaces/ros2-coding/install/isaac_ros_navigation_goal:/opt/ros/jazzy /usr/bin/cmake --install /workspaces/ros2-coding/build/isaac_tutorials
[3.464s] Level 1:colcon.colcon_core.shell:create_environment_hook('isaac_tutorials', 'cmake_prefix_path')
[3.465s] INFO:colcon.colcon_core.shell:Creating environment hook '/workspaces/ros2-coding/install/isaac_tutorials/share/isaac_tutorials/hook/cmake_prefix_path.ps1'
[3.465s] INFO:colcon.colcon_core.shell:Creating environment descriptor '/workspaces/ros2-coding/install/isaac_tutorials/share/isaac_tutorials/hook/cmake_prefix_path.dsv'
[3.466s] INFO:colcon.colcon_core.shell:Creating environment hook '/workspaces/ros2-coding/install/isaac_tutorials/share/isaac_tutorials/hook/cmake_prefix_path.sh'
[3.467s] Level 1:colcon.colcon_core.environment:checking '/workspaces/ros2-coding/install/isaac_tutorials/lib'
[3.467s] Level 1:colcon.colcon_core.environment:checking '/workspaces/ros2-coding/install/isaac_tutorials/bin'
[3.467s] Level 1:colcon.colcon_core.environment:checking '/workspaces/ros2-coding/install/isaac_tutorials/lib/pkgconfig/isaac_tutorials.pc'
[3.468s] Level 1:colcon.colcon_core.environment:checking '/workspaces/ros2-coding/install/isaac_tutorials/lib/python3.12/site-packages'
[3.468s] Level 1:colcon.colcon_core.environment:checking '/workspaces/ros2-coding/install/isaac_tutorials/bin'
[3.468s] INFO:colcon.colcon_core.shell:Creating package script '/workspaces/ros2-coding/install/isaac_tutorials/share/isaac_tutorials/package.ps1'
[3.469s] INFO:colcon.colcon_core.shell:Creating package descriptor '/workspaces/ros2-coding/install/isaac_tutorials/share/isaac_tutorials/package.dsv'
[3.469s] INFO:colcon.colcon_core.shell:Creating package script '/workspaces/ros2-coding/install/isaac_tutorials/share/isaac_tutorials/package.sh'
[3.470s] INFO:colcon.colcon_core.shell:Creating package script '/workspaces/ros2-coding/install/isaac_tutorials/share/isaac_tutorials/package.bash'
[3.470s] INFO:colcon.colcon_core.shell:Creating package script '/workspaces/ros2-coding/install/isaac_tutorials/share/isaac_tutorials/package.zsh'
[3.471s] Level 1:colcon.colcon_core.environment:create_file_with_runtime_dependencies(/workspaces/ros2-coding/install/isaac_tutorials/share/colcon-core/packages/isaac_tutorials)
[3.472s] Level 1:colcon.colcon_core.environment:create_environment_scripts_only(isaac_tutorials)
[3.472s] Level 1:colcon.colcon_core.environment:checking '/workspaces/ros2-coding/install/isaac_tutorials' for CMake module files
[3.474s] Level 1:colcon.colcon_core.environment:checking '/workspaces/ros2-coding/install/isaac_tutorials' for CMake config files
[3.476s] Level 1:colcon.colcon_core.shell:create_environment_hook('isaac_tutorials', 'cmake_prefix_path')
[3.477s] INFO:colcon.colcon_core.shell:Creating environment hook '/workspaces/ros2-coding/install/isaac_tutorials/share/isaac_tutorials/hook/cmake_prefix_path.ps1'
[3.478s] INFO:colcon.colcon_core.shell:Creating environment descriptor '/workspaces/ros2-coding/install/isaac_tutorials/share/isaac_tutorials/hook/cmake_prefix_path.dsv'
[3.483s] INFO:colcon.colcon_core.shell:Creating environment hook '/workspaces/ros2-coding/install/isaac_tutorials/share/isaac_tutorials/hook/cmake_prefix_path.sh'
[3.486s] Level 1:colcon.colcon_core.environment:checking '/workspaces/ros2-coding/install/isaac_tutorials/lib'
[3.487s] Level 1:colcon.colcon_core.environment:checking '/workspaces/ros2-coding/install/isaac_tutorials/bin'
[3.488s] Level 1:colcon.colcon_core.environment:checking '/workspaces/ros2-coding/install/isaac_tutorials/lib/pkgconfig/isaac_tutorials.pc'
[3.490s] Level 1:colcon.colcon_core.environment:checking '/workspaces/ros2-coding/install/isaac_tutorials/lib/python3.12/site-packages'
[3.490s] Level 1:colcon.colcon_core.environment:checking '/workspaces/ros2-coding/install/isaac_tutorials/bin'
[3.491s] INFO:colcon.colcon_core.shell:Creating package script '/workspaces/ros2-coding/install/isaac_tutorials/share/isaac_tutorials/package.ps1'
[3.494s] INFO:colcon.colcon_core.shell:Creating package descriptor '/workspaces/ros2-coding/install/isaac_tutorials/share/isaac_tutorials/package.dsv'
[3.500s] INFO:colcon.colcon_core.shell:Creating package script '/workspaces/ros2-coding/install/isaac_tutorials/share/isaac_tutorials/package.sh'
[3.502s] INFO:colcon.colcon_core.shell:Creating package script '/workspaces/ros2-coding/install/isaac_tutorials/share/isaac_tutorials/package.bash'
[3.504s] INFO:colcon.colcon_core.shell:Creating package script '/workspaces/ros2-coding/install/isaac_tutorials/share/isaac_tutorials/package.zsh'
[3.505s] Level 1:colcon.colcon_core.environment:create_file_with_runtime_dependencies(/workspaces/ros2-coding/install/isaac_tutorials/share/colcon-core/packages/isaac_tutorials)
[3.506s] INFO:colcon.colcon_ros.task.ament_python.build:Building ROS package in '/workspaces/ros2-coding/turtlesim_ws/src/issac_sim' with build type 'ament_python'
[3.506s] Level 1:colcon.colcon_core.shell:create_environment_hook('issac_sim', 'ament_prefix_path')
[3.506s] INFO:colcon.colcon_core.shell:Creating environment hook '/workspaces/ros2-coding/install/issac_sim/share/issac_sim/hook/ament_prefix_path.ps1'
[3.510s] INFO:colcon.colcon_core.shell:Creating environment descriptor '/workspaces/ros2-coding/install/issac_sim/share/issac_sim/hook/ament_prefix_path.dsv'
[3.513s] INFO:colcon.colcon_core.shell:Creating environment hook '/workspaces/ros2-coding/install/issac_sim/share/issac_sim/hook/ament_prefix_path.sh'
[3.515s] INFO:colcon.colcon_core.shell:Skip shell extension 'powershell' for command environment: Not usable outside of PowerShell
[3.515s] DEBUG:colcon.colcon_core.shell:Skip shell extension 'dsv' for command environment
[4.169s] INFO:colcon.colcon_core.task.python.build:Building Python package in '/workspaces/ros2-coding/turtlesim_ws/src/issac_sim'
[4.169s] INFO:colcon.colcon_core.shell:Skip shell extension 'powershell' for command environment: Not usable outside of PowerShell
[4.169s] DEBUG:colcon.colcon_core.shell:Skip shell extension 'dsv' for command environment
[4.194s] DEBUG:colcon.colcon_core.event_handler.log_command:Invoked command in '/workspaces/ros2-coding/build/isaacsim' returned '0': CMAKE_PREFIX_PATH=${CMAKE_PREFIX_PATH}:/workspaces/ros2-coding/install/rqt_joint_trajectory_controller:/workspaces/ros2-coding/install/rqt_controller_manager:/workspaces/ros2-coding/install/ros2controlcli:/workspaces/ros2-coding/install/ros2_controllers_test_nodes:/workspaces/ros2-coding/install/my_turtlesim:/workspaces/ros2-coding/install/issac_sim:/workspaces/ros2-coding/install/isaac_ros_navigation_goal:/opt/ros/jazzy /usr/bin/cmake --build /workspaces/ros2-coding/build/isaacsim -- -j4 -l4
[4.195s] DEBUG:colcon.colcon_core.event_handler.log_command:Invoking command in '/workspaces/ros2-coding/build/isaacsim': CMAKE_PREFIX_PATH=${CMAKE_PREFIX_PATH}:/workspaces/ros2-coding/install/rqt_joint_trajectory_controller:/workspaces/ros2-coding/install/rqt_controller_manager:/workspaces/ros2-coding/install/ros2controlcli:/workspaces/ros2-coding/install/ros2_controllers_test_nodes:/workspaces/ros2-coding/install/my_turtlesim:/workspaces/ros2-coding/install/issac_sim:/workspaces/ros2-coding/install/isaac_ros_navigation_goal:/opt/ros/jazzy /usr/bin/cmake --install /workspaces/ros2-coding/build/isaacsim
[4.198s] Level 1:colcon.colcon_core.environment:create_environment_scripts_only(isaac_ros2_messages)
[4.198s] Level 1:colcon.colcon_core.environment:checking '/workspaces/ros2-coding/install/isaac_ros2_messages' for CMake module files
[4.200s] Level 1:colcon.colcon_core.environment:checking '/workspaces/ros2-coding/install/isaac_ros2_messages' for CMake config files
[4.202s] DEBUG:colcon.colcon_core.event_handler.log_command:Invoked command in '/workspaces/ros2-coding/build/isaac_ros2_messages' returned '0': CMAKE_PREFIX_PATH=${CMAKE_PREFIX_PATH}:/workspaces/ros2-coding/install/rqt_joint_trajectory_controller:/workspaces/ros2-coding/install/rqt_controller_manager:/workspaces/ros2-coding/install/ros2controlcli:/workspaces/ros2-coding/install/ros2_controllers_test_nodes:/workspaces/ros2-coding/install/my_turtlesim:/workspaces/ros2-coding/install/issac_sim:/workspaces/ros2-coding/install/isaac_ros_navigation_goal:/opt/ros/jazzy /usr/bin/cmake --install /workspaces/ros2-coding/build/isaac_ros2_messages
[4.204s] Level 1:colcon.colcon_core.shell:create_environment_hook('isaac_ros2_messages', 'cmake_prefix_path')
[4.205s] INFO:colcon.colcon_core.shell:Creating environment hook '/workspaces/ros2-coding/install/isaac_ros2_messages/share/isaac_ros2_messages/hook/cmake_prefix_path.ps1'
[4.207s] INFO:colcon.colcon_core.shell:Creating environment descriptor '/workspaces/ros2-coding/install/isaac_ros2_messages/share/isaac_ros2_messages/hook/cmake_prefix_path.dsv'
[4.208s] INFO:colcon.colcon_core.shell:Creating environment hook '/workspaces/ros2-coding/install/isaac_ros2_messages/share/isaac_ros2_messages/hook/cmake_prefix_path.sh'
[4.211s] Level 1:colcon.colcon_core.environment:checking '/workspaces/ros2-coding/install/isaac_ros2_messages/lib'
[4.211s] Level 1:colcon.colcon_core.shell:create_environment_hook('isaac_ros2_messages', 'ld_library_path_lib')
[4.211s] INFO:colcon.colcon_core.shell:Creating environment hook '/workspaces/ros2-coding/install/isaac_ros2_messages/share/isaac_ros2_messages/hook/ld_library_path_lib.ps1'
[4.212s] INFO:colcon.colcon_core.shell:Creating environment descriptor '/workspaces/ros2-coding/install/isaac_ros2_messages/share/isaac_ros2_messages/hook/ld_library_path_lib.dsv'
[4.213s] INFO:colcon.colcon_core.shell:Creating environment hook '/workspaces/ros2-coding/install/isaac_ros2_messages/share/isaac_ros2_messages/hook/ld_library_path_lib.sh'
[4.213s] Level 1:colcon.colcon_core.environment:checking '/workspaces/ros2-coding/install/isaac_ros2_messages/bin'
[4.217s] Level 1:colcon.colcon_core.environment:checking '/workspaces/ros2-coding/install/isaac_ros2_messages/lib/pkgconfig/isaac_ros2_messages.pc'
[4.217s] Level 1:colcon.colcon_core.environment:checking '/workspaces/ros2-coding/install/isaac_ros2_messages/lib/python3.12/site-packages'
[4.217s] Level 1:colcon.colcon_core.shell:create_environment_hook('isaac_ros2_messages', 'pythonpath')
[4.218s] INFO:colcon.colcon_core.shell:Creating environment hook '/workspaces/ros2-coding/install/isaac_ros2_messages/share/isaac_ros2_messages/hook/pythonpath.ps1'
[4.218s] INFO:colcon.colcon_core.shell:Creating environment descriptor '/workspaces/ros2-coding/install/isaac_ros2_messages/share/isaac_ros2_messages/hook/pythonpath.dsv'
[4.219s] INFO:colcon.colcon_core.shell:Creating environment hook '/workspaces/ros2-coding/install/isaac_ros2_messages/share/isaac_ros2_messages/hook/pythonpath.sh'
[4.223s] Level 1:colcon.colcon_core.environment:checking '/workspaces/ros2-coding/install/isaac_ros2_messages/bin'
[4.224s] INFO:colcon.colcon_core.shell:Creating package script '/workspaces/ros2-coding/install/isaac_ros2_messages/share/isaac_ros2_messages/package.ps1'
[4.227s] INFO:colcon.colcon_core.shell:Creating package descriptor '/workspaces/ros2-coding/install/isaac_ros2_messages/share/isaac_ros2_messages/package.dsv'
[4.230s] INFO:colcon.colcon_core.shell:Creating package script '/workspaces/ros2-coding/install/isaac_ros2_messages/share/isaac_ros2_messages/package.sh'
[4.231s] INFO:colcon.colcon_core.shell:Creating package script '/workspaces/ros2-coding/install/isaac_ros2_messages/share/isaac_ros2_messages/package.bash'
[4.234s] INFO:colcon.colcon_core.shell:Creating package script '/workspaces/ros2-coding/install/isaac_ros2_messages/share/isaac_ros2_messages/package.zsh'
[4.235s] Level 1:colcon.colcon_core.environment:create_file_with_runtime_dependencies(/workspaces/ros2-coding/install/isaac_ros2_messages/share/colcon-core/packages/isaac_ros2_messages)
[4.236s] Level 1:colcon.colcon_core.environment:create_environment_scripts_only(isaac_ros2_messages)
[4.236s] Level 1:colcon.colcon_core.environment:checking '/workspaces/ros2-coding/install/isaac_ros2_messages' for CMake module files
[4.237s] Level 1:colcon.colcon_core.environment:checking '/workspaces/ros2-coding/install/isaac_ros2_messages' for CMake config files
[4.242s] Level 1:colcon.colcon_core.shell:create_environment_hook('isaac_ros2_messages', 'cmake_prefix_path')
[4.243s] INFO:colcon.colcon_core.shell:Creating environment hook '/workspaces/ros2-coding/install/isaac_ros2_messages/share/isaac_ros2_messages/hook/cmake_prefix_path.ps1'
[4.246s] INFO:colcon.colcon_core.shell:Creating environment descriptor '/workspaces/ros2-coding/install/isaac_ros2_messages/share/isaac_ros2_messages/hook/cmake_prefix_path.dsv'
[4.247s] INFO:colcon.colcon_core.shell:Creating environment hook '/workspaces/ros2-coding/install/isaac_ros2_messages/share/isaac_ros2_messages/hook/cmake_prefix_path.sh'
[4.249s] Level 1:colcon.colcon_core.environment:checking '/workspaces/ros2-coding/install/isaac_ros2_messages/lib'
[4.252s] Level 1:colcon.colcon_core.shell:create_environment_hook('isaac_ros2_messages', 'ld_library_path_lib')
[4.252s] INFO:colcon.colcon_core.shell:Creating environment hook '/workspaces/ros2-coding/install/isaac_ros2_messages/share/isaac_ros2_messages/hook/ld_library_path_lib.ps1'
[4.253s] INFO:colcon.colcon_core.shell:Creating environment descriptor '/workspaces/ros2-coding/install/isaac_ros2_messages/share/isaac_ros2_messages/hook/ld_library_path_lib.dsv'
[4.254s] INFO:colcon.colcon_core.shell:Creating environment hook '/workspaces/ros2-coding/install/isaac_ros2_messages/share/isaac_ros2_messages/hook/ld_library_path_lib.sh'
[4.255s] Level 1:colcon.colcon_core.environment:checking '/workspaces/ros2-coding/install/isaac_ros2_messages/bin'
[4.255s] Level 1:colcon.colcon_core.environment:checking '/workspaces/ros2-coding/install/isaac_ros2_messages/lib/pkgconfig/isaac_ros2_messages.pc'
[4.255s] Level 1:colcon.colcon_core.environment:checking '/workspaces/ros2-coding/install/isaac_ros2_messages/lib/python3.12/site-packages'
[4.257s] Level 1:colcon.colcon_core.shell:create_environment_hook('isaac_ros2_messages', 'pythonpath')
[4.257s] INFO:colcon.colcon_core.shell:Creating environment hook '/workspaces/ros2-coding/install/isaac_ros2_messages/share/isaac_ros2_messages/hook/pythonpath.ps1'
[4.259s] INFO:colcon.colcon_core.shell:Creating environment descriptor '/workspaces/ros2-coding/install/isaac_ros2_messages/share/isaac_ros2_messages/hook/pythonpath.dsv'
[4.260s] INFO:colcon.colcon_core.shell:Creating environment hook '/workspaces/ros2-coding/install/isaac_ros2_messages/share/isaac_ros2_messages/hook/pythonpath.sh'
[4.261s] Level 1:colcon.colcon_core.environment:checking '/workspaces/ros2-coding/install/isaac_ros2_messages/bin'
[4.261s] INFO:colcon.colcon_core.shell:Creating package script '/workspaces/ros2-coding/install/isaac_ros2_messages/share/isaac_ros2_messages/package.ps1'
[4.265s] INFO:colcon.colcon_core.shell:Creating package descriptor '/workspaces/ros2-coding/install/isaac_ros2_messages/share/isaac_ros2_messages/package.dsv'
[4.267s] INFO:colcon.colcon_core.shell:Creating package script '/workspaces/ros2-coding/install/isaac_ros2_messages/share/isaac_ros2_messages/package.sh'
[4.267s] INFO:colcon.colcon_core.shell:Creating package script '/workspaces/ros2-coding/install/isaac_ros2_messages/share/isaac_ros2_messages/package.bash'
[4.271s] INFO:colcon.colcon_core.shell:Creating package script '/workspaces/ros2-coding/install/isaac_ros2_messages/share/isaac_ros2_messages/package.zsh'
[4.272s] Level 1:colcon.colcon_core.environment:create_file_with_runtime_dependencies(/workspaces/ros2-coding/install/isaac_ros2_messages/share/colcon-core/packages/isaac_ros2_messages)
[4.274s] INFO:colcon.colcon_ros.task.ament_cmake.build:Building ROS package in '/workspaces/ros2-coding/turtlesim_ws/src/navigation/iw_hub_navigation' with build type 'ament_cmake'
[4.275s] INFO:colcon.colcon_cmake.task.cmake.build:Building CMake package in '/workspaces/ros2-coding/turtlesim_ws/src/navigation/iw_hub_navigation'
[4.275s] INFO:colcon.colcon_core.shell:Skip shell extension 'powershell' for command environment: Not usable outside of PowerShell
[4.276s] DEBUG:colcon.colcon_core.shell:Skip shell extension 'dsv' for command environment
[4.318s] DEBUG:colcon.colcon_core.event_handler.log_command:Invoking command in '/workspaces/ros2-coding/build/iw_hub_navigation': CMAKE_PREFIX_PATH=${CMAKE_PREFIX_PATH}:/workspaces/ros2-coding/install/rqt_joint_trajectory_controller:/workspaces/ros2-coding/install/rqt_controller_manager:/workspaces/ros2-coding/install/ros2controlcli:/workspaces/ros2-coding/install/ros2_controllers_test_nodes:/workspaces/ros2-coding/install/my_turtlesim:/workspaces/ros2-coding/install/issac_sim:/workspaces/ros2-coding/install/isaac_ros_navigation_goal:/opt/ros/jazzy /usr/bin/cmake --build /workspaces/ros2-coding/build/iw_hub_navigation -- -j4 -l4
[4.333s] Level 1:colcon.colcon_core.environment:create_environment_scripts_only(isaacsim)
[4.335s] Level 1:colcon.colcon_core.environment:checking '/workspaces/ros2-coding/install/isaacsim' for CMake module files
[4.336s] Level 1:colcon.colcon_core.environment:checking '/workspaces/ros2-coding/install/isaacsim' for CMake config files
[4.338s] Level 1:colcon.colcon_core.shell:create_environment_hook('isaacsim', 'cmake_prefix_path')
[4.337s] DEBUG:colcon.colcon_core.event_handler.log_command:Invoked command in '/workspaces/ros2-coding/build/isaacsim' returned '0': CMAKE_PREFIX_PATH=${CMAKE_PREFIX_PATH}:/workspaces/ros2-coding/install/rqt_joint_trajectory_controller:/workspaces/ros2-coding/install/rqt_controller_manager:/workspaces/ros2-coding/install/ros2controlcli:/workspaces/ros2-coding/install/ros2_controllers_test_nodes:/workspaces/ros2-coding/install/my_turtlesim:/workspaces/ros2-coding/install/issac_sim:/workspaces/ros2-coding/install/isaac_ros_navigation_goal:/opt/ros/jazzy /usr/bin/cmake --install /workspaces/ros2-coding/build/isaacsim
[4.339s] INFO:colcon.colcon_core.shell:Creating environment hook '/workspaces/ros2-coding/install/isaacsim/share/isaacsim/hook/cmake_prefix_path.ps1'
[4.342s] INFO:colcon.colcon_core.shell:Creating environment descriptor '/workspaces/ros2-coding/install/isaacsim/share/isaacsim/hook/cmake_prefix_path.dsv'
[4.342s] INFO:colcon.colcon_core.shell:Creating environment hook '/workspaces/ros2-coding/install/isaacsim/share/isaacsim/hook/cmake_prefix_path.sh'
[4.343s] Level 1:colcon.colcon_core.environment:checking '/workspaces/ros2-coding/install/isaacsim/lib'
[4.343s] Level 1:colcon.colcon_core.environment:checking '/workspaces/ros2-coding/install/isaacsim/bin'
[4.343s] Level 1:colcon.colcon_core.environment:checking '/workspaces/ros2-coding/install/isaacsim/lib/pkgconfig/isaacsim.pc'
[4.346s] Level 1:colcon.colcon_core.environment:checking '/workspaces/ros2-coding/install/isaacsim/lib/python3.12/site-packages'
[4.347s] Level 1:colcon.colcon_core.environment:checking '/workspaces/ros2-coding/install/isaacsim/bin'
[4.349s] INFO:colcon.colcon_core.shell:Creating package script '/workspaces/ros2-coding/install/isaacsim/share/isaacsim/package.ps1'
[4.351s] INFO:colcon.colcon_core.shell:Creating package descriptor '/workspaces/ros2-coding/install/isaacsim/share/isaacsim/package.dsv'
[4.355s] INFO:colcon.colcon_core.shell:Creating package script '/workspaces/ros2-coding/install/isaacsim/share/isaacsim/package.sh'
[4.356s] INFO:colcon.colcon_core.shell:Creating package script '/workspaces/ros2-coding/install/isaacsim/share/isaacsim/package.bash'
[4.356s] INFO:colcon.colcon_core.shell:Creating package script '/workspaces/ros2-coding/install/isaacsim/share/isaacsim/package.zsh'
[4.357s] Level 1:colcon.colcon_core.environment:create_file_with_runtime_dependencies(/workspaces/ros2-coding/install/isaacsim/share/colcon-core/packages/isaacsim)
[4.357s] Level 1:colcon.colcon_core.environment:create_environment_scripts_only(isaacsim)
[4.358s] Level 1:colcon.colcon_core.environment:checking '/workspaces/ros2-coding/install/isaacsim' for CMake module files
[4.359s] Level 1:colcon.colcon_core.environment:checking '/workspaces/ros2-coding/install/isaacsim' for CMake config files
[4.359s] Level 1:colcon.colcon_core.shell:create_environment_hook('isaacsim', 'cmake_prefix_path')
[4.359s] INFO:colcon.colcon_core.shell:Creating environment hook '/workspaces/ros2-coding/install/isaacsim/share/isaacsim/hook/cmake_prefix_path.ps1'
[4.360s] INFO:colcon.colcon_core.shell:Creating environment descriptor '/workspaces/ros2-coding/install/isaacsim/share/isaacsim/hook/cmake_prefix_path.dsv'
[4.361s] INFO:colcon.colcon_core.shell:Creating environment hook '/workspaces/ros2-coding/install/isaacsim/share/isaacsim/hook/cmake_prefix_path.sh'
[4.362s] Level 1:colcon.colcon_core.environment:checking '/workspaces/ros2-coding/install/isaacsim/lib'
[4.362s] Level 1:colcon.colcon_core.environment:checking '/workspaces/ros2-coding/install/isaacsim/bin'
[4.362s] Level 1:colcon.colcon_core.environment:checking '/workspaces/ros2-coding/install/isaacsim/lib/pkgconfig/isaacsim.pc'
[4.363s] Level 1:colcon.colcon_core.environment:checking '/workspaces/ros2-coding/install/isaacsim/lib/python3.12/site-packages'
[4.363s] Level 1:colcon.colcon_core.environment:checking '/workspaces/ros2-coding/install/isaacsim/bin'
[4.363s] INFO:colcon.colcon_core.shell:Creating package script '/workspaces/ros2-coding/install/isaacsim/share/isaacsim/package.ps1'
[4.364s] INFO:colcon.colcon_core.shell:Creating package descriptor '/workspaces/ros2-coding/install/isaacsim/share/isaacsim/package.dsv'
[4.365s] INFO:colcon.colcon_core.shell:Creating package script '/workspaces/ros2-coding/install/isaacsim/share/isaacsim/package.sh'
[4.365s] INFO:colcon.colcon_core.shell:Creating package script '/workspaces/ros2-coding/install/isaacsim/share/isaacsim/package.bash'
[4.366s] INFO:colcon.colcon_core.shell:Creating package script '/workspaces/ros2-coding/install/isaacsim/share/isaacsim/package.zsh'
[4.366s] Level 1:colcon.colcon_core.environment:create_file_with_runtime_dependencies(/workspaces/ros2-coding/install/isaacsim/share/colcon-core/packages/isaacsim)
[4.367s] INFO:colcon.colcon_ros.task.ament_python.build:Building ROS package in '/workspaces/ros2-coding/turtlesim_ws/src/my_turtlesim' with build type 'ament_python'
[4.368s] Level 1:colcon.colcon_core.shell:create_environment_hook('my_turtlesim', 'ament_prefix_path')
[4.368s] INFO:colcon.colcon_core.shell:Creating environment hook '/workspaces/ros2-coding/install/my_turtlesim/share/my_turtlesim/hook/ament_prefix_path.ps1'
[4.368s] INFO:colcon.colcon_core.shell:Creating environment descriptor '/workspaces/ros2-coding/install/my_turtlesim/share/my_turtlesim/hook/ament_prefix_path.dsv'
[4.369s] INFO:colcon.colcon_core.shell:Creating environment hook '/workspaces/ros2-coding/install/my_turtlesim/share/my_turtlesim/hook/ament_prefix_path.sh'
[4.370s] INFO:colcon.colcon_core.shell:Skip shell extension 'powershell' for command environment: Not usable outside of PowerShell
[4.370s] DEBUG:colcon.colcon_core.shell:Skip shell extension 'dsv' for command environment
[5.011s] INFO:colcon.colcon_core.task.python.build:Building Python package in '/workspaces/ros2-coding/turtlesim_ws/src/my_turtlesim'
[5.012s] INFO:colcon.colcon_core.shell:Skip shell extension 'powershell' for command environment: Not usable outside of PowerShell
[5.012s] DEBUG:colcon.colcon_core.shell:Skip shell extension 'dsv' for command environment
[5.046s] DEBUG:colcon.colcon_core.event_handler.log_command:Invoked command in '/workspaces/ros2-coding/build/iw_hub_navigation' returned '0': CMAKE_PREFIX_PATH=${CMAKE_PREFIX_PATH}:/workspaces/ros2-coding/install/rqt_joint_trajectory_controller:/workspaces/ros2-coding/install/rqt_controller_manager:/workspaces/ros2-coding/install/ros2controlcli:/workspaces/ros2-coding/install/ros2_controllers_test_nodes:/workspaces/ros2-coding/install/my_turtlesim:/workspaces/ros2-coding/install/issac_sim:/workspaces/ros2-coding/install/isaac_ros_navigation_goal:/opt/ros/jazzy /usr/bin/cmake --build /workspaces/ros2-coding/build/iw_hub_navigation -- -j4 -l4
[5.047s] DEBUG:colcon.colcon_core.event_handler.log_command:Invoking command in '/workspaces/ros2-coding/build/iw_hub_navigation': CMAKE_PREFIX_PATH=${CMAKE_PREFIX_PATH}:/workspaces/ros2-coding/install/rqt_joint_trajectory_controller:/workspaces/ros2-coding/install/rqt_controller_manager:/workspaces/ros2-coding/install/ros2controlcli:/workspaces/ros2-coding/install/ros2_controllers_test_nodes:/workspaces/ros2-coding/install/my_turtlesim:/workspaces/ros2-coding/install/issac_sim:/workspaces/ros2-coding/install/isaac_ros_navigation_goal:/opt/ros/jazzy /usr/bin/cmake --install /workspaces/ros2-coding/build/iw_hub_navigation
[5.052s] DEBUG:colcon.colcon_core.event_handler.log_command:Invoking command in '/workspaces/ros2-coding/build/isaac_ros_navigation_goal': PYTHONPATH=/workspaces/ros2-coding/build/isaac_ros_navigation_goal/prefix_override:/usr/lib/python3/dist-packages/colcon_core/task/python/colcon_distutils_commands:/workspaces/ros2-coding/install/isaac_ros_navigation_goal/lib/python3.12/site-packages:${PYTHONPATH} /usr/bin/python3 -W ignore:setup.py install is deprecated -W ignore:easy_install command is deprecated setup.py develop --editable --build-directory /workspaces/ros2-coding/build/isaac_ros_navigation_goal/build --no-deps symlink_data
[5.143s] Level 1:colcon.colcon_core.environment:create_environment_scripts_only(iw_hub_navigation)
[5.144s] Level 1:colcon.colcon_core.environment:checking '/workspaces/ros2-coding/install/iw_hub_navigation' for CMake module files
[5.145s] DEBUG:colcon.colcon_core.event_handler.log_command:Invoked command in '/workspaces/ros2-coding/build/iw_hub_navigation' returned '0': CMAKE_PREFIX_PATH=${CMAKE_PREFIX_PATH}:/workspaces/ros2-coding/install/rqt_joint_trajectory_controller:/workspaces/ros2-coding/install/rqt_controller_manager:/workspaces/ros2-coding/install/ros2controlcli:/workspaces/ros2-coding/install/ros2_controllers_test_nodes:/workspaces/ros2-coding/install/my_turtlesim:/workspaces/ros2-coding/install/issac_sim:/workspaces/ros2-coding/install/isaac_ros_navigation_goal:/opt/ros/jazzy /usr/bin/cmake --install /workspaces/ros2-coding/build/iw_hub_navigation
[5.147s] Level 1:colcon.colcon_core.environment:checking '/workspaces/ros2-coding/install/iw_hub_navigation' for CMake config files
[5.148s] Level 1:colcon.colcon_core.shell:create_environment_hook('iw_hub_navigation', 'cmake_prefix_path')
[5.149s] INFO:colcon.colcon_core.shell:Creating environment hook '/workspaces/ros2-coding/install/iw_hub_navigation/share/iw_hub_navigation/hook/cmake_prefix_path.ps1'
[5.150s] INFO:colcon.colcon_core.shell:Creating environment descriptor '/workspaces/ros2-coding/install/iw_hub_navigation/share/iw_hub_navigation/hook/cmake_prefix_path.dsv'
[5.151s] INFO:colcon.colcon_core.shell:Creating environment hook '/workspaces/ros2-coding/install/iw_hub_navigation/share/iw_hub_navigation/hook/cmake_prefix_path.sh'
[5.152s] Level 1:colcon.colcon_core.environment:checking '/workspaces/ros2-coding/install/iw_hub_navigation/bin'
[5.152s] Level 1:colcon.colcon_core.environment:checking '/workspaces/ros2-coding/install/iw_hub_navigation/lib/pkgconfig/iw_hub_navigation.pc'
[5.153s] Level 1:colcon.colcon_core.environment:checking '/workspaces/ros2-coding/install/iw_hub_navigation/lib/python3.12/site-packages'
[5.153s] Level 1:colcon.colcon_core.environment:checking '/workspaces/ros2-coding/install/iw_hub_navigation/bin'
[5.154s] INFO:colcon.colcon_core.shell:Creating package script '/workspaces/ros2-coding/install/iw_hub_navigation/share/iw_hub_navigation/package.ps1'
[5.155s] INFO:colcon.colcon_core.shell:Creating package descriptor '/workspaces/ros2-coding/install/iw_hub_navigation/share/iw_hub_navigation/package.dsv'
[5.156s] INFO:colcon.colcon_core.shell:Creating package script '/workspaces/ros2-coding/install/iw_hub_navigation/share/iw_hub_navigation/package.sh'
[5.157s] INFO:colcon.colcon_core.shell:Creating package script '/workspaces/ros2-coding/install/iw_hub_navigation/share/iw_hub_navigation/package.bash'
[5.159s] INFO:colcon.colcon_core.shell:Creating package script '/workspaces/ros2-coding/install/iw_hub_navigation/share/iw_hub_navigation/package.zsh'
[5.159s] Level 1:colcon.colcon_core.environment:create_file_with_runtime_dependencies(/workspaces/ros2-coding/install/iw_hub_navigation/share/colcon-core/packages/iw_hub_navigation)
[5.161s] Level 1:colcon.colcon_core.environment:create_environment_scripts_only(iw_hub_navigation)
[5.162s] Level 1:colcon.colcon_core.environment:checking '/workspaces/ros2-coding/install/iw_hub_navigation' for CMake module files
[5.163s] Level 1:colcon.colcon_core.environment:checking '/workspaces/ros2-coding/install/iw_hub_navigation' for CMake config files
[5.164s] Level 1:colcon.colcon_core.shell:create_environment_hook('iw_hub_navigation', 'cmake_prefix_path')
[5.164s] INFO:colcon.colcon_core.shell:Creating environment hook '/workspaces/ros2-coding/install/iw_hub_navigation/share/iw_hub_navigation/hook/cmake_prefix_path.ps1'
[5.165s] INFO:colcon.colcon_core.shell:Creating environment descriptor '/workspaces/ros2-coding/install/iw_hub_navigation/share/iw_hub_navigation/hook/cmake_prefix_path.dsv'
[5.167s] INFO:colcon.colcon_core.shell:Creating environment hook '/workspaces/ros2-coding/install/iw_hub_navigation/share/iw_hub_navigation/hook/cmake_prefix_path.sh'
[5.168s] Level 1:colcon.colcon_core.environment:checking '/workspaces/ros2-coding/install/iw_hub_navigation/bin'
[5.168s] Level 1:colcon.colcon_core.environment:checking '/workspaces/ros2-coding/install/iw_hub_navigation/lib/pkgconfig/iw_hub_navigation.pc'
[5.168s] Level 1:colcon.colcon_core.environment:checking '/workspaces/ros2-coding/install/iw_hub_navigation/lib/python3.12/site-packages'
[5.169s] Level 1:colcon.colcon_core.environment:checking '/workspaces/ros2-coding/install/iw_hub_navigation/bin'
[5.169s] INFO:colcon.colcon_core.shell:Creating package script '/workspaces/ros2-coding/install/iw_hub_navigation/share/iw_hub_navigation/package.ps1'
[5.170s] INFO:colcon.colcon_core.shell:Creating package descriptor '/workspaces/ros2-coding/install/iw_hub_navigation/share/iw_hub_navigation/package.dsv'
[5.171s] INFO:colcon.colcon_core.shell:Creating package script '/workspaces/ros2-coding/install/iw_hub_navigation/share/iw_hub_navigation/package.sh'
[5.172s] INFO:colcon.colcon_core.shell:Creating package script '/workspaces/ros2-coding/install/iw_hub_navigation/share/iw_hub_navigation/package.bash'
[5.173s] INFO:colcon.colcon_core.shell:Creating package script '/workspaces/ros2-coding/install/iw_hub_navigation/share/iw_hub_navigation/package.zsh'
[5.174s] Level 1:colcon.colcon_core.environment:create_file_with_runtime_dependencies(/workspaces/ros2-coding/install/iw_hub_navigation/share/colcon-core/packages/iw_hub_navigation)
[6.104s] DEBUG:colcon.colcon_core.event_handler.log_command:Invoking command in '/workspaces/ros2-coding/build/issac_sim': PYTHONPATH=/workspaces/ros2-coding/build/issac_sim/prefix_override:/usr/lib/python3/dist-packages/colcon_core/task/python/colcon_distutils_commands:/workspaces/ros2-coding/install/issac_sim/lib/python3.12/site-packages:${PYTHONPATH} /usr/bin/python3 -W ignore:setup.py install is deprecated -W ignore:easy_install command is deprecated setup.py develop --editable --build-directory /workspaces/ros2-coding/build/issac_sim/build --no-deps symlink_data
[7.410s] DEBUG:colcon.colcon_core.event_handler.log_command:Invoking command in '/workspaces/ros2-coding/build/my_turtlesim': PYTHONPATH=/workspaces/ros2-coding/build/my_turtlesim/prefix_override:/usr/lib/python3/dist-packages/colcon_core/task/python/colcon_distutils_commands:/workspaces/ros2-coding/install/my_turtlesim/lib/python3.12/site-packages:${PYTHONPATH} /usr/bin/python3 -W ignore:setup.py install is deprecated -W ignore:easy_install command is deprecated setup.py develop --editable --build-directory /workspaces/ros2-coding/build/my_turtlesim/build --no-deps symlink_data
[8.226s] Level 1:colcon.colcon_core.shell:create_environment_hook('isaac_ros_navigation_goal', 'pythonpath_develop')
[8.226s] INFO:colcon.colcon_core.shell:Creating environment hook '/workspaces/ros2-coding/build/isaac_ros_navigation_goal/share/isaac_ros_navigation_goal/hook/pythonpath_develop.ps1'
[8.227s] INFO:colcon.colcon_core.shell:Creating environment descriptor '/workspaces/ros2-coding/build/isaac_ros_navigation_goal/share/isaac_ros_navigation_goal/hook/pythonpath_develop.dsv'
[8.228s] INFO:colcon.colcon_core.shell:Creating environment hook '/workspaces/ros2-coding/build/isaac_ros_navigation_goal/share/isaac_ros_navigation_goal/hook/pythonpath_develop.sh'
[8.229s] Level 1:colcon.colcon_core.environment:checking '/workspaces/ros2-coding/install/isaac_ros_navigation_goal' for CMake module files
[8.234s] DEBUG:colcon.colcon_core.event_handler.log_command:Invoked command in '/workspaces/ros2-coding/build/isaac_ros_navigation_goal' returned '0': PYTHONPATH=/workspaces/ros2-coding/build/isaac_ros_navigation_goal/prefix_override:/usr/lib/python3/dist-packages/colcon_core/task/python/colcon_distutils_commands:/workspaces/ros2-coding/install/isaac_ros_navigation_goal/lib/python3.12/site-packages:${PYTHONPATH} /usr/bin/python3 -W ignore:setup.py install is deprecated -W ignore:easy_install command is deprecated setup.py develop --editable --build-directory /workspaces/ros2-coding/build/isaac_ros_navigation_goal/build --no-deps symlink_data
[8.235s] Level 1:colcon.colcon_core.environment:checking '/workspaces/ros2-coding/install/isaac_ros_navigation_goal' for CMake config files
[8.236s] Level 1:colcon.colcon_core.environment:checking '/workspaces/ros2-coding/install/isaac_ros_navigation_goal/lib'
[8.236s] Level 1:colcon.colcon_core.environment:checking '/workspaces/ros2-coding/install/isaac_ros_navigation_goal/bin'
[8.236s] Level 1:colcon.colcon_core.environment:checking '/workspaces/ros2-coding/install/isaac_ros_navigation_goal/lib/pkgconfig/isaac_ros_navigation_goal.pc'
[8.237s] Level 1:colcon.colcon_core.environment:checking '/workspaces/ros2-coding/install/isaac_ros_navigation_goal/lib/python3.12/site-packages'
[8.237s] Level 1:colcon.colcon_core.shell:create_environment_hook('isaac_ros_navigation_goal', 'pythonpath')
[8.237s] INFO:colcon.colcon_core.shell:Creating environment hook '/workspaces/ros2-coding/install/isaac_ros_navigation_goal/share/isaac_ros_navigation_goal/hook/pythonpath.ps1'
[8.241s] INFO:colcon.colcon_core.shell:Creating environment descriptor '/workspaces/ros2-coding/install/isaac_ros_navigation_goal/share/isaac_ros_navigation_goal/hook/pythonpath.dsv'
[8.242s] INFO:colcon.colcon_core.shell:Creating environment hook '/workspaces/ros2-coding/install/isaac_ros_navigation_goal/share/isaac_ros_navigation_goal/hook/pythonpath.sh'
[8.243s] Level 1:colcon.colcon_core.environment:checking '/workspaces/ros2-coding/install/isaac_ros_navigation_goal/bin'
[8.243s] Level 1:colcon.colcon_core.environment:create_environment_scripts_only(isaac_ros_navigation_goal)
[8.243s] INFO:colcon.colcon_core.shell:Creating package script '/workspaces/ros2-coding/install/isaac_ros_navigation_goal/share/isaac_ros_navigation_goal/package.ps1'
[8.251s] INFO:colcon.colcon_core.shell:Creating package descriptor '/workspaces/ros2-coding/install/isaac_ros_navigation_goal/share/isaac_ros_navigation_goal/package.dsv'
[8.252s] INFO:colcon.colcon_core.shell:Creating package script '/workspaces/ros2-coding/install/isaac_ros_navigation_goal/share/isaac_ros_navigation_goal/package.sh'
[8.253s] INFO:colcon.colcon_core.shell:Creating package script '/workspaces/ros2-coding/install/isaac_ros_navigation_goal/share/isaac_ros_navigation_goal/package.bash'
[8.253s] INFO:colcon.colcon_core.shell:Creating package script '/workspaces/ros2-coding/install/isaac_ros_navigation_goal/share/isaac_ros_navigation_goal/package.zsh'
[8.261s] Level 1:colcon.colcon_core.environment:create_file_with_runtime_dependencies(/workspaces/ros2-coding/install/isaac_ros_navigation_goal/share/colcon-core/packages/isaac_ros_navigation_goal)
[8.781s] Level 1:colcon.colcon_core.shell:create_environment_hook('issac_sim', 'pythonpath_develop')
[8.782s] DEBUG:colcon.colcon_core.event_handler.log_command:Invoked command in '/workspaces/ros2-coding/build/issac_sim' returned '0': PYTHONPATH=/workspaces/ros2-coding/build/issac_sim/prefix_override:/usr/lib/python3/dist-packages/colcon_core/task/python/colcon_distutils_commands:/workspaces/ros2-coding/install/issac_sim/lib/python3.12/site-packages:${PYTHONPATH} /usr/bin/python3 -W ignore:setup.py install is deprecated -W ignore:easy_install command is deprecated setup.py develop --editable --build-directory /workspaces/ros2-coding/build/issac_sim/build --no-deps symlink_data
[8.782s] INFO:colcon.colcon_core.shell:Creating environment hook '/workspaces/ros2-coding/build/issac_sim/share/issac_sim/hook/pythonpath_develop.ps1'
[8.783s] INFO:colcon.colcon_core.shell:Creating environment descriptor '/workspaces/ros2-coding/build/issac_sim/share/issac_sim/hook/pythonpath_develop.dsv'
[8.784s] INFO:colcon.colcon_core.shell:Creating environment hook '/workspaces/ros2-coding/build/issac_sim/share/issac_sim/hook/pythonpath_develop.sh'
[8.786s] Level 1:colcon.colcon_core.environment:checking '/workspaces/ros2-coding/install/issac_sim' for CMake module files
[8.787s] Level 1:colcon.colcon_core.environment:checking '/workspaces/ros2-coding/install/issac_sim' for CMake config files
[8.788s] Level 1:colcon.colcon_core.environment:checking '/workspaces/ros2-coding/install/issac_sim/lib'
[8.788s] Level 1:colcon.colcon_core.environment:checking '/workspaces/ros2-coding/install/issac_sim/bin'
[8.788s] Level 1:colcon.colcon_core.environment:checking '/workspaces/ros2-coding/install/issac_sim/lib/pkgconfig/issac_sim.pc'
[8.789s] Level 1:colcon.colcon_core.environment:checking '/workspaces/ros2-coding/install/issac_sim/lib/python3.12/site-packages'
[8.789s] Level 1:colcon.colcon_core.shell:create_environment_hook('issac_sim', 'pythonpath')
[8.790s] INFO:colcon.colcon_core.shell:Creating environment hook '/workspaces/ros2-coding/install/issac_sim/share/issac_sim/hook/pythonpath.ps1'
[8.790s] INFO:colcon.colcon_core.shell:Creating environment descriptor '/workspaces/ros2-coding/install/issac_sim/share/issac_sim/hook/pythonpath.dsv'
[8.795s] INFO:colcon.colcon_core.shell:Creating environment hook '/workspaces/ros2-coding/install/issac_sim/share/issac_sim/hook/pythonpath.sh'
[8.797s] Level 1:colcon.colcon_core.environment:checking '/workspaces/ros2-coding/install/issac_sim/bin'
[8.798s] Level 1:colcon.colcon_core.environment:create_environment_scripts_only(issac_sim)
[8.802s] INFO:colcon.colcon_core.shell:Creating package script '/workspaces/ros2-coding/install/issac_sim/share/issac_sim/package.ps1'
[8.804s] INFO:colcon.colcon_core.shell:Creating package descriptor '/workspaces/ros2-coding/install/issac_sim/share/issac_sim/package.dsv'
[8.810s] INFO:colcon.colcon_core.shell:Creating package script '/workspaces/ros2-coding/install/issac_sim/share/issac_sim/package.sh'
[8.810s] INFO:colcon.colcon_core.shell:Creating package script '/workspaces/ros2-coding/install/issac_sim/share/issac_sim/package.bash'
[8.812s] INFO:colcon.colcon_core.shell:Creating package script '/workspaces/ros2-coding/install/issac_sim/share/issac_sim/package.zsh'
[8.813s] Level 1:colcon.colcon_core.environment:create_file_with_runtime_dependencies(/workspaces/ros2-coding/install/issac_sim/share/colcon-core/packages/issac_sim)
[9.633s] Level 1:colcon.colcon_core.shell:create_environment_hook('my_turtlesim', 'pythonpath_develop')
[9.634s] INFO:colcon.colcon_core.shell:Creating environment hook '/workspaces/ros2-coding/build/my_turtlesim/share/my_turtlesim/hook/pythonpath_develop.ps1'
[9.638s] DEBUG:colcon.colcon_core.event_handler.log_command:Invoked command in '/workspaces/ros2-coding/build/my_turtlesim' returned '0': PYTHONPATH=/workspaces/ros2-coding/build/my_turtlesim/prefix_override:/usr/lib/python3/dist-packages/colcon_core/task/python/colcon_distutils_commands:/workspaces/ros2-coding/install/my_turtlesim/lib/python3.12/site-packages:${PYTHONPATH} /usr/bin/python3 -W ignore:setup.py install is deprecated -W ignore:easy_install command is deprecated setup.py develop --editable --build-directory /workspaces/ros2-coding/build/my_turtlesim/build --no-deps symlink_data
[9.638s] INFO:colcon.colcon_core.shell:Creating environment descriptor '/workspaces/ros2-coding/build/my_turtlesim/share/my_turtlesim/hook/pythonpath_develop.dsv'
[9.639s] INFO:colcon.colcon_core.shell:Creating environment hook '/workspaces/ros2-coding/build/my_turtlesim/share/my_turtlesim/hook/pythonpath_develop.sh'
[9.640s] Level 1:colcon.colcon_core.environment:checking '/workspaces/ros2-coding/install/my_turtlesim' for CMake module files
[9.641s] Level 1:colcon.colcon_core.environment:checking '/workspaces/ros2-coding/install/my_turtlesim' for CMake config files
[9.642s] Level 1:colcon.colcon_core.environment:checking '/workspaces/ros2-coding/install/my_turtlesim/lib'
[9.642s] Level 1:colcon.colcon_core.environment:checking '/workspaces/ros2-coding/install/my_turtlesim/bin'
[9.643s] Level 1:colcon.colcon_core.environment:checking '/workspaces/ros2-coding/install/my_turtlesim/lib/pkgconfig/my_turtlesim.pc'
[9.643s] Level 1:colcon.colcon_core.environment:checking '/workspaces/ros2-coding/install/my_turtlesim/lib/python3.12/site-packages'
[9.644s] Level 1:colcon.colcon_core.shell:create_environment_hook('my_turtlesim', 'pythonpath')
[9.644s] INFO:colcon.colcon_core.shell:Creating environment hook '/workspaces/ros2-coding/install/my_turtlesim/share/my_turtlesim/hook/pythonpath.ps1'
[9.645s] INFO:colcon.colcon_core.shell:Creating environment descriptor '/workspaces/ros2-coding/install/my_turtlesim/share/my_turtlesim/hook/pythonpath.dsv'
[9.646s] INFO:colcon.colcon_core.shell:Creating environment hook '/workspaces/ros2-coding/install/my_turtlesim/share/my_turtlesim/hook/pythonpath.sh'
[9.647s] Level 1:colcon.colcon_core.environment:checking '/workspaces/ros2-coding/install/my_turtlesim/bin'
[9.647s] Level 1:colcon.colcon_core.environment:create_environment_scripts_only(my_turtlesim)
[9.648s] INFO:colcon.colcon_core.shell:Creating package script '/workspaces/ros2-coding/install/my_turtlesim/share/my_turtlesim/package.ps1'
[9.649s] INFO:colcon.colcon_core.shell:Creating package descriptor '/workspaces/ros2-coding/install/my_turtlesim/share/my_turtlesim/package.dsv'
[9.650s] INFO:colcon.colcon_core.shell:Creating package script '/workspaces/ros2-coding/install/my_turtlesim/share/my_turtlesim/package.sh'
[9.651s] INFO:colcon.colcon_core.shell:Creating package script '/workspaces/ros2-coding/install/my_turtlesim/share/my_turtlesim/package.bash'
[9.652s] INFO:colcon.colcon_core.shell:Creating package script '/workspaces/ros2-coding/install/my_turtlesim/share/my_turtlesim/package.zsh'
[9.653s] Level 1:colcon.colcon_core.environment:create_file_with_runtime_dependencies(/workspaces/ros2-coding/install/my_turtlesim/share/colcon-core/packages/my_turtlesim)
[9.654s] DEBUG:colcon.colcon_parallel_executor.executor.parallel:closing loop
[9.656s] DEBUG:colcon.colcon_parallel_executor.executor.parallel:loop closed
[9.656s] DEBUG:colcon.colcon_parallel_executor.executor.parallel:run_until_complete finished with '0'
[9.656s] DEBUG:colcon.colcon_core.event_reactor:joining thread
[9.683s] INFO:colcon.colcon_core.plugin_system:Skipping extension 'colcon_notification.desktop_notification.notify_send': Could not find 'notify-send'
[9.683s] INFO:colcon.colcon_core.plugin_system:Skipping extension 'colcon_notification.desktop_notification.terminal_notifier': Not used on non-Darwin systems
[9.683s] INFO:colcon.colcon_core.plugin_system:Skipping extension 'colcon_notification.desktop_notification.win32': Not used on non-Windows systems
[9.683s] INFO:colcon.colcon_notification.desktop_notification:Sending desktop notification using 'notify2'
[9.705s] DEBUG:colcon.colcon_notification.desktop_notification.notify2:Failed to initialize notify2: org.freedesktop.DBus.Error.ServiceUnknown: The name org.freedesktop.Notifications was not provided by any .service files
[9.706s] DEBUG:colcon.colcon_core.event_reactor:joined thread
[9.706s] INFO:colcon.colcon_core.shell:Creating prefix script '/workspaces/ros2-coding/install/local_setup.ps1'
[9.708s] INFO:colcon.colcon_core.shell:Creating prefix util module '/workspaces/ros2-coding/install/_local_setup_util_ps1.py'
[9.710s] INFO:colcon.colcon_core.shell:Creating prefix chain script '/workspaces/ros2-coding/install/setup.ps1'
[9.724s] INFO:colcon.colcon_core.shell:Creating prefix script '/workspaces/ros2-coding/install/local_setup.sh'
[9.725s] INFO:colcon.colcon_core.shell:Creating prefix util module '/workspaces/ros2-coding/install/_local_setup_util_sh.py'
[9.726s] INFO:colcon.colcon_core.shell:Creating prefix chain script '/workspaces/ros2-coding/install/setup.sh'
[9.745s] INFO:colcon.colcon_core.shell:Creating prefix script '/workspaces/ros2-coding/install/local_setup.bash'
[9.746s] INFO:colcon.colcon_core.shell:Creating prefix chain script '/workspaces/ros2-coding/install/setup.bash'
[9.755s] INFO:colcon.colcon_core.shell:Creating prefix script '/workspaces/ros2-coding/install/local_setup.zsh'
[9.756s] INFO:colcon.colcon_core.shell:Creating prefix chain script '/workspaces/ros2-coding/install/setup.zsh'
