[0.132s] DEBUG:colcon:Command line arguments: ['/usr/bin/colcon', 'build', '--symlink-install']
[0.132s] DEBUG:colcon:Parsed command line arguments: Namespace(log_base=None, log_level=None, verb_name='build', build_base='build', install_base='install', merge_install=False, symlink_install=True, test_result_base=None, continue_on_error=False, executor='parallel', parallel_workers=4, event_handlers=None, ignore_user_meta=False, metas=['./colcon.meta'], base_paths=['.'], packages_ignore=None, packages_ignore_regex=None, paths=None, packages_up_to=None, packages_up_to_regex=None, packages_above=None, packages_above_and_dependencies=None, packages_above_depth=None, packages_select_by_dep=None, packages_skip_by_dep=None, packages_skip_up_to=None, packages_select_build_failed=False, packages_skip_build_finished=False, packages_select_test_failures=False, packages_skip_test_passed=False, packages_select=None, packages_skip=None, packages_select_regex=None, packages_skip_regex=None, packages_start=None, packages_end=None, cmake_args=None, cmake_target=None, cmake_target_skip_unavailable=False, cmake_clean_cache=False, cmake_clean_first=False, cmake_force_configure=False, ament_cmake_args=None, catkin_cmake_args=None, catkin_skip_building_tests=False, mixin_files=None, mixin=None, verb_parser=<colcon_mixin.mixin.mixin_argument.MixinArgumentDecorator object at 0x718f89631e20>, verb_extension=<colcon_core.verb.build.BuildVerb object at 0x718f88db0380>, main=<bound method BuildVerb.main of <colcon_core.verb.build.BuildVerb object at 0x718f88db0380>>, mixin_verb=('build',))
[0.186s] Level 1:colcon.colcon_core.package_discovery:discover_packages(colcon_meta) check parameters
[0.187s] INFO:colcon.colcon_metadata.package_discovery.colcon_meta:Using configuration from '/root/.colcon/metadata/default/Gazebo.meta'
[0.187s] INFO:colcon.colcon_metadata.package_discovery.colcon_meta:Using configuration from '/root/.colcon/metadata/default/fastdds.meta'
[0.188s] INFO:colcon.colcon_metadata.package_discovery.colcon_meta:Using configuration from '/root/.colcon/metadata/default/fastrtps.meta'
[0.188s] Level 1:colcon.colcon_core.package_discovery:discover_packages(recursive) check parameters
[0.189s] Level 1:colcon.colcon_core.package_discovery:discover_packages(ignore) check parameters
[0.189s] Level 1:colcon.colcon_core.package_discovery:discover_packages(path) check parameters
[0.189s] Level 1:colcon.colcon_core.package_discovery:discover_packages(colcon_meta) discover
[0.189s] Level 1:colcon.colcon_core.package_discovery:discover_packages(recursive) discover
[0.189s] INFO:colcon.colcon_core.package_discovery:Crawling recursively for packages in '/workspaces/ros2-coding'
[0.189s] Level 1:colcon.colcon_core.package_identification:_identify(.) by extensions ['ignore', 'ignore_ament_install']
[0.190s] Level 1:colcon.colcon_core.package_identification:_identify(.) by extension 'ignore'
[0.190s] Level 1:colcon.colcon_core.package_identification:_identify(.) by extension 'ignore_ament_install'
[0.190s] Level 1:colcon.colcon_core.package_identification:_identify(.) by extensions ['colcon_pkg']
[0.190s] Level 1:colcon.colcon_core.package_identification:_identify(.) by extension 'colcon_pkg'
[0.190s] Level 1:colcon.colcon_core.package_identification:_identify(.) by extensions ['colcon_meta']
[0.190s] Level 1:colcon.colcon_core.package_identification:_identify(.) by extension 'colcon_meta'
[0.191s] Level 1:colcon.colcon_core.package_identification:_identify(.) by extensions ['ros']
[0.191s] Level 1:colcon.colcon_core.package_identification:_identify(.) by extension 'ros'
[0.234s] Level 1:colcon.colcon_core.package_identification:_identify(.) by extensions ['cmake', 'python']
[0.234s] Level 1:colcon.colcon_core.package_identification:_identify(.) by extension 'cmake'
[0.234s] Level 1:colcon.colcon_core.package_identification:_identify(.) by extension 'python'
[0.234s] Level 1:colcon.colcon_core.package_identification:_identify(.) by extensions ['python_setup_py']
[0.234s] Level 1:colcon.colcon_core.package_identification:_identify(.) by extension 'python_setup_py'
[0.234s] Level 1:colcon.colcon_core.package_identification:_identify(build) by extensions ['ignore', 'ignore_ament_install']
[0.235s] Level 1:colcon.colcon_core.package_identification:_identify(build) by extension 'ignore'
[0.235s] Level 1:colcon.colcon_core.package_identification:_identify(build) ignored
[0.235s] Level 1:colcon.colcon_core.package_identification:_identify(docker) by extensions ['ignore', 'ignore_ament_install']
[0.235s] Level 1:colcon.colcon_core.package_identification:_identify(docker) by extension 'ignore'
[0.235s] Level 1:colcon.colcon_core.package_identification:_identify(docker) by extension 'ignore_ament_install'
[0.235s] Level 1:colcon.colcon_core.package_identification:_identify(docker) by extensions ['colcon_pkg']
[0.235s] Level 1:colcon.colcon_core.package_identification:_identify(docker) by extension 'colcon_pkg'
[0.235s] Level 1:colcon.colcon_core.package_identification:_identify(docker) by extensions ['colcon_meta']
[0.235s] Level 1:colcon.colcon_core.package_identification:_identify(docker) by extension 'colcon_meta'
[0.235s] Level 1:colcon.colcon_core.package_identification:_identify(docker) by extensions ['ros']
[0.235s] Level 1:colcon.colcon_core.package_identification:_identify(docker) by extension 'ros'
[0.236s] Level 1:colcon.colcon_core.package_identification:_identify(docker) by extensions ['cmake', 'python']
[0.236s] Level 1:colcon.colcon_core.package_identification:_identify(docker) by extension 'cmake'
[0.236s] Level 1:colcon.colcon_core.package_identification:_identify(docker) by extension 'python'
[0.236s] Level 1:colcon.colcon_core.package_identification:_identify(docker) by extensions ['python_setup_py']
[0.236s] Level 1:colcon.colcon_core.package_identification:_identify(docker) by extension 'python_setup_py'
[0.236s] Level 1:colcon.colcon_core.package_identification:_identify(install) by extensions ['ignore', 'ignore_ament_install']
[0.236s] Level 1:colcon.colcon_core.package_identification:_identify(install) by extension 'ignore'
[0.236s] Level 1:colcon.colcon_core.package_identification:_identify(install) ignored
[0.237s] Level 1:colcon.colcon_core.package_identification:_identify(log) by extensions ['ignore', 'ignore_ament_install']
[0.237s] Level 1:colcon.colcon_core.package_identification:_identify(log) by extension 'ignore'
[0.237s] Level 1:colcon.colcon_core.package_identification:_identify(log) ignored
[0.237s] Level 1:colcon.colcon_core.package_identification:_identify(squashfs-root) by extensions ['ignore', 'ignore_ament_install']
[0.237s] Level 1:colcon.colcon_core.package_identification:_identify(squashfs-root) by extension 'ignore'
[0.237s] Level 1:colcon.colcon_core.package_identification:_identify(squashfs-root) by extension 'ignore_ament_install'
[0.237s] Level 1:colcon.colcon_core.package_identification:_identify(squashfs-root) by extensions ['colcon_pkg']
[0.237s] Level 1:colcon.colcon_core.package_identification:_identify(squashfs-root) by extension 'colcon_pkg'
[0.237s] Level 1:colcon.colcon_core.package_identification:_identify(squashfs-root) by extensions ['colcon_meta']
[0.237s] Level 1:colcon.colcon_core.package_identification:_identify(squashfs-root) by extension 'colcon_meta'
[0.238s] Level 1:colcon.colcon_core.package_identification:_identify(squashfs-root) by extensions ['ros']
[0.238s] Level 1:colcon.colcon_core.package_identification:_identify(squashfs-root) by extension 'ros'
[0.238s] Level 1:colcon.colcon_core.package_identification:_identify(squashfs-root) by extensions ['cmake', 'python']
[0.238s] Level 1:colcon.colcon_core.package_identification:_identify(squashfs-root) by extension 'cmake'
[0.238s] Level 1:colcon.colcon_core.package_identification:_identify(squashfs-root) by extension 'python'
[0.238s] Level 1:colcon.colcon_core.package_identification:_identify(squashfs-root) by extensions ['python_setup_py']
[0.238s] Level 1:colcon.colcon_core.package_identification:_identify(squashfs-root) by extension 'python_setup_py'
[0.238s] Level 1:colcon.colcon_core.package_identification:_identify(squashfs-root/locales) by extensions ['ignore', 'ignore_ament_install']
[0.238s] Level 1:colcon.colcon_core.package_identification:_identify(squashfs-root/locales) by extension 'ignore'
[0.238s] Level 1:colcon.colcon_core.package_identification:_identify(squashfs-root/locales) by extension 'ignore_ament_install'
[0.239s] Level 1:colcon.colcon_core.package_identification:_identify(squashfs-root/locales) by extensions ['colcon_pkg']
[0.239s] Level 1:colcon.colcon_core.package_identification:_identify(squashfs-root/locales) by extension 'colcon_pkg'
[0.239s] Level 1:colcon.colcon_core.package_identification:_identify(squashfs-root/locales) by extensions ['colcon_meta']
[0.239s] Level 1:colcon.colcon_core.package_identification:_identify(squashfs-root/locales) by extension 'colcon_meta'
[0.239s] Level 1:colcon.colcon_core.package_identification:_identify(squashfs-root/locales) by extensions ['ros']
[0.239s] Level 1:colcon.colcon_core.package_identification:_identify(squashfs-root/locales) by extension 'ros'
[0.239s] Level 1:colcon.colcon_core.package_identification:_identify(squashfs-root/locales) by extensions ['cmake', 'python']
[0.239s] Level 1:colcon.colcon_core.package_identification:_identify(squashfs-root/locales) by extension 'cmake'
[0.239s] Level 1:colcon.colcon_core.package_identification:_identify(squashfs-root/locales) by extension 'python'
[0.239s] Level 1:colcon.colcon_core.package_identification:_identify(squashfs-root/locales) by extensions ['python_setup_py']
[0.239s] Level 1:colcon.colcon_core.package_identification:_identify(squashfs-root/locales) by extension 'python_setup_py'
[0.239s] Level 1:colcon.colcon_core.package_identification:_identify(squashfs-root/usr) by extensions ['ignore', 'ignore_ament_install']
[0.240s] Level 1:colcon.colcon_core.package_identification:_identify(squashfs-root/usr) by extension 'ignore'
[0.240s] Level 1:colcon.colcon_core.package_identification:_identify(squashfs-root/usr) by extension 'ignore_ament_install'
[0.240s] Level 1:colcon.colcon_core.package_identification:_identify(squashfs-root/usr) by extensions ['colcon_pkg']
[0.240s] Level 1:colcon.colcon_core.package_identification:_identify(squashfs-root/usr) by extension 'colcon_pkg'
[0.240s] Level 1:colcon.colcon_core.package_identification:_identify(squashfs-root/usr) by extensions ['colcon_meta']
[0.240s] Level 1:colcon.colcon_core.package_identification:_identify(squashfs-root/usr) by extension 'colcon_meta'
[0.240s] Level 1:colcon.colcon_core.package_identification:_identify(squashfs-root/usr) by extensions ['ros']
[0.240s] Level 1:colcon.colcon_core.package_identification:_identify(squashfs-root/usr) by extension 'ros'
[0.240s] Level 1:colcon.colcon_core.package_identification:_identify(squashfs-root/usr) by extensions ['cmake', 'python']
[0.240s] Level 1:colcon.colcon_core.package_identification:_identify(squashfs-root/usr) by extension 'cmake'
[0.240s] Level 1:colcon.colcon_core.package_identification:_identify(squashfs-root/usr) by extension 'python'
[0.240s] Level 1:colcon.colcon_core.package_identification:_identify(squashfs-root/usr) by extensions ['python_setup_py']
[0.241s] Level 1:colcon.colcon_core.package_identification:_identify(squashfs-root/usr) by extension 'python_setup_py'
[0.241s] Level 1:colcon.colcon_core.package_identification:_identify(squashfs-root/usr/lib) by extensions ['ignore', 'ignore_ament_install']
[0.241s] Level 1:colcon.colcon_core.package_identification:_identify(squashfs-root/usr/lib) by extension 'ignore'
[0.241s] Level 1:colcon.colcon_core.package_identification:_identify(squashfs-root/usr/lib) by extension 'ignore_ament_install'
[0.241s] Level 1:colcon.colcon_core.package_identification:_identify(squashfs-root/usr/lib) by extensions ['colcon_pkg']
[0.241s] Level 1:colcon.colcon_core.package_identification:_identify(squashfs-root/usr/lib) by extension 'colcon_pkg'
[0.241s] Level 1:colcon.colcon_core.package_identification:_identify(squashfs-root/usr/lib) by extensions ['colcon_meta']
[0.241s] Level 1:colcon.colcon_core.package_identification:_identify(squashfs-root/usr/lib) by extension 'colcon_meta'
[0.241s] Level 1:colcon.colcon_core.package_identification:_identify(squashfs-root/usr/lib) by extensions ['ros']
[0.241s] Level 1:colcon.colcon_core.package_identification:_identify(squashfs-root/usr/lib) by extension 'ros'
[0.242s] Level 1:colcon.colcon_core.package_identification:_identify(squashfs-root/usr/lib) by extensions ['cmake', 'python']
[0.242s] Level 1:colcon.colcon_core.package_identification:_identify(squashfs-root/usr/lib) by extension 'cmake'
[0.242s] Level 1:colcon.colcon_core.package_identification:_identify(squashfs-root/usr/lib) by extension 'python'
[0.242s] Level 1:colcon.colcon_core.package_identification:_identify(squashfs-root/usr/lib) by extensions ['python_setup_py']
[0.242s] Level 1:colcon.colcon_core.package_identification:_identify(squashfs-root/usr/lib) by extension 'python_setup_py'
[0.242s] Level 1:colcon.colcon_core.package_identification:_identify(squashfs-root/usr/share) by extensions ['ignore', 'ignore_ament_install']
[0.242s] Level 1:colcon.colcon_core.package_identification:_identify(squashfs-root/usr/share) by extension 'ignore'
[0.242s] Level 1:colcon.colcon_core.package_identification:_identify(squashfs-root/usr/share) by extension 'ignore_ament_install'
[0.242s] Level 1:colcon.colcon_core.package_identification:_identify(squashfs-root/usr/share) by extensions ['colcon_pkg']
[0.242s] Level 1:colcon.colcon_core.package_identification:_identify(squashfs-root/usr/share) by extension 'colcon_pkg'
[0.242s] Level 1:colcon.colcon_core.package_identification:_identify(squashfs-root/usr/share) by extensions ['colcon_meta']
[0.243s] Level 1:colcon.colcon_core.package_identification:_identify(squashfs-root/usr/share) by extension 'colcon_meta'
[0.243s] Level 1:colcon.colcon_core.package_identification:_identify(squashfs-root/usr/share) by extensions ['ros']
[0.243s] Level 1:colcon.colcon_core.package_identification:_identify(squashfs-root/usr/share) by extension 'ros'
[0.243s] Level 1:colcon.colcon_core.package_identification:_identify(squashfs-root/usr/share) by extensions ['cmake', 'python']
[0.243s] Level 1:colcon.colcon_core.package_identification:_identify(squashfs-root/usr/share) by extension 'cmake'
[0.243s] Level 1:colcon.colcon_core.package_identification:_identify(squashfs-root/usr/share) by extension 'python'
[0.243s] Level 1:colcon.colcon_core.package_identification:_identify(squashfs-root/usr/share) by extensions ['python_setup_py']
[0.243s] Level 1:colcon.colcon_core.package_identification:_identify(squashfs-root/usr/share) by extension 'python_setup_py'
[0.243s] Level 1:colcon.colcon_core.package_identification:_identify(squashfs-root/usr/share/icons) by extensions ['ignore', 'ignore_ament_install']
[0.243s] Level 1:colcon.colcon_core.package_identification:_identify(squashfs-root/usr/share/icons) by extension 'ignore'
[0.244s] Level 1:colcon.colcon_core.package_identification:_identify(squashfs-root/usr/share/icons) by extension 'ignore_ament_install'
[0.244s] Level 1:colcon.colcon_core.package_identification:_identify(squashfs-root/usr/share/icons) by extensions ['colcon_pkg']
[0.244s] Level 1:colcon.colcon_core.package_identification:_identify(squashfs-root/usr/share/icons) by extension 'colcon_pkg'
[0.244s] Level 1:colcon.colcon_core.package_identification:_identify(squashfs-root/usr/share/icons) by extensions ['colcon_meta']
[0.244s] Level 1:colcon.colcon_core.package_identification:_identify(squashfs-root/usr/share/icons) by extension 'colcon_meta'
[0.244s] Level 1:colcon.colcon_core.package_identification:_identify(squashfs-root/usr/share/icons) by extensions ['ros']
[0.244s] Level 1:colcon.colcon_core.package_identification:_identify(squashfs-root/usr/share/icons) by extension 'ros'
[0.244s] Level 1:colcon.colcon_core.package_identification:_identify(squashfs-root/usr/share/icons) by extensions ['cmake', 'python']
[0.244s] Level 1:colcon.colcon_core.package_identification:_identify(squashfs-root/usr/share/icons) by extension 'cmake'
[0.244s] Level 1:colcon.colcon_core.package_identification:_identify(squashfs-root/usr/share/icons) by extension 'python'
[0.244s] Level 1:colcon.colcon_core.package_identification:_identify(squashfs-root/usr/share/icons) by extensions ['python_setup_py']
[0.244s] Level 1:colcon.colcon_core.package_identification:_identify(squashfs-root/usr/share/icons) by extension 'python_setup_py'
[0.245s] Level 1:colcon.colcon_core.package_identification:_identify(squashfs-root/usr/share/icons/hicolor) by extensions ['ignore', 'ignore_ament_install']
[0.245s] Level 1:colcon.colcon_core.package_identification:_identify(squashfs-root/usr/share/icons/hicolor) by extension 'ignore'
[0.245s] Level 1:colcon.colcon_core.package_identification:_identify(squashfs-root/usr/share/icons/hicolor) by extension 'ignore_ament_install'
[0.245s] Level 1:colcon.colcon_core.package_identification:_identify(squashfs-root/usr/share/icons/hicolor) by extensions ['colcon_pkg']
[0.245s] Level 1:colcon.colcon_core.package_identification:_identify(squashfs-root/usr/share/icons/hicolor) by extension 'colcon_pkg'
[0.245s] Level 1:colcon.colcon_core.package_identification:_identify(squashfs-root/usr/share/icons/hicolor) by extensions ['colcon_meta']
[0.245s] Level 1:colcon.colcon_core.package_identification:_identify(squashfs-root/usr/share/icons/hicolor) by extension 'colcon_meta'
[0.245s] Level 1:colcon.colcon_core.package_identification:_identify(squashfs-root/usr/share/icons/hicolor) by extensions ['ros']
[0.245s] Level 1:colcon.colcon_core.package_identification:_identify(squashfs-root/usr/share/icons/hicolor) by extension 'ros'
[0.245s] Level 1:colcon.colcon_core.package_identification:_identify(squashfs-root/usr/share/icons/hicolor) by extensions ['cmake', 'python']
[0.246s] Level 1:colcon.colcon_core.package_identification:_identify(squashfs-root/usr/share/icons/hicolor) by extension 'cmake'
[0.246s] Level 1:colcon.colcon_core.package_identification:_identify(squashfs-root/usr/share/icons/hicolor) by extension 'python'
[0.246s] Level 1:colcon.colcon_core.package_identification:_identify(squashfs-root/usr/share/icons/hicolor) by extensions ['python_setup_py']
[0.246s] Level 1:colcon.colcon_core.package_identification:_identify(squashfs-root/usr/share/icons/hicolor) by extension 'python_setup_py'
[0.246s] Level 1:colcon.colcon_core.package_identification:_identify(squashfs-root/usr/share/icons/hicolor/128x128) by extensions ['ignore', 'ignore_ament_install']
[0.246s] Level 1:colcon.colcon_core.package_identification:_identify(squashfs-root/usr/share/icons/hicolor/128x128) by extension 'ignore'
[0.246s] Level 1:colcon.colcon_core.package_identification:_identify(squashfs-root/usr/share/icons/hicolor/128x128) by extension 'ignore_ament_install'
[0.246s] Level 1:colcon.colcon_core.package_identification:_identify(squashfs-root/usr/share/icons/hicolor/128x128) by extensions ['colcon_pkg']
[0.246s] Level 1:colcon.colcon_core.package_identification:_identify(squashfs-root/usr/share/icons/hicolor/128x128) by extension 'colcon_pkg'
[0.246s] Level 1:colcon.colcon_core.package_identification:_identify(squashfs-root/usr/share/icons/hicolor/128x128) by extensions ['colcon_meta']
[0.246s] Level 1:colcon.colcon_core.package_identification:_identify(squashfs-root/usr/share/icons/hicolor/128x128) by extension 'colcon_meta'
[0.247s] Level 1:colcon.colcon_core.package_identification:_identify(squashfs-root/usr/share/icons/hicolor/128x128) by extensions ['ros']
[0.247s] Level 1:colcon.colcon_core.package_identification:_identify(squashfs-root/usr/share/icons/hicolor/128x128) by extension 'ros'
[0.247s] Level 1:colcon.colcon_core.package_identification:_identify(squashfs-root/usr/share/icons/hicolor/128x128) by extensions ['cmake', 'python']
[0.247s] Level 1:colcon.colcon_core.package_identification:_identify(squashfs-root/usr/share/icons/hicolor/128x128) by extension 'cmake'
[0.247s] Level 1:colcon.colcon_core.package_identification:_identify(squashfs-root/usr/share/icons/hicolor/128x128) by extension 'python'
[0.247s] Level 1:colcon.colcon_core.package_identification:_identify(squashfs-root/usr/share/icons/hicolor/128x128) by extensions ['python_setup_py']
[0.247s] Level 1:colcon.colcon_core.package_identification:_identify(squashfs-root/usr/share/icons/hicolor/128x128) by extension 'python_setup_py'
[0.247s] Level 1:colcon.colcon_core.package_identification:_identify(squashfs-root/usr/share/icons/hicolor/128x128/apps) by extensions ['ignore', 'ignore_ament_install']
[0.247s] Level 1:colcon.colcon_core.package_identification:_identify(squashfs-root/usr/share/icons/hicolor/128x128/apps) by extension 'ignore'
[0.247s] Level 1:colcon.colcon_core.package_identification:_identify(squashfs-root/usr/share/icons/hicolor/128x128/apps) by extension 'ignore_ament_install'
[0.248s] Level 1:colcon.colcon_core.package_identification:_identify(squashfs-root/usr/share/icons/hicolor/128x128/apps) by extensions ['colcon_pkg']
[0.248s] Level 1:colcon.colcon_core.package_identification:_identify(squashfs-root/usr/share/icons/hicolor/128x128/apps) by extension 'colcon_pkg'
[0.248s] Level 1:colcon.colcon_core.package_identification:_identify(squashfs-root/usr/share/icons/hicolor/128x128/apps) by extensions ['colcon_meta']
[0.248s] Level 1:colcon.colcon_core.package_identification:_identify(squashfs-root/usr/share/icons/hicolor/128x128/apps) by extension 'colcon_meta'
[0.248s] Level 1:colcon.colcon_core.package_identification:_identify(squashfs-root/usr/share/icons/hicolor/128x128/apps) by extensions ['ros']
[0.248s] Level 1:colcon.colcon_core.package_identification:_identify(squashfs-root/usr/share/icons/hicolor/128x128/apps) by extension 'ros'
[0.248s] Level 1:colcon.colcon_core.package_identification:_identify(squashfs-root/usr/share/icons/hicolor/128x128/apps) by extensions ['cmake', 'python']
[0.248s] Level 1:colcon.colcon_core.package_identification:_identify(squashfs-root/usr/share/icons/hicolor/128x128/apps) by extension 'cmake'
[0.248s] Level 1:colcon.colcon_core.package_identification:_identify(squashfs-root/usr/share/icons/hicolor/128x128/apps) by extension 'python'
[0.248s] Level 1:colcon.colcon_core.package_identification:_identify(squashfs-root/usr/share/icons/hicolor/128x128/apps) by extensions ['python_setup_py']
[0.248s] Level 1:colcon.colcon_core.package_identification:_identify(squashfs-root/usr/share/icons/hicolor/128x128/apps) by extension 'python_setup_py'
[0.249s] Level 1:colcon.colcon_core.package_identification:_identify(squashfs-root/usr/share/icons/hicolor/16x16) by extensions ['ignore', 'ignore_ament_install']
[0.249s] Level 1:colcon.colcon_core.package_identification:_identify(squashfs-root/usr/share/icons/hicolor/16x16) by extension 'ignore'
[0.249s] Level 1:colcon.colcon_core.package_identification:_identify(squashfs-root/usr/share/icons/hicolor/16x16) by extension 'ignore_ament_install'
[0.249s] Level 1:colcon.colcon_core.package_identification:_identify(squashfs-root/usr/share/icons/hicolor/16x16) by extensions ['colcon_pkg']
[0.249s] Level 1:colcon.colcon_core.package_identification:_identify(squashfs-root/usr/share/icons/hicolor/16x16) by extension 'colcon_pkg'
[0.249s] Level 1:colcon.colcon_core.package_identification:_identify(squashfs-root/usr/share/icons/hicolor/16x16) by extensions ['colcon_meta']
[0.249s] Level 1:colcon.colcon_core.package_identification:_identify(squashfs-root/usr/share/icons/hicolor/16x16) by extension 'colcon_meta'
[0.249s] Level 1:colcon.colcon_core.package_identification:_identify(squashfs-root/usr/share/icons/hicolor/16x16) by extensions ['ros']
[0.249s] Level 1:colcon.colcon_core.package_identification:_identify(squashfs-root/usr/share/icons/hicolor/16x16) by extension 'ros'
[0.249s] Level 1:colcon.colcon_core.package_identification:_identify(squashfs-root/usr/share/icons/hicolor/16x16) by extensions ['cmake', 'python']
[0.249s] Level 1:colcon.colcon_core.package_identification:_identify(squashfs-root/usr/share/icons/hicolor/16x16) by extension 'cmake'
[0.250s] Level 1:colcon.colcon_core.package_identification:_identify(squashfs-root/usr/share/icons/hicolor/16x16) by extension 'python'
[0.250s] Level 1:colcon.colcon_core.package_identification:_identify(squashfs-root/usr/share/icons/hicolor/16x16) by extensions ['python_setup_py']
[0.250s] Level 1:colcon.colcon_core.package_identification:_identify(squashfs-root/usr/share/icons/hicolor/16x16) by extension 'python_setup_py'
[0.250s] Level 1:colcon.colcon_core.package_identification:_identify(squashfs-root/usr/share/icons/hicolor/16x16/apps) by extensions ['ignore', 'ignore_ament_install']
[0.250s] Level 1:colcon.colcon_core.package_identification:_identify(squashfs-root/usr/share/icons/hicolor/16x16/apps) by extension 'ignore'
[0.250s] Level 1:colcon.colcon_core.package_identification:_identify(squashfs-root/usr/share/icons/hicolor/16x16/apps) by extension 'ignore_ament_install'
[0.250s] Level 1:colcon.colcon_core.package_identification:_identify(squashfs-root/usr/share/icons/hicolor/16x16/apps) by extensions ['colcon_pkg']
[0.250s] Level 1:colcon.colcon_core.package_identification:_identify(squashfs-root/usr/share/icons/hicolor/16x16/apps) by extension 'colcon_pkg'
[0.250s] Level 1:colcon.colcon_core.package_identification:_identify(squashfs-root/usr/share/icons/hicolor/16x16/apps) by extensions ['colcon_meta']
[0.250s] Level 1:colcon.colcon_core.package_identification:_identify(squashfs-root/usr/share/icons/hicolor/16x16/apps) by extension 'colcon_meta'
[0.251s] Level 1:colcon.colcon_core.package_identification:_identify(squashfs-root/usr/share/icons/hicolor/16x16/apps) by extensions ['ros']
[0.251s] Level 1:colcon.colcon_core.package_identification:_identify(squashfs-root/usr/share/icons/hicolor/16x16/apps) by extension 'ros'
[0.251s] Level 1:colcon.colcon_core.package_identification:_identify(squashfs-root/usr/share/icons/hicolor/16x16/apps) by extensions ['cmake', 'python']
[0.251s] Level 1:colcon.colcon_core.package_identification:_identify(squashfs-root/usr/share/icons/hicolor/16x16/apps) by extension 'cmake'
[0.251s] Level 1:colcon.colcon_core.package_identification:_identify(squashfs-root/usr/share/icons/hicolor/16x16/apps) by extension 'python'
[0.251s] Level 1:colcon.colcon_core.package_identification:_identify(squashfs-root/usr/share/icons/hicolor/16x16/apps) by extensions ['python_setup_py']
[0.251s] Level 1:colcon.colcon_core.package_identification:_identify(squashfs-root/usr/share/icons/hicolor/16x16/apps) by extension 'python_setup_py'
[0.251s] Level 1:colcon.colcon_core.package_identification:_identify(squashfs-root/usr/share/icons/hicolor/256x256) by extensions ['ignore', 'ignore_ament_install']
[0.251s] Level 1:colcon.colcon_core.package_identification:_identify(squashfs-root/usr/share/icons/hicolor/256x256) by extension 'ignore'
[0.251s] Level 1:colcon.colcon_core.package_identification:_identify(squashfs-root/usr/share/icons/hicolor/256x256) by extension 'ignore_ament_install'
[0.252s] Level 1:colcon.colcon_core.package_identification:_identify(squashfs-root/usr/share/icons/hicolor/256x256) by extensions ['colcon_pkg']
[0.252s] Level 1:colcon.colcon_core.package_identification:_identify(squashfs-root/usr/share/icons/hicolor/256x256) by extension 'colcon_pkg'
[0.252s] Level 1:colcon.colcon_core.package_identification:_identify(squashfs-root/usr/share/icons/hicolor/256x256) by extensions ['colcon_meta']
[0.252s] Level 1:colcon.colcon_core.package_identification:_identify(squashfs-root/usr/share/icons/hicolor/256x256) by extension 'colcon_meta'
[0.252s] Level 1:colcon.colcon_core.package_identification:_identify(squashfs-root/usr/share/icons/hicolor/256x256) by extensions ['ros']
[0.252s] Level 1:colcon.colcon_core.package_identification:_identify(squashfs-root/usr/share/icons/hicolor/256x256) by extension 'ros'
[0.252s] Level 1:colcon.colcon_core.package_identification:_identify(squashfs-root/usr/share/icons/hicolor/256x256) by extensions ['cmake', 'python']
[0.252s] Level 1:colcon.colcon_core.package_identification:_identify(squashfs-root/usr/share/icons/hicolor/256x256) by extension 'cmake'
[0.252s] Level 1:colcon.colcon_core.package_identification:_identify(squashfs-root/usr/share/icons/hicolor/256x256) by extension 'python'
[0.252s] Level 1:colcon.colcon_core.package_identification:_identify(squashfs-root/usr/share/icons/hicolor/256x256) by extensions ['python_setup_py']
[0.252s] Level 1:colcon.colcon_core.package_identification:_identify(squashfs-root/usr/share/icons/hicolor/256x256) by extension 'python_setup_py'
[0.252s] Level 1:colcon.colcon_core.package_identification:_identify(squashfs-root/usr/share/icons/hicolor/256x256/apps) by extensions ['ignore', 'ignore_ament_install']
[0.253s] Level 1:colcon.colcon_core.package_identification:_identify(squashfs-root/usr/share/icons/hicolor/256x256/apps) by extension 'ignore'
[0.253s] Level 1:colcon.colcon_core.package_identification:_identify(squashfs-root/usr/share/icons/hicolor/256x256/apps) by extension 'ignore_ament_install'
[0.253s] Level 1:colcon.colcon_core.package_identification:_identify(squashfs-root/usr/share/icons/hicolor/256x256/apps) by extensions ['colcon_pkg']
[0.253s] Level 1:colcon.colcon_core.package_identification:_identify(squashfs-root/usr/share/icons/hicolor/256x256/apps) by extension 'colcon_pkg'
[0.253s] Level 1:colcon.colcon_core.package_identification:_identify(squashfs-root/usr/share/icons/hicolor/256x256/apps) by extensions ['colcon_meta']
[0.253s] Level 1:colcon.colcon_core.package_identification:_identify(squashfs-root/usr/share/icons/hicolor/256x256/apps) by extension 'colcon_meta'
[0.253s] Level 1:colcon.colcon_core.package_identification:_identify(squashfs-root/usr/share/icons/hicolor/256x256/apps) by extensions ['ros']
[0.253s] Level 1:colcon.colcon_core.package_identification:_identify(squashfs-root/usr/share/icons/hicolor/256x256/apps) by extension 'ros'
[0.253s] Level 1:colcon.colcon_core.package_identification:_identify(squashfs-root/usr/share/icons/hicolor/256x256/apps) by extensions ['cmake', 'python']
[0.253s] Level 1:colcon.colcon_core.package_identification:_identify(squashfs-root/usr/share/icons/hicolor/256x256/apps) by extension 'cmake'
[0.254s] Level 1:colcon.colcon_core.package_identification:_identify(squashfs-root/usr/share/icons/hicolor/256x256/apps) by extension 'python'
[0.254s] Level 1:colcon.colcon_core.package_identification:_identify(squashfs-root/usr/share/icons/hicolor/256x256/apps) by extensions ['python_setup_py']
[0.254s] Level 1:colcon.colcon_core.package_identification:_identify(squashfs-root/usr/share/icons/hicolor/256x256/apps) by extension 'python_setup_py'
[0.254s] Level 1:colcon.colcon_core.package_identification:_identify(squashfs-root/usr/share/icons/hicolor/32x32) by extensions ['ignore', 'ignore_ament_install']
[0.254s] Level 1:colcon.colcon_core.package_identification:_identify(squashfs-root/usr/share/icons/hicolor/32x32) by extension 'ignore'
[0.254s] Level 1:colcon.colcon_core.package_identification:_identify(squashfs-root/usr/share/icons/hicolor/32x32) by extension 'ignore_ament_install'
[0.254s] Level 1:colcon.colcon_core.package_identification:_identify(squashfs-root/usr/share/icons/hicolor/32x32) by extensions ['colcon_pkg']
[0.254s] Level 1:colcon.colcon_core.package_identification:_identify(squashfs-root/usr/share/icons/hicolor/32x32) by extension 'colcon_pkg'
[0.254s] Level 1:colcon.colcon_core.package_identification:_identify(squashfs-root/usr/share/icons/hicolor/32x32) by extensions ['colcon_meta']
[0.254s] Level 1:colcon.colcon_core.package_identification:_identify(squashfs-root/usr/share/icons/hicolor/32x32) by extension 'colcon_meta'
[0.255s] Level 1:colcon.colcon_core.package_identification:_identify(squashfs-root/usr/share/icons/hicolor/32x32) by extensions ['ros']
[0.255s] Level 1:colcon.colcon_core.package_identification:_identify(squashfs-root/usr/share/icons/hicolor/32x32) by extension 'ros'
[0.255s] Level 1:colcon.colcon_core.package_identification:_identify(squashfs-root/usr/share/icons/hicolor/32x32) by extensions ['cmake', 'python']
[0.255s] Level 1:colcon.colcon_core.package_identification:_identify(squashfs-root/usr/share/icons/hicolor/32x32) by extension 'cmake'
[0.255s] Level 1:colcon.colcon_core.package_identification:_identify(squashfs-root/usr/share/icons/hicolor/32x32) by extension 'python'
[0.255s] Level 1:colcon.colcon_core.package_identification:_identify(squashfs-root/usr/share/icons/hicolor/32x32) by extensions ['python_setup_py']
[0.255s] Level 1:colcon.colcon_core.package_identification:_identify(squashfs-root/usr/share/icons/hicolor/32x32) by extension 'python_setup_py'
[0.255s] Level 1:colcon.colcon_core.package_identification:_identify(squashfs-root/usr/share/icons/hicolor/32x32/apps) by extensions ['ignore', 'ignore_ament_install']
[0.255s] Level 1:colcon.colcon_core.package_identification:_identify(squashfs-root/usr/share/icons/hicolor/32x32/apps) by extension 'ignore'
[0.256s] Level 1:colcon.colcon_core.package_identification:_identify(squashfs-root/usr/share/icons/hicolor/32x32/apps) by extension 'ignore_ament_install'
[0.256s] Level 1:colcon.colcon_core.package_identification:_identify(squashfs-root/usr/share/icons/hicolor/32x32/apps) by extensions ['colcon_pkg']
[0.256s] Level 1:colcon.colcon_core.package_identification:_identify(squashfs-root/usr/share/icons/hicolor/32x32/apps) by extension 'colcon_pkg'
[0.256s] Level 1:colcon.colcon_core.package_identification:_identify(squashfs-root/usr/share/icons/hicolor/32x32/apps) by extensions ['colcon_meta']
[0.256s] Level 1:colcon.colcon_core.package_identification:_identify(squashfs-root/usr/share/icons/hicolor/32x32/apps) by extension 'colcon_meta'
[0.256s] Level 1:colcon.colcon_core.package_identification:_identify(squashfs-root/usr/share/icons/hicolor/32x32/apps) by extensions ['ros']
[0.256s] Level 1:colcon.colcon_core.package_identification:_identify(squashfs-root/usr/share/icons/hicolor/32x32/apps) by extension 'ros'
[0.256s] Level 1:colcon.colcon_core.package_identification:_identify(squashfs-root/usr/share/icons/hicolor/32x32/apps) by extensions ['cmake', 'python']
[0.256s] Level 1:colcon.colcon_core.package_identification:_identify(squashfs-root/usr/share/icons/hicolor/32x32/apps) by extension 'cmake'
[0.256s] Level 1:colcon.colcon_core.package_identification:_identify(squashfs-root/usr/share/icons/hicolor/32x32/apps) by extension 'python'
[0.256s] Level 1:colcon.colcon_core.package_identification:_identify(squashfs-root/usr/share/icons/hicolor/32x32/apps) by extensions ['python_setup_py']
[0.257s] Level 1:colcon.colcon_core.package_identification:_identify(squashfs-root/usr/share/icons/hicolor/32x32/apps) by extension 'python_setup_py'
[0.257s] Level 1:colcon.colcon_core.package_identification:_identify(squashfs-root/usr/share/icons/hicolor/48x48) by extensions ['ignore', 'ignore_ament_install']
[0.257s] Level 1:colcon.colcon_core.package_identification:_identify(squashfs-root/usr/share/icons/hicolor/48x48) by extension 'ignore'
[0.257s] Level 1:colcon.colcon_core.package_identification:_identify(squashfs-root/usr/share/icons/hicolor/48x48) by extension 'ignore_ament_install'
[0.257s] Level 1:colcon.colcon_core.package_identification:_identify(squashfs-root/usr/share/icons/hicolor/48x48) by extensions ['colcon_pkg']
[0.257s] Level 1:colcon.colcon_core.package_identification:_identify(squashfs-root/usr/share/icons/hicolor/48x48) by extension 'colcon_pkg'
[0.257s] Level 1:colcon.colcon_core.package_identification:_identify(squashfs-root/usr/share/icons/hicolor/48x48) by extensions ['colcon_meta']
[0.258s] Level 1:colcon.colcon_core.package_identification:_identify(squashfs-root/usr/share/icons/hicolor/48x48) by extension 'colcon_meta'
[0.258s] Level 1:colcon.colcon_core.package_identification:_identify(squashfs-root/usr/share/icons/hicolor/48x48) by extensions ['ros']
[0.258s] Level 1:colcon.colcon_core.package_identification:_identify(squashfs-root/usr/share/icons/hicolor/48x48) by extension 'ros'
[0.258s] Level 1:colcon.colcon_core.package_identification:_identify(squashfs-root/usr/share/icons/hicolor/48x48) by extensions ['cmake', 'python']
[0.258s] Level 1:colcon.colcon_core.package_identification:_identify(squashfs-root/usr/share/icons/hicolor/48x48) by extension 'cmake'
[0.258s] Level 1:colcon.colcon_core.package_identification:_identify(squashfs-root/usr/share/icons/hicolor/48x48) by extension 'python'
[0.258s] Level 1:colcon.colcon_core.package_identification:_identify(squashfs-root/usr/share/icons/hicolor/48x48) by extensions ['python_setup_py']
[0.258s] Level 1:colcon.colcon_core.package_identification:_identify(squashfs-root/usr/share/icons/hicolor/48x48) by extension 'python_setup_py'
[0.259s] Level 1:colcon.colcon_core.package_identification:_identify(squashfs-root/usr/share/icons/hicolor/48x48/apps) by extensions ['ignore', 'ignore_ament_install']
[0.259s] Level 1:colcon.colcon_core.package_identification:_identify(squashfs-root/usr/share/icons/hicolor/48x48/apps) by extension 'ignore'
[0.259s] Level 1:colcon.colcon_core.package_identification:_identify(squashfs-root/usr/share/icons/hicolor/48x48/apps) by extension 'ignore_ament_install'
[0.259s] Level 1:colcon.colcon_core.package_identification:_identify(squashfs-root/usr/share/icons/hicolor/48x48/apps) by extensions ['colcon_pkg']
[0.259s] Level 1:colcon.colcon_core.package_identification:_identify(squashfs-root/usr/share/icons/hicolor/48x48/apps) by extension 'colcon_pkg'
[0.259s] Level 1:colcon.colcon_core.package_identification:_identify(squashfs-root/usr/share/icons/hicolor/48x48/apps) by extensions ['colcon_meta']
[0.259s] Level 1:colcon.colcon_core.package_identification:_identify(squashfs-root/usr/share/icons/hicolor/48x48/apps) by extension 'colcon_meta'
[0.259s] Level 1:colcon.colcon_core.package_identification:_identify(squashfs-root/usr/share/icons/hicolor/48x48/apps) by extensions ['ros']
[0.259s] Level 1:colcon.colcon_core.package_identification:_identify(squashfs-root/usr/share/icons/hicolor/48x48/apps) by extension 'ros'
[0.259s] Level 1:colcon.colcon_core.package_identification:_identify(squashfs-root/usr/share/icons/hicolor/48x48/apps) by extensions ['cmake', 'python']
[0.259s] Level 1:colcon.colcon_core.package_identification:_identify(squashfs-root/usr/share/icons/hicolor/48x48/apps) by extension 'cmake'
[0.260s] Level 1:colcon.colcon_core.package_identification:_identify(squashfs-root/usr/share/icons/hicolor/48x48/apps) by extension 'python'
[0.260s] Level 1:colcon.colcon_core.package_identification:_identify(squashfs-root/usr/share/icons/hicolor/48x48/apps) by extensions ['python_setup_py']
[0.260s] Level 1:colcon.colcon_core.package_identification:_identify(squashfs-root/usr/share/icons/hicolor/48x48/apps) by extension 'python_setup_py'
[0.260s] Level 1:colcon.colcon_core.package_identification:_identify(squashfs-root/usr/share/icons/hicolor/64x64) by extensions ['ignore', 'ignore_ament_install']
[0.260s] Level 1:colcon.colcon_core.package_identification:_identify(squashfs-root/usr/share/icons/hicolor/64x64) by extension 'ignore'
[0.260s] Level 1:colcon.colcon_core.package_identification:_identify(squashfs-root/usr/share/icons/hicolor/64x64) by extension 'ignore_ament_install'
[0.260s] Level 1:colcon.colcon_core.package_identification:_identify(squashfs-root/usr/share/icons/hicolor/64x64) by extensions ['colcon_pkg']
[0.260s] Level 1:colcon.colcon_core.package_identification:_identify(squashfs-root/usr/share/icons/hicolor/64x64) by extension 'colcon_pkg'
[0.260s] Level 1:colcon.colcon_core.package_identification:_identify(squashfs-root/usr/share/icons/hicolor/64x64) by extensions ['colcon_meta']
[0.260s] Level 1:colcon.colcon_core.package_identification:_identify(squashfs-root/usr/share/icons/hicolor/64x64) by extension 'colcon_meta'
[0.261s] Level 1:colcon.colcon_core.package_identification:_identify(squashfs-root/usr/share/icons/hicolor/64x64) by extensions ['ros']
[0.261s] Level 1:colcon.colcon_core.package_identification:_identify(squashfs-root/usr/share/icons/hicolor/64x64) by extension 'ros'
[0.261s] Level 1:colcon.colcon_core.package_identification:_identify(squashfs-root/usr/share/icons/hicolor/64x64) by extensions ['cmake', 'python']
[0.261s] Level 1:colcon.colcon_core.package_identification:_identify(squashfs-root/usr/share/icons/hicolor/64x64) by extension 'cmake'
[0.261s] Level 1:colcon.colcon_core.package_identification:_identify(squashfs-root/usr/share/icons/hicolor/64x64) by extension 'python'
[0.261s] Level 1:colcon.colcon_core.package_identification:_identify(squashfs-root/usr/share/icons/hicolor/64x64) by extensions ['python_setup_py']
[0.261s] Level 1:colcon.colcon_core.package_identification:_identify(squashfs-root/usr/share/icons/hicolor/64x64) by extension 'python_setup_py'
[0.261s] Level 1:colcon.colcon_core.package_identification:_identify(squashfs-root/usr/share/icons/hicolor/64x64/apps) by extensions ['ignore', 'ignore_ament_install']
[0.261s] Level 1:colcon.colcon_core.package_identification:_identify(squashfs-root/usr/share/icons/hicolor/64x64/apps) by extension 'ignore'
[0.261s] Level 1:colcon.colcon_core.package_identification:_identify(squashfs-root/usr/share/icons/hicolor/64x64/apps) by extension 'ignore_ament_install'
[0.262s] Level 1:colcon.colcon_core.package_identification:_identify(squashfs-root/usr/share/icons/hicolor/64x64/apps) by extensions ['colcon_pkg']
[0.262s] Level 1:colcon.colcon_core.package_identification:_identify(squashfs-root/usr/share/icons/hicolor/64x64/apps) by extension 'colcon_pkg'
[0.262s] Level 1:colcon.colcon_core.package_identification:_identify(squashfs-root/usr/share/icons/hicolor/64x64/apps) by extensions ['colcon_meta']
[0.262s] Level 1:colcon.colcon_core.package_identification:_identify(squashfs-root/usr/share/icons/hicolor/64x64/apps) by extension 'colcon_meta'
[0.262s] Level 1:colcon.colcon_core.package_identification:_identify(squashfs-root/usr/share/icons/hicolor/64x64/apps) by extensions ['ros']
[0.262s] Level 1:colcon.colcon_core.package_identification:_identify(squashfs-root/usr/share/icons/hicolor/64x64/apps) by extension 'ros'
[0.262s] Level 1:colcon.colcon_core.package_identification:_identify(squashfs-root/usr/share/icons/hicolor/64x64/apps) by extensions ['cmake', 'python']
[0.262s] Level 1:colcon.colcon_core.package_identification:_identify(squashfs-root/usr/share/icons/hicolor/64x64/apps) by extension 'cmake'
[0.262s] Level 1:colcon.colcon_core.package_identification:_identify(squashfs-root/usr/share/icons/hicolor/64x64/apps) by extension 'python'
[0.262s] Level 1:colcon.colcon_core.package_identification:_identify(squashfs-root/usr/share/icons/hicolor/64x64/apps) by extensions ['python_setup_py']
[0.262s] Level 1:colcon.colcon_core.package_identification:_identify(squashfs-root/usr/share/icons/hicolor/64x64/apps) by extension 'python_setup_py'
[0.263s] Level 1:colcon.colcon_core.package_identification:_identify(turtlesim_ws) by extensions ['ignore', 'ignore_ament_install']
[0.263s] Level 1:colcon.colcon_core.package_identification:_identify(turtlesim_ws) by extension 'ignore'
[0.263s] Level 1:colcon.colcon_core.package_identification:_identify(turtlesim_ws) by extension 'ignore_ament_install'
[0.263s] Level 1:colcon.colcon_core.package_identification:_identify(turtlesim_ws) by extensions ['colcon_pkg']
[0.263s] Level 1:colcon.colcon_core.package_identification:_identify(turtlesim_ws) by extension 'colcon_pkg'
[0.263s] Level 1:colcon.colcon_core.package_identification:_identify(turtlesim_ws) by extensions ['colcon_meta']
[0.263s] Level 1:colcon.colcon_core.package_identification:_identify(turtlesim_ws) by extension 'colcon_meta'
[0.263s] Level 1:colcon.colcon_core.package_identification:_identify(turtlesim_ws) by extensions ['ros']
[0.263s] Level 1:colcon.colcon_core.package_identification:_identify(turtlesim_ws) by extension 'ros'
[0.263s] Level 1:colcon.colcon_core.package_identification:_identify(turtlesim_ws) by extensions ['cmake', 'python']
[0.263s] Level 1:colcon.colcon_core.package_identification:_identify(turtlesim_ws) by extension 'cmake'
[0.263s] Level 1:colcon.colcon_core.package_identification:_identify(turtlesim_ws) by extension 'python'
[0.264s] Level 1:colcon.colcon_core.package_identification:_identify(turtlesim_ws) by extensions ['python_setup_py']
[0.264s] Level 1:colcon.colcon_core.package_identification:_identify(turtlesim_ws) by extension 'python_setup_py'
[0.264s] Level 1:colcon.colcon_core.package_identification:_identify(turtlesim_ws/src) by extensions ['ignore', 'ignore_ament_install']
[0.264s] Level 1:colcon.colcon_core.package_identification:_identify(turtlesim_ws/src) by extension 'ignore'
[0.264s] Level 1:colcon.colcon_core.package_identification:_identify(turtlesim_ws/src) by extension 'ignore_ament_install'
[0.264s] Level 1:colcon.colcon_core.package_identification:_identify(turtlesim_ws/src) by extensions ['colcon_pkg']
[0.264s] Level 1:colcon.colcon_core.package_identification:_identify(turtlesim_ws/src) by extension 'colcon_pkg'
[0.264s] Level 1:colcon.colcon_core.package_identification:_identify(turtlesim_ws/src) by extensions ['colcon_meta']
[0.264s] Level 1:colcon.colcon_core.package_identification:_identify(turtlesim_ws/src) by extension 'colcon_meta'
[0.264s] Level 1:colcon.colcon_core.package_identification:_identify(turtlesim_ws/src) by extensions ['ros']
[0.264s] Level 1:colcon.colcon_core.package_identification:_identify(turtlesim_ws/src) by extension 'ros'
[0.264s] Level 1:colcon.colcon_core.package_identification:_identify(turtlesim_ws/src) by extensions ['cmake', 'python']
[0.265s] Level 1:colcon.colcon_core.package_identification:_identify(turtlesim_ws/src) by extension 'cmake'
[0.265s] Level 1:colcon.colcon_core.package_identification:_identify(turtlesim_ws/src) by extension 'python'
[0.265s] Level 1:colcon.colcon_core.package_identification:_identify(turtlesim_ws/src) by extensions ['python_setup_py']
[0.265s] Level 1:colcon.colcon_core.package_identification:_identify(turtlesim_ws/src) by extension 'python_setup_py'
[0.265s] Level 1:colcon.colcon_core.package_identification:_identify(turtlesim_ws/src/cmdvel_to_ackermann) by extensions ['ignore', 'ignore_ament_install']
[0.265s] Level 1:colcon.colcon_core.package_identification:_identify(turtlesim_ws/src/cmdvel_to_ackermann) by extension 'ignore'
[0.265s] Level 1:colcon.colcon_core.package_identification:_identify(turtlesim_ws/src/cmdvel_to_ackermann) by extension 'ignore_ament_install'
[0.265s] Level 1:colcon.colcon_core.package_identification:_identify(turtlesim_ws/src/cmdvel_to_ackermann) by extensions ['colcon_pkg']
[0.265s] Level 1:colcon.colcon_core.package_identification:_identify(turtlesim_ws/src/cmdvel_to_ackermann) by extension 'colcon_pkg'
[0.266s] Level 1:colcon.colcon_core.package_identification:_identify(turtlesim_ws/src/cmdvel_to_ackermann) by extensions ['colcon_meta']
[0.266s] Level 1:colcon.colcon_core.package_identification:_identify(turtlesim_ws/src/cmdvel_to_ackermann) by extension 'colcon_meta'
[0.266s] Level 1:colcon.colcon_core.package_identification:_identify(turtlesim_ws/src/cmdvel_to_ackermann) by extensions ['ros']
[0.266s] Level 1:colcon.colcon_core.package_identification:_identify(turtlesim_ws/src/cmdvel_to_ackermann) by extension 'ros'
[0.269s] DEBUG:colcon.colcon_core.package_identification:Package 'turtlesim_ws/src/cmdvel_to_ackermann' with type 'ros.ament_cmake' and name 'cmdvel_to_ackermann'
[0.269s] Level 1:colcon.colcon_core.package_identification:_identify(turtlesim_ws/src/custom_message) by extensions ['ignore', 'ignore_ament_install']
[0.269s] Level 1:colcon.colcon_core.package_identification:_identify(turtlesim_ws/src/custom_message) by extension 'ignore'
[0.269s] Level 1:colcon.colcon_core.package_identification:_identify(turtlesim_ws/src/custom_message) by extension 'ignore_ament_install'
[0.269s] Level 1:colcon.colcon_core.package_identification:_identify(turtlesim_ws/src/custom_message) by extensions ['colcon_pkg']
[0.269s] Level 1:colcon.colcon_core.package_identification:_identify(turtlesim_ws/src/custom_message) by extension 'colcon_pkg'
[0.269s] Level 1:colcon.colcon_core.package_identification:_identify(turtlesim_ws/src/custom_message) by extensions ['colcon_meta']
[0.269s] Level 1:colcon.colcon_core.package_identification:_identify(turtlesim_ws/src/custom_message) by extension 'colcon_meta'
[0.270s] Level 1:colcon.colcon_core.package_identification:_identify(turtlesim_ws/src/custom_message) by extensions ['ros']
[0.270s] Level 1:colcon.colcon_core.package_identification:_identify(turtlesim_ws/src/custom_message) by extension 'ros'
[0.271s] DEBUG:colcon.colcon_core.package_identification:Package 'turtlesim_ws/src/custom_message' with type 'ros.ament_cmake' and name 'custom_message'
[0.271s] Level 1:colcon.colcon_core.package_identification:_identify(turtlesim_ws/src/diff_drive_mover) by extensions ['ignore', 'ignore_ament_install']
[0.271s] Level 1:colcon.colcon_core.package_identification:_identify(turtlesim_ws/src/diff_drive_mover) by extension 'ignore'
[0.271s] Level 1:colcon.colcon_core.package_identification:_identify(turtlesim_ws/src/diff_drive_mover) by extension 'ignore_ament_install'
[0.271s] Level 1:colcon.colcon_core.package_identification:_identify(turtlesim_ws/src/diff_drive_mover) by extensions ['colcon_pkg']
[0.271s] Level 1:colcon.colcon_core.package_identification:_identify(turtlesim_ws/src/diff_drive_mover) by extension 'colcon_pkg'
[0.271s] Level 1:colcon.colcon_core.package_identification:_identify(turtlesim_ws/src/diff_drive_mover) by extensions ['colcon_meta']
[0.271s] Level 1:colcon.colcon_core.package_identification:_identify(turtlesim_ws/src/diff_drive_mover) by extension 'colcon_meta'
[0.271s] Level 1:colcon.colcon_core.package_identification:_identify(turtlesim_ws/src/diff_drive_mover) by extensions ['ros']
[0.271s] Level 1:colcon.colcon_core.package_identification:_identify(turtlesim_ws/src/diff_drive_mover) by extension 'ros'
[0.272s] DEBUG:colcon.colcon_core.package_identification:Package 'turtlesim_ws/src/diff_drive_mover' with type 'ros.ament_cmake' and name 'diff_drive_mover'
[0.272s] Level 1:colcon.colcon_core.package_identification:_identify(turtlesim_ws/src/human_controller) by extensions ['ignore', 'ignore_ament_install']
[0.273s] Level 1:colcon.colcon_core.package_identification:_identify(turtlesim_ws/src/human_controller) by extension 'ignore'
[0.273s] Level 1:colcon.colcon_core.package_identification:_identify(turtlesim_ws/src/human_controller) by extension 'ignore_ament_install'
[0.273s] Level 1:colcon.colcon_core.package_identification:_identify(turtlesim_ws/src/human_controller) by extensions ['colcon_pkg']
[0.273s] Level 1:colcon.colcon_core.package_identification:_identify(turtlesim_ws/src/human_controller) by extension 'colcon_pkg'
[0.273s] Level 1:colcon.colcon_core.package_identification:_identify(turtlesim_ws/src/human_controller) by extensions ['colcon_meta']
[0.273s] Level 1:colcon.colcon_core.package_identification:_identify(turtlesim_ws/src/human_controller) by extension 'colcon_meta'
[0.273s] Level 1:colcon.colcon_core.package_identification:_identify(turtlesim_ws/src/human_controller) by extensions ['ros']
[0.273s] Level 1:colcon.colcon_core.package_identification:_identify(turtlesim_ws/src/human_controller) by extension 'ros'
[0.274s] DEBUG:colcon.colcon_core.package_identification:Package 'turtlesim_ws/src/human_controller' with type 'ros.ament_python' and name 'human_controller'
[0.274s] Level 1:colcon.colcon_core.package_identification:_identify(turtlesim_ws/src/human_interfaces) by extensions ['ignore', 'ignore_ament_install']
[0.274s] Level 1:colcon.colcon_core.package_identification:_identify(turtlesim_ws/src/human_interfaces) by extension 'ignore'
[0.274s] Level 1:colcon.colcon_core.package_identification:_identify(turtlesim_ws/src/human_interfaces) by extension 'ignore_ament_install'
[0.275s] Level 1:colcon.colcon_core.package_identification:_identify(turtlesim_ws/src/human_interfaces) by extensions ['colcon_pkg']
[0.275s] Level 1:colcon.colcon_core.package_identification:_identify(turtlesim_ws/src/human_interfaces) by extension 'colcon_pkg'
[0.275s] Level 1:colcon.colcon_core.package_identification:_identify(turtlesim_ws/src/human_interfaces) by extensions ['colcon_meta']
[0.275s] Level 1:colcon.colcon_core.package_identification:_identify(turtlesim_ws/src/human_interfaces) by extension 'colcon_meta'
[0.275s] Level 1:colcon.colcon_core.package_identification:_identify(turtlesim_ws/src/human_interfaces) by extensions ['ros']
[0.275s] Level 1:colcon.colcon_core.package_identification:_identify(turtlesim_ws/src/human_interfaces) by extension 'ros'
[0.276s] DEBUG:colcon.colcon_core.package_identification:Package 'turtlesim_ws/src/human_interfaces' with type 'ros.ament_cmake' and name 'human_interfaces'
[0.276s] Level 1:colcon.colcon_core.package_identification:_identify(turtlesim_ws/src/humanoid_locomotion_policy_example) by extensions ['ignore', 'ignore_ament_install']
[0.276s] Level 1:colcon.colcon_core.package_identification:_identify(turtlesim_ws/src/humanoid_locomotion_policy_example) by extension 'ignore'
[0.276s] Level 1:colcon.colcon_core.package_identification:_identify(turtlesim_ws/src/humanoid_locomotion_policy_example) by extension 'ignore_ament_install'
[0.276s] Level 1:colcon.colcon_core.package_identification:_identify(turtlesim_ws/src/humanoid_locomotion_policy_example) by extensions ['colcon_pkg']
[0.276s] Level 1:colcon.colcon_core.package_identification:_identify(turtlesim_ws/src/humanoid_locomotion_policy_example) by extension 'colcon_pkg'
[0.276s] Level 1:colcon.colcon_core.package_identification:_identify(turtlesim_ws/src/humanoid_locomotion_policy_example) by extensions ['colcon_meta']
[0.276s] Level 1:colcon.colcon_core.package_identification:_identify(turtlesim_ws/src/humanoid_locomotion_policy_example) by extension 'colcon_meta'
[0.277s] Level 1:colcon.colcon_core.package_identification:_identify(turtlesim_ws/src/humanoid_locomotion_policy_example) by extensions ['ros']
[0.277s] Level 1:colcon.colcon_core.package_identification:_identify(turtlesim_ws/src/humanoid_locomotion_policy_example) by extension 'ros'
[0.277s] Level 1:colcon.colcon_core.package_identification:_identify(turtlesim_ws/src/humanoid_locomotion_policy_example) by extensions ['cmake', 'python']
[0.277s] Level 1:colcon.colcon_core.package_identification:_identify(turtlesim_ws/src/humanoid_locomotion_policy_example) by extension 'cmake'
[0.277s] Level 1:colcon.colcon_core.package_identification:_identify(turtlesim_ws/src/humanoid_locomotion_policy_example) by extension 'python'
[0.277s] Level 1:colcon.colcon_core.package_identification:_identify(turtlesim_ws/src/humanoid_locomotion_policy_example) by extensions ['python_setup_py']
[0.277s] Level 1:colcon.colcon_core.package_identification:_identify(turtlesim_ws/src/humanoid_locomotion_policy_example) by extension 'python_setup_py'
[0.277s] Level 1:colcon.colcon_core.package_identification:_identify(turtlesim_ws/src/humanoid_locomotion_policy_example/h1_fullbody_controller) by extensions ['ignore', 'ignore_ament_install']
[0.277s] Level 1:colcon.colcon_core.package_identification:_identify(turtlesim_ws/src/humanoid_locomotion_policy_example/h1_fullbody_controller) by extension 'ignore'
[0.278s] Level 1:colcon.colcon_core.package_identification:_identify(turtlesim_ws/src/humanoid_locomotion_policy_example/h1_fullbody_controller) by extension 'ignore_ament_install'
[0.278s] Level 1:colcon.colcon_core.package_identification:_identify(turtlesim_ws/src/humanoid_locomotion_policy_example/h1_fullbody_controller) by extensions ['colcon_pkg']
[0.278s] Level 1:colcon.colcon_core.package_identification:_identify(turtlesim_ws/src/humanoid_locomotion_policy_example/h1_fullbody_controller) by extension 'colcon_pkg'
[0.278s] Level 1:colcon.colcon_core.package_identification:_identify(turtlesim_ws/src/humanoid_locomotion_policy_example/h1_fullbody_controller) by extensions ['colcon_meta']
[0.278s] Level 1:colcon.colcon_core.package_identification:_identify(turtlesim_ws/src/humanoid_locomotion_policy_example/h1_fullbody_controller) by extension 'colcon_meta'
[0.278s] Level 1:colcon.colcon_core.package_identification:_identify(turtlesim_ws/src/humanoid_locomotion_policy_example/h1_fullbody_controller) by extensions ['ros']
[0.278s] Level 1:colcon.colcon_core.package_identification:_identify(turtlesim_ws/src/humanoid_locomotion_policy_example/h1_fullbody_controller) by extension 'ros'
[0.279s] DEBUG:colcon.colcon_core.package_identification:Package 'turtlesim_ws/src/humanoid_locomotion_policy_example/h1_fullbody_controller' with type 'ros.ament_cmake' and name 'h1_fullbody_controller'
[0.279s] Level 1:colcon.colcon_core.package_identification:_identify(turtlesim_ws/src/isaac_ros2_messages) by extensions ['ignore', 'ignore_ament_install']
[0.279s] Level 1:colcon.colcon_core.package_identification:_identify(turtlesim_ws/src/isaac_ros2_messages) by extension 'ignore'
[0.279s] Level 1:colcon.colcon_core.package_identification:_identify(turtlesim_ws/src/isaac_ros2_messages) by extension 'ignore_ament_install'
[0.279s] Level 1:colcon.colcon_core.package_identification:_identify(turtlesim_ws/src/isaac_ros2_messages) by extensions ['colcon_pkg']
[0.279s] Level 1:colcon.colcon_core.package_identification:_identify(turtlesim_ws/src/isaac_ros2_messages) by extension 'colcon_pkg'
[0.279s] Level 1:colcon.colcon_core.package_identification:_identify(turtlesim_ws/src/isaac_ros2_messages) by extensions ['colcon_meta']
[0.279s] Level 1:colcon.colcon_core.package_identification:_identify(turtlesim_ws/src/isaac_ros2_messages) by extension 'colcon_meta'
[0.279s] Level 1:colcon.colcon_core.package_identification:_identify(turtlesim_ws/src/isaac_ros2_messages) by extensions ['ros']
[0.279s] Level 1:colcon.colcon_core.package_identification:_identify(turtlesim_ws/src/isaac_ros2_messages) by extension 'ros'
[0.280s] DEBUG:colcon.colcon_core.package_identification:Package 'turtlesim_ws/src/isaac_ros2_messages' with type 'ros.ament_cmake' and name 'isaac_ros2_messages'
[0.280s] Level 1:colcon.colcon_core.package_identification:_identify(turtlesim_ws/src/isaac_tutorials) by extensions ['ignore', 'ignore_ament_install']
[0.280s] Level 1:colcon.colcon_core.package_identification:_identify(turtlesim_ws/src/isaac_tutorials) by extension 'ignore'
[0.280s] Level 1:colcon.colcon_core.package_identification:_identify(turtlesim_ws/src/isaac_tutorials) by extension 'ignore_ament_install'
[0.280s] Level 1:colcon.colcon_core.package_identification:_identify(turtlesim_ws/src/isaac_tutorials) by extensions ['colcon_pkg']
[0.280s] Level 1:colcon.colcon_core.package_identification:_identify(turtlesim_ws/src/isaac_tutorials) by extension 'colcon_pkg'
[0.280s] Level 1:colcon.colcon_core.package_identification:_identify(turtlesim_ws/src/isaac_tutorials) by extensions ['colcon_meta']
[0.281s] Level 1:colcon.colcon_core.package_identification:_identify(turtlesim_ws/src/isaac_tutorials) by extension 'colcon_meta'
[0.281s] Level 1:colcon.colcon_core.package_identification:_identify(turtlesim_ws/src/isaac_tutorials) by extensions ['ros']
[0.281s] Level 1:colcon.colcon_core.package_identification:_identify(turtlesim_ws/src/isaac_tutorials) by extension 'ros'
[0.281s] DEBUG:colcon.colcon_core.package_identification:Package 'turtlesim_ws/src/isaac_tutorials' with type 'ros.ament_cmake' and name 'isaac_tutorials'
[0.281s] Level 1:colcon.colcon_core.package_identification:_identify(turtlesim_ws/src/isaacsim) by extensions ['ignore', 'ignore_ament_install']
[0.281s] Level 1:colcon.colcon_core.package_identification:_identify(turtlesim_ws/src/isaacsim) by extension 'ignore'
[0.282s] Level 1:colcon.colcon_core.package_identification:_identify(turtlesim_ws/src/isaacsim) by extension 'ignore_ament_install'
[0.282s] Level 1:colcon.colcon_core.package_identification:_identify(turtlesim_ws/src/isaacsim) by extensions ['colcon_pkg']
[0.282s] Level 1:colcon.colcon_core.package_identification:_identify(turtlesim_ws/src/isaacsim) by extension 'colcon_pkg'
[0.282s] Level 1:colcon.colcon_core.package_identification:_identify(turtlesim_ws/src/isaacsim) by extensions ['colcon_meta']
[0.282s] Level 1:colcon.colcon_core.package_identification:_identify(turtlesim_ws/src/isaacsim) by extension 'colcon_meta'
[0.282s] Level 1:colcon.colcon_core.package_identification:_identify(turtlesim_ws/src/isaacsim) by extensions ['ros']
[0.282s] Level 1:colcon.colcon_core.package_identification:_identify(turtlesim_ws/src/isaacsim) by extension 'ros'
[0.282s] DEBUG:colcon.colcon_core.package_identification:Package 'turtlesim_ws/src/isaacsim' with type 'ros.ament_cmake' and name 'isaacsim'
[0.283s] Level 1:colcon.colcon_core.package_identification:_identify(turtlesim_ws/src/issac_sim) by extensions ['ignore', 'ignore_ament_install']
[0.283s] Level 1:colcon.colcon_core.package_identification:_identify(turtlesim_ws/src/issac_sim) by extension 'ignore'
[0.283s] Level 1:colcon.colcon_core.package_identification:_identify(turtlesim_ws/src/issac_sim) by extension 'ignore_ament_install'
[0.283s] Level 1:colcon.colcon_core.package_identification:_identify(turtlesim_ws/src/issac_sim) by extensions ['colcon_pkg']
[0.283s] Level 1:colcon.colcon_core.package_identification:_identify(turtlesim_ws/src/issac_sim) by extension 'colcon_pkg'
[0.283s] Level 1:colcon.colcon_core.package_identification:_identify(turtlesim_ws/src/issac_sim) by extensions ['colcon_meta']
[0.283s] Level 1:colcon.colcon_core.package_identification:_identify(turtlesim_ws/src/issac_sim) by extension 'colcon_meta'
[0.283s] Level 1:colcon.colcon_core.package_identification:_identify(turtlesim_ws/src/issac_sim) by extensions ['ros']
[0.283s] Level 1:colcon.colcon_core.package_identification:_identify(turtlesim_ws/src/issac_sim) by extension 'ros'
[0.284s] DEBUG:colcon.colcon_core.package_identification:Package 'turtlesim_ws/src/issac_sim' with type 'ros.ament_python' and name 'issac_sim'
[0.284s] Level 1:colcon.colcon_core.package_identification:_identify(turtlesim_ws/src/moveit) by extensions ['ignore', 'ignore_ament_install']
[0.284s] Level 1:colcon.colcon_core.package_identification:_identify(turtlesim_ws/src/moveit) by extension 'ignore'
[0.284s] Level 1:colcon.colcon_core.package_identification:_identify(turtlesim_ws/src/moveit) by extension 'ignore_ament_install'
[0.284s] Level 1:colcon.colcon_core.package_identification:_identify(turtlesim_ws/src/moveit) by extensions ['colcon_pkg']
[0.284s] Level 1:colcon.colcon_core.package_identification:_identify(turtlesim_ws/src/moveit) by extension 'colcon_pkg'
[0.284s] Level 1:colcon.colcon_core.package_identification:_identify(turtlesim_ws/src/moveit) by extensions ['colcon_meta']
[0.284s] Level 1:colcon.colcon_core.package_identification:_identify(turtlesim_ws/src/moveit) by extension 'colcon_meta'
[0.284s] Level 1:colcon.colcon_core.package_identification:_identify(turtlesim_ws/src/moveit) by extensions ['ros']
[0.284s] Level 1:colcon.colcon_core.package_identification:_identify(turtlesim_ws/src/moveit) by extension 'ros'
[0.285s] Level 1:colcon.colcon_core.package_identification:_identify(turtlesim_ws/src/moveit) by extensions ['cmake', 'python']
[0.285s] Level 1:colcon.colcon_core.package_identification:_identify(turtlesim_ws/src/moveit) by extension 'cmake'
[0.285s] Level 1:colcon.colcon_core.package_identification:_identify(turtlesim_ws/src/moveit) by extension 'python'
[0.285s] Level 1:colcon.colcon_core.package_identification:_identify(turtlesim_ws/src/moveit) by extensions ['python_setup_py']
[0.285s] Level 1:colcon.colcon_core.package_identification:_identify(turtlesim_ws/src/moveit) by extension 'python_setup_py'
[0.285s] Level 1:colcon.colcon_core.package_identification:_identify(turtlesim_ws/src/moveit/isaac_moveit) by extensions ['ignore', 'ignore_ament_install']
[0.285s] Level 1:colcon.colcon_core.package_identification:_identify(turtlesim_ws/src/moveit/isaac_moveit) by extension 'ignore'
[0.285s] Level 1:colcon.colcon_core.package_identification:_identify(turtlesim_ws/src/moveit/isaac_moveit) by extension 'ignore_ament_install'
[0.285s] Level 1:colcon.colcon_core.package_identification:_identify(turtlesim_ws/src/moveit/isaac_moveit) by extensions ['colcon_pkg']
[0.285s] Level 1:colcon.colcon_core.package_identification:_identify(turtlesim_ws/src/moveit/isaac_moveit) by extension 'colcon_pkg'
[0.285s] Level 1:colcon.colcon_core.package_identification:_identify(turtlesim_ws/src/moveit/isaac_moveit) by extensions ['colcon_meta']
[0.285s] Level 1:colcon.colcon_core.package_identification:_identify(turtlesim_ws/src/moveit/isaac_moveit) by extension 'colcon_meta'
[0.286s] Level 1:colcon.colcon_core.package_identification:_identify(turtlesim_ws/src/moveit/isaac_moveit) by extensions ['ros']
[0.286s] Level 1:colcon.colcon_core.package_identification:_identify(turtlesim_ws/src/moveit/isaac_moveit) by extension 'ros'
[0.286s] DEBUG:colcon.colcon_core.package_identification:Package 'turtlesim_ws/src/moveit/isaac_moveit' with type 'ros.ament_cmake' and name 'isaac_moveit'
[0.286s] Level 1:colcon.colcon_core.package_identification:_identify(turtlesim_ws/src/moveit_nao_config) by extensions ['ignore', 'ignore_ament_install']
[0.286s] Level 1:colcon.colcon_core.package_identification:_identify(turtlesim_ws/src/moveit_nao_config) by extension 'ignore'
[0.286s] Level 1:colcon.colcon_core.package_identification:_identify(turtlesim_ws/src/moveit_nao_config) by extension 'ignore_ament_install'
[0.287s] Level 1:colcon.colcon_core.package_identification:_identify(turtlesim_ws/src/moveit_nao_config) by extensions ['colcon_pkg']
[0.287s] Level 1:colcon.colcon_core.package_identification:_identify(turtlesim_ws/src/moveit_nao_config) by extension 'colcon_pkg'
[0.287s] Level 1:colcon.colcon_core.package_identification:_identify(turtlesim_ws/src/moveit_nao_config) by extensions ['colcon_meta']
[0.287s] Level 1:colcon.colcon_core.package_identification:_identify(turtlesim_ws/src/moveit_nao_config) by extension 'colcon_meta'
[0.287s] Level 1:colcon.colcon_core.package_identification:_identify(turtlesim_ws/src/moveit_nao_config) by extensions ['ros']
[0.287s] Level 1:colcon.colcon_core.package_identification:_identify(turtlesim_ws/src/moveit_nao_config) by extension 'ros'
[0.287s] DEBUG:colcon.colcon_core.package_identification:Package 'turtlesim_ws/src/moveit_nao_config' with type 'ros.ament_cmake' and name 'moveit_nao_config'
[0.287s] Level 1:colcon.colcon_core.package_identification:_identify(turtlesim_ws/src/my_turtlesim) by extensions ['ignore', 'ignore_ament_install']
[0.288s] Level 1:colcon.colcon_core.package_identification:_identify(turtlesim_ws/src/my_turtlesim) by extension 'ignore'
[0.288s] Level 1:colcon.colcon_core.package_identification:_identify(turtlesim_ws/src/my_turtlesim) by extension 'ignore_ament_install'
[0.288s] Level 1:colcon.colcon_core.package_identification:_identify(turtlesim_ws/src/my_turtlesim) by extensions ['colcon_pkg']
[0.288s] Level 1:colcon.colcon_core.package_identification:_identify(turtlesim_ws/src/my_turtlesim) by extension 'colcon_pkg'
[0.288s] Level 1:colcon.colcon_core.package_identification:_identify(turtlesim_ws/src/my_turtlesim) by extensions ['colcon_meta']
[0.288s] Level 1:colcon.colcon_core.package_identification:_identify(turtlesim_ws/src/my_turtlesim) by extension 'colcon_meta'
[0.288s] Level 1:colcon.colcon_core.package_identification:_identify(turtlesim_ws/src/my_turtlesim) by extensions ['ros']
[0.288s] Level 1:colcon.colcon_core.package_identification:_identify(turtlesim_ws/src/my_turtlesim) by extension 'ros'
[0.288s] DEBUG:colcon.colcon_core.package_identification:Package 'turtlesim_ws/src/my_turtlesim' with type 'ros.ament_python' and name 'my_turtlesim'
[0.289s] Level 1:colcon.colcon_core.package_identification:_identify(turtlesim_ws/src/navigation) by extensions ['ignore', 'ignore_ament_install']
[0.289s] Level 1:colcon.colcon_core.package_identification:_identify(turtlesim_ws/src/navigation) by extension 'ignore'
[0.289s] Level 1:colcon.colcon_core.package_identification:_identify(turtlesim_ws/src/navigation) by extension 'ignore_ament_install'
[0.289s] Level 1:colcon.colcon_core.package_identification:_identify(turtlesim_ws/src/navigation) by extensions ['colcon_pkg']
[0.289s] Level 1:colcon.colcon_core.package_identification:_identify(turtlesim_ws/src/navigation) by extension 'colcon_pkg'
[0.289s] Level 1:colcon.colcon_core.package_identification:_identify(turtlesim_ws/src/navigation) by extensions ['colcon_meta']
[0.289s] Level 1:colcon.colcon_core.package_identification:_identify(turtlesim_ws/src/navigation) by extension 'colcon_meta'
[0.289s] Level 1:colcon.colcon_core.package_identification:_identify(turtlesim_ws/src/navigation) by extensions ['ros']
[0.289s] Level 1:colcon.colcon_core.package_identification:_identify(turtlesim_ws/src/navigation) by extension 'ros'
[0.289s] Level 1:colcon.colcon_core.package_identification:_identify(turtlesim_ws/src/navigation) by extensions ['cmake', 'python']
[0.289s] Level 1:colcon.colcon_core.package_identification:_identify(turtlesim_ws/src/navigation) by extension 'cmake'
[0.290s] Level 1:colcon.colcon_core.package_identification:_identify(turtlesim_ws/src/navigation) by extension 'python'
[0.290s] Level 1:colcon.colcon_core.package_identification:_identify(turtlesim_ws/src/navigation) by extensions ['python_setup_py']
[0.290s] Level 1:colcon.colcon_core.package_identification:_identify(turtlesim_ws/src/navigation) by extension 'python_setup_py'
[0.290s] Level 1:colcon.colcon_core.package_identification:_identify(turtlesim_ws/src/navigation/carter_navigation) by extensions ['ignore', 'ignore_ament_install']
[0.290s] Level 1:colcon.colcon_core.package_identification:_identify(turtlesim_ws/src/navigation/carter_navigation) by extension 'ignore'
[0.290s] Level 1:colcon.colcon_core.package_identification:_identify(turtlesim_ws/src/navigation/carter_navigation) by extension 'ignore_ament_install'
[0.290s] Level 1:colcon.colcon_core.package_identification:_identify(turtlesim_ws/src/navigation/carter_navigation) by extensions ['colcon_pkg']
[0.290s] Level 1:colcon.colcon_core.package_identification:_identify(turtlesim_ws/src/navigation/carter_navigation) by extension 'colcon_pkg'
[0.290s] Level 1:colcon.colcon_core.package_identification:_identify(turtlesim_ws/src/navigation/carter_navigation) by extensions ['colcon_meta']
[0.290s] Level 1:colcon.colcon_core.package_identification:_identify(turtlesim_ws/src/navigation/carter_navigation) by extension 'colcon_meta'
[0.291s] Level 1:colcon.colcon_core.package_identification:_identify(turtlesim_ws/src/navigation/carter_navigation) by extensions ['ros']
[0.291s] Level 1:colcon.colcon_core.package_identification:_identify(turtlesim_ws/src/navigation/carter_navigation) by extension 'ros'
[0.291s] DEBUG:colcon.colcon_core.package_identification:Package 'turtlesim_ws/src/navigation/carter_navigation' with type 'ros.ament_cmake' and name 'carter_navigation'
[0.292s] Level 1:colcon.colcon_core.package_identification:_identify(turtlesim_ws/src/navigation/isaac_ros_navigation_goal) by extensions ['ignore', 'ignore_ament_install']
[0.292s] Level 1:colcon.colcon_core.package_identification:_identify(turtlesim_ws/src/navigation/isaac_ros_navigation_goal) by extension 'ignore'
[0.292s] Level 1:colcon.colcon_core.package_identification:_identify(turtlesim_ws/src/navigation/isaac_ros_navigation_goal) by extension 'ignore_ament_install'
[0.292s] Level 1:colcon.colcon_core.package_identification:_identify(turtlesim_ws/src/navigation/isaac_ros_navigation_goal) by extensions ['colcon_pkg']
[0.292s] Level 1:colcon.colcon_core.package_identification:_identify(turtlesim_ws/src/navigation/isaac_ros_navigation_goal) by extension 'colcon_pkg'
[0.292s] Level 1:colcon.colcon_core.package_identification:_identify(turtlesim_ws/src/navigation/isaac_ros_navigation_goal) by extensions ['colcon_meta']
[0.292s] Level 1:colcon.colcon_core.package_identification:_identify(turtlesim_ws/src/navigation/isaac_ros_navigation_goal) by extension 'colcon_meta'
[0.292s] Level 1:colcon.colcon_core.package_identification:_identify(turtlesim_ws/src/navigation/isaac_ros_navigation_goal) by extensions ['ros']
[0.292s] Level 1:colcon.colcon_core.package_identification:_identify(turtlesim_ws/src/navigation/isaac_ros_navigation_goal) by extension 'ros'
[0.293s] DEBUG:colcon.colcon_core.package_identification:Package 'turtlesim_ws/src/navigation/isaac_ros_navigation_goal' with type 'ros.ament_python' and name 'isaac_ros_navigation_goal'
[0.293s] Level 1:colcon.colcon_core.package_identification:_identify(turtlesim_ws/src/navigation/iw_hub_navigation) by extensions ['ignore', 'ignore_ament_install']
[0.293s] Level 1:colcon.colcon_core.package_identification:_identify(turtlesim_ws/src/navigation/iw_hub_navigation) by extension 'ignore'
[0.293s] Level 1:colcon.colcon_core.package_identification:_identify(turtlesim_ws/src/navigation/iw_hub_navigation) by extension 'ignore_ament_install'
[0.293s] Level 1:colcon.colcon_core.package_identification:_identify(turtlesim_ws/src/navigation/iw_hub_navigation) by extensions ['colcon_pkg']
[0.293s] Level 1:colcon.colcon_core.package_identification:_identify(turtlesim_ws/src/navigation/iw_hub_navigation) by extension 'colcon_pkg'
[0.293s] Level 1:colcon.colcon_core.package_identification:_identify(turtlesim_ws/src/navigation/iw_hub_navigation) by extensions ['colcon_meta']
[0.294s] Level 1:colcon.colcon_core.package_identification:_identify(turtlesim_ws/src/navigation/iw_hub_navigation) by extension 'colcon_meta'
[0.294s] Level 1:colcon.colcon_core.package_identification:_identify(turtlesim_ws/src/navigation/iw_hub_navigation) by extensions ['ros']
[0.294s] Level 1:colcon.colcon_core.package_identification:_identify(turtlesim_ws/src/navigation/iw_hub_navigation) by extension 'ros'
[0.294s] DEBUG:colcon.colcon_core.package_identification:Package 'turtlesim_ws/src/navigation/iw_hub_navigation' with type 'ros.ament_cmake' and name 'iw_hub_navigation'
[0.295s] Level 1:colcon.colcon_core.package_identification:_identify(turtlesim_ws/src/panda_description) by extensions ['ignore', 'ignore_ament_install']
[0.295s] Level 1:colcon.colcon_core.package_identification:_identify(turtlesim_ws/src/panda_description) by extension 'ignore'
[0.295s] Level 1:colcon.colcon_core.package_identification:_identify(turtlesim_ws/src/panda_description) by extension 'ignore_ament_install'
[0.295s] Level 1:colcon.colcon_core.package_identification:_identify(turtlesim_ws/src/panda_description) by extensions ['colcon_pkg']
[0.295s] Level 1:colcon.colcon_core.package_identification:_identify(turtlesim_ws/src/panda_description) by extension 'colcon_pkg'
[0.295s] Level 1:colcon.colcon_core.package_identification:_identify(turtlesim_ws/src/panda_description) by extensions ['colcon_meta']
[0.295s] Level 1:colcon.colcon_core.package_identification:_identify(turtlesim_ws/src/panda_description) by extension 'colcon_meta'
[0.295s] Level 1:colcon.colcon_core.package_identification:_identify(turtlesim_ws/src/panda_description) by extensions ['ros']
[0.295s] Level 1:colcon.colcon_core.package_identification:_identify(turtlesim_ws/src/panda_description) by extension 'ros'
[0.296s] DEBUG:colcon.colcon_core.package_identification:Package 'turtlesim_ws/src/panda_description' with type 'ros.ament_cmake' and name 'moveit_resources_panda_description'
[0.296s] Level 1:colcon.colcon_core.package_identification:_identify(turtlesim_ws/src/panda_moveit_config) by extensions ['ignore', 'ignore_ament_install']
[0.296s] Level 1:colcon.colcon_core.package_identification:_identify(turtlesim_ws/src/panda_moveit_config) by extension 'ignore'
[0.297s] Level 1:colcon.colcon_core.package_identification:_identify(turtlesim_ws/src/panda_moveit_config) by extension 'ignore_ament_install'
[0.297s] Level 1:colcon.colcon_core.package_identification:_identify(turtlesim_ws/src/panda_moveit_config) by extensions ['colcon_pkg']
[0.297s] Level 1:colcon.colcon_core.package_identification:_identify(turtlesim_ws/src/panda_moveit_config) by extension 'colcon_pkg'
[0.297s] Level 1:colcon.colcon_core.package_identification:_identify(turtlesim_ws/src/panda_moveit_config) by extensions ['colcon_meta']
[0.297s] Level 1:colcon.colcon_core.package_identification:_identify(turtlesim_ws/src/panda_moveit_config) by extension 'colcon_meta'
[0.297s] Level 1:colcon.colcon_core.package_identification:_identify(turtlesim_ws/src/panda_moveit_config) by extensions ['ros']
[0.297s] Level 1:colcon.colcon_core.package_identification:_identify(turtlesim_ws/src/panda_moveit_config) by extension 'ros'
[0.297s] DEBUG:colcon.colcon_core.package_identification:Package 'turtlesim_ws/src/panda_moveit_config' with type 'ros.ament_cmake' and name 'moveit_resources_panda_moveit_config'
[0.298s] Level 1:colcon.colcon_core.package_identification:_identify(turtlesim_ws/src/ros-controls) by extensions ['ignore', 'ignore_ament_install']
[0.298s] Level 1:colcon.colcon_core.package_identification:_identify(turtlesim_ws/src/ros-controls) by extension 'ignore'
[0.298s] Level 1:colcon.colcon_core.package_identification:_identify(turtlesim_ws/src/ros-controls) by extension 'ignore_ament_install'
[0.298s] Level 1:colcon.colcon_core.package_identification:_identify(turtlesim_ws/src/ros-controls) by extensions ['colcon_pkg']
[0.298s] Level 1:colcon.colcon_core.package_identification:_identify(turtlesim_ws/src/ros-controls) by extension 'colcon_pkg'
[0.298s] Level 1:colcon.colcon_core.package_identification:_identify(turtlesim_ws/src/ros-controls) by extensions ['colcon_meta']
[0.298s] Level 1:colcon.colcon_core.package_identification:_identify(turtlesim_ws/src/ros-controls) by extension 'colcon_meta'
[0.298s] Level 1:colcon.colcon_core.package_identification:_identify(turtlesim_ws/src/ros-controls) by extensions ['ros']
[0.298s] Level 1:colcon.colcon_core.package_identification:_identify(turtlesim_ws/src/ros-controls) by extension 'ros'
[0.298s] Level 1:colcon.colcon_core.package_identification:_identify(turtlesim_ws/src/ros-controls) by extensions ['cmake', 'python']
[0.298s] Level 1:colcon.colcon_core.package_identification:_identify(turtlesim_ws/src/ros-controls) by extension 'cmake'
[0.298s] Level 1:colcon.colcon_core.package_identification:_identify(turtlesim_ws/src/ros-controls) by extension 'python'
[0.298s] Level 1:colcon.colcon_core.package_identification:_identify(turtlesim_ws/src/ros-controls) by extensions ['python_setup_py']
[0.298s] Level 1:colcon.colcon_core.package_identification:_identify(turtlesim_ws/src/ros-controls) by extension 'python_setup_py'
[0.299s] Level 1:colcon.colcon_core.package_identification:_identify(turtlesim_ws/src/ros-controls/control_msgs) by extensions ['ignore', 'ignore_ament_install']
[0.299s] Level 1:colcon.colcon_core.package_identification:_identify(turtlesim_ws/src/ros-controls/control_msgs) by extension 'ignore'
[0.299s] Level 1:colcon.colcon_core.package_identification:_identify(turtlesim_ws/src/ros-controls/control_msgs) by extension 'ignore_ament_install'
[0.299s] Level 1:colcon.colcon_core.package_identification:_identify(turtlesim_ws/src/ros-controls/control_msgs) by extensions ['colcon_pkg']
[0.299s] Level 1:colcon.colcon_core.package_identification:_identify(turtlesim_ws/src/ros-controls/control_msgs) by extension 'colcon_pkg'
[0.299s] Level 1:colcon.colcon_core.package_identification:_identify(turtlesim_ws/src/ros-controls/control_msgs) by extensions ['colcon_meta']
[0.299s] Level 1:colcon.colcon_core.package_identification:_identify(turtlesim_ws/src/ros-controls/control_msgs) by extension 'colcon_meta'
[0.299s] Level 1:colcon.colcon_core.package_identification:_identify(turtlesim_ws/src/ros-controls/control_msgs) by extensions ['ros']
[0.299s] Level 1:colcon.colcon_core.package_identification:_identify(turtlesim_ws/src/ros-controls/control_msgs) by extension 'ros'
[0.299s] Level 1:colcon.colcon_core.package_identification:_identify(turtlesim_ws/src/ros-controls/control_msgs) by extensions ['cmake', 'python']
[0.299s] Level 1:colcon.colcon_core.package_identification:_identify(turtlesim_ws/src/ros-controls/control_msgs) by extension 'cmake'
[0.299s] Level 1:colcon.colcon_core.package_identification:_identify(turtlesim_ws/src/ros-controls/control_msgs) by extension 'python'
[0.299s] Level 1:colcon.colcon_core.package_identification:_identify(turtlesim_ws/src/ros-controls/control_msgs) by extensions ['python_setup_py']
[0.299s] Level 1:colcon.colcon_core.package_identification:_identify(turtlesim_ws/src/ros-controls/control_msgs) by extension 'python_setup_py'
[0.299s] Level 1:colcon.colcon_core.package_identification:_identify(turtlesim_ws/src/ros-controls/control_toolbox) by extensions ['ignore', 'ignore_ament_install']
[0.299s] Level 1:colcon.colcon_core.package_identification:_identify(turtlesim_ws/src/ros-controls/control_toolbox) by extension 'ignore'
[0.300s] Level 1:colcon.colcon_core.package_identification:_identify(turtlesim_ws/src/ros-controls/control_toolbox) by extension 'ignore_ament_install'
[0.300s] Level 1:colcon.colcon_core.package_identification:_identify(turtlesim_ws/src/ros-controls/control_toolbox) by extensions ['colcon_pkg']
[0.300s] Level 1:colcon.colcon_core.package_identification:_identify(turtlesim_ws/src/ros-controls/control_toolbox) by extension 'colcon_pkg'
[0.300s] Level 1:colcon.colcon_core.package_identification:_identify(turtlesim_ws/src/ros-controls/control_toolbox) by extensions ['colcon_meta']
[0.300s] Level 1:colcon.colcon_core.package_identification:_identify(turtlesim_ws/src/ros-controls/control_toolbox) by extension 'colcon_meta'
[0.300s] Level 1:colcon.colcon_core.package_identification:_identify(turtlesim_ws/src/ros-controls/control_toolbox) by extensions ['ros']
[0.300s] Level 1:colcon.colcon_core.package_identification:_identify(turtlesim_ws/src/ros-controls/control_toolbox) by extension 'ros'
[0.300s] Level 1:colcon.colcon_core.package_identification:_identify(turtlesim_ws/src/ros-controls/control_toolbox) by extensions ['cmake', 'python']
[0.300s] Level 1:colcon.colcon_core.package_identification:_identify(turtlesim_ws/src/ros-controls/control_toolbox) by extension 'cmake'
[0.300s] Level 1:colcon.colcon_core.package_identification:_identify(turtlesim_ws/src/ros-controls/control_toolbox) by extension 'python'
[0.300s] Level 1:colcon.colcon_core.package_identification:_identify(turtlesim_ws/src/ros-controls/control_toolbox) by extensions ['python_setup_py']
[0.300s] Level 1:colcon.colcon_core.package_identification:_identify(turtlesim_ws/src/ros-controls/control_toolbox) by extension 'python_setup_py'
[0.300s] Level 1:colcon.colcon_core.package_identification:_identify(turtlesim_ws/src/ros-controls/gz_ros2_control) by extensions ['ignore', 'ignore_ament_install']
[0.300s] Level 1:colcon.colcon_core.package_identification:_identify(turtlesim_ws/src/ros-controls/gz_ros2_control) by extension 'ignore'
[0.300s] Level 1:colcon.colcon_core.package_identification:_identify(turtlesim_ws/src/ros-controls/gz_ros2_control) by extension 'ignore_ament_install'
[0.301s] Level 1:colcon.colcon_core.package_identification:_identify(turtlesim_ws/src/ros-controls/gz_ros2_control) by extensions ['colcon_pkg']
[0.301s] Level 1:colcon.colcon_core.package_identification:_identify(turtlesim_ws/src/ros-controls/gz_ros2_control) by extension 'colcon_pkg'
[0.301s] Level 1:colcon.colcon_core.package_identification:_identify(turtlesim_ws/src/ros-controls/gz_ros2_control) by extensions ['colcon_meta']
[0.301s] Level 1:colcon.colcon_core.package_identification:_identify(turtlesim_ws/src/ros-controls/gz_ros2_control) by extension 'colcon_meta'
[0.301s] Level 1:colcon.colcon_core.package_identification:_identify(turtlesim_ws/src/ros-controls/gz_ros2_control) by extensions ['ros']
[0.301s] Level 1:colcon.colcon_core.package_identification:_identify(turtlesim_ws/src/ros-controls/gz_ros2_control) by extension 'ros'
[0.301s] Level 1:colcon.colcon_core.package_identification:_identify(turtlesim_ws/src/ros-controls/gz_ros2_control) by extensions ['cmake', 'python']
[0.301s] Level 1:colcon.colcon_core.package_identification:_identify(turtlesim_ws/src/ros-controls/gz_ros2_control) by extension 'cmake'
[0.301s] Level 1:colcon.colcon_core.package_identification:_identify(turtlesim_ws/src/ros-controls/gz_ros2_control) by extension 'python'
[0.301s] Level 1:colcon.colcon_core.package_identification:_identify(turtlesim_ws/src/ros-controls/gz_ros2_control) by extensions ['python_setup_py']
[0.301s] Level 1:colcon.colcon_core.package_identification:_identify(turtlesim_ws/src/ros-controls/gz_ros2_control) by extension 'python_setup_py'
[0.301s] Level 1:colcon.colcon_core.package_identification:_identify(turtlesim_ws/src/ros-controls/kinematics_interface) by extensions ['ignore', 'ignore_ament_install']
[0.301s] Level 1:colcon.colcon_core.package_identification:_identify(turtlesim_ws/src/ros-controls/kinematics_interface) by extension 'ignore'
[0.301s] Level 1:colcon.colcon_core.package_identification:_identify(turtlesim_ws/src/ros-controls/kinematics_interface) by extension 'ignore_ament_install'
[0.301s] Level 1:colcon.colcon_core.package_identification:_identify(turtlesim_ws/src/ros-controls/kinematics_interface) by extensions ['colcon_pkg']
[0.302s] Level 1:colcon.colcon_core.package_identification:_identify(turtlesim_ws/src/ros-controls/kinematics_interface) by extension 'colcon_pkg'
[0.302s] Level 1:colcon.colcon_core.package_identification:_identify(turtlesim_ws/src/ros-controls/kinematics_interface) by extensions ['colcon_meta']
[0.302s] Level 1:colcon.colcon_core.package_identification:_identify(turtlesim_ws/src/ros-controls/kinematics_interface) by extension 'colcon_meta'
[0.302s] Level 1:colcon.colcon_core.package_identification:_identify(turtlesim_ws/src/ros-controls/kinematics_interface) by extensions ['ros']
[0.302s] Level 1:colcon.colcon_core.package_identification:_identify(turtlesim_ws/src/ros-controls/kinematics_interface) by extension 'ros'
[0.302s] Level 1:colcon.colcon_core.package_identification:_identify(turtlesim_ws/src/ros-controls/kinematics_interface) by extensions ['cmake', 'python']
[0.302s] Level 1:colcon.colcon_core.package_identification:_identify(turtlesim_ws/src/ros-controls/kinematics_interface) by extension 'cmake'
[0.302s] Level 1:colcon.colcon_core.package_identification:_identify(turtlesim_ws/src/ros-controls/kinematics_interface) by extension 'python'
[0.302s] Level 1:colcon.colcon_core.package_identification:_identify(turtlesim_ws/src/ros-controls/kinematics_interface) by extensions ['python_setup_py']
[0.302s] Level 1:colcon.colcon_core.package_identification:_identify(turtlesim_ws/src/ros-controls/kinematics_interface) by extension 'python_setup_py'
[0.302s] Level 1:colcon.colcon_core.package_identification:_identify(turtlesim_ws/src/ros-controls/realtime_tools) by extensions ['ignore', 'ignore_ament_install']
[0.302s] Level 1:colcon.colcon_core.package_identification:_identify(turtlesim_ws/src/ros-controls/realtime_tools) by extension 'ignore'
[0.302s] Level 1:colcon.colcon_core.package_identification:_identify(turtlesim_ws/src/ros-controls/realtime_tools) by extension 'ignore_ament_install'
[0.302s] Level 1:colcon.colcon_core.package_identification:_identify(turtlesim_ws/src/ros-controls/realtime_tools) by extensions ['colcon_pkg']
[0.302s] Level 1:colcon.colcon_core.package_identification:_identify(turtlesim_ws/src/ros-controls/realtime_tools) by extension 'colcon_pkg'
[0.302s] Level 1:colcon.colcon_core.package_identification:_identify(turtlesim_ws/src/ros-controls/realtime_tools) by extensions ['colcon_meta']
[0.302s] Level 1:colcon.colcon_core.package_identification:_identify(turtlesim_ws/src/ros-controls/realtime_tools) by extension 'colcon_meta'
[0.303s] Level 1:colcon.colcon_core.package_identification:_identify(turtlesim_ws/src/ros-controls/realtime_tools) by extensions ['ros']
[0.303s] Level 1:colcon.colcon_core.package_identification:_identify(turtlesim_ws/src/ros-controls/realtime_tools) by extension 'ros'
[0.303s] Level 1:colcon.colcon_core.package_identification:_identify(turtlesim_ws/src/ros-controls/realtime_tools) by extensions ['cmake', 'python']
[0.303s] Level 1:colcon.colcon_core.package_identification:_identify(turtlesim_ws/src/ros-controls/realtime_tools) by extension 'cmake'
[0.303s] Level 1:colcon.colcon_core.package_identification:_identify(turtlesim_ws/src/ros-controls/realtime_tools) by extension 'python'
[0.303s] Level 1:colcon.colcon_core.package_identification:_identify(turtlesim_ws/src/ros-controls/realtime_tools) by extensions ['python_setup_py']
[0.303s] Level 1:colcon.colcon_core.package_identification:_identify(turtlesim_ws/src/ros-controls/realtime_tools) by extension 'python_setup_py'
[0.303s] Level 1:colcon.colcon_core.package_identification:_identify(turtlesim_ws/src/ros-controls/ros2_control) by extensions ['ignore', 'ignore_ament_install']
[0.303s] Level 1:colcon.colcon_core.package_identification:_identify(turtlesim_ws/src/ros-controls/ros2_control) by extension 'ignore'
[0.303s] Level 1:colcon.colcon_core.package_identification:_identify(turtlesim_ws/src/ros-controls/ros2_control) by extension 'ignore_ament_install'
[0.303s] Level 1:colcon.colcon_core.package_identification:_identify(turtlesim_ws/src/ros-controls/ros2_control) by extensions ['colcon_pkg']
[0.303s] Level 1:colcon.colcon_core.package_identification:_identify(turtlesim_ws/src/ros-controls/ros2_control) by extension 'colcon_pkg'
[0.303s] Level 1:colcon.colcon_core.package_identification:_identify(turtlesim_ws/src/ros-controls/ros2_control) by extensions ['colcon_meta']
[0.303s] Level 1:colcon.colcon_core.package_identification:_identify(turtlesim_ws/src/ros-controls/ros2_control) by extension 'colcon_meta'
[0.303s] Level 1:colcon.colcon_core.package_identification:_identify(turtlesim_ws/src/ros-controls/ros2_control) by extensions ['ros']
[0.303s] Level 1:colcon.colcon_core.package_identification:_identify(turtlesim_ws/src/ros-controls/ros2_control) by extension 'ros'
[0.304s] Level 1:colcon.colcon_core.package_identification:_identify(turtlesim_ws/src/ros-controls/ros2_control) by extensions ['cmake', 'python']
[0.304s] Level 1:colcon.colcon_core.package_identification:_identify(turtlesim_ws/src/ros-controls/ros2_control) by extension 'cmake'
[0.304s] Level 1:colcon.colcon_core.package_identification:_identify(turtlesim_ws/src/ros-controls/ros2_control) by extension 'python'
[0.304s] Level 1:colcon.colcon_core.package_identification:_identify(turtlesim_ws/src/ros-controls/ros2_control) by extensions ['python_setup_py']
[0.304s] Level 1:colcon.colcon_core.package_identification:_identify(turtlesim_ws/src/ros-controls/ros2_control) by extension 'python_setup_py'
[0.304s] Level 1:colcon.colcon_core.package_identification:_identify(turtlesim_ws/src/ros-controls/ros2_control_cmake) by extensions ['ignore', 'ignore_ament_install']
[0.304s] Level 1:colcon.colcon_core.package_identification:_identify(turtlesim_ws/src/ros-controls/ros2_control_cmake) by extension 'ignore'
[0.304s] Level 1:colcon.colcon_core.package_identification:_identify(turtlesim_ws/src/ros-controls/ros2_control_cmake) by extension 'ignore_ament_install'
[0.304s] Level 1:colcon.colcon_core.package_identification:_identify(turtlesim_ws/src/ros-controls/ros2_control_cmake) by extensions ['colcon_pkg']
[0.304s] Level 1:colcon.colcon_core.package_identification:_identify(turtlesim_ws/src/ros-controls/ros2_control_cmake) by extension 'colcon_pkg'
[0.304s] Level 1:colcon.colcon_core.package_identification:_identify(turtlesim_ws/src/ros-controls/ros2_control_cmake) by extensions ['colcon_meta']
[0.304s] Level 1:colcon.colcon_core.package_identification:_identify(turtlesim_ws/src/ros-controls/ros2_control_cmake) by extension 'colcon_meta'
[0.304s] Level 1:colcon.colcon_core.package_identification:_identify(turtlesim_ws/src/ros-controls/ros2_control_cmake) by extensions ['ros']
[0.304s] Level 1:colcon.colcon_core.package_identification:_identify(turtlesim_ws/src/ros-controls/ros2_control_cmake) by extension 'ros'
[0.304s] Level 1:colcon.colcon_core.package_identification:_identify(turtlesim_ws/src/ros-controls/ros2_control_cmake) by extensions ['cmake', 'python']
[0.304s] Level 1:colcon.colcon_core.package_identification:_identify(turtlesim_ws/src/ros-controls/ros2_control_cmake) by extension 'cmake'
[0.304s] Level 1:colcon.colcon_core.package_identification:_identify(turtlesim_ws/src/ros-controls/ros2_control_cmake) by extension 'python'
[0.305s] Level 1:colcon.colcon_core.package_identification:_identify(turtlesim_ws/src/ros-controls/ros2_control_cmake) by extensions ['python_setup_py']
[0.305s] Level 1:colcon.colcon_core.package_identification:_identify(turtlesim_ws/src/ros-controls/ros2_control_cmake) by extension 'python_setup_py'
[0.305s] Level 1:colcon.colcon_core.package_identification:_identify(turtlesim_ws/src/ros-controls/ros2_control_demos) by extensions ['ignore', 'ignore_ament_install']
[0.305s] Level 1:colcon.colcon_core.package_identification:_identify(turtlesim_ws/src/ros-controls/ros2_control_demos) by extension 'ignore'
[0.305s] Level 1:colcon.colcon_core.package_identification:_identify(turtlesim_ws/src/ros-controls/ros2_control_demos) by extension 'ignore_ament_install'
[0.305s] Level 1:colcon.colcon_core.package_identification:_identify(turtlesim_ws/src/ros-controls/ros2_control_demos) by extensions ['colcon_pkg']
[0.305s] Level 1:colcon.colcon_core.package_identification:_identify(turtlesim_ws/src/ros-controls/ros2_control_demos) by extension 'colcon_pkg'
[0.305s] Level 1:colcon.colcon_core.package_identification:_identify(turtlesim_ws/src/ros-controls/ros2_control_demos) by extensions ['colcon_meta']
[0.305s] Level 1:colcon.colcon_core.package_identification:_identify(turtlesim_ws/src/ros-controls/ros2_control_demos) by extension 'colcon_meta'
[0.305s] Level 1:colcon.colcon_core.package_identification:_identify(turtlesim_ws/src/ros-controls/ros2_control_demos) by extensions ['ros']
[0.305s] Level 1:colcon.colcon_core.package_identification:_identify(turtlesim_ws/src/ros-controls/ros2_control_demos) by extension 'ros'
[0.305s] Level 1:colcon.colcon_core.package_identification:_identify(turtlesim_ws/src/ros-controls/ros2_control_demos) by extensions ['cmake', 'python']
[0.305s] Level 1:colcon.colcon_core.package_identification:_identify(turtlesim_ws/src/ros-controls/ros2_control_demos) by extension 'cmake'
[0.305s] Level 1:colcon.colcon_core.package_identification:_identify(turtlesim_ws/src/ros-controls/ros2_control_demos) by extension 'python'
[0.305s] Level 1:colcon.colcon_core.package_identification:_identify(turtlesim_ws/src/ros-controls/ros2_control_demos) by extensions ['python_setup_py']
[0.305s] Level 1:colcon.colcon_core.package_identification:_identify(turtlesim_ws/src/ros-controls/ros2_control_demos) by extension 'python_setup_py'
[0.306s] Level 1:colcon.colcon_core.package_identification:_identify(turtlesim_ws/src/ros-controls/ros2_controllers) by extensions ['ignore', 'ignore_ament_install']
[0.306s] Level 1:colcon.colcon_core.package_identification:_identify(turtlesim_ws/src/ros-controls/ros2_controllers) by extension 'ignore'
[0.306s] Level 1:colcon.colcon_core.package_identification:_identify(turtlesim_ws/src/ros-controls/ros2_controllers) by extension 'ignore_ament_install'
[0.306s] Level 1:colcon.colcon_core.package_identification:_identify(turtlesim_ws/src/ros-controls/ros2_controllers) by extensions ['colcon_pkg']
[0.306s] Level 1:colcon.colcon_core.package_identification:_identify(turtlesim_ws/src/ros-controls/ros2_controllers) by extension 'colcon_pkg'
[0.306s] Level 1:colcon.colcon_core.package_identification:_identify(turtlesim_ws/src/ros-controls/ros2_controllers) by extensions ['colcon_meta']
[0.306s] Level 1:colcon.colcon_core.package_identification:_identify(turtlesim_ws/src/ros-controls/ros2_controllers) by extension 'colcon_meta'
[0.306s] Level 1:colcon.colcon_core.package_identification:_identify(turtlesim_ws/src/ros-controls/ros2_controllers) by extensions ['ros']
[0.306s] Level 1:colcon.colcon_core.package_identification:_identify(turtlesim_ws/src/ros-controls/ros2_controllers) by extension 'ros'
[0.306s] Level 1:colcon.colcon_core.package_identification:_identify(turtlesim_ws/src/ros-controls/ros2_controllers) by extensions ['cmake', 'python']
[0.306s] Level 1:colcon.colcon_core.package_identification:_identify(turtlesim_ws/src/ros-controls/ros2_controllers) by extension 'cmake'
[0.306s] Level 1:colcon.colcon_core.package_identification:_identify(turtlesim_ws/src/ros-controls/ros2_controllers) by extension 'python'
[0.306s] Level 1:colcon.colcon_core.package_identification:_identify(turtlesim_ws/src/ros-controls/ros2_controllers) by extensions ['python_setup_py']
[0.306s] Level 1:colcon.colcon_core.package_identification:_identify(turtlesim_ws/src/ros-controls/ros2_controllers) by extension 'python_setup_py'
[0.306s] Level 1:colcon.colcon_core.package_identification:_identify(turtlesim_ws/src/ros-controls/topic_based_hardware_interfaces) by extensions ['ignore', 'ignore_ament_install']
[0.307s] Level 1:colcon.colcon_core.package_identification:_identify(turtlesim_ws/src/ros-controls/topic_based_hardware_interfaces) by extension 'ignore'
[0.307s] Level 1:colcon.colcon_core.package_identification:_identify(turtlesim_ws/src/ros-controls/topic_based_hardware_interfaces) by extension 'ignore_ament_install'
[0.307s] Level 1:colcon.colcon_core.package_identification:_identify(turtlesim_ws/src/ros-controls/topic_based_hardware_interfaces) by extensions ['colcon_pkg']
[0.307s] Level 1:colcon.colcon_core.package_identification:_identify(turtlesim_ws/src/ros-controls/topic_based_hardware_interfaces) by extension 'colcon_pkg'
[0.307s] Level 1:colcon.colcon_core.package_identification:_identify(turtlesim_ws/src/ros-controls/topic_based_hardware_interfaces) by extensions ['colcon_meta']
[0.307s] Level 1:colcon.colcon_core.package_identification:_identify(turtlesim_ws/src/ros-controls/topic_based_hardware_interfaces) by extension 'colcon_meta'
[0.307s] Level 1:colcon.colcon_core.package_identification:_identify(turtlesim_ws/src/ros-controls/topic_based_hardware_interfaces) by extensions ['ros']
[0.307s] Level 1:colcon.colcon_core.package_identification:_identify(turtlesim_ws/src/ros-controls/topic_based_hardware_interfaces) by extension 'ros'
[0.307s] Level 1:colcon.colcon_core.package_identification:_identify(turtlesim_ws/src/ros-controls/topic_based_hardware_interfaces) by extensions ['cmake', 'python']
[0.307s] Level 1:colcon.colcon_core.package_identification:_identify(turtlesim_ws/src/ros-controls/topic_based_hardware_interfaces) by extension 'cmake'
[0.307s] Level 1:colcon.colcon_core.package_identification:_identify(turtlesim_ws/src/ros-controls/topic_based_hardware_interfaces) by extension 'python'
[0.307s] Level 1:colcon.colcon_core.package_identification:_identify(turtlesim_ws/src/ros-controls/topic_based_hardware_interfaces) by extensions ['python_setup_py']
[0.307s] Level 1:colcon.colcon_core.package_identification:_identify(turtlesim_ws/src/ros-controls/topic_based_hardware_interfaces) by extension 'python_setup_py'
[0.307s] Level 1:colcon.colcon_core.package_identification:_identify(turtlesim_ws/src/ros_gz_example_application) by extensions ['ignore', 'ignore_ament_install']
[0.307s] Level 1:colcon.colcon_core.package_identification:_identify(turtlesim_ws/src/ros_gz_example_application) by extension 'ignore'
[0.307s] Level 1:colcon.colcon_core.package_identification:_identify(turtlesim_ws/src/ros_gz_example_application) by extension 'ignore_ament_install'
[0.307s] Level 1:colcon.colcon_core.package_identification:_identify(turtlesim_ws/src/ros_gz_example_application) by extensions ['colcon_pkg']
[0.307s] Level 1:colcon.colcon_core.package_identification:_identify(turtlesim_ws/src/ros_gz_example_application) by extension 'colcon_pkg'
[0.308s] Level 1:colcon.colcon_core.package_identification:_identify(turtlesim_ws/src/ros_gz_example_application) by extensions ['colcon_meta']
[0.308s] Level 1:colcon.colcon_core.package_identification:_identify(turtlesim_ws/src/ros_gz_example_application) by extension 'colcon_meta'
[0.308s] Level 1:colcon.colcon_core.package_identification:_identify(turtlesim_ws/src/ros_gz_example_application) by extensions ['ros']
[0.308s] Level 1:colcon.colcon_core.package_identification:_identify(turtlesim_ws/src/ros_gz_example_application) by extension 'ros'
[0.308s] DEBUG:colcon.colcon_core.package_identification:Package 'turtlesim_ws/src/ros_gz_example_application' with type 'ros.ament_cmake' and name 'ros_gz_example_application'
[0.308s] Level 1:colcon.colcon_core.package_identification:_identify(turtlesim_ws/src/ros_gz_example_bringup) by extensions ['ignore', 'ignore_ament_install']
[0.308s] Level 1:colcon.colcon_core.package_identification:_identify(turtlesim_ws/src/ros_gz_example_bringup) by extension 'ignore'
[0.308s] Level 1:colcon.colcon_core.package_identification:_identify(turtlesim_ws/src/ros_gz_example_bringup) by extension 'ignore_ament_install'
[0.309s] Level 1:colcon.colcon_core.package_identification:_identify(turtlesim_ws/src/ros_gz_example_bringup) by extensions ['colcon_pkg']
[0.309s] Level 1:colcon.colcon_core.package_identification:_identify(turtlesim_ws/src/ros_gz_example_bringup) by extension 'colcon_pkg'
[0.309s] Level 1:colcon.colcon_core.package_identification:_identify(turtlesim_ws/src/ros_gz_example_bringup) by extensions ['colcon_meta']
[0.309s] Level 1:colcon.colcon_core.package_identification:_identify(turtlesim_ws/src/ros_gz_example_bringup) by extension 'colcon_meta'
[0.309s] Level 1:colcon.colcon_core.package_identification:_identify(turtlesim_ws/src/ros_gz_example_bringup) by extensions ['ros']
[0.309s] Level 1:colcon.colcon_core.package_identification:_identify(turtlesim_ws/src/ros_gz_example_bringup) by extension 'ros'
[0.310s] DEBUG:colcon.colcon_core.package_identification:Package 'turtlesim_ws/src/ros_gz_example_bringup' with type 'ros.ament_cmake' and name 'ros_gz_example_bringup'
[0.310s] Level 1:colcon.colcon_core.package_identification:_identify(turtlesim_ws/src/ros_gz_example_description) by extensions ['ignore', 'ignore_ament_install']
[0.310s] Level 1:colcon.colcon_core.package_identification:_identify(turtlesim_ws/src/ros_gz_example_description) by extension 'ignore'
[0.310s] Level 1:colcon.colcon_core.package_identification:_identify(turtlesim_ws/src/ros_gz_example_description) by extension 'ignore_ament_install'
[0.310s] Level 1:colcon.colcon_core.package_identification:_identify(turtlesim_ws/src/ros_gz_example_description) by extensions ['colcon_pkg']
[0.310s] Level 1:colcon.colcon_core.package_identification:_identify(turtlesim_ws/src/ros_gz_example_description) by extension 'colcon_pkg'
[0.310s] Level 1:colcon.colcon_core.package_identification:_identify(turtlesim_ws/src/ros_gz_example_description) by extensions ['colcon_meta']
[0.310s] Level 1:colcon.colcon_core.package_identification:_identify(turtlesim_ws/src/ros_gz_example_description) by extension 'colcon_meta'
[0.310s] Level 1:colcon.colcon_core.package_identification:_identify(turtlesim_ws/src/ros_gz_example_description) by extensions ['ros']
[0.310s] Level 1:colcon.colcon_core.package_identification:_identify(turtlesim_ws/src/ros_gz_example_description) by extension 'ros'
[0.311s] DEBUG:colcon.colcon_core.package_identification:Package 'turtlesim_ws/src/ros_gz_example_description' with type 'ros.ament_cmake' and name 'ros_gz_example_description'
[0.311s] Level 1:colcon.colcon_core.package_identification:_identify(turtlesim_ws/src/ros_gz_example_gazebo) by extensions ['ignore', 'ignore_ament_install']
[0.311s] Level 1:colcon.colcon_core.package_identification:_identify(turtlesim_ws/src/ros_gz_example_gazebo) by extension 'ignore'
[0.311s] Level 1:colcon.colcon_core.package_identification:_identify(turtlesim_ws/src/ros_gz_example_gazebo) by extension 'ignore_ament_install'
[0.311s] Level 1:colcon.colcon_core.package_identification:_identify(turtlesim_ws/src/ros_gz_example_gazebo) by extensions ['colcon_pkg']
[0.311s] Level 1:colcon.colcon_core.package_identification:_identify(turtlesim_ws/src/ros_gz_example_gazebo) by extension 'colcon_pkg'
[0.311s] Level 1:colcon.colcon_core.package_identification:_identify(turtlesim_ws/src/ros_gz_example_gazebo) by extensions ['colcon_meta']
[0.311s] Level 1:colcon.colcon_core.package_identification:_identify(turtlesim_ws/src/ros_gz_example_gazebo) by extension 'colcon_meta'
[0.311s] Level 1:colcon.colcon_core.package_identification:_identify(turtlesim_ws/src/ros_gz_example_gazebo) by extensions ['ros']
[0.312s] Level 1:colcon.colcon_core.package_identification:_identify(turtlesim_ws/src/ros_gz_example_gazebo) by extension 'ros'
[0.312s] DEBUG:colcon.colcon_core.package_identification:Package 'turtlesim_ws/src/ros_gz_example_gazebo' with type 'ros.ament_cmake' and name 'ros_gz_example_gazebo'
[0.312s] Level 1:colcon.colcon_core.package_discovery:discover_packages(recursive) using defaults
[0.312s] Level 1:colcon.colcon_core.package_discovery:discover_packages(ignore) discover
[0.312s] Level 1:colcon.colcon_core.package_discovery:discover_packages(ignore) using defaults
[0.312s] Level 1:colcon.colcon_core.package_discovery:discover_packages(path) discover
[0.312s] Level 1:colcon.colcon_core.package_discovery:discover_packages(path) using defaults
[0.337s] Level 5:colcon.colcon_core.verb:set package 'carter_navigation' build argument 'cmake_args' from command line to 'None'
[0.337s] Level 5:colcon.colcon_core.verb:set package 'carter_navigation' build argument 'cmake_target' from command line to 'None'
[0.337s] Level 5:colcon.colcon_core.verb:set package 'carter_navigation' build argument 'cmake_target_skip_unavailable' from command line to 'False'
[0.337s] Level 5:colcon.colcon_core.verb:set package 'carter_navigation' build argument 'cmake_clean_cache' from command line to 'False'
[0.337s] Level 5:colcon.colcon_core.verb:set package 'carter_navigation' build argument 'cmake_clean_first' from command line to 'False'
[0.337s] Level 5:colcon.colcon_core.verb:set package 'carter_navigation' build argument 'cmake_force_configure' from command line to 'False'
[0.338s] Level 5:colcon.colcon_core.verb:set package 'carter_navigation' build argument 'ament_cmake_args' from command line to 'None'
[0.338s] Level 5:colcon.colcon_core.verb:set package 'carter_navigation' build argument 'catkin_cmake_args' from command line to 'None'
[0.338s] Level 5:colcon.colcon_core.verb:set package 'carter_navigation' build argument 'catkin_skip_building_tests' from command line to 'False'
[0.338s] DEBUG:colcon.colcon_core.verb:Building package 'carter_navigation' with the following arguments: {'ament_cmake_args': None, 'build_base': '/workspaces/ros2-coding/build/carter_navigation', 'catkin_cmake_args': None, 'catkin_skip_building_tests': False, 'cmake_args': None, 'cmake_clean_cache': False, 'cmake_clean_first': False, 'cmake_force_configure': False, 'cmake_target': None, 'cmake_target_skip_unavailable': False, 'install_base': '/workspaces/ros2-coding/install/carter_navigation', 'merge_install': False, 'path': '/workspaces/ros2-coding/turtlesim_ws/src/navigation/carter_navigation', 'symlink_install': True, 'test_result_base': None}
[0.338s] Level 5:colcon.colcon_core.verb:set package 'cmdvel_to_ackermann' build argument 'cmake_args' from command line to 'None'
[0.338s] Level 5:colcon.colcon_core.verb:set package 'cmdvel_to_ackermann' build argument 'cmake_target' from command line to 'None'
[0.338s] Level 5:colcon.colcon_core.verb:set package 'cmdvel_to_ackermann' build argument 'cmake_target_skip_unavailable' from command line to 'False'
[0.338s] Level 5:colcon.colcon_core.verb:set package 'cmdvel_to_ackermann' build argument 'cmake_clean_cache' from command line to 'False'
[0.338s] Level 5:colcon.colcon_core.verb:set package 'cmdvel_to_ackermann' build argument 'cmake_clean_first' from command line to 'False'
[0.338s] Level 5:colcon.colcon_core.verb:set package 'cmdvel_to_ackermann' build argument 'cmake_force_configure' from command line to 'False'
[0.338s] Level 5:colcon.colcon_core.verb:set package 'cmdvel_to_ackermann' build argument 'ament_cmake_args' from command line to 'None'
[0.338s] Level 5:colcon.colcon_core.verb:set package 'cmdvel_to_ackermann' build argument 'catkin_cmake_args' from command line to 'None'
[0.338s] Level 5:colcon.colcon_core.verb:set package 'cmdvel_to_ackermann' build argument 'catkin_skip_building_tests' from command line to 'False'
[0.338s] DEBUG:colcon.colcon_core.verb:Building package 'cmdvel_to_ackermann' with the following arguments: {'ament_cmake_args': None, 'build_base': '/workspaces/ros2-coding/build/cmdvel_to_ackermann', 'catkin_cmake_args': None, 'catkin_skip_building_tests': False, 'cmake_args': None, 'cmake_clean_cache': False, 'cmake_clean_first': False, 'cmake_force_configure': False, 'cmake_target': None, 'cmake_target_skip_unavailable': False, 'install_base': '/workspaces/ros2-coding/install/cmdvel_to_ackermann', 'merge_install': False, 'path': '/workspaces/ros2-coding/turtlesim_ws/src/cmdvel_to_ackermann', 'symlink_install': True, 'test_result_base': None}
[0.339s] Level 5:colcon.colcon_core.verb:set package 'custom_message' build argument 'cmake_args' from command line to 'None'
[0.339s] Level 5:colcon.colcon_core.verb:set package 'custom_message' build argument 'cmake_target' from command line to 'None'
[0.339s] Level 5:colcon.colcon_core.verb:set package 'custom_message' build argument 'cmake_target_skip_unavailable' from command line to 'False'
[0.339s] Level 5:colcon.colcon_core.verb:set package 'custom_message' build argument 'cmake_clean_cache' from command line to 'False'
[0.339s] Level 5:colcon.colcon_core.verb:set package 'custom_message' build argument 'cmake_clean_first' from command line to 'False'
[0.339s] Level 5:colcon.colcon_core.verb:set package 'custom_message' build argument 'cmake_force_configure' from command line to 'False'
[0.339s] Level 5:colcon.colcon_core.verb:set package 'custom_message' build argument 'ament_cmake_args' from command line to 'None'
[0.339s] Level 5:colcon.colcon_core.verb:set package 'custom_message' build argument 'catkin_cmake_args' from command line to 'None'
[0.339s] Level 5:colcon.colcon_core.verb:set package 'custom_message' build argument 'catkin_skip_building_tests' from command line to 'False'
[0.339s] DEBUG:colcon.colcon_core.verb:Building package 'custom_message' with the following arguments: {'ament_cmake_args': None, 'build_base': '/workspaces/ros2-coding/build/custom_message', 'catkin_cmake_args': None, 'catkin_skip_building_tests': False, 'cmake_args': None, 'cmake_clean_cache': False, 'cmake_clean_first': False, 'cmake_force_configure': False, 'cmake_target': None, 'cmake_target_skip_unavailable': False, 'install_base': '/workspaces/ros2-coding/install/custom_message', 'merge_install': False, 'path': '/workspaces/ros2-coding/turtlesim_ws/src/custom_message', 'symlink_install': True, 'test_result_base': None}
[0.340s] Level 5:colcon.colcon_core.verb:set package 'diff_drive_mover' build argument 'cmake_args' from command line to 'None'
[0.340s] Level 5:colcon.colcon_core.verb:set package 'diff_drive_mover' build argument 'cmake_target' from command line to 'None'
[0.340s] Level 5:colcon.colcon_core.verb:set package 'diff_drive_mover' build argument 'cmake_target_skip_unavailable' from command line to 'False'
[0.340s] Level 5:colcon.colcon_core.verb:set package 'diff_drive_mover' build argument 'cmake_clean_cache' from command line to 'False'
[0.340s] Level 5:colcon.colcon_core.verb:set package 'diff_drive_mover' build argument 'cmake_clean_first' from command line to 'False'
[0.340s] Level 5:colcon.colcon_core.verb:set package 'diff_drive_mover' build argument 'cmake_force_configure' from command line to 'False'
[0.340s] Level 5:colcon.colcon_core.verb:set package 'diff_drive_mover' build argument 'ament_cmake_args' from command line to 'None'
[0.340s] Level 5:colcon.colcon_core.verb:set package 'diff_drive_mover' build argument 'catkin_cmake_args' from command line to 'None'
[0.340s] Level 5:colcon.colcon_core.verb:set package 'diff_drive_mover' build argument 'catkin_skip_building_tests' from command line to 'False'
[0.340s] DEBUG:colcon.colcon_core.verb:Building package 'diff_drive_mover' with the following arguments: {'ament_cmake_args': None, 'build_base': '/workspaces/ros2-coding/build/diff_drive_mover', 'catkin_cmake_args': None, 'catkin_skip_building_tests': False, 'cmake_args': None, 'cmake_clean_cache': False, 'cmake_clean_first': False, 'cmake_force_configure': False, 'cmake_target': None, 'cmake_target_skip_unavailable': False, 'install_base': '/workspaces/ros2-coding/install/diff_drive_mover', 'merge_install': False, 'path': '/workspaces/ros2-coding/turtlesim_ws/src/diff_drive_mover', 'symlink_install': True, 'test_result_base': None}
[0.340s] Level 5:colcon.colcon_core.verb:set package 'h1_fullbody_controller' build argument 'cmake_args' from command line to 'None'
[0.340s] Level 5:colcon.colcon_core.verb:set package 'h1_fullbody_controller' build argument 'cmake_target' from command line to 'None'
[0.340s] Level 5:colcon.colcon_core.verb:set package 'h1_fullbody_controller' build argument 'cmake_target_skip_unavailable' from command line to 'False'
[0.340s] Level 5:colcon.colcon_core.verb:set package 'h1_fullbody_controller' build argument 'cmake_clean_cache' from command line to 'False'
[0.340s] Level 5:colcon.colcon_core.verb:set package 'h1_fullbody_controller' build argument 'cmake_clean_first' from command line to 'False'
[0.341s] Level 5:colcon.colcon_core.verb:set package 'h1_fullbody_controller' build argument 'cmake_force_configure' from command line to 'False'
[0.341s] Level 5:colcon.colcon_core.verb:set package 'h1_fullbody_controller' build argument 'ament_cmake_args' from command line to 'None'
[0.341s] Level 5:colcon.colcon_core.verb:set package 'h1_fullbody_controller' build argument 'catkin_cmake_args' from command line to 'None'
[0.341s] Level 5:colcon.colcon_core.verb:set package 'h1_fullbody_controller' build argument 'catkin_skip_building_tests' from command line to 'False'
[0.341s] DEBUG:colcon.colcon_core.verb:Building package 'h1_fullbody_controller' with the following arguments: {'ament_cmake_args': None, 'build_base': '/workspaces/ros2-coding/build/h1_fullbody_controller', 'catkin_cmake_args': None, 'catkin_skip_building_tests': False, 'cmake_args': None, 'cmake_clean_cache': False, 'cmake_clean_first': False, 'cmake_force_configure': False, 'cmake_target': None, 'cmake_target_skip_unavailable': False, 'install_base': '/workspaces/ros2-coding/install/h1_fullbody_controller', 'merge_install': False, 'path': '/workspaces/ros2-coding/turtlesim_ws/src/humanoid_locomotion_policy_example/h1_fullbody_controller', 'symlink_install': True, 'test_result_base': None}
[0.341s] Level 5:colcon.colcon_core.verb:set package 'human_interfaces' build argument 'cmake_args' from command line to 'None'
[0.341s] Level 5:colcon.colcon_core.verb:set package 'human_interfaces' build argument 'cmake_target' from command line to 'None'
[0.341s] Level 5:colcon.colcon_core.verb:set package 'human_interfaces' build argument 'cmake_target_skip_unavailable' from command line to 'False'
[0.341s] Level 5:colcon.colcon_core.verb:set package 'human_interfaces' build argument 'cmake_clean_cache' from command line to 'False'
[0.341s] Level 5:colcon.colcon_core.verb:set package 'human_interfaces' build argument 'cmake_clean_first' from command line to 'False'
[0.341s] Level 5:colcon.colcon_core.verb:set package 'human_interfaces' build argument 'cmake_force_configure' from command line to 'False'
[0.341s] Level 5:colcon.colcon_core.verb:set package 'human_interfaces' build argument 'ament_cmake_args' from command line to 'None'
[0.341s] Level 5:colcon.colcon_core.verb:set package 'human_interfaces' build argument 'catkin_cmake_args' from command line to 'None'
[0.341s] Level 5:colcon.colcon_core.verb:set package 'human_interfaces' build argument 'catkin_skip_building_tests' from command line to 'False'
[0.341s] DEBUG:colcon.colcon_core.verb:Building package 'human_interfaces' with the following arguments: {'ament_cmake_args': None, 'build_base': '/workspaces/ros2-coding/build/human_interfaces', 'catkin_cmake_args': None, 'catkin_skip_building_tests': False, 'cmake_args': None, 'cmake_clean_cache': False, 'cmake_clean_first': False, 'cmake_force_configure': False, 'cmake_target': None, 'cmake_target_skip_unavailable': False, 'install_base': '/workspaces/ros2-coding/install/human_interfaces', 'merge_install': False, 'path': '/workspaces/ros2-coding/turtlesim_ws/src/human_interfaces', 'symlink_install': True, 'test_result_base': None}
[0.342s] Level 5:colcon.colcon_core.verb:set package 'isaac_ros2_messages' build argument 'cmake_args' from command line to 'None'
[0.342s] Level 5:colcon.colcon_core.verb:set package 'isaac_ros2_messages' build argument 'cmake_target' from command line to 'None'
[0.342s] Level 5:colcon.colcon_core.verb:set package 'isaac_ros2_messages' build argument 'cmake_target_skip_unavailable' from command line to 'False'
[0.342s] Level 5:colcon.colcon_core.verb:set package 'isaac_ros2_messages' build argument 'cmake_clean_cache' from command line to 'False'
[0.342s] Level 5:colcon.colcon_core.verb:set package 'isaac_ros2_messages' build argument 'cmake_clean_first' from command line to 'False'
[0.342s] Level 5:colcon.colcon_core.verb:set package 'isaac_ros2_messages' build argument 'cmake_force_configure' from command line to 'False'
[0.342s] Level 5:colcon.colcon_core.verb:set package 'isaac_ros2_messages' build argument 'ament_cmake_args' from command line to 'None'
[0.342s] Level 5:colcon.colcon_core.verb:set package 'isaac_ros2_messages' build argument 'catkin_cmake_args' from command line to 'None'
[0.342s] Level 5:colcon.colcon_core.verb:set package 'isaac_ros2_messages' build argument 'catkin_skip_building_tests' from command line to 'False'
[0.342s] DEBUG:colcon.colcon_core.verb:Building package 'isaac_ros2_messages' with the following arguments: {'ament_cmake_args': None, 'build_base': '/workspaces/ros2-coding/build/isaac_ros2_messages', 'catkin_cmake_args': None, 'catkin_skip_building_tests': False, 'cmake_args': None, 'cmake_clean_cache': False, 'cmake_clean_first': False, 'cmake_force_configure': False, 'cmake_target': None, 'cmake_target_skip_unavailable': False, 'install_base': '/workspaces/ros2-coding/install/isaac_ros2_messages', 'merge_install': False, 'path': '/workspaces/ros2-coding/turtlesim_ws/src/isaac_ros2_messages', 'symlink_install': True, 'test_result_base': None}
[0.342s] Level 5:colcon.colcon_core.verb:set package 'isaac_ros_navigation_goal' build argument 'cmake_args' from command line to 'None'
[0.343s] Level 5:colcon.colcon_core.verb:set package 'isaac_ros_navigation_goal' build argument 'cmake_target' from command line to 'None'
[0.343s] Level 5:colcon.colcon_core.verb:set package 'isaac_ros_navigation_goal' build argument 'cmake_target_skip_unavailable' from command line to 'False'
[0.343s] Level 5:colcon.colcon_core.verb:set package 'isaac_ros_navigation_goal' build argument 'cmake_clean_cache' from command line to 'False'
[0.343s] Level 5:colcon.colcon_core.verb:set package 'isaac_ros_navigation_goal' build argument 'cmake_clean_first' from command line to 'False'
[0.343s] Level 5:colcon.colcon_core.verb:set package 'isaac_ros_navigation_goal' build argument 'cmake_force_configure' from command line to 'False'
[0.343s] Level 5:colcon.colcon_core.verb:set package 'isaac_ros_navigation_goal' build argument 'ament_cmake_args' from command line to 'None'
[0.343s] Level 5:colcon.colcon_core.verb:set package 'isaac_ros_navigation_goal' build argument 'catkin_cmake_args' from command line to 'None'
[0.343s] Level 5:colcon.colcon_core.verb:set package 'isaac_ros_navigation_goal' build argument 'catkin_skip_building_tests' from command line to 'False'
[0.343s] DEBUG:colcon.colcon_core.verb:Building package 'isaac_ros_navigation_goal' with the following arguments: {'ament_cmake_args': None, 'build_base': '/workspaces/ros2-coding/build/isaac_ros_navigation_goal', 'catkin_cmake_args': None, 'catkin_skip_building_tests': False, 'cmake_args': None, 'cmake_clean_cache': False, 'cmake_clean_first': False, 'cmake_force_configure': False, 'cmake_target': None, 'cmake_target_skip_unavailable': False, 'install_base': '/workspaces/ros2-coding/install/isaac_ros_navigation_goal', 'merge_install': False, 'path': '/workspaces/ros2-coding/turtlesim_ws/src/navigation/isaac_ros_navigation_goal', 'symlink_install': True, 'test_result_base': None}
[0.343s] Level 5:colcon.colcon_core.verb:set package 'isaac_tutorials' build argument 'cmake_args' from command line to 'None'
[0.343s] Level 5:colcon.colcon_core.verb:set package 'isaac_tutorials' build argument 'cmake_target' from command line to 'None'
[0.343s] Level 5:colcon.colcon_core.verb:set package 'isaac_tutorials' build argument 'cmake_target_skip_unavailable' from command line to 'False'
[0.343s] Level 5:colcon.colcon_core.verb:set package 'isaac_tutorials' build argument 'cmake_clean_cache' from command line to 'False'
[0.343s] Level 5:colcon.colcon_core.verb:set package 'isaac_tutorials' build argument 'cmake_clean_first' from command line to 'False'
[0.343s] Level 5:colcon.colcon_core.verb:set package 'isaac_tutorials' build argument 'cmake_force_configure' from command line to 'False'
[0.343s] Level 5:colcon.colcon_core.verb:set package 'isaac_tutorials' build argument 'ament_cmake_args' from command line to 'None'
[0.344s] Level 5:colcon.colcon_core.verb:set package 'isaac_tutorials' build argument 'catkin_cmake_args' from command line to 'None'
[0.344s] Level 5:colcon.colcon_core.verb:set package 'isaac_tutorials' build argument 'catkin_skip_building_tests' from command line to 'False'
[0.344s] DEBUG:colcon.colcon_core.verb:Building package 'isaac_tutorials' with the following arguments: {'ament_cmake_args': None, 'build_base': '/workspaces/ros2-coding/build/isaac_tutorials', 'catkin_cmake_args': None, 'catkin_skip_building_tests': False, 'cmake_args': None, 'cmake_clean_cache': False, 'cmake_clean_first': False, 'cmake_force_configure': False, 'cmake_target': None, 'cmake_target_skip_unavailable': False, 'install_base': '/workspaces/ros2-coding/install/isaac_tutorials', 'merge_install': False, 'path': '/workspaces/ros2-coding/turtlesim_ws/src/isaac_tutorials', 'symlink_install': True, 'test_result_base': None}
[0.344s] Level 5:colcon.colcon_core.verb:set package 'isaacsim' build argument 'cmake_args' from command line to 'None'
[0.344s] Level 5:colcon.colcon_core.verb:set package 'isaacsim' build argument 'cmake_target' from command line to 'None'
[0.344s] Level 5:colcon.colcon_core.verb:set package 'isaacsim' build argument 'cmake_target_skip_unavailable' from command line to 'False'
[0.344s] Level 5:colcon.colcon_core.verb:set package 'isaacsim' build argument 'cmake_clean_cache' from command line to 'False'
[0.344s] Level 5:colcon.colcon_core.verb:set package 'isaacsim' build argument 'cmake_clean_first' from command line to 'False'
[0.344s] Level 5:colcon.colcon_core.verb:set package 'isaacsim' build argument 'cmake_force_configure' from command line to 'False'
[0.344s] Level 5:colcon.colcon_core.verb:set package 'isaacsim' build argument 'ament_cmake_args' from command line to 'None'
[0.344s] Level 5:colcon.colcon_core.verb:set package 'isaacsim' build argument 'catkin_cmake_args' from command line to 'None'
[0.344s] Level 5:colcon.colcon_core.verb:set package 'isaacsim' build argument 'catkin_skip_building_tests' from command line to 'False'
[0.344s] DEBUG:colcon.colcon_core.verb:Building package 'isaacsim' with the following arguments: {'ament_cmake_args': None, 'build_base': '/workspaces/ros2-coding/build/isaacsim', 'catkin_cmake_args': None, 'catkin_skip_building_tests': False, 'cmake_args': None, 'cmake_clean_cache': False, 'cmake_clean_first': False, 'cmake_force_configure': False, 'cmake_target': None, 'cmake_target_skip_unavailable': False, 'install_base': '/workspaces/ros2-coding/install/isaacsim', 'merge_install': False, 'path': '/workspaces/ros2-coding/turtlesim_ws/src/isaacsim', 'symlink_install': True, 'test_result_base': None}
[0.345s] Level 5:colcon.colcon_core.verb:set package 'issac_sim' build argument 'cmake_args' from command line to 'None'
[0.345s] Level 5:colcon.colcon_core.verb:set package 'issac_sim' build argument 'cmake_target' from command line to 'None'
[0.345s] Level 5:colcon.colcon_core.verb:set package 'issac_sim' build argument 'cmake_target_skip_unavailable' from command line to 'False'
[0.345s] Level 5:colcon.colcon_core.verb:set package 'issac_sim' build argument 'cmake_clean_cache' from command line to 'False'
[0.345s] Level 5:colcon.colcon_core.verb:set package 'issac_sim' build argument 'cmake_clean_first' from command line to 'False'
[0.345s] Level 5:colcon.colcon_core.verb:set package 'issac_sim' build argument 'cmake_force_configure' from command line to 'False'
[0.345s] Level 5:colcon.colcon_core.verb:set package 'issac_sim' build argument 'ament_cmake_args' from command line to 'None'
[0.345s] Level 5:colcon.colcon_core.verb:set package 'issac_sim' build argument 'catkin_cmake_args' from command line to 'None'
[0.345s] Level 5:colcon.colcon_core.verb:set package 'issac_sim' build argument 'catkin_skip_building_tests' from command line to 'False'
[0.345s] DEBUG:colcon.colcon_core.verb:Building package 'issac_sim' with the following arguments: {'ament_cmake_args': None, 'build_base': '/workspaces/ros2-coding/build/issac_sim', 'catkin_cmake_args': None, 'catkin_skip_building_tests': False, 'cmake_args': None, 'cmake_clean_cache': False, 'cmake_clean_first': False, 'cmake_force_configure': False, 'cmake_target': None, 'cmake_target_skip_unavailable': False, 'install_base': '/workspaces/ros2-coding/install/issac_sim', 'merge_install': False, 'path': '/workspaces/ros2-coding/turtlesim_ws/src/issac_sim', 'symlink_install': True, 'test_result_base': None}
[0.345s] Level 5:colcon.colcon_core.verb:set package 'iw_hub_navigation' build argument 'cmake_args' from command line to 'None'
[0.345s] Level 5:colcon.colcon_core.verb:set package 'iw_hub_navigation' build argument 'cmake_target' from command line to 'None'
[0.345s] Level 5:colcon.colcon_core.verb:set package 'iw_hub_navigation' build argument 'cmake_target_skip_unavailable' from command line to 'False'
[0.345s] Level 5:colcon.colcon_core.verb:set package 'iw_hub_navigation' build argument 'cmake_clean_cache' from command line to 'False'
[0.346s] Level 5:colcon.colcon_core.verb:set package 'iw_hub_navigation' build argument 'cmake_clean_first' from command line to 'False'
[0.346s] Level 5:colcon.colcon_core.verb:set package 'iw_hub_navigation' build argument 'cmake_force_configure' from command line to 'False'
[0.346s] Level 5:colcon.colcon_core.verb:set package 'iw_hub_navigation' build argument 'ament_cmake_args' from command line to 'None'
[0.346s] Level 5:colcon.colcon_core.verb:set package 'iw_hub_navigation' build argument 'catkin_cmake_args' from command line to 'None'
[0.346s] Level 5:colcon.colcon_core.verb:set package 'iw_hub_navigation' build argument 'catkin_skip_building_tests' from command line to 'False'
[0.346s] DEBUG:colcon.colcon_core.verb:Building package 'iw_hub_navigation' with the following arguments: {'ament_cmake_args': None, 'build_base': '/workspaces/ros2-coding/build/iw_hub_navigation', 'catkin_cmake_args': None, 'catkin_skip_building_tests': False, 'cmake_args': None, 'cmake_clean_cache': False, 'cmake_clean_first': False, 'cmake_force_configure': False, 'cmake_target': None, 'cmake_target_skip_unavailable': False, 'install_base': '/workspaces/ros2-coding/install/iw_hub_navigation', 'merge_install': False, 'path': '/workspaces/ros2-coding/turtlesim_ws/src/navigation/iw_hub_navigation', 'symlink_install': True, 'test_result_base': None}
[0.346s] Level 5:colcon.colcon_core.verb:set package 'moveit_nao_config' build argument 'cmake_args' from command line to 'None'
[0.346s] Level 5:colcon.colcon_core.verb:set package 'moveit_nao_config' build argument 'cmake_target' from command line to 'None'
[0.346s] Level 5:colcon.colcon_core.verb:set package 'moveit_nao_config' build argument 'cmake_target_skip_unavailable' from command line to 'False'
[0.346s] Level 5:colcon.colcon_core.verb:set package 'moveit_nao_config' build argument 'cmake_clean_cache' from command line to 'False'
[0.346s] Level 5:colcon.colcon_core.verb:set package 'moveit_nao_config' build argument 'cmake_clean_first' from command line to 'False'
[0.346s] Level 5:colcon.colcon_core.verb:set package 'moveit_nao_config' build argument 'cmake_force_configure' from command line to 'False'
[0.346s] Level 5:colcon.colcon_core.verb:set package 'moveit_nao_config' build argument 'ament_cmake_args' from command line to 'None'
[0.346s] Level 5:colcon.colcon_core.verb:set package 'moveit_nao_config' build argument 'catkin_cmake_args' from command line to 'None'
[0.346s] Level 5:colcon.colcon_core.verb:set package 'moveit_nao_config' build argument 'catkin_skip_building_tests' from command line to 'False'
[0.346s] DEBUG:colcon.colcon_core.verb:Building package 'moveit_nao_config' with the following arguments: {'ament_cmake_args': None, 'build_base': '/workspaces/ros2-coding/build/moveit_nao_config', 'catkin_cmake_args': None, 'catkin_skip_building_tests': False, 'cmake_args': None, 'cmake_clean_cache': False, 'cmake_clean_first': False, 'cmake_force_configure': False, 'cmake_target': None, 'cmake_target_skip_unavailable': False, 'install_base': '/workspaces/ros2-coding/install/moveit_nao_config', 'merge_install': False, 'path': '/workspaces/ros2-coding/turtlesim_ws/src/moveit_nao_config', 'symlink_install': True, 'test_result_base': None}
[0.347s] Level 5:colcon.colcon_core.verb:set package 'moveit_resources_panda_description' build argument 'cmake_args' from command line to 'None'
[0.347s] Level 5:colcon.colcon_core.verb:set package 'moveit_resources_panda_description' build argument 'cmake_target' from command line to 'None'
[0.347s] Level 5:colcon.colcon_core.verb:set package 'moveit_resources_panda_description' build argument 'cmake_target_skip_unavailable' from command line to 'False'
[0.347s] Level 5:colcon.colcon_core.verb:set package 'moveit_resources_panda_description' build argument 'cmake_clean_cache' from command line to 'False'
[0.347s] Level 5:colcon.colcon_core.verb:set package 'moveit_resources_panda_description' build argument 'cmake_clean_first' from command line to 'False'
[0.347s] Level 5:colcon.colcon_core.verb:set package 'moveit_resources_panda_description' build argument 'cmake_force_configure' from command line to 'False'
[0.347s] Level 5:colcon.colcon_core.verb:set package 'moveit_resources_panda_description' build argument 'ament_cmake_args' from command line to 'None'
[0.347s] Level 5:colcon.colcon_core.verb:set package 'moveit_resources_panda_description' build argument 'catkin_cmake_args' from command line to 'None'
[0.347s] Level 5:colcon.colcon_core.verb:set package 'moveit_resources_panda_description' build argument 'catkin_skip_building_tests' from command line to 'False'
[0.347s] DEBUG:colcon.colcon_core.verb:Building package 'moveit_resources_panda_description' with the following arguments: {'ament_cmake_args': None, 'build_base': '/workspaces/ros2-coding/build/moveit_resources_panda_description', 'catkin_cmake_args': None, 'catkin_skip_building_tests': False, 'cmake_args': None, 'cmake_clean_cache': False, 'cmake_clean_first': False, 'cmake_force_configure': False, 'cmake_target': None, 'cmake_target_skip_unavailable': False, 'install_base': '/workspaces/ros2-coding/install/moveit_resources_panda_description', 'merge_install': False, 'path': '/workspaces/ros2-coding/turtlesim_ws/src/panda_description', 'symlink_install': True, 'test_result_base': None}
[0.348s] Level 5:colcon.colcon_core.verb:set package 'my_turtlesim' build argument 'cmake_args' from command line to 'None'
[0.348s] Level 5:colcon.colcon_core.verb:set package 'my_turtlesim' build argument 'cmake_target' from command line to 'None'
[0.348s] Level 5:colcon.colcon_core.verb:set package 'my_turtlesim' build argument 'cmake_target_skip_unavailable' from command line to 'False'
[0.348s] Level 5:colcon.colcon_core.verb:set package 'my_turtlesim' build argument 'cmake_clean_cache' from command line to 'False'
[0.348s] Level 5:colcon.colcon_core.verb:set package 'my_turtlesim' build argument 'cmake_clean_first' from command line to 'False'
[0.348s] Level 5:colcon.colcon_core.verb:set package 'my_turtlesim' build argument 'cmake_force_configure' from command line to 'False'
[0.348s] Level 5:colcon.colcon_core.verb:set package 'my_turtlesim' build argument 'ament_cmake_args' from command line to 'None'
[0.348s] Level 5:colcon.colcon_core.verb:set package 'my_turtlesim' build argument 'catkin_cmake_args' from command line to 'None'
[0.348s] Level 5:colcon.colcon_core.verb:set package 'my_turtlesim' build argument 'catkin_skip_building_tests' from command line to 'False'
[0.348s] DEBUG:colcon.colcon_core.verb:Building package 'my_turtlesim' with the following arguments: {'ament_cmake_args': None, 'build_base': '/workspaces/ros2-coding/build/my_turtlesim', 'catkin_cmake_args': None, 'catkin_skip_building_tests': False, 'cmake_args': None, 'cmake_clean_cache': False, 'cmake_clean_first': False, 'cmake_force_configure': False, 'cmake_target': None, 'cmake_target_skip_unavailable': False, 'install_base': '/workspaces/ros2-coding/install/my_turtlesim', 'merge_install': False, 'path': '/workspaces/ros2-coding/turtlesim_ws/src/my_turtlesim', 'symlink_install': True, 'test_result_base': None}
[0.348s] Level 5:colcon.colcon_core.verb:set package 'ros_gz_example_application' build argument 'cmake_args' from command line to 'None'
[0.348s] Level 5:colcon.colcon_core.verb:set package 'ros_gz_example_application' build argument 'cmake_target' from command line to 'None'
[0.348s] Level 5:colcon.colcon_core.verb:set package 'ros_gz_example_application' build argument 'cmake_target_skip_unavailable' from command line to 'False'
[0.348s] Level 5:colcon.colcon_core.verb:set package 'ros_gz_example_application' build argument 'cmake_clean_cache' from command line to 'False'
[0.348s] Level 5:colcon.colcon_core.verb:set package 'ros_gz_example_application' build argument 'cmake_clean_first' from command line to 'False'
[0.348s] Level 5:colcon.colcon_core.verb:set package 'ros_gz_example_application' build argument 'cmake_force_configure' from command line to 'False'
[0.349s] Level 5:colcon.colcon_core.verb:set package 'ros_gz_example_application' build argument 'ament_cmake_args' from command line to 'None'
[0.349s] Level 5:colcon.colcon_core.verb:set package 'ros_gz_example_application' build argument 'catkin_cmake_args' from command line to 'None'
[0.349s] Level 5:colcon.colcon_core.verb:set package 'ros_gz_example_application' build argument 'catkin_skip_building_tests' from command line to 'False'
[0.349s] DEBUG:colcon.colcon_core.verb:Building package 'ros_gz_example_application' with the following arguments: {'ament_cmake_args': None, 'build_base': '/workspaces/ros2-coding/build/ros_gz_example_application', 'catkin_cmake_args': None, 'catkin_skip_building_tests': False, 'cmake_args': None, 'cmake_clean_cache': False, 'cmake_clean_first': False, 'cmake_force_configure': False, 'cmake_target': None, 'cmake_target_skip_unavailable': False, 'install_base': '/workspaces/ros2-coding/install/ros_gz_example_application', 'merge_install': False, 'path': '/workspaces/ros2-coding/turtlesim_ws/src/ros_gz_example_application', 'symlink_install': True, 'test_result_base': None}
[0.349s] Level 5:colcon.colcon_core.verb:set package 'ros_gz_example_description' build argument 'cmake_args' from command line to 'None'
[0.349s] Level 5:colcon.colcon_core.verb:set package 'ros_gz_example_description' build argument 'cmake_target' from command line to 'None'
[0.349s] Level 5:colcon.colcon_core.verb:set package 'ros_gz_example_description' build argument 'cmake_target_skip_unavailable' from command line to 'False'
[0.349s] Level 5:colcon.colcon_core.verb:set package 'ros_gz_example_description' build argument 'cmake_clean_cache' from command line to 'False'
[0.349s] Level 5:colcon.colcon_core.verb:set package 'ros_gz_example_description' build argument 'cmake_clean_first' from command line to 'False'
[0.349s] Level 5:colcon.colcon_core.verb:set package 'ros_gz_example_description' build argument 'cmake_force_configure' from command line to 'False'
[0.349s] Level 5:colcon.colcon_core.verb:set package 'ros_gz_example_description' build argument 'ament_cmake_args' from command line to 'None'
[0.349s] Level 5:colcon.colcon_core.verb:set package 'ros_gz_example_description' build argument 'catkin_cmake_args' from command line to 'None'
[0.349s] Level 5:colcon.colcon_core.verb:set package 'ros_gz_example_description' build argument 'catkin_skip_building_tests' from command line to 'False'
[0.349s] DEBUG:colcon.colcon_core.verb:Building package 'ros_gz_example_description' with the following arguments: {'ament_cmake_args': None, 'build_base': '/workspaces/ros2-coding/build/ros_gz_example_description', 'catkin_cmake_args': None, 'catkin_skip_building_tests': False, 'cmake_args': None, 'cmake_clean_cache': False, 'cmake_clean_first': False, 'cmake_force_configure': False, 'cmake_target': None, 'cmake_target_skip_unavailable': False, 'install_base': '/workspaces/ros2-coding/install/ros_gz_example_description', 'merge_install': False, 'path': '/workspaces/ros2-coding/turtlesim_ws/src/ros_gz_example_description', 'symlink_install': True, 'test_result_base': None}
[0.350s] Level 5:colcon.colcon_core.verb:set package 'human_controller' build argument 'cmake_args' from command line to 'None'
[0.350s] Level 5:colcon.colcon_core.verb:set package 'human_controller' build argument 'cmake_target' from command line to 'None'
[0.350s] Level 5:colcon.colcon_core.verb:set package 'human_controller' build argument 'cmake_target_skip_unavailable' from command line to 'False'
[0.350s] Level 5:colcon.colcon_core.verb:set package 'human_controller' build argument 'cmake_clean_cache' from command line to 'False'
[0.350s] Level 5:colcon.colcon_core.verb:set package 'human_controller' build argument 'cmake_clean_first' from command line to 'False'
[0.350s] Level 5:colcon.colcon_core.verb:set package 'human_controller' build argument 'cmake_force_configure' from command line to 'False'
[0.350s] Level 5:colcon.colcon_core.verb:set package 'human_controller' build argument 'ament_cmake_args' from command line to 'None'
[0.350s] Level 5:colcon.colcon_core.verb:set package 'human_controller' build argument 'catkin_cmake_args' from command line to 'None'
[0.350s] Level 5:colcon.colcon_core.verb:set package 'human_controller' build argument 'catkin_skip_building_tests' from command line to 'False'
[0.350s] DEBUG:colcon.colcon_core.verb:Building package 'human_controller' with the following arguments: {'ament_cmake_args': None, 'build_base': '/workspaces/ros2-coding/build/human_controller', 'catkin_cmake_args': None, 'catkin_skip_building_tests': False, 'cmake_args': None, 'cmake_clean_cache': False, 'cmake_clean_first': False, 'cmake_force_configure': False, 'cmake_target': None, 'cmake_target_skip_unavailable': False, 'install_base': '/workspaces/ros2-coding/install/human_controller', 'merge_install': False, 'path': '/workspaces/ros2-coding/turtlesim_ws/src/human_controller', 'symlink_install': True, 'test_result_base': None}
[0.350s] Level 5:colcon.colcon_core.verb:set package 'moveit_resources_panda_moveit_config' build argument 'cmake_args' from command line to 'None'
[0.350s] Level 5:colcon.colcon_core.verb:set package 'moveit_resources_panda_moveit_config' build argument 'cmake_target' from command line to 'None'
[0.350s] Level 5:colcon.colcon_core.verb:set package 'moveit_resources_panda_moveit_config' build argument 'cmake_target_skip_unavailable' from command line to 'False'
[0.350s] Level 5:colcon.colcon_core.verb:set package 'moveit_resources_panda_moveit_config' build argument 'cmake_clean_cache' from command line to 'False'
[0.351s] Level 5:colcon.colcon_core.verb:set package 'moveit_resources_panda_moveit_config' build argument 'cmake_clean_first' from command line to 'False'
[0.351s] Level 5:colcon.colcon_core.verb:set package 'moveit_resources_panda_moveit_config' build argument 'cmake_force_configure' from command line to 'False'
[0.351s] Level 5:colcon.colcon_core.verb:set package 'moveit_resources_panda_moveit_config' build argument 'ament_cmake_args' from command line to 'None'
[0.351s] Level 5:colcon.colcon_core.verb:set package 'moveit_resources_panda_moveit_config' build argument 'catkin_cmake_args' from command line to 'None'
[0.351s] Level 5:colcon.colcon_core.verb:set package 'moveit_resources_panda_moveit_config' build argument 'catkin_skip_building_tests' from command line to 'False'
[0.351s] DEBUG:colcon.colcon_core.verb:Building package 'moveit_resources_panda_moveit_config' with the following arguments: {'ament_cmake_args': None, 'build_base': '/workspaces/ros2-coding/build/moveit_resources_panda_moveit_config', 'catkin_cmake_args': None, 'catkin_skip_building_tests': False, 'cmake_args': None, 'cmake_clean_cache': False, 'cmake_clean_first': False, 'cmake_force_configure': False, 'cmake_target': None, 'cmake_target_skip_unavailable': False, 'install_base': '/workspaces/ros2-coding/install/moveit_resources_panda_moveit_config', 'merge_install': False, 'path': '/workspaces/ros2-coding/turtlesim_ws/src/panda_moveit_config', 'symlink_install': True, 'test_result_base': None}
[0.351s] Level 5:colcon.colcon_core.verb:set package 'ros_gz_example_gazebo' build argument 'cmake_args' from command line to 'None'
[0.351s] Level 5:colcon.colcon_core.verb:set package 'ros_gz_example_gazebo' build argument 'cmake_target' from command line to 'None'
[0.351s] Level 5:colcon.colcon_core.verb:set package 'ros_gz_example_gazebo' build argument 'cmake_target_skip_unavailable' from command line to 'False'
[0.351s] Level 5:colcon.colcon_core.verb:set package 'ros_gz_example_gazebo' build argument 'cmake_clean_cache' from command line to 'False'
[0.351s] Level 5:colcon.colcon_core.verb:set package 'ros_gz_example_gazebo' build argument 'cmake_clean_first' from command line to 'False'
[0.351s] Level 5:colcon.colcon_core.verb:set package 'ros_gz_example_gazebo' build argument 'cmake_force_configure' from command line to 'False'
[0.351s] Level 5:colcon.colcon_core.verb:set package 'ros_gz_example_gazebo' build argument 'ament_cmake_args' from command line to 'None'
[0.351s] Level 5:colcon.colcon_core.verb:set package 'ros_gz_example_gazebo' build argument 'catkin_cmake_args' from command line to 'None'
[0.351s] Level 5:colcon.colcon_core.verb:set package 'ros_gz_example_gazebo' build argument 'catkin_skip_building_tests' from command line to 'False'
[0.351s] DEBUG:colcon.colcon_core.verb:Building package 'ros_gz_example_gazebo' with the following arguments: {'ament_cmake_args': None, 'build_base': '/workspaces/ros2-coding/build/ros_gz_example_gazebo', 'catkin_cmake_args': None, 'catkin_skip_building_tests': False, 'cmake_args': None, 'cmake_clean_cache': False, 'cmake_clean_first': False, 'cmake_force_configure': False, 'cmake_target': None, 'cmake_target_skip_unavailable': False, 'install_base': '/workspaces/ros2-coding/install/ros_gz_example_gazebo', 'merge_install': False, 'path': '/workspaces/ros2-coding/turtlesim_ws/src/ros_gz_example_gazebo', 'symlink_install': True, 'test_result_base': None}
[0.352s] Level 5:colcon.colcon_core.verb:set package 'isaac_moveit' build argument 'cmake_args' from command line to 'None'
[0.352s] Level 5:colcon.colcon_core.verb:set package 'isaac_moveit' build argument 'cmake_target' from command line to 'None'
[0.352s] Level 5:colcon.colcon_core.verb:set package 'isaac_moveit' build argument 'cmake_target_skip_unavailable' from command line to 'False'
[0.352s] Level 5:colcon.colcon_core.verb:set package 'isaac_moveit' build argument 'cmake_clean_cache' from command line to 'False'
[0.352s] Level 5:colcon.colcon_core.verb:set package 'isaac_moveit' build argument 'cmake_clean_first' from command line to 'False'
[0.352s] Level 5:colcon.colcon_core.verb:set package 'isaac_moveit' build argument 'cmake_force_configure' from command line to 'False'
[0.352s] Level 5:colcon.colcon_core.verb:set package 'isaac_moveit' build argument 'ament_cmake_args' from command line to 'None'
[0.352s] Level 5:colcon.colcon_core.verb:set package 'isaac_moveit' build argument 'catkin_cmake_args' from command line to 'None'
[0.352s] Level 5:colcon.colcon_core.verb:set package 'isaac_moveit' build argument 'catkin_skip_building_tests' from command line to 'False'
[0.352s] DEBUG:colcon.colcon_core.verb:Building package 'isaac_moveit' with the following arguments: {'ament_cmake_args': None, 'build_base': '/workspaces/ros2-coding/build/isaac_moveit', 'catkin_cmake_args': None, 'catkin_skip_building_tests': False, 'cmake_args': None, 'cmake_clean_cache': False, 'cmake_clean_first': False, 'cmake_force_configure': False, 'cmake_target': None, 'cmake_target_skip_unavailable': False, 'install_base': '/workspaces/ros2-coding/install/isaac_moveit', 'merge_install': False, 'path': '/workspaces/ros2-coding/turtlesim_ws/src/moveit/isaac_moveit', 'symlink_install': True, 'test_result_base': None}
[0.352s] Level 5:colcon.colcon_core.verb:set package 'ros_gz_example_bringup' build argument 'cmake_args' from command line to 'None'
[0.352s] Level 5:colcon.colcon_core.verb:set package 'ros_gz_example_bringup' build argument 'cmake_target' from command line to 'None'
[0.353s] Level 5:colcon.colcon_core.verb:set package 'ros_gz_example_bringup' build argument 'cmake_target_skip_unavailable' from command line to 'False'
[0.353s] Level 5:colcon.colcon_core.verb:set package 'ros_gz_example_bringup' build argument 'cmake_clean_cache' from command line to 'False'
[0.353s] Level 5:colcon.colcon_core.verb:set package 'ros_gz_example_bringup' build argument 'cmake_clean_first' from command line to 'False'
[0.353s] Level 5:colcon.colcon_core.verb:set package 'ros_gz_example_bringup' build argument 'cmake_force_configure' from command line to 'False'
[0.353s] Level 5:colcon.colcon_core.verb:set package 'ros_gz_example_bringup' build argument 'ament_cmake_args' from command line to 'None'
[0.353s] Level 5:colcon.colcon_core.verb:set package 'ros_gz_example_bringup' build argument 'catkin_cmake_args' from command line to 'None'
[0.353s] Level 5:colcon.colcon_core.verb:set package 'ros_gz_example_bringup' build argument 'catkin_skip_building_tests' from command line to 'False'
[0.353s] DEBUG:colcon.colcon_core.verb:Building package 'ros_gz_example_bringup' with the following arguments: {'ament_cmake_args': None, 'build_base': '/workspaces/ros2-coding/build/ros_gz_example_bringup', 'catkin_cmake_args': None, 'catkin_skip_building_tests': False, 'cmake_args': None, 'cmake_clean_cache': False, 'cmake_clean_first': False, 'cmake_force_configure': False, 'cmake_target': None, 'cmake_target_skip_unavailable': False, 'install_base': '/workspaces/ros2-coding/install/ros_gz_example_bringup', 'merge_install': False, 'path': '/workspaces/ros2-coding/turtlesim_ws/src/ros_gz_example_bringup', 'symlink_install': True, 'test_result_base': None}
[0.353s] INFO:colcon.colcon_core.executor:Executing jobs using 'parallel' executor
[0.354s] DEBUG:colcon.colcon_parallel_executor.executor.parallel:run_until_complete
[0.355s] INFO:colcon.colcon_ros.task.ament_cmake.build:Building ROS package in '/workspaces/ros2-coding/turtlesim_ws/src/panda_description' with build type 'ament_cmake'
[0.355s] INFO:colcon.colcon_cmake.task.cmake.build:Building CMake package in '/workspaces/ros2-coding/turtlesim_ws/src/panda_description'
[0.359s] INFO:colcon.colcon_core.plugin_system:Skipping extension 'colcon_core.shell.bat': Not used on non-Windows systems
[0.359s] INFO:colcon.colcon_core.shell:Skip shell extension 'powershell' for command environment: Not usable outside of PowerShell
[0.359s] DEBUG:colcon.colcon_core.shell:Skip shell extension 'dsv' for command environment
[0.373s] INFO:colcon.colcon_ros.task.ament_cmake.build:Building ROS package in '/workspaces/ros2-coding/turtlesim_ws/src/ros_gz_example_description' with build type 'ament_cmake'
[0.374s] INFO:colcon.colcon_cmake.task.cmake.build:Building CMake package in '/workspaces/ros2-coding/turtlesim_ws/src/ros_gz_example_description'
[0.374s] INFO:colcon.colcon_core.shell:Skip shell extension 'powershell' for command environment: Not usable outside of PowerShell
[0.374s] DEBUG:colcon.colcon_core.shell:Skip shell extension 'dsv' for command environment
[0.387s] INFO:colcon.colcon_ros.task.ament_cmake.build:Building ROS package in '/workspaces/ros2-coding/turtlesim_ws/src/human_interfaces' with build type 'ament_cmake'
[0.387s] INFO:colcon.colcon_cmake.task.cmake.build:Building CMake package in '/workspaces/ros2-coding/turtlesim_ws/src/human_interfaces'
[0.387s] INFO:colcon.colcon_core.shell:Skip shell extension 'powershell' for command environment: Not usable outside of PowerShell
[0.387s] DEBUG:colcon.colcon_core.shell:Skip shell extension 'dsv' for command environment
[0.396s] INFO:colcon.colcon_ros.task.ament_cmake.build:Building ROS package in '/workspaces/ros2-coding/turtlesim_ws/src/navigation/carter_navigation' with build type 'ament_cmake'
[0.396s] INFO:colcon.colcon_cmake.task.cmake.build:Building CMake package in '/workspaces/ros2-coding/turtlesim_ws/src/navigation/carter_navigation'
[0.396s] INFO:colcon.colcon_core.shell:Skip shell extension 'powershell' for command environment: Not usable outside of PowerShell
[0.396s] DEBUG:colcon.colcon_core.shell:Skip shell extension 'dsv' for command environment
[0.411s] DEBUG:colcon.colcon_core.event_handler.log_command:Invoking command in '/workspaces/ros2-coding/build/moveit_resources_panda_description': CMAKE_PREFIX_PATH=${CMAKE_PREFIX_PATH}:/workspaces/ros2-coding/install/rqt_joint_trajectory_controller:/workspaces/ros2-coding/install/rqt_controller_manager:/workspaces/ros2-coding/install/ros2controlcli:/workspaces/ros2-coding/install/ros2_controllers_test_nodes:/workspaces/ros2-coding/install/my_turtlesim:/workspaces/ros2-coding/install/issac_sim:/workspaces/ros2-coding/install/isaac_ros_navigation_goal:/workspaces/ros2-coding/install/human_controller:/opt/ros/jazzy VIRTUAL_ENV_PROMPT=(.venv) /usr/bin/cmake --build /workspaces/ros2-coding/build/moveit_resources_panda_description -- -j4 -l4
[0.415s] DEBUG:colcon.colcon_core.event_handler.log_command:Invoking command in '/workspaces/ros2-coding/build/ros_gz_example_description': CMAKE_PREFIX_PATH=${CMAKE_PREFIX_PATH}:/workspaces/ros2-coding/install/rqt_joint_trajectory_controller:/workspaces/ros2-coding/install/rqt_controller_manager:/workspaces/ros2-coding/install/ros2controlcli:/workspaces/ros2-coding/install/ros2_controllers_test_nodes:/workspaces/ros2-coding/install/my_turtlesim:/workspaces/ros2-coding/install/issac_sim:/workspaces/ros2-coding/install/isaac_ros_navigation_goal:/workspaces/ros2-coding/install/human_controller:/opt/ros/jazzy VIRTUAL_ENV_PROMPT=(.venv) /usr/bin/cmake --build /workspaces/ros2-coding/build/ros_gz_example_description -- -j4 -l4
[0.418s] DEBUG:colcon.colcon_core.event_handler.log_command:Invoking command in '/workspaces/ros2-coding/build/human_interfaces': CMAKE_PREFIX_PATH=${CMAKE_PREFIX_PATH}:/workspaces/ros2-coding/install/rqt_joint_trajectory_controller:/workspaces/ros2-coding/install/rqt_controller_manager:/workspaces/ros2-coding/install/ros2controlcli:/workspaces/ros2-coding/install/ros2_controllers_test_nodes:/workspaces/ros2-coding/install/my_turtlesim:/workspaces/ros2-coding/install/issac_sim:/workspaces/ros2-coding/install/isaac_ros_navigation_goal:/workspaces/ros2-coding/install/human_controller:/opt/ros/jazzy VIRTUAL_ENV_PROMPT=(.venv) /usr/bin/cmake --build /workspaces/ros2-coding/build/human_interfaces -- -j4 -l4
[0.424s] DEBUG:colcon.colcon_core.event_handler.log_command:Invoking command in '/workspaces/ros2-coding/build/carter_navigation': CMAKE_PREFIX_PATH=${CMAKE_PREFIX_PATH}:/workspaces/ros2-coding/install/rqt_joint_trajectory_controller:/workspaces/ros2-coding/install/rqt_controller_manager:/workspaces/ros2-coding/install/ros2controlcli:/workspaces/ros2-coding/install/ros2_controllers_test_nodes:/workspaces/ros2-coding/install/my_turtlesim:/workspaces/ros2-coding/install/issac_sim:/workspaces/ros2-coding/install/isaac_ros_navigation_goal:/workspaces/ros2-coding/install/human_controller:/opt/ros/jazzy VIRTUAL_ENV_PROMPT=(.venv) /usr/bin/cmake --build /workspaces/ros2-coding/build/carter_navigation -- -j4 -l4
[0.531s] DEBUG:colcon.colcon_core.event_handler.log_command:Invoked command in '/workspaces/ros2-coding/build/carter_navigation' returned '0': CMAKE_PREFIX_PATH=${CMAKE_PREFIX_PATH}:/workspaces/ros2-coding/install/rqt_joint_trajectory_controller:/workspaces/ros2-coding/install/rqt_controller_manager:/workspaces/ros2-coding/install/ros2controlcli:/workspaces/ros2-coding/install/ros2_controllers_test_nodes:/workspaces/ros2-coding/install/my_turtlesim:/workspaces/ros2-coding/install/issac_sim:/workspaces/ros2-coding/install/isaac_ros_navigation_goal:/workspaces/ros2-coding/install/human_controller:/opt/ros/jazzy VIRTUAL_ENV_PROMPT=(.venv) /usr/bin/cmake --build /workspaces/ros2-coding/build/carter_navigation -- -j4 -l4
[0.562s] DEBUG:colcon.colcon_core.event_handler.log_command:Invoking command in '/workspaces/ros2-coding/build/carter_navigation': CMAKE_PREFIX_PATH=${CMAKE_PREFIX_PATH}:/workspaces/ros2-coding/install/rqt_joint_trajectory_controller:/workspaces/ros2-coding/install/rqt_controller_manager:/workspaces/ros2-coding/install/ros2controlcli:/workspaces/ros2-coding/install/ros2_controllers_test_nodes:/workspaces/ros2-coding/install/my_turtlesim:/workspaces/ros2-coding/install/issac_sim:/workspaces/ros2-coding/install/isaac_ros_navigation_goal:/workspaces/ros2-coding/install/human_controller:/opt/ros/jazzy VIRTUAL_ENV_PROMPT=(.venv) /usr/bin/cmake --install /workspaces/ros2-coding/build/carter_navigation
[0.570s] DEBUG:colcon.colcon_core.event_handler.log_command:Invoked command in '/workspaces/ros2-coding/build/ros_gz_example_description' returned '0': CMAKE_PREFIX_PATH=${CMAKE_PREFIX_PATH}:/workspaces/ros2-coding/install/rqt_joint_trajectory_controller:/workspaces/ros2-coding/install/rqt_controller_manager:/workspaces/ros2-coding/install/ros2controlcli:/workspaces/ros2-coding/install/ros2_controllers_test_nodes:/workspaces/ros2-coding/install/my_turtlesim:/workspaces/ros2-coding/install/issac_sim:/workspaces/ros2-coding/install/isaac_ros_navigation_goal:/workspaces/ros2-coding/install/human_controller:/opt/ros/jazzy VIRTUAL_ENV_PROMPT=(.venv) /usr/bin/cmake --build /workspaces/ros2-coding/build/ros_gz_example_description -- -j4 -l4
[0.571s] DEBUG:colcon.colcon_core.event_handler.log_command:Invoking command in '/workspaces/ros2-coding/build/ros_gz_example_description': CMAKE_PREFIX_PATH=${CMAKE_PREFIX_PATH}:/workspaces/ros2-coding/install/rqt_joint_trajectory_controller:/workspaces/ros2-coding/install/rqt_controller_manager:/workspaces/ros2-coding/install/ros2controlcli:/workspaces/ros2-coding/install/ros2_controllers_test_nodes:/workspaces/ros2-coding/install/my_turtlesim:/workspaces/ros2-coding/install/issac_sim:/workspaces/ros2-coding/install/isaac_ros_navigation_goal:/workspaces/ros2-coding/install/human_controller:/opt/ros/jazzy VIRTUAL_ENV_PROMPT=(.venv) /usr/bin/cmake --install /workspaces/ros2-coding/build/ros_gz_example_description
[0.578s] DEBUG:colcon.colcon_core.event_handler.log_command:Invoked command in '/workspaces/ros2-coding/build/moveit_resources_panda_description' returned '0': CMAKE_PREFIX_PATH=${CMAKE_PREFIX_PATH}:/workspaces/ros2-coding/install/rqt_joint_trajectory_controller:/workspaces/ros2-coding/install/rqt_controller_manager:/workspaces/ros2-coding/install/ros2controlcli:/workspaces/ros2-coding/install/ros2_controllers_test_nodes:/workspaces/ros2-coding/install/my_turtlesim:/workspaces/ros2-coding/install/issac_sim:/workspaces/ros2-coding/install/isaac_ros_navigation_goal:/workspaces/ros2-coding/install/human_controller:/opt/ros/jazzy VIRTUAL_ENV_PROMPT=(.venv) /usr/bin/cmake --build /workspaces/ros2-coding/build/moveit_resources_panda_description -- -j4 -l4
[0.580s] DEBUG:colcon.colcon_core.event_handler.log_command:Invoking command in '/workspaces/ros2-coding/build/moveit_resources_panda_description': CMAKE_PREFIX_PATH=${CMAKE_PREFIX_PATH}:/workspaces/ros2-coding/install/rqt_joint_trajectory_controller:/workspaces/ros2-coding/install/rqt_controller_manager:/workspaces/ros2-coding/install/ros2controlcli:/workspaces/ros2-coding/install/ros2_controllers_test_nodes:/workspaces/ros2-coding/install/my_turtlesim:/workspaces/ros2-coding/install/issac_sim:/workspaces/ros2-coding/install/isaac_ros_navigation_goal:/workspaces/ros2-coding/install/human_controller:/opt/ros/jazzy VIRTUAL_ENV_PROMPT=(.venv) /usr/bin/cmake --install /workspaces/ros2-coding/build/moveit_resources_panda_description
[0.668s] Level 1:colcon.colcon_core.environment:create_environment_scripts_only(ros_gz_example_description)
[0.677s] DEBUG:colcon.colcon_core.event_handler.log_command:Invoked command in '/workspaces/ros2-coding/build/ros_gz_example_description' returned '0': CMAKE_PREFIX_PATH=${CMAKE_PREFIX_PATH}:/workspaces/ros2-coding/install/rqt_joint_trajectory_controller:/workspaces/ros2-coding/install/rqt_controller_manager:/workspaces/ros2-coding/install/ros2controlcli:/workspaces/ros2-coding/install/ros2_controllers_test_nodes:/workspaces/ros2-coding/install/my_turtlesim:/workspaces/ros2-coding/install/issac_sim:/workspaces/ros2-coding/install/isaac_ros_navigation_goal:/workspaces/ros2-coding/install/human_controller:/opt/ros/jazzy VIRTUAL_ENV_PROMPT=(.venv) /usr/bin/cmake --install /workspaces/ros2-coding/build/ros_gz_example_description
[0.679s] Level 1:colcon.colcon_core.environment:checking '/workspaces/ros2-coding/install/ros_gz_example_description' for CMake module files
[0.691s] Level 1:colcon.colcon_core.environment:checking '/workspaces/ros2-coding/install/ros_gz_example_description' for CMake config files
[0.692s] Level 1:colcon.colcon_core.shell:create_environment_hook('ros_gz_example_description', 'cmake_prefix_path')
[0.693s] INFO:colcon.colcon_core.shell:Creating environment hook '/workspaces/ros2-coding/install/ros_gz_example_description/share/ros_gz_example_description/hook/cmake_prefix_path.ps1'
[0.696s] INFO:colcon.colcon_core.shell:Creating environment descriptor '/workspaces/ros2-coding/install/ros_gz_example_description/share/ros_gz_example_description/hook/cmake_prefix_path.dsv'
[0.700s] INFO:colcon.colcon_core.shell:Creating environment hook '/workspaces/ros2-coding/install/ros_gz_example_description/share/ros_gz_example_description/hook/cmake_prefix_path.sh'
[0.702s] Level 1:colcon.colcon_core.environment:checking '/workspaces/ros2-coding/install/ros_gz_example_description/bin'
[0.703s] Level 1:colcon.colcon_core.environment:checking '/workspaces/ros2-coding/install/ros_gz_example_description/lib/pkgconfig/ros_gz_example_description.pc'
[0.712s] Level 1:colcon.colcon_core.environment:checking '/workspaces/ros2-coding/install/ros_gz_example_description/lib/python3.12/site-packages'
[0.713s] Level 1:colcon.colcon_core.environment:checking '/workspaces/ros2-coding/install/ros_gz_example_description/bin'
[0.714s] INFO:colcon.colcon_core.shell:Creating package script '/workspaces/ros2-coding/install/ros_gz_example_description/share/ros_gz_example_description/package.ps1'
[0.718s] INFO:colcon.colcon_core.shell:Creating package descriptor '/workspaces/ros2-coding/install/ros_gz_example_description/share/ros_gz_example_description/package.dsv'
[0.720s] INFO:colcon.colcon_core.shell:Creating package script '/workspaces/ros2-coding/install/ros_gz_example_description/share/ros_gz_example_description/package.sh'
[0.724s] INFO:colcon.colcon_core.shell:Creating package script '/workspaces/ros2-coding/install/ros_gz_example_description/share/ros_gz_example_description/package.bash'
[0.727s] INFO:colcon.colcon_core.shell:Creating package script '/workspaces/ros2-coding/install/ros_gz_example_description/share/ros_gz_example_description/package.zsh'
[0.729s] Level 1:colcon.colcon_core.environment:create_file_with_runtime_dependencies(/workspaces/ros2-coding/install/ros_gz_example_description/share/colcon-core/packages/ros_gz_example_description)
[0.731s] Level 1:colcon.colcon_core.environment:create_environment_scripts_only(ros_gz_example_description)
[0.733s] Level 1:colcon.colcon_core.environment:checking '/workspaces/ros2-coding/install/ros_gz_example_description' for CMake module files
[0.736s] Level 1:colcon.colcon_core.environment:checking '/workspaces/ros2-coding/install/ros_gz_example_description' for CMake config files
[0.739s] Level 1:colcon.colcon_core.shell:create_environment_hook('ros_gz_example_description', 'cmake_prefix_path')
[0.740s] INFO:colcon.colcon_core.shell:Creating environment hook '/workspaces/ros2-coding/install/ros_gz_example_description/share/ros_gz_example_description/hook/cmake_prefix_path.ps1'
[0.743s] INFO:colcon.colcon_core.shell:Creating environment descriptor '/workspaces/ros2-coding/install/ros_gz_example_description/share/ros_gz_example_description/hook/cmake_prefix_path.dsv'
[0.746s] INFO:colcon.colcon_core.shell:Creating environment hook '/workspaces/ros2-coding/install/ros_gz_example_description/share/ros_gz_example_description/hook/cmake_prefix_path.sh'
[0.749s] Level 1:colcon.colcon_core.environment:checking '/workspaces/ros2-coding/install/ros_gz_example_description/bin'
[0.749s] Level 1:colcon.colcon_core.environment:checking '/workspaces/ros2-coding/install/ros_gz_example_description/lib/pkgconfig/ros_gz_example_description.pc'
[0.750s] Level 1:colcon.colcon_core.environment:checking '/workspaces/ros2-coding/install/ros_gz_example_description/lib/python3.12/site-packages'
[0.755s] Level 1:colcon.colcon_core.environment:checking '/workspaces/ros2-coding/install/ros_gz_example_description/bin'
[0.758s] INFO:colcon.colcon_core.shell:Creating package script '/workspaces/ros2-coding/install/ros_gz_example_description/share/ros_gz_example_description/package.ps1'
[0.762s] INFO:colcon.colcon_core.shell:Creating package descriptor '/workspaces/ros2-coding/install/ros_gz_example_description/share/ros_gz_example_description/package.dsv'
[0.766s] INFO:colcon.colcon_core.shell:Creating package script '/workspaces/ros2-coding/install/ros_gz_example_description/share/ros_gz_example_description/package.sh'
[0.769s] INFO:colcon.colcon_core.shell:Creating package script '/workspaces/ros2-coding/install/ros_gz_example_description/share/ros_gz_example_description/package.bash'
[0.772s] INFO:colcon.colcon_core.shell:Creating package script '/workspaces/ros2-coding/install/ros_gz_example_description/share/ros_gz_example_description/package.zsh'
[0.774s] Level 1:colcon.colcon_core.environment:create_file_with_runtime_dependencies(/workspaces/ros2-coding/install/ros_gz_example_description/share/colcon-core/packages/ros_gz_example_description)
[0.777s] INFO:colcon.colcon_ros.task.ament_cmake.build:Building ROS package in '/workspaces/ros2-coding/turtlesim_ws/src/ros_gz_example_gazebo' with build type 'ament_cmake'
[0.778s] INFO:colcon.colcon_cmake.task.cmake.build:Building CMake package in '/workspaces/ros2-coding/turtlesim_ws/src/ros_gz_example_gazebo'
[0.780s] INFO:colcon.colcon_core.shell:Skip shell extension 'powershell' for command environment: Not usable outside of PowerShell
[0.781s] DEBUG:colcon.colcon_core.shell:Skip shell extension 'dsv' for command environment
[0.818s] Level 1:colcon.colcon_core.environment:create_environment_scripts_only(carter_navigation)
[0.818s] Level 1:colcon.colcon_core.environment:checking '/workspaces/ros2-coding/install/carter_navigation' for CMake module files
[0.820s] DEBUG:colcon.colcon_core.event_handler.log_command:Invoked command in '/workspaces/ros2-coding/build/carter_navigation' returned '0': CMAKE_PREFIX_PATH=${CMAKE_PREFIX_PATH}:/workspaces/ros2-coding/install/rqt_joint_trajectory_controller:/workspaces/ros2-coding/install/rqt_controller_manager:/workspaces/ros2-coding/install/ros2controlcli:/workspaces/ros2-coding/install/ros2_controllers_test_nodes:/workspaces/ros2-coding/install/my_turtlesim:/workspaces/ros2-coding/install/issac_sim:/workspaces/ros2-coding/install/isaac_ros_navigation_goal:/workspaces/ros2-coding/install/human_controller:/opt/ros/jazzy VIRTUAL_ENV_PROMPT=(.venv) /usr/bin/cmake --install /workspaces/ros2-coding/build/carter_navigation
[0.821s] Level 1:colcon.colcon_core.environment:checking '/workspaces/ros2-coding/install/carter_navigation' for CMake config files
[0.823s] Level 1:colcon.colcon_core.shell:create_environment_hook('carter_navigation', 'cmake_prefix_path')
[0.823s] INFO:colcon.colcon_core.shell:Creating environment hook '/workspaces/ros2-coding/install/carter_navigation/share/carter_navigation/hook/cmake_prefix_path.ps1'
[0.825s] INFO:colcon.colcon_core.shell:Creating environment descriptor '/workspaces/ros2-coding/install/carter_navigation/share/carter_navigation/hook/cmake_prefix_path.dsv'
[0.826s] INFO:colcon.colcon_core.shell:Creating environment hook '/workspaces/ros2-coding/install/carter_navigation/share/carter_navigation/hook/cmake_prefix_path.sh'
[0.830s] Level 1:colcon.colcon_core.environment:checking '/workspaces/ros2-coding/install/carter_navigation/bin'
[0.830s] Level 1:colcon.colcon_core.environment:checking '/workspaces/ros2-coding/install/carter_navigation/lib/pkgconfig/carter_navigation.pc'
[0.830s] Level 1:colcon.colcon_core.environment:checking '/workspaces/ros2-coding/install/carter_navigation/lib/python3.12/site-packages'
[0.831s] Level 1:colcon.colcon_core.environment:checking '/workspaces/ros2-coding/install/carter_navigation/bin'
[0.831s] INFO:colcon.colcon_core.shell:Creating package script '/workspaces/ros2-coding/install/carter_navigation/share/carter_navigation/package.ps1'
[0.832s] INFO:colcon.colcon_core.shell:Creating package descriptor '/workspaces/ros2-coding/install/carter_navigation/share/carter_navigation/package.dsv'
[0.839s] INFO:colcon.colcon_core.shell:Creating package script '/workspaces/ros2-coding/install/carter_navigation/share/carter_navigation/package.sh'
[0.840s] INFO:colcon.colcon_core.shell:Creating package script '/workspaces/ros2-coding/install/carter_navigation/share/carter_navigation/package.bash'
[0.841s] INFO:colcon.colcon_core.shell:Creating package script '/workspaces/ros2-coding/install/carter_navigation/share/carter_navigation/package.zsh'
[0.841s] Level 1:colcon.colcon_core.environment:create_file_with_runtime_dependencies(/workspaces/ros2-coding/install/carter_navigation/share/colcon-core/packages/carter_navigation)
[0.842s] Level 1:colcon.colcon_core.environment:create_environment_scripts_only(carter_navigation)
[0.848s] Level 1:colcon.colcon_core.environment:checking '/workspaces/ros2-coding/install/carter_navigation' for CMake module files
[0.849s] Level 1:colcon.colcon_core.environment:checking '/workspaces/ros2-coding/install/carter_navigation' for CMake config files
[0.850s] Level 1:colcon.colcon_core.shell:create_environment_hook('carter_navigation', 'cmake_prefix_path')
[0.853s] INFO:colcon.colcon_core.shell:Creating environment hook '/workspaces/ros2-coding/install/carter_navigation/share/carter_navigation/hook/cmake_prefix_path.ps1'
[0.856s] INFO:colcon.colcon_core.shell:Creating environment descriptor '/workspaces/ros2-coding/install/carter_navigation/share/carter_navigation/hook/cmake_prefix_path.dsv'
[0.857s] INFO:colcon.colcon_core.shell:Creating environment hook '/workspaces/ros2-coding/install/carter_navigation/share/carter_navigation/hook/cmake_prefix_path.sh'
[0.858s] Level 1:colcon.colcon_core.environment:checking '/workspaces/ros2-coding/install/carter_navigation/bin'
[0.858s] Level 1:colcon.colcon_core.environment:checking '/workspaces/ros2-coding/install/carter_navigation/lib/pkgconfig/carter_navigation.pc'
[0.858s] Level 1:colcon.colcon_core.environment:checking '/workspaces/ros2-coding/install/carter_navigation/lib/python3.12/site-packages'
[0.859s] Level 1:colcon.colcon_core.environment:checking '/workspaces/ros2-coding/install/carter_navigation/bin'
[0.865s] INFO:colcon.colcon_core.shell:Creating package script '/workspaces/ros2-coding/install/carter_navigation/share/carter_navigation/package.ps1'
[0.866s] INFO:colcon.colcon_core.shell:Creating package descriptor '/workspaces/ros2-coding/install/carter_navigation/share/carter_navigation/package.dsv'
[0.867s] INFO:colcon.colcon_core.shell:Creating package script '/workspaces/ros2-coding/install/carter_navigation/share/carter_navigation/package.sh'
[0.870s] INFO:colcon.colcon_core.shell:Creating package script '/workspaces/ros2-coding/install/carter_navigation/share/carter_navigation/package.bash'
[0.871s] INFO:colcon.colcon_core.shell:Creating package script '/workspaces/ros2-coding/install/carter_navigation/share/carter_navigation/package.zsh'
[0.872s] Level 1:colcon.colcon_core.environment:create_file_with_runtime_dependencies(/workspaces/ros2-coding/install/carter_navigation/share/colcon-core/packages/carter_navigation)
[0.875s] INFO:colcon.colcon_ros.task.ament_cmake.build:Building ROS package in '/workspaces/ros2-coding/turtlesim_ws/src/cmdvel_to_ackermann' with build type 'ament_cmake'
[0.877s] INFO:colcon.colcon_cmake.task.cmake.build:Building CMake package in '/workspaces/ros2-coding/turtlesim_ws/src/cmdvel_to_ackermann'
[0.877s] INFO:colcon.colcon_core.shell:Skip shell extension 'powershell' for command environment: Not usable outside of PowerShell
[0.877s] DEBUG:colcon.colcon_core.shell:Skip shell extension 'dsv' for command environment
[0.912s] Level 1:colcon.colcon_core.environment:create_environment_scripts_only(moveit_resources_panda_description)
[0.912s] Level 1:colcon.colcon_core.environment:checking '/workspaces/ros2-coding/install/moveit_resources_panda_description' for CMake module files
[0.913s] Level 1:colcon.colcon_core.environment:checking '/workspaces/ros2-coding/install/moveit_resources_panda_description' for CMake config files
[0.918s] Level 1:colcon.colcon_core.shell:create_environment_hook('moveit_resources_panda_description', 'cmake_prefix_path')
[0.922s] INFO:colcon.colcon_core.shell:Creating environment hook '/workspaces/ros2-coding/install/moveit_resources_panda_description/share/moveit_resources_panda_description/hook/cmake_prefix_path.ps1'
[0.912s] DEBUG:colcon.colcon_core.event_handler.log_command:Invoked command in '/workspaces/ros2-coding/build/moveit_resources_panda_description' returned '0': CMAKE_PREFIX_PATH=${CMAKE_PREFIX_PATH}:/workspaces/ros2-coding/install/rqt_joint_trajectory_controller:/workspaces/ros2-coding/install/rqt_controller_manager:/workspaces/ros2-coding/install/ros2controlcli:/workspaces/ros2-coding/install/ros2_controllers_test_nodes:/workspaces/ros2-coding/install/my_turtlesim:/workspaces/ros2-coding/install/issac_sim:/workspaces/ros2-coding/install/isaac_ros_navigation_goal:/workspaces/ros2-coding/install/human_controller:/opt/ros/jazzy VIRTUAL_ENV_PROMPT=(.venv) /usr/bin/cmake --install /workspaces/ros2-coding/build/moveit_resources_panda_description
[0.923s] INFO:colcon.colcon_core.shell:Creating environment descriptor '/workspaces/ros2-coding/install/moveit_resources_panda_description/share/moveit_resources_panda_description/hook/cmake_prefix_path.dsv'
[0.924s] INFO:colcon.colcon_core.shell:Creating environment hook '/workspaces/ros2-coding/install/moveit_resources_panda_description/share/moveit_resources_panda_description/hook/cmake_prefix_path.sh'
[0.927s] Level 1:colcon.colcon_core.environment:checking '/workspaces/ros2-coding/install/moveit_resources_panda_description/bin'
[0.927s] Level 1:colcon.colcon_core.environment:checking '/workspaces/ros2-coding/install/moveit_resources_panda_description/lib/pkgconfig/moveit_resources_panda_description.pc'
[0.930s] Level 1:colcon.colcon_core.environment:checking '/workspaces/ros2-coding/install/moveit_resources_panda_description/lib/python3.12/site-packages'
[0.931s] Level 1:colcon.colcon_core.environment:checking '/workspaces/ros2-coding/install/moveit_resources_panda_description/bin'
[0.931s] INFO:colcon.colcon_core.shell:Creating package script '/workspaces/ros2-coding/install/moveit_resources_panda_description/share/moveit_resources_panda_description/package.ps1'
[0.932s] INFO:colcon.colcon_core.shell:Creating package descriptor '/workspaces/ros2-coding/install/moveit_resources_panda_description/share/moveit_resources_panda_description/package.dsv'
[0.935s] INFO:colcon.colcon_core.shell:Creating package script '/workspaces/ros2-coding/install/moveit_resources_panda_description/share/moveit_resources_panda_description/package.sh'
[0.939s] INFO:colcon.colcon_core.shell:Creating package script '/workspaces/ros2-coding/install/moveit_resources_panda_description/share/moveit_resources_panda_description/package.bash'
[0.939s] INFO:colcon.colcon_core.shell:Creating package script '/workspaces/ros2-coding/install/moveit_resources_panda_description/share/moveit_resources_panda_description/package.zsh'
[0.940s] Level 1:colcon.colcon_core.environment:create_file_with_runtime_dependencies(/workspaces/ros2-coding/install/moveit_resources_panda_description/share/colcon-core/packages/moveit_resources_panda_description)
[0.940s] Level 1:colcon.colcon_core.environment:create_environment_scripts_only(moveit_resources_panda_description)
[0.946s] Level 1:colcon.colcon_core.environment:checking '/workspaces/ros2-coding/install/moveit_resources_panda_description' for CMake module files
[0.947s] Level 1:colcon.colcon_core.environment:checking '/workspaces/ros2-coding/install/moveit_resources_panda_description' for CMake config files
[0.948s] Level 1:colcon.colcon_core.shell:create_environment_hook('moveit_resources_panda_description', 'cmake_prefix_path')
[0.950s] INFO:colcon.colcon_core.shell:Creating environment hook '/workspaces/ros2-coding/install/moveit_resources_panda_description/share/moveit_resources_panda_description/hook/cmake_prefix_path.ps1'
[0.954s] INFO:colcon.colcon_core.shell:Creating environment descriptor '/workspaces/ros2-coding/install/moveit_resources_panda_description/share/moveit_resources_panda_description/hook/cmake_prefix_path.dsv'
[0.955s] INFO:colcon.colcon_core.shell:Creating environment hook '/workspaces/ros2-coding/install/moveit_resources_panda_description/share/moveit_resources_panda_description/hook/cmake_prefix_path.sh'
[0.957s] Level 1:colcon.colcon_core.environment:checking '/workspaces/ros2-coding/install/moveit_resources_panda_description/bin'
[0.957s] Level 1:colcon.colcon_core.environment:checking '/workspaces/ros2-coding/install/moveit_resources_panda_description/lib/pkgconfig/moveit_resources_panda_description.pc'
[0.961s] Level 1:colcon.colcon_core.environment:checking '/workspaces/ros2-coding/install/moveit_resources_panda_description/lib/python3.12/site-packages'
[0.963s] Level 1:colcon.colcon_core.environment:checking '/workspaces/ros2-coding/install/moveit_resources_panda_description/bin'
[0.963s] INFO:colcon.colcon_core.shell:Creating package script '/workspaces/ros2-coding/install/moveit_resources_panda_description/share/moveit_resources_panda_description/package.ps1'
[0.969s] INFO:colcon.colcon_core.shell:Creating package descriptor '/workspaces/ros2-coding/install/moveit_resources_panda_description/share/moveit_resources_panda_description/package.dsv'
[0.972s] INFO:colcon.colcon_core.shell:Creating package script '/workspaces/ros2-coding/install/moveit_resources_panda_description/share/moveit_resources_panda_description/package.sh'
[0.974s] INFO:colcon.colcon_core.shell:Creating package script '/workspaces/ros2-coding/install/moveit_resources_panda_description/share/moveit_resources_panda_description/package.bash'
[0.976s] INFO:colcon.colcon_core.shell:Creating package script '/workspaces/ros2-coding/install/moveit_resources_panda_description/share/moveit_resources_panda_description/package.zsh'
[0.979s] Level 1:colcon.colcon_core.environment:create_file_with_runtime_dependencies(/workspaces/ros2-coding/install/moveit_resources_panda_description/share/colcon-core/packages/moveit_resources_panda_description)
[0.987s] INFO:colcon.colcon_ros.task.ament_cmake.build:Building ROS package in '/workspaces/ros2-coding/turtlesim_ws/src/panda_moveit_config' with build type 'ament_cmake'
[0.987s] INFO:colcon.colcon_cmake.task.cmake.build:Building CMake package in '/workspaces/ros2-coding/turtlesim_ws/src/panda_moveit_config'
[0.987s] INFO:colcon.colcon_core.shell:Skip shell extension 'powershell' for command environment: Not usable outside of PowerShell
[0.987s] DEBUG:colcon.colcon_core.shell:Skip shell extension 'dsv' for command environment
[1.033s] DEBUG:colcon.colcon_core.event_handler.log_command:Invoking command in '/workspaces/ros2-coding/build/ros_gz_example_gazebo': CMAKE_PREFIX_PATH=/workspaces/ros2-coding/install/ros_gz_example_description:/workspaces/ros2-coding/install/nao_gz_control:/workspaces/ros2-coding/install/ros2_controllers:/workspaces/ros2-coding/install/ros2_control_demos:/workspaces/ros2-coding/install/ros2_control_demo_example_3:/workspaces/ros2-coding/install/gz_ros2_control_demos:/workspaces/ros2-coding/install/velocity_controllers:/workspaces/ros2-coding/install/tricycle_steering_controller:/workspaces/ros2-coding/install/tricycle_controller:/workspaces/ros2-coding/install/ros2_control_demo_example_8:/workspaces/ros2-coding/install/ros2_control:/workspaces/ros2-coding/install/transmission_interface:/workspaces/ros2-coding/install/ros2_control_demo_example_11:/workspaces/ros2-coding/install/bicycle_steering_controller:/workspaces/ros2-coding/install/ackermann_steering_controller:/workspaces/ros2-coding/install/steering_controllers_library:/workspaces/ros2-coding/install/ros2_control_demo_example_17:/workspaces/ros2-coding/install/ros2_control_demo_example_15:/workspaces/ros2-coding/install/ros2_control_demo_example_1:/workspaces/ros2-coding/install/ros_gz_example_bringup:/workspaces/ros2-coding/install/ros_gz_example_gazebo:/workspaces/ros2-coding/install/ros_gz_example_application:/workspaces/ros2-coding/install/ros2_control_demo_example_9:/workspaces/ros2-coding/install/ros2_control_demo_example_7:/workspaces/ros2-coding/install/ros2_control_demo_example_6:/workspaces/ros2-coding/install/ros2_control_demo_example_13:/workspaces/ros2-coding/install/ros2_control_demo_example_5:/workspaces/ros2-coding/install/ros2_control_demo_example_4:/workspaces/ros2-coding/install/ros2_control_demo_example_2:/workspaces/ros2-coding/install/ros2_control_demo_example_16:/workspaces/ros2-coding/install/ros2_control_demo_example_14:/workspaces/ros2-coding/install/ros2_control_demo_example_12:/workspaces/ros2-coding/install/ros2_control_demo_example_10:/workspaces/ros2-coding/install/hardware_interface_testing:/workspaces/ros2-coding/install/gz_ros2_control:/workspaces/ros2-coding/install/controller_manager:/workspaces/ros2-coding/install/ros2_control_test_assets:/workspaces/ros2-coding/install/ros2_control_demo_description:/workspaces/ros2-coding/install/ros2_control_cmake:/workspaces/ros2-coding/install/range_sensor_broadcaster:/workspaces/ros2-coding/install/position_controllers:/workspaces/ros2-coding/install/pose_broadcaster:/workspaces/ros2-coding/install/pid_controller:/workspaces/ros2-coding/install/parallel_gripper_controller:/workspaces/ros2-coding/install/omni_wheel_drive_controller:/workspaces/ros2-coding/install/mecanum_drive_controller:/workspaces/ros2-coding/install/joint_trajectory_controller:/workspaces/ros2-coding/install/joint_state_topic_hardware_interface:/workspaces/ros2-coding/install/joint_state_broadcaster:/workspaces/ros2-coding/install/imu_sensor_broadcaster:/workspaces/ros2-coding/install/gripper_controllers:/workspaces/ros2-coding/install/gps_sensor_broadcaster:/workspaces/ros2-coding/install/gpio_controllers:/workspaces/ros2-coding/install/effort_controllers:/workspaces/ros2-coding/install/forward_command_controller:/workspaces/ros2-coding/install/force_torque_sensor_broadcaster:/workspaces/ros2-coding/install/diff_drive_controller:/workspaces/ros2-coding/install/chained_filter_controller:/workspaces/ros2-coding/install/admittance_controller:/workspaces/ros2-coding/install/controller_interface:/workspaces/ros2-coding/install/hardware_interface:/workspaces/ros2-coding/install/joint_limits:/workspaces/ros2-coding/install/control_toolbox:/workspaces/ros2-coding/install/realtime_tools:/workspaces/ros2-coding/install/moveit_resources_panda_description:/workspaces/ros2-coding/install/moveit_nao_config:/workspaces/ros2-coding/install/kinematics_interface_kdl:/workspaces/ros2-coding/install/kinematics_interface:/workspaces/ros2-coding/install/iw_hub_navigation:/workspaces/ros2-coding/install/isaacsim:/workspaces/ros2-coding/install/isaac_tutorials:/workspaces/ros2-coding/install/isaac_ros2_messages:/workspaces/ros2-coding/install/isaac_moveit:/workspaces/ros2-coding/install/human_interfaces:/workspaces/ros2-coding/install/h1_fullbody_controller:/workspaces/ros2-coding/install/gz_ros2_control_tests:/workspaces/ros2-coding/install/diff_drive_mover:/workspaces/ros2-coding/install/custom_message:/workspaces/ros2-coding/install/controller_manager_msgs:/workspaces/ros2-coding/install/control_msgs:/workspaces/ros2-coding/install/cmdvel_to_ackermann:/workspaces/ros2-coding/install/carter_navigation:/opt/ros/jazzy/opt/gz_sim_vendor:/opt/ros/jazzy/opt/gz_sensors_vendor:/opt/ros/jazzy/opt/gz_physics_vendor:/opt/ros/jazzy/opt/sdformat_vendor:/opt/ros/jazzy/opt/gz_gui_vendor:/opt/ros/jazzy/opt/gz_transport_vendor:/opt/ros/jazzy/opt/gz_rendering_vendor:/opt/ros/jazzy/opt/gz_plugin_vendor:/opt/ros/jazzy/opt/gz_fuel_tools_vendor:/opt/ros/jazzy/opt/gz_msgs_vendor:/opt/ros/jazzy/opt/gz_common_vendor:/opt/ros/jazzy/opt/gz_math_vendor:/opt/ros/jazzy/opt/gz_utils_vendor:/opt/ros/jazzy/opt/gz_tools_vendor:/opt/ros/jazzy/opt/gz_ogre_next_vendor:/opt/ros/jazzy/opt/gz_dartsim_vendor:/opt/ros/jazzy/opt/gz_cmake_vendor:/workspaces/ros2-coding/install/rqt_joint_trajectory_controller:/workspaces/ros2-coding/install/rqt_controller_manager:/workspaces/ros2-coding/install/ros2controlcli:/workspaces/ros2-coding/install/ros2_controllers_test_nodes:/workspaces/ros2-coding/install/my_turtlesim:/workspaces/ros2-coding/install/issac_sim:/workspaces/ros2-coding/install/isaac_ros_navigation_goal:/workspaces/ros2-coding/install/human_controller:/opt/ros/jazzy GZ_SIM_RESOURCE_PATH=/workspaces/ros2-coding/install/ros_gz_example_description/share/ros_gz_example_description/models:${GZ_SIM_RESOURCE_PATH} VIRTUAL_ENV_PROMPT=(.venv) /usr/bin/cmake --build /workspaces/ros2-coding/build/ros_gz_example_gazebo -- -j4 -l4
[1.043s] DEBUG:colcon.colcon_core.event_handler.log_command:Invoking command in '/workspaces/ros2-coding/build/cmdvel_to_ackermann': CMAKE_PREFIX_PATH=${CMAKE_PREFIX_PATH}:/workspaces/ros2-coding/install/rqt_joint_trajectory_controller:/workspaces/ros2-coding/install/rqt_controller_manager:/workspaces/ros2-coding/install/ros2controlcli:/workspaces/ros2-coding/install/ros2_controllers_test_nodes:/workspaces/ros2-coding/install/my_turtlesim:/workspaces/ros2-coding/install/issac_sim:/workspaces/ros2-coding/install/isaac_ros_navigation_goal:/workspaces/ros2-coding/install/human_controller:/opt/ros/jazzy VIRTUAL_ENV_PROMPT=(.venv) /usr/bin/cmake --build /workspaces/ros2-coding/build/cmdvel_to_ackermann -- -j4 -l4
[1.061s] DEBUG:colcon.colcon_core.event_handler.log_command:Invoking command in '/workspaces/ros2-coding/build/moveit_resources_panda_moveit_config': CMAKE_PREFIX_PATH=/workspaces/ros2-coding/install/moveit_resources_panda_description:/workspaces/ros2-coding/install/nao_gz_control:/workspaces/ros2-coding/install/ros2_controllers:/workspaces/ros2-coding/install/ros2_control_demos:/workspaces/ros2-coding/install/ros2_control_demo_example_3:/workspaces/ros2-coding/install/gz_ros2_control_demos:/workspaces/ros2-coding/install/velocity_controllers:/workspaces/ros2-coding/install/tricycle_steering_controller:/workspaces/ros2-coding/install/tricycle_controller:/workspaces/ros2-coding/install/ros2_control_demo_example_8:/workspaces/ros2-coding/install/ros2_control:/workspaces/ros2-coding/install/transmission_interface:/workspaces/ros2-coding/install/ros2_control_demo_example_11:/workspaces/ros2-coding/install/bicycle_steering_controller:/workspaces/ros2-coding/install/ackermann_steering_controller:/workspaces/ros2-coding/install/steering_controllers_library:/workspaces/ros2-coding/install/ros2_control_demo_example_17:/workspaces/ros2-coding/install/ros2_control_demo_example_15:/workspaces/ros2-coding/install/ros2_control_demo_example_1:/workspaces/ros2-coding/install/ros_gz_example_bringup:/workspaces/ros2-coding/install/ros_gz_example_gazebo:/workspaces/ros2-coding/install/ros_gz_example_description:/workspaces/ros2-coding/install/ros_gz_example_application:/workspaces/ros2-coding/install/ros2_control_demo_example_9:/workspaces/ros2-coding/install/ros2_control_demo_example_7:/workspaces/ros2-coding/install/ros2_control_demo_example_6:/workspaces/ros2-coding/install/ros2_control_demo_example_13:/workspaces/ros2-coding/install/ros2_control_demo_example_5:/workspaces/ros2-coding/install/ros2_control_demo_example_4:/workspaces/ros2-coding/install/ros2_control_demo_example_2:/workspaces/ros2-coding/install/ros2_control_demo_example_16:/workspaces/ros2-coding/install/ros2_control_demo_example_14:/workspaces/ros2-coding/install/ros2_control_demo_example_12:/workspaces/ros2-coding/install/ros2_control_demo_example_10:/workspaces/ros2-coding/install/hardware_interface_testing:/workspaces/ros2-coding/install/gz_ros2_control:/workspaces/ros2-coding/install/controller_manager:/workspaces/ros2-coding/install/ros2_control_test_assets:/workspaces/ros2-coding/install/ros2_control_demo_description:/workspaces/ros2-coding/install/ros2_control_cmake:/workspaces/ros2-coding/install/range_sensor_broadcaster:/workspaces/ros2-coding/install/position_controllers:/workspaces/ros2-coding/install/pose_broadcaster:/workspaces/ros2-coding/install/pid_controller:/workspaces/ros2-coding/install/parallel_gripper_controller:/workspaces/ros2-coding/install/omni_wheel_drive_controller:/workspaces/ros2-coding/install/mecanum_drive_controller:/workspaces/ros2-coding/install/joint_trajectory_controller:/workspaces/ros2-coding/install/joint_state_topic_hardware_interface:/workspaces/ros2-coding/install/joint_state_broadcaster:/workspaces/ros2-coding/install/imu_sensor_broadcaster:/workspaces/ros2-coding/install/gripper_controllers:/workspaces/ros2-coding/install/gps_sensor_broadcaster:/workspaces/ros2-coding/install/gpio_controllers:/workspaces/ros2-coding/install/effort_controllers:/workspaces/ros2-coding/install/forward_command_controller:/workspaces/ros2-coding/install/force_torque_sensor_broadcaster:/workspaces/ros2-coding/install/diff_drive_controller:/workspaces/ros2-coding/install/chained_filter_controller:/workspaces/ros2-coding/install/admittance_controller:/workspaces/ros2-coding/install/controller_interface:/workspaces/ros2-coding/install/hardware_interface:/workspaces/ros2-coding/install/joint_limits:/workspaces/ros2-coding/install/control_toolbox:/workspaces/ros2-coding/install/realtime_tools:/workspaces/ros2-coding/install/moveit_nao_config:/workspaces/ros2-coding/install/kinematics_interface_kdl:/workspaces/ros2-coding/install/kinematics_interface:/workspaces/ros2-coding/install/iw_hub_navigation:/workspaces/ros2-coding/install/isaacsim:/workspaces/ros2-coding/install/isaac_tutorials:/workspaces/ros2-coding/install/isaac_ros2_messages:/workspaces/ros2-coding/install/isaac_moveit:/workspaces/ros2-coding/install/human_interfaces:/workspaces/ros2-coding/install/h1_fullbody_controller:/workspaces/ros2-coding/install/gz_ros2_control_tests:/workspaces/ros2-coding/install/diff_drive_mover:/workspaces/ros2-coding/install/custom_message:/workspaces/ros2-coding/install/controller_manager_msgs:/workspaces/ros2-coding/install/control_msgs:/workspaces/ros2-coding/install/cmdvel_to_ackermann:/workspaces/ros2-coding/install/carter_navigation:/opt/ros/jazzy/opt/gz_sim_vendor:/opt/ros/jazzy/opt/gz_sensors_vendor:/opt/ros/jazzy/opt/gz_physics_vendor:/opt/ros/jazzy/opt/sdformat_vendor:/opt/ros/jazzy/opt/gz_gui_vendor:/opt/ros/jazzy/opt/gz_transport_vendor:/opt/ros/jazzy/opt/gz_rendering_vendor:/opt/ros/jazzy/opt/gz_plugin_vendor:/opt/ros/jazzy/opt/gz_fuel_tools_vendor:/opt/ros/jazzy/opt/gz_msgs_vendor:/opt/ros/jazzy/opt/gz_common_vendor:/opt/ros/jazzy/opt/gz_math_vendor:/opt/ros/jazzy/opt/gz_utils_vendor:/opt/ros/jazzy/opt/gz_tools_vendor:/opt/ros/jazzy/opt/gz_ogre_next_vendor:/opt/ros/jazzy/opt/gz_dartsim_vendor:/opt/ros/jazzy/opt/gz_cmake_vendor:/workspaces/ros2-coding/install/rqt_joint_trajectory_controller:/workspaces/ros2-coding/install/rqt_controller_manager:/workspaces/ros2-coding/install/ros2controlcli:/workspaces/ros2-coding/install/ros2_controllers_test_nodes:/workspaces/ros2-coding/install/my_turtlesim:/workspaces/ros2-coding/install/issac_sim:/workspaces/ros2-coding/install/isaac_ros_navigation_goal:/workspaces/ros2-coding/install/human_controller:/opt/ros/jazzy VIRTUAL_ENV_PROMPT=(.venv) /usr/bin/cmake --build /workspaces/ros2-coding/build/moveit_resources_panda_moveit_config -- -j4 -l4
[1.329s] DEBUG:colcon.colcon_core.event_handler.log_command:Invoked command in '/workspaces/ros2-coding/build/cmdvel_to_ackermann' returned '0': CMAKE_PREFIX_PATH=${CMAKE_PREFIX_PATH}:/workspaces/ros2-coding/install/rqt_joint_trajectory_controller:/workspaces/ros2-coding/install/rqt_controller_manager:/workspaces/ros2-coding/install/ros2controlcli:/workspaces/ros2-coding/install/ros2_controllers_test_nodes:/workspaces/ros2-coding/install/my_turtlesim:/workspaces/ros2-coding/install/issac_sim:/workspaces/ros2-coding/install/isaac_ros_navigation_goal:/workspaces/ros2-coding/install/human_controller:/opt/ros/jazzy VIRTUAL_ENV_PROMPT=(.venv) /usr/bin/cmake --build /workspaces/ros2-coding/build/cmdvel_to_ackermann -- -j4 -l4
[1.336s] DEBUG:colcon.colcon_core.event_handler.log_command:Invoking command in '/workspaces/ros2-coding/build/cmdvel_to_ackermann': CMAKE_PREFIX_PATH=${CMAKE_PREFIX_PATH}:/workspaces/ros2-coding/install/rqt_joint_trajectory_controller:/workspaces/ros2-coding/install/rqt_controller_manager:/workspaces/ros2-coding/install/ros2controlcli:/workspaces/ros2-coding/install/ros2_controllers_test_nodes:/workspaces/ros2-coding/install/my_turtlesim:/workspaces/ros2-coding/install/issac_sim:/workspaces/ros2-coding/install/isaac_ros_navigation_goal:/workspaces/ros2-coding/install/human_controller:/opt/ros/jazzy VIRTUAL_ENV_PROMPT=(.venv) /usr/bin/cmake --install /workspaces/ros2-coding/build/cmdvel_to_ackermann
[1.346s] DEBUG:colcon.colcon_core.event_handler.log_command:Invoked command in '/workspaces/ros2-coding/build/moveit_resources_panda_moveit_config' returned '0': CMAKE_PREFIX_PATH=/workspaces/ros2-coding/install/moveit_resources_panda_description:/workspaces/ros2-coding/install/nao_gz_control:/workspaces/ros2-coding/install/ros2_controllers:/workspaces/ros2-coding/install/ros2_control_demos:/workspaces/ros2-coding/install/ros2_control_demo_example_3:/workspaces/ros2-coding/install/gz_ros2_control_demos:/workspaces/ros2-coding/install/velocity_controllers:/workspaces/ros2-coding/install/tricycle_steering_controller:/workspaces/ros2-coding/install/tricycle_controller:/workspaces/ros2-coding/install/ros2_control_demo_example_8:/workspaces/ros2-coding/install/ros2_control:/workspaces/ros2-coding/install/transmission_interface:/workspaces/ros2-coding/install/ros2_control_demo_example_11:/workspaces/ros2-coding/install/bicycle_steering_controller:/workspaces/ros2-coding/install/ackermann_steering_controller:/workspaces/ros2-coding/install/steering_controllers_library:/workspaces/ros2-coding/install/ros2_control_demo_example_17:/workspaces/ros2-coding/install/ros2_control_demo_example_15:/workspaces/ros2-coding/install/ros2_control_demo_example_1:/workspaces/ros2-coding/install/ros_gz_example_bringup:/workspaces/ros2-coding/install/ros_gz_example_gazebo:/workspaces/ros2-coding/install/ros_gz_example_description:/workspaces/ros2-coding/install/ros_gz_example_application:/workspaces/ros2-coding/install/ros2_control_demo_example_9:/workspaces/ros2-coding/install/ros2_control_demo_example_7:/workspaces/ros2-coding/install/ros2_control_demo_example_6:/workspaces/ros2-coding/install/ros2_control_demo_example_13:/workspaces/ros2-coding/install/ros2_control_demo_example_5:/workspaces/ros2-coding/install/ros2_control_demo_example_4:/workspaces/ros2-coding/install/ros2_control_demo_example_2:/workspaces/ros2-coding/install/ros2_control_demo_example_16:/workspaces/ros2-coding/install/ros2_control_demo_example_14:/workspaces/ros2-coding/install/ros2_control_demo_example_12:/workspaces/ros2-coding/install/ros2_control_demo_example_10:/workspaces/ros2-coding/install/hardware_interface_testing:/workspaces/ros2-coding/install/gz_ros2_control:/workspaces/ros2-coding/install/controller_manager:/workspaces/ros2-coding/install/ros2_control_test_assets:/workspaces/ros2-coding/install/ros2_control_demo_description:/workspaces/ros2-coding/install/ros2_control_cmake:/workspaces/ros2-coding/install/range_sensor_broadcaster:/workspaces/ros2-coding/install/position_controllers:/workspaces/ros2-coding/install/pose_broadcaster:/workspaces/ros2-coding/install/pid_controller:/workspaces/ros2-coding/install/parallel_gripper_controller:/workspaces/ros2-coding/install/omni_wheel_drive_controller:/workspaces/ros2-coding/install/mecanum_drive_controller:/workspaces/ros2-coding/install/joint_trajectory_controller:/workspaces/ros2-coding/install/joint_state_topic_hardware_interface:/workspaces/ros2-coding/install/joint_state_broadcaster:/workspaces/ros2-coding/install/imu_sensor_broadcaster:/workspaces/ros2-coding/install/gripper_controllers:/workspaces/ros2-coding/install/gps_sensor_broadcaster:/workspaces/ros2-coding/install/gpio_controllers:/workspaces/ros2-coding/install/effort_controllers:/workspaces/ros2-coding/install/forward_command_controller:/workspaces/ros2-coding/install/force_torque_sensor_broadcaster:/workspaces/ros2-coding/install/diff_drive_controller:/workspaces/ros2-coding/install/chained_filter_controller:/workspaces/ros2-coding/install/admittance_controller:/workspaces/ros2-coding/install/controller_interface:/workspaces/ros2-coding/install/hardware_interface:/workspaces/ros2-coding/install/joint_limits:/workspaces/ros2-coding/install/control_toolbox:/workspaces/ros2-coding/install/realtime_tools:/workspaces/ros2-coding/install/moveit_nao_config:/workspaces/ros2-coding/install/kinematics_interface_kdl:/workspaces/ros2-coding/install/kinematics_interface:/workspaces/ros2-coding/install/iw_hub_navigation:/workspaces/ros2-coding/install/isaacsim:/workspaces/ros2-coding/install/isaac_tutorials:/workspaces/ros2-coding/install/isaac_ros2_messages:/workspaces/ros2-coding/install/isaac_moveit:/workspaces/ros2-coding/install/human_interfaces:/workspaces/ros2-coding/install/h1_fullbody_controller:/workspaces/ros2-coding/install/gz_ros2_control_tests:/workspaces/ros2-coding/install/diff_drive_mover:/workspaces/ros2-coding/install/custom_message:/workspaces/ros2-coding/install/controller_manager_msgs:/workspaces/ros2-coding/install/control_msgs:/workspaces/ros2-coding/install/cmdvel_to_ackermann:/workspaces/ros2-coding/install/carter_navigation:/opt/ros/jazzy/opt/gz_sim_vendor:/opt/ros/jazzy/opt/gz_sensors_vendor:/opt/ros/jazzy/opt/gz_physics_vendor:/opt/ros/jazzy/opt/sdformat_vendor:/opt/ros/jazzy/opt/gz_gui_vendor:/opt/ros/jazzy/opt/gz_transport_vendor:/opt/ros/jazzy/opt/gz_rendering_vendor:/opt/ros/jazzy/opt/gz_plugin_vendor:/opt/ros/jazzy/opt/gz_fuel_tools_vendor:/opt/ros/jazzy/opt/gz_msgs_vendor:/opt/ros/jazzy/opt/gz_common_vendor:/opt/ros/jazzy/opt/gz_math_vendor:/opt/ros/jazzy/opt/gz_utils_vendor:/opt/ros/jazzy/opt/gz_tools_vendor:/opt/ros/jazzy/opt/gz_ogre_next_vendor:/opt/ros/jazzy/opt/gz_dartsim_vendor:/opt/ros/jazzy/opt/gz_cmake_vendor:/workspaces/ros2-coding/install/rqt_joint_trajectory_controller:/workspaces/ros2-coding/install/rqt_controller_manager:/workspaces/ros2-coding/install/ros2controlcli:/workspaces/ros2-coding/install/ros2_controllers_test_nodes:/workspaces/ros2-coding/install/my_turtlesim:/workspaces/ros2-coding/install/issac_sim:/workspaces/ros2-coding/install/isaac_ros_navigation_goal:/workspaces/ros2-coding/install/human_controller:/opt/ros/jazzy VIRTUAL_ENV_PROMPT=(.venv) /usr/bin/cmake --build /workspaces/ros2-coding/build/moveit_resources_panda_moveit_config -- -j4 -l4
[1.346s] DEBUG:colcon.colcon_core.event_handler.log_command:Invoking command in '/workspaces/ros2-coding/build/moveit_resources_panda_moveit_config': CMAKE_PREFIX_PATH=/workspaces/ros2-coding/install/moveit_resources_panda_description:/workspaces/ros2-coding/install/nao_gz_control:/workspaces/ros2-coding/install/ros2_controllers:/workspaces/ros2-coding/install/ros2_control_demos:/workspaces/ros2-coding/install/ros2_control_demo_example_3:/workspaces/ros2-coding/install/gz_ros2_control_demos:/workspaces/ros2-coding/install/velocity_controllers:/workspaces/ros2-coding/install/tricycle_steering_controller:/workspaces/ros2-coding/install/tricycle_controller:/workspaces/ros2-coding/install/ros2_control_demo_example_8:/workspaces/ros2-coding/install/ros2_control:/workspaces/ros2-coding/install/transmission_interface:/workspaces/ros2-coding/install/ros2_control_demo_example_11:/workspaces/ros2-coding/install/bicycle_steering_controller:/workspaces/ros2-coding/install/ackermann_steering_controller:/workspaces/ros2-coding/install/steering_controllers_library:/workspaces/ros2-coding/install/ros2_control_demo_example_17:/workspaces/ros2-coding/install/ros2_control_demo_example_15:/workspaces/ros2-coding/install/ros2_control_demo_example_1:/workspaces/ros2-coding/install/ros_gz_example_bringup:/workspaces/ros2-coding/install/ros_gz_example_gazebo:/workspaces/ros2-coding/install/ros_gz_example_description:/workspaces/ros2-coding/install/ros_gz_example_application:/workspaces/ros2-coding/install/ros2_control_demo_example_9:/workspaces/ros2-coding/install/ros2_control_demo_example_7:/workspaces/ros2-coding/install/ros2_control_demo_example_6:/workspaces/ros2-coding/install/ros2_control_demo_example_13:/workspaces/ros2-coding/install/ros2_control_demo_example_5:/workspaces/ros2-coding/install/ros2_control_demo_example_4:/workspaces/ros2-coding/install/ros2_control_demo_example_2:/workspaces/ros2-coding/install/ros2_control_demo_example_16:/workspaces/ros2-coding/install/ros2_control_demo_example_14:/workspaces/ros2-coding/install/ros2_control_demo_example_12:/workspaces/ros2-coding/install/ros2_control_demo_example_10:/workspaces/ros2-coding/install/hardware_interface_testing:/workspaces/ros2-coding/install/gz_ros2_control:/workspaces/ros2-coding/install/controller_manager:/workspaces/ros2-coding/install/ros2_control_test_assets:/workspaces/ros2-coding/install/ros2_control_demo_description:/workspaces/ros2-coding/install/ros2_control_cmake:/workspaces/ros2-coding/install/range_sensor_broadcaster:/workspaces/ros2-coding/install/position_controllers:/workspaces/ros2-coding/install/pose_broadcaster:/workspaces/ros2-coding/install/pid_controller:/workspaces/ros2-coding/install/parallel_gripper_controller:/workspaces/ros2-coding/install/omni_wheel_drive_controller:/workspaces/ros2-coding/install/mecanum_drive_controller:/workspaces/ros2-coding/install/joint_trajectory_controller:/workspaces/ros2-coding/install/joint_state_topic_hardware_interface:/workspaces/ros2-coding/install/joint_state_broadcaster:/workspaces/ros2-coding/install/imu_sensor_broadcaster:/workspaces/ros2-coding/install/gripper_controllers:/workspaces/ros2-coding/install/gps_sensor_broadcaster:/workspaces/ros2-coding/install/gpio_controllers:/workspaces/ros2-coding/install/effort_controllers:/workspaces/ros2-coding/install/forward_command_controller:/workspaces/ros2-coding/install/force_torque_sensor_broadcaster:/workspaces/ros2-coding/install/diff_drive_controller:/workspaces/ros2-coding/install/chained_filter_controller:/workspaces/ros2-coding/install/admittance_controller:/workspaces/ros2-coding/install/controller_interface:/workspaces/ros2-coding/install/hardware_interface:/workspaces/ros2-coding/install/joint_limits:/workspaces/ros2-coding/install/control_toolbox:/workspaces/ros2-coding/install/realtime_tools:/workspaces/ros2-coding/install/moveit_nao_config:/workspaces/ros2-coding/install/kinematics_interface_kdl:/workspaces/ros2-coding/install/kinematics_interface:/workspaces/ros2-coding/install/iw_hub_navigation:/workspaces/ros2-coding/install/isaacsim:/workspaces/ros2-coding/install/isaac_tutorials:/workspaces/ros2-coding/install/isaac_ros2_messages:/workspaces/ros2-coding/install/isaac_moveit:/workspaces/ros2-coding/install/human_interfaces:/workspaces/ros2-coding/install/h1_fullbody_controller:/workspaces/ros2-coding/install/gz_ros2_control_tests:/workspaces/ros2-coding/install/diff_drive_mover:/workspaces/ros2-coding/install/custom_message:/workspaces/ros2-coding/install/controller_manager_msgs:/workspaces/ros2-coding/install/control_msgs:/workspaces/ros2-coding/install/cmdvel_to_ackermann:/workspaces/ros2-coding/install/carter_navigation:/opt/ros/jazzy/opt/gz_sim_vendor:/opt/ros/jazzy/opt/gz_sensors_vendor:/opt/ros/jazzy/opt/gz_physics_vendor:/opt/ros/jazzy/opt/sdformat_vendor:/opt/ros/jazzy/opt/gz_gui_vendor:/opt/ros/jazzy/opt/gz_transport_vendor:/opt/ros/jazzy/opt/gz_rendering_vendor:/opt/ros/jazzy/opt/gz_plugin_vendor:/opt/ros/jazzy/opt/gz_fuel_tools_vendor:/opt/ros/jazzy/opt/gz_msgs_vendor:/opt/ros/jazzy/opt/gz_common_vendor:/opt/ros/jazzy/opt/gz_math_vendor:/opt/ros/jazzy/opt/gz_utils_vendor:/opt/ros/jazzy/opt/gz_tools_vendor:/opt/ros/jazzy/opt/gz_ogre_next_vendor:/opt/ros/jazzy/opt/gz_dartsim_vendor:/opt/ros/jazzy/opt/gz_cmake_vendor:/workspaces/ros2-coding/install/rqt_joint_trajectory_controller:/workspaces/ros2-coding/install/rqt_controller_manager:/workspaces/ros2-coding/install/ros2controlcli:/workspaces/ros2-coding/install/ros2_controllers_test_nodes:/workspaces/ros2-coding/install/my_turtlesim:/workspaces/ros2-coding/install/issac_sim:/workspaces/ros2-coding/install/isaac_ros_navigation_goal:/workspaces/ros2-coding/install/human_controller:/opt/ros/jazzy VIRTUAL_ENV_PROMPT=(.venv) /usr/bin/cmake --install /workspaces/ros2-coding/build/moveit_resources_panda_moveit_config
[1.471s] DEBUG:colcon.colcon_core.event_handler.log_command:Invoked command in '/workspaces/ros2-coding/build/ros_gz_example_gazebo' returned '0': CMAKE_PREFIX_PATH=/workspaces/ros2-coding/install/ros_gz_example_description:/workspaces/ros2-coding/install/nao_gz_control:/workspaces/ros2-coding/install/ros2_controllers:/workspaces/ros2-coding/install/ros2_control_demos:/workspaces/ros2-coding/install/ros2_control_demo_example_3:/workspaces/ros2-coding/install/gz_ros2_control_demos:/workspaces/ros2-coding/install/velocity_controllers:/workspaces/ros2-coding/install/tricycle_steering_controller:/workspaces/ros2-coding/install/tricycle_controller:/workspaces/ros2-coding/install/ros2_control_demo_example_8:/workspaces/ros2-coding/install/ros2_control:/workspaces/ros2-coding/install/transmission_interface:/workspaces/ros2-coding/install/ros2_control_demo_example_11:/workspaces/ros2-coding/install/bicycle_steering_controller:/workspaces/ros2-coding/install/ackermann_steering_controller:/workspaces/ros2-coding/install/steering_controllers_library:/workspaces/ros2-coding/install/ros2_control_demo_example_17:/workspaces/ros2-coding/install/ros2_control_demo_example_15:/workspaces/ros2-coding/install/ros2_control_demo_example_1:/workspaces/ros2-coding/install/ros_gz_example_bringup:/workspaces/ros2-coding/install/ros_gz_example_gazebo:/workspaces/ros2-coding/install/ros_gz_example_application:/workspaces/ros2-coding/install/ros2_control_demo_example_9:/workspaces/ros2-coding/install/ros2_control_demo_example_7:/workspaces/ros2-coding/install/ros2_control_demo_example_6:/workspaces/ros2-coding/install/ros2_control_demo_example_13:/workspaces/ros2-coding/install/ros2_control_demo_example_5:/workspaces/ros2-coding/install/ros2_control_demo_example_4:/workspaces/ros2-coding/install/ros2_control_demo_example_2:/workspaces/ros2-coding/install/ros2_control_demo_example_16:/workspaces/ros2-coding/install/ros2_control_demo_example_14:/workspaces/ros2-coding/install/ros2_control_demo_example_12:/workspaces/ros2-coding/install/ros2_control_demo_example_10:/workspaces/ros2-coding/install/hardware_interface_testing:/workspaces/ros2-coding/install/gz_ros2_control:/workspaces/ros2-coding/install/controller_manager:/workspaces/ros2-coding/install/ros2_control_test_assets:/workspaces/ros2-coding/install/ros2_control_demo_description:/workspaces/ros2-coding/install/ros2_control_cmake:/workspaces/ros2-coding/install/range_sensor_broadcaster:/workspaces/ros2-coding/install/position_controllers:/workspaces/ros2-coding/install/pose_broadcaster:/workspaces/ros2-coding/install/pid_controller:/workspaces/ros2-coding/install/parallel_gripper_controller:/workspaces/ros2-coding/install/omni_wheel_drive_controller:/workspaces/ros2-coding/install/mecanum_drive_controller:/workspaces/ros2-coding/install/joint_trajectory_controller:/workspaces/ros2-coding/install/joint_state_topic_hardware_interface:/workspaces/ros2-coding/install/joint_state_broadcaster:/workspaces/ros2-coding/install/imu_sensor_broadcaster:/workspaces/ros2-coding/install/gripper_controllers:/workspaces/ros2-coding/install/gps_sensor_broadcaster:/workspaces/ros2-coding/install/gpio_controllers:/workspaces/ros2-coding/install/effort_controllers:/workspaces/ros2-coding/install/forward_command_controller:/workspaces/ros2-coding/install/force_torque_sensor_broadcaster:/workspaces/ros2-coding/install/diff_drive_controller:/workspaces/ros2-coding/install/chained_filter_controller:/workspaces/ros2-coding/install/admittance_controller:/workspaces/ros2-coding/install/controller_interface:/workspaces/ros2-coding/install/hardware_interface:/workspaces/ros2-coding/install/joint_limits:/workspaces/ros2-coding/install/control_toolbox:/workspaces/ros2-coding/install/realtime_tools:/workspaces/ros2-coding/install/moveit_resources_panda_description:/workspaces/ros2-coding/install/moveit_nao_config:/workspaces/ros2-coding/install/kinematics_interface_kdl:/workspaces/ros2-coding/install/kinematics_interface:/workspaces/ros2-coding/install/iw_hub_navigation:/workspaces/ros2-coding/install/isaacsim:/workspaces/ros2-coding/install/isaac_tutorials:/workspaces/ros2-coding/install/isaac_ros2_messages:/workspaces/ros2-coding/install/isaac_moveit:/workspaces/ros2-coding/install/human_interfaces:/workspaces/ros2-coding/install/h1_fullbody_controller:/workspaces/ros2-coding/install/gz_ros2_control_tests:/workspaces/ros2-coding/install/diff_drive_mover:/workspaces/ros2-coding/install/custom_message:/workspaces/ros2-coding/install/controller_manager_msgs:/workspaces/ros2-coding/install/control_msgs:/workspaces/ros2-coding/install/cmdvel_to_ackermann:/workspaces/ros2-coding/install/carter_navigation:/opt/ros/jazzy/opt/gz_sim_vendor:/opt/ros/jazzy/opt/gz_sensors_vendor:/opt/ros/jazzy/opt/gz_physics_vendor:/opt/ros/jazzy/opt/sdformat_vendor:/opt/ros/jazzy/opt/gz_gui_vendor:/opt/ros/jazzy/opt/gz_transport_vendor:/opt/ros/jazzy/opt/gz_rendering_vendor:/opt/ros/jazzy/opt/gz_plugin_vendor:/opt/ros/jazzy/opt/gz_fuel_tools_vendor:/opt/ros/jazzy/opt/gz_msgs_vendor:/opt/ros/jazzy/opt/gz_common_vendor:/opt/ros/jazzy/opt/gz_math_vendor:/opt/ros/jazzy/opt/gz_utils_vendor:/opt/ros/jazzy/opt/gz_tools_vendor:/opt/ros/jazzy/opt/gz_ogre_next_vendor:/opt/ros/jazzy/opt/gz_dartsim_vendor:/opt/ros/jazzy/opt/gz_cmake_vendor:/workspaces/ros2-coding/install/rqt_joint_trajectory_controller:/workspaces/ros2-coding/install/rqt_controller_manager:/workspaces/ros2-coding/install/ros2controlcli:/workspaces/ros2-coding/install/ros2_controllers_test_nodes:/workspaces/ros2-coding/install/my_turtlesim:/workspaces/ros2-coding/install/issac_sim:/workspaces/ros2-coding/install/isaac_ros_navigation_goal:/workspaces/ros2-coding/install/human_controller:/opt/ros/jazzy GZ_SIM_RESOURCE_PATH=/workspaces/ros2-coding/install/ros_gz_example_description/share/ros_gz_example_description/models:${GZ_SIM_RESOURCE_PATH} VIRTUAL_ENV_PROMPT=(.venv) /usr/bin/cmake --build /workspaces/ros2-coding/build/ros_gz_example_gazebo -- -j4 -l4
[1.472s] DEBUG:colcon.colcon_core.event_handler.log_command:Invoking command in '/workspaces/ros2-coding/build/ros_gz_example_gazebo': CMAKE_PREFIX_PATH=/workspaces/ros2-coding/install/ros_gz_example_description:/workspaces/ros2-coding/install/nao_gz_control:/workspaces/ros2-coding/install/ros2_controllers:/workspaces/ros2-coding/install/ros2_control_demos:/workspaces/ros2-coding/install/ros2_control_demo_example_3:/workspaces/ros2-coding/install/gz_ros2_control_demos:/workspaces/ros2-coding/install/velocity_controllers:/workspaces/ros2-coding/install/tricycle_steering_controller:/workspaces/ros2-coding/install/tricycle_controller:/workspaces/ros2-coding/install/ros2_control_demo_example_8:/workspaces/ros2-coding/install/ros2_control:/workspaces/ros2-coding/install/transmission_interface:/workspaces/ros2-coding/install/ros2_control_demo_example_11:/workspaces/ros2-coding/install/bicycle_steering_controller:/workspaces/ros2-coding/install/ackermann_steering_controller:/workspaces/ros2-coding/install/steering_controllers_library:/workspaces/ros2-coding/install/ros2_control_demo_example_17:/workspaces/ros2-coding/install/ros2_control_demo_example_15:/workspaces/ros2-coding/install/ros2_control_demo_example_1:/workspaces/ros2-coding/install/ros_gz_example_bringup:/workspaces/ros2-coding/install/ros_gz_example_gazebo:/workspaces/ros2-coding/install/ros_gz_example_application:/workspaces/ros2-coding/install/ros2_control_demo_example_9:/workspaces/ros2-coding/install/ros2_control_demo_example_7:/workspaces/ros2-coding/install/ros2_control_demo_example_6:/workspaces/ros2-coding/install/ros2_control_demo_example_13:/workspaces/ros2-coding/install/ros2_control_demo_example_5:/workspaces/ros2-coding/install/ros2_control_demo_example_4:/workspaces/ros2-coding/install/ros2_control_demo_example_2:/workspaces/ros2-coding/install/ros2_control_demo_example_16:/workspaces/ros2-coding/install/ros2_control_demo_example_14:/workspaces/ros2-coding/install/ros2_control_demo_example_12:/workspaces/ros2-coding/install/ros2_control_demo_example_10:/workspaces/ros2-coding/install/hardware_interface_testing:/workspaces/ros2-coding/install/gz_ros2_control:/workspaces/ros2-coding/install/controller_manager:/workspaces/ros2-coding/install/ros2_control_test_assets:/workspaces/ros2-coding/install/ros2_control_demo_description:/workspaces/ros2-coding/install/ros2_control_cmake:/workspaces/ros2-coding/install/range_sensor_broadcaster:/workspaces/ros2-coding/install/position_controllers:/workspaces/ros2-coding/install/pose_broadcaster:/workspaces/ros2-coding/install/pid_controller:/workspaces/ros2-coding/install/parallel_gripper_controller:/workspaces/ros2-coding/install/omni_wheel_drive_controller:/workspaces/ros2-coding/install/mecanum_drive_controller:/workspaces/ros2-coding/install/joint_trajectory_controller:/workspaces/ros2-coding/install/joint_state_topic_hardware_interface:/workspaces/ros2-coding/install/joint_state_broadcaster:/workspaces/ros2-coding/install/imu_sensor_broadcaster:/workspaces/ros2-coding/install/gripper_controllers:/workspaces/ros2-coding/install/gps_sensor_broadcaster:/workspaces/ros2-coding/install/gpio_controllers:/workspaces/ros2-coding/install/effort_controllers:/workspaces/ros2-coding/install/forward_command_controller:/workspaces/ros2-coding/install/force_torque_sensor_broadcaster:/workspaces/ros2-coding/install/diff_drive_controller:/workspaces/ros2-coding/install/chained_filter_controller:/workspaces/ros2-coding/install/admittance_controller:/workspaces/ros2-coding/install/controller_interface:/workspaces/ros2-coding/install/hardware_interface:/workspaces/ros2-coding/install/joint_limits:/workspaces/ros2-coding/install/control_toolbox:/workspaces/ros2-coding/install/realtime_tools:/workspaces/ros2-coding/install/moveit_resources_panda_description:/workspaces/ros2-coding/install/moveit_nao_config:/workspaces/ros2-coding/install/kinematics_interface_kdl:/workspaces/ros2-coding/install/kinematics_interface:/workspaces/ros2-coding/install/iw_hub_navigation:/workspaces/ros2-coding/install/isaacsim:/workspaces/ros2-coding/install/isaac_tutorials:/workspaces/ros2-coding/install/isaac_ros2_messages:/workspaces/ros2-coding/install/isaac_moveit:/workspaces/ros2-coding/install/human_interfaces:/workspaces/ros2-coding/install/h1_fullbody_controller:/workspaces/ros2-coding/install/gz_ros2_control_tests:/workspaces/ros2-coding/install/diff_drive_mover:/workspaces/ros2-coding/install/custom_message:/workspaces/ros2-coding/install/controller_manager_msgs:/workspaces/ros2-coding/install/control_msgs:/workspaces/ros2-coding/install/cmdvel_to_ackermann:/workspaces/ros2-coding/install/carter_navigation:/opt/ros/jazzy/opt/gz_sim_vendor:/opt/ros/jazzy/opt/gz_sensors_vendor:/opt/ros/jazzy/opt/gz_physics_vendor:/opt/ros/jazzy/opt/sdformat_vendor:/opt/ros/jazzy/opt/gz_gui_vendor:/opt/ros/jazzy/opt/gz_transport_vendor:/opt/ros/jazzy/opt/gz_rendering_vendor:/opt/ros/jazzy/opt/gz_plugin_vendor:/opt/ros/jazzy/opt/gz_fuel_tools_vendor:/opt/ros/jazzy/opt/gz_msgs_vendor:/opt/ros/jazzy/opt/gz_common_vendor:/opt/ros/jazzy/opt/gz_math_vendor:/opt/ros/jazzy/opt/gz_utils_vendor:/opt/ros/jazzy/opt/gz_tools_vendor:/opt/ros/jazzy/opt/gz_ogre_next_vendor:/opt/ros/jazzy/opt/gz_dartsim_vendor:/opt/ros/jazzy/opt/gz_cmake_vendor:/workspaces/ros2-coding/install/rqt_joint_trajectory_controller:/workspaces/ros2-coding/install/rqt_controller_manager:/workspaces/ros2-coding/install/ros2controlcli:/workspaces/ros2-coding/install/ros2_controllers_test_nodes:/workspaces/ros2-coding/install/my_turtlesim:/workspaces/ros2-coding/install/issac_sim:/workspaces/ros2-coding/install/isaac_ros_navigation_goal:/workspaces/ros2-coding/install/human_controller:/opt/ros/jazzy GZ_SIM_RESOURCE_PATH=/workspaces/ros2-coding/install/ros_gz_example_description/share/ros_gz_example_description/models:${GZ_SIM_RESOURCE_PATH} VIRTUAL_ENV_PROMPT=(.venv) /usr/bin/cmake --install /workspaces/ros2-coding/build/ros_gz_example_gazebo
[1.496s] Level 1:colcon.colcon_core.environment:create_environment_scripts_only(moveit_resources_panda_moveit_config)
[1.497s] Level 1:colcon.colcon_core.environment:checking '/workspaces/ros2-coding/install/moveit_resources_panda_moveit_config' for CMake module files
[1.498s] Level 1:colcon.colcon_core.environment:checking '/workspaces/ros2-coding/install/moveit_resources_panda_moveit_config' for CMake config files
[1.498s] Level 1:colcon.colcon_core.shell:create_environment_hook('moveit_resources_panda_moveit_config', 'cmake_prefix_path')
[1.499s] INFO:colcon.colcon_core.shell:Creating environment hook '/workspaces/ros2-coding/install/moveit_resources_panda_moveit_config/share/moveit_resources_panda_moveit_config/hook/cmake_prefix_path.ps1'
[1.506s] DEBUG:colcon.colcon_core.event_handler.log_command:Invoked command in '/workspaces/ros2-coding/build/moveit_resources_panda_moveit_config' returned '0': CMAKE_PREFIX_PATH=/workspaces/ros2-coding/install/moveit_resources_panda_description:/workspaces/ros2-coding/install/nao_gz_control:/workspaces/ros2-coding/install/ros2_controllers:/workspaces/ros2-coding/install/ros2_control_demos:/workspaces/ros2-coding/install/ros2_control_demo_example_3:/workspaces/ros2-coding/install/gz_ros2_control_demos:/workspaces/ros2-coding/install/velocity_controllers:/workspaces/ros2-coding/install/tricycle_steering_controller:/workspaces/ros2-coding/install/tricycle_controller:/workspaces/ros2-coding/install/ros2_control_demo_example_8:/workspaces/ros2-coding/install/ros2_control:/workspaces/ros2-coding/install/transmission_interface:/workspaces/ros2-coding/install/ros2_control_demo_example_11:/workspaces/ros2-coding/install/bicycle_steering_controller:/workspaces/ros2-coding/install/ackermann_steering_controller:/workspaces/ros2-coding/install/steering_controllers_library:/workspaces/ros2-coding/install/ros2_control_demo_example_17:/workspaces/ros2-coding/install/ros2_control_demo_example_15:/workspaces/ros2-coding/install/ros2_control_demo_example_1:/workspaces/ros2-coding/install/ros_gz_example_bringup:/workspaces/ros2-coding/install/ros_gz_example_gazebo:/workspaces/ros2-coding/install/ros_gz_example_description:/workspaces/ros2-coding/install/ros_gz_example_application:/workspaces/ros2-coding/install/ros2_control_demo_example_9:/workspaces/ros2-coding/install/ros2_control_demo_example_7:/workspaces/ros2-coding/install/ros2_control_demo_example_6:/workspaces/ros2-coding/install/ros2_control_demo_example_13:/workspaces/ros2-coding/install/ros2_control_demo_example_5:/workspaces/ros2-coding/install/ros2_control_demo_example_4:/workspaces/ros2-coding/install/ros2_control_demo_example_2:/workspaces/ros2-coding/install/ros2_control_demo_example_16:/workspaces/ros2-coding/install/ros2_control_demo_example_14:/workspaces/ros2-coding/install/ros2_control_demo_example_12:/workspaces/ros2-coding/install/ros2_control_demo_example_10:/workspaces/ros2-coding/install/hardware_interface_testing:/workspaces/ros2-coding/install/gz_ros2_control:/workspaces/ros2-coding/install/controller_manager:/workspaces/ros2-coding/install/ros2_control_test_assets:/workspaces/ros2-coding/install/ros2_control_demo_description:/workspaces/ros2-coding/install/ros2_control_cmake:/workspaces/ros2-coding/install/range_sensor_broadcaster:/workspaces/ros2-coding/install/position_controllers:/workspaces/ros2-coding/install/pose_broadcaster:/workspaces/ros2-coding/install/pid_controller:/workspaces/ros2-coding/install/parallel_gripper_controller:/workspaces/ros2-coding/install/omni_wheel_drive_controller:/workspaces/ros2-coding/install/mecanum_drive_controller:/workspaces/ros2-coding/install/joint_trajectory_controller:/workspaces/ros2-coding/install/joint_state_topic_hardware_interface:/workspaces/ros2-coding/install/joint_state_broadcaster:/workspaces/ros2-coding/install/imu_sensor_broadcaster:/workspaces/ros2-coding/install/gripper_controllers:/workspaces/ros2-coding/install/gps_sensor_broadcaster:/workspaces/ros2-coding/install/gpio_controllers:/workspaces/ros2-coding/install/effort_controllers:/workspaces/ros2-coding/install/forward_command_controller:/workspaces/ros2-coding/install/force_torque_sensor_broadcaster:/workspaces/ros2-coding/install/diff_drive_controller:/workspaces/ros2-coding/install/chained_filter_controller:/workspaces/ros2-coding/install/admittance_controller:/workspaces/ros2-coding/install/controller_interface:/workspaces/ros2-coding/install/hardware_interface:/workspaces/ros2-coding/install/joint_limits:/workspaces/ros2-coding/install/control_toolbox:/workspaces/ros2-coding/install/realtime_tools:/workspaces/ros2-coding/install/moveit_nao_config:/workspaces/ros2-coding/install/kinematics_interface_kdl:/workspaces/ros2-coding/install/kinematics_interface:/workspaces/ros2-coding/install/iw_hub_navigation:/workspaces/ros2-coding/install/isaacsim:/workspaces/ros2-coding/install/isaac_tutorials:/workspaces/ros2-coding/install/isaac_ros2_messages:/workspaces/ros2-coding/install/isaac_moveit:/workspaces/ros2-coding/install/human_interfaces:/workspaces/ros2-coding/install/h1_fullbody_controller:/workspaces/ros2-coding/install/gz_ros2_control_tests:/workspaces/ros2-coding/install/diff_drive_mover:/workspaces/ros2-coding/install/custom_message:/workspaces/ros2-coding/install/controller_manager_msgs:/workspaces/ros2-coding/install/control_msgs:/workspaces/ros2-coding/install/cmdvel_to_ackermann:/workspaces/ros2-coding/install/carter_navigation:/opt/ros/jazzy/opt/gz_sim_vendor:/opt/ros/jazzy/opt/gz_sensors_vendor:/opt/ros/jazzy/opt/gz_physics_vendor:/opt/ros/jazzy/opt/sdformat_vendor:/opt/ros/jazzy/opt/gz_gui_vendor:/opt/ros/jazzy/opt/gz_transport_vendor:/opt/ros/jazzy/opt/gz_rendering_vendor:/opt/ros/jazzy/opt/gz_plugin_vendor:/opt/ros/jazzy/opt/gz_fuel_tools_vendor:/opt/ros/jazzy/opt/gz_msgs_vendor:/opt/ros/jazzy/opt/gz_common_vendor:/opt/ros/jazzy/opt/gz_math_vendor:/opt/ros/jazzy/opt/gz_utils_vendor:/opt/ros/jazzy/opt/gz_tools_vendor:/opt/ros/jazzy/opt/gz_ogre_next_vendor:/opt/ros/jazzy/opt/gz_dartsim_vendor:/opt/ros/jazzy/opt/gz_cmake_vendor:/workspaces/ros2-coding/install/rqt_joint_trajectory_controller:/workspaces/ros2-coding/install/rqt_controller_manager:/workspaces/ros2-coding/install/ros2controlcli:/workspaces/ros2-coding/install/ros2_controllers_test_nodes:/workspaces/ros2-coding/install/my_turtlesim:/workspaces/ros2-coding/install/issac_sim:/workspaces/ros2-coding/install/isaac_ros_navigation_goal:/workspaces/ros2-coding/install/human_controller:/opt/ros/jazzy VIRTUAL_ENV_PROMPT=(.venv) /usr/bin/cmake --install /workspaces/ros2-coding/build/moveit_resources_panda_moveit_config
[1.506s] INFO:colcon.colcon_core.shell:Creating environment descriptor '/workspaces/ros2-coding/install/moveit_resources_panda_moveit_config/share/moveit_resources_panda_moveit_config/hook/cmake_prefix_path.dsv'
[1.508s] INFO:colcon.colcon_core.shell:Creating environment hook '/workspaces/ros2-coding/install/moveit_resources_panda_moveit_config/share/moveit_resources_panda_moveit_config/hook/cmake_prefix_path.sh'
[1.512s] Level 1:colcon.colcon_core.environment:checking '/workspaces/ros2-coding/install/moveit_resources_panda_moveit_config/bin'
[1.512s] Level 1:colcon.colcon_core.environment:checking '/workspaces/ros2-coding/install/moveit_resources_panda_moveit_config/lib/pkgconfig/moveit_resources_panda_moveit_config.pc'
[1.513s] Level 1:colcon.colcon_core.environment:checking '/workspaces/ros2-coding/install/moveit_resources_panda_moveit_config/lib/python3.12/site-packages'
[1.517s] Level 1:colcon.colcon_core.environment:checking '/workspaces/ros2-coding/install/moveit_resources_panda_moveit_config/bin'
[1.520s] INFO:colcon.colcon_core.shell:Creating package script '/workspaces/ros2-coding/install/moveit_resources_panda_moveit_config/share/moveit_resources_panda_moveit_config/package.ps1'
[1.521s] INFO:colcon.colcon_core.shell:Creating package descriptor '/workspaces/ros2-coding/install/moveit_resources_panda_moveit_config/share/moveit_resources_panda_moveit_config/package.dsv'
[1.524s] INFO:colcon.colcon_core.shell:Creating package script '/workspaces/ros2-coding/install/moveit_resources_panda_moveit_config/share/moveit_resources_panda_moveit_config/package.sh'
[1.526s] INFO:colcon.colcon_core.shell:Creating package script '/workspaces/ros2-coding/install/moveit_resources_panda_moveit_config/share/moveit_resources_panda_moveit_config/package.bash'
[1.527s] INFO:colcon.colcon_core.shell:Creating package script '/workspaces/ros2-coding/install/moveit_resources_panda_moveit_config/share/moveit_resources_panda_moveit_config/package.zsh'
[1.534s] Level 1:colcon.colcon_core.environment:create_file_with_runtime_dependencies(/workspaces/ros2-coding/install/moveit_resources_panda_moveit_config/share/colcon-core/packages/moveit_resources_panda_moveit_config)
[1.534s] Level 1:colcon.colcon_core.environment:create_environment_scripts_only(moveit_resources_panda_moveit_config)
[1.535s] Level 1:colcon.colcon_core.environment:checking '/workspaces/ros2-coding/install/moveit_resources_panda_moveit_config' for CMake module files
[1.535s] Level 1:colcon.colcon_core.environment:checking '/workspaces/ros2-coding/install/moveit_resources_panda_moveit_config' for CMake config files
[1.537s] Level 1:colcon.colcon_core.shell:create_environment_hook('moveit_resources_panda_moveit_config', 'cmake_prefix_path')
[1.538s] INFO:colcon.colcon_core.shell:Creating environment hook '/workspaces/ros2-coding/install/moveit_resources_panda_moveit_config/share/moveit_resources_panda_moveit_config/hook/cmake_prefix_path.ps1'
[1.538s] INFO:colcon.colcon_core.shell:Creating environment descriptor '/workspaces/ros2-coding/install/moveit_resources_panda_moveit_config/share/moveit_resources_panda_moveit_config/hook/cmake_prefix_path.dsv'
[1.541s] INFO:colcon.colcon_core.shell:Creating environment hook '/workspaces/ros2-coding/install/moveit_resources_panda_moveit_config/share/moveit_resources_panda_moveit_config/hook/cmake_prefix_path.sh'
[1.542s] Level 1:colcon.colcon_core.environment:checking '/workspaces/ros2-coding/install/moveit_resources_panda_moveit_config/bin'
[1.542s] Level 1:colcon.colcon_core.environment:checking '/workspaces/ros2-coding/install/moveit_resources_panda_moveit_config/lib/pkgconfig/moveit_resources_panda_moveit_config.pc'
[1.542s] Level 1:colcon.colcon_core.environment:checking '/workspaces/ros2-coding/install/moveit_resources_panda_moveit_config/lib/python3.12/site-packages'
[1.543s] Level 1:colcon.colcon_core.environment:checking '/workspaces/ros2-coding/install/moveit_resources_panda_moveit_config/bin'
[1.544s] INFO:colcon.colcon_core.shell:Creating package script '/workspaces/ros2-coding/install/moveit_resources_panda_moveit_config/share/moveit_resources_panda_moveit_config/package.ps1'
[1.547s] INFO:colcon.colcon_core.shell:Creating package descriptor '/workspaces/ros2-coding/install/moveit_resources_panda_moveit_config/share/moveit_resources_panda_moveit_config/package.dsv'
[1.548s] INFO:colcon.colcon_core.shell:Creating package script '/workspaces/ros2-coding/install/moveit_resources_panda_moveit_config/share/moveit_resources_panda_moveit_config/package.sh'
[1.549s] INFO:colcon.colcon_core.shell:Creating package script '/workspaces/ros2-coding/install/moveit_resources_panda_moveit_config/share/moveit_resources_panda_moveit_config/package.bash'
[1.554s] INFO:colcon.colcon_core.shell:Creating package script '/workspaces/ros2-coding/install/moveit_resources_panda_moveit_config/share/moveit_resources_panda_moveit_config/package.zsh'
[1.555s] Level 1:colcon.colcon_core.environment:create_file_with_runtime_dependencies(/workspaces/ros2-coding/install/moveit_resources_panda_moveit_config/share/colcon-core/packages/moveit_resources_panda_moveit_config)
[1.556s] INFO:colcon.colcon_ros.task.ament_cmake.build:Building ROS package in '/workspaces/ros2-coding/turtlesim_ws/src/custom_message' with build type 'ament_cmake'
[1.557s] INFO:colcon.colcon_cmake.task.cmake.build:Building CMake package in '/workspaces/ros2-coding/turtlesim_ws/src/custom_message'
[1.557s] INFO:colcon.colcon_core.shell:Skip shell extension 'powershell' for command environment: Not usable outside of PowerShell
[1.562s] DEBUG:colcon.colcon_core.shell:Skip shell extension 'dsv' for command environment
[1.592s] Level 1:colcon.colcon_core.environment:create_environment_scripts_only(cmdvel_to_ackermann)
[1.593s] Level 1:colcon.colcon_core.environment:checking '/workspaces/ros2-coding/install/cmdvel_to_ackermann' for CMake module files
[1.593s] DEBUG:colcon.colcon_core.event_handler.log_command:Invoked command in '/workspaces/ros2-coding/build/cmdvel_to_ackermann' returned '0': CMAKE_PREFIX_PATH=${CMAKE_PREFIX_PATH}:/workspaces/ros2-coding/install/rqt_joint_trajectory_controller:/workspaces/ros2-coding/install/rqt_controller_manager:/workspaces/ros2-coding/install/ros2controlcli:/workspaces/ros2-coding/install/ros2_controllers_test_nodes:/workspaces/ros2-coding/install/my_turtlesim:/workspaces/ros2-coding/install/issac_sim:/workspaces/ros2-coding/install/isaac_ros_navigation_goal:/workspaces/ros2-coding/install/human_controller:/opt/ros/jazzy VIRTUAL_ENV_PROMPT=(.venv) /usr/bin/cmake --install /workspaces/ros2-coding/build/cmdvel_to_ackermann
[1.594s] Level 1:colcon.colcon_core.environment:checking '/workspaces/ros2-coding/install/cmdvel_to_ackermann' for CMake config files
[1.598s] Level 1:colcon.colcon_core.shell:create_environment_hook('cmdvel_to_ackermann', 'cmake_prefix_path')
[1.598s] INFO:colcon.colcon_core.shell:Creating environment hook '/workspaces/ros2-coding/install/cmdvel_to_ackermann/share/cmdvel_to_ackermann/hook/cmake_prefix_path.ps1'
[1.599s] INFO:colcon.colcon_core.shell:Creating environment descriptor '/workspaces/ros2-coding/install/cmdvel_to_ackermann/share/cmdvel_to_ackermann/hook/cmake_prefix_path.dsv'
[1.599s] INFO:colcon.colcon_core.shell:Creating environment hook '/workspaces/ros2-coding/install/cmdvel_to_ackermann/share/cmdvel_to_ackermann/hook/cmake_prefix_path.sh'
[1.600s] Level 1:colcon.colcon_core.environment:checking '/workspaces/ros2-coding/install/cmdvel_to_ackermann/lib'
[1.600s] Level 1:colcon.colcon_core.environment:checking '/workspaces/ros2-coding/install/cmdvel_to_ackermann/bin'
[1.601s] Level 1:colcon.colcon_core.environment:checking '/workspaces/ros2-coding/install/cmdvel_to_ackermann/lib/pkgconfig/cmdvel_to_ackermann.pc'
[1.601s] Level 1:colcon.colcon_core.environment:checking '/workspaces/ros2-coding/install/cmdvel_to_ackermann/lib/python3.12/site-packages'
[1.601s] Level 1:colcon.colcon_core.environment:checking '/workspaces/ros2-coding/install/cmdvel_to_ackermann/bin'
[1.602s] INFO:colcon.colcon_core.shell:Creating package script '/workspaces/ros2-coding/install/cmdvel_to_ackermann/share/cmdvel_to_ackermann/package.ps1'
[1.602s] INFO:colcon.colcon_core.shell:Creating package descriptor '/workspaces/ros2-coding/install/cmdvel_to_ackermann/share/cmdvel_to_ackermann/package.dsv'
[1.603s] INFO:colcon.colcon_core.shell:Creating package script '/workspaces/ros2-coding/install/cmdvel_to_ackermann/share/cmdvel_to_ackermann/package.sh'
[1.604s] INFO:colcon.colcon_core.shell:Creating package script '/workspaces/ros2-coding/install/cmdvel_to_ackermann/share/cmdvel_to_ackermann/package.bash'
[1.604s] INFO:colcon.colcon_core.shell:Creating package script '/workspaces/ros2-coding/install/cmdvel_to_ackermann/share/cmdvel_to_ackermann/package.zsh'
[1.605s] Level 1:colcon.colcon_core.environment:create_file_with_runtime_dependencies(/workspaces/ros2-coding/install/cmdvel_to_ackermann/share/colcon-core/packages/cmdvel_to_ackermann)
[1.606s] Level 1:colcon.colcon_core.environment:create_environment_scripts_only(cmdvel_to_ackermann)
[1.606s] Level 1:colcon.colcon_core.environment:checking '/workspaces/ros2-coding/install/cmdvel_to_ackermann' for CMake module files
[1.607s] Level 1:colcon.colcon_core.environment:checking '/workspaces/ros2-coding/install/cmdvel_to_ackermann' for CMake config files
[1.608s] Level 1:colcon.colcon_core.shell:create_environment_hook('cmdvel_to_ackermann', 'cmake_prefix_path')
[1.608s] INFO:colcon.colcon_core.shell:Creating environment hook '/workspaces/ros2-coding/install/cmdvel_to_ackermann/share/cmdvel_to_ackermann/hook/cmake_prefix_path.ps1'
[1.609s] INFO:colcon.colcon_core.shell:Creating environment descriptor '/workspaces/ros2-coding/install/cmdvel_to_ackermann/share/cmdvel_to_ackermann/hook/cmake_prefix_path.dsv'
[1.609s] INFO:colcon.colcon_core.shell:Creating environment hook '/workspaces/ros2-coding/install/cmdvel_to_ackermann/share/cmdvel_to_ackermann/hook/cmake_prefix_path.sh'
[1.610s] Level 1:colcon.colcon_core.environment:checking '/workspaces/ros2-coding/install/cmdvel_to_ackermann/lib'
[1.610s] Level 1:colcon.colcon_core.environment:checking '/workspaces/ros2-coding/install/cmdvel_to_ackermann/bin'
[1.610s] Level 1:colcon.colcon_core.environment:checking '/workspaces/ros2-coding/install/cmdvel_to_ackermann/lib/pkgconfig/cmdvel_to_ackermann.pc'
[1.611s] Level 1:colcon.colcon_core.environment:checking '/workspaces/ros2-coding/install/cmdvel_to_ackermann/lib/python3.12/site-packages'
[1.612s] Level 1:colcon.colcon_core.environment:checking '/workspaces/ros2-coding/install/cmdvel_to_ackermann/bin'
[1.612s] INFO:colcon.colcon_core.shell:Creating package script '/workspaces/ros2-coding/install/cmdvel_to_ackermann/share/cmdvel_to_ackermann/package.ps1'
[1.613s] INFO:colcon.colcon_core.shell:Creating package descriptor '/workspaces/ros2-coding/install/cmdvel_to_ackermann/share/cmdvel_to_ackermann/package.dsv'
[1.614s] INFO:colcon.colcon_core.shell:Creating package script '/workspaces/ros2-coding/install/cmdvel_to_ackermann/share/cmdvel_to_ackermann/package.sh'
[1.614s] INFO:colcon.colcon_core.shell:Creating package script '/workspaces/ros2-coding/install/cmdvel_to_ackermann/share/cmdvel_to_ackermann/package.bash'
[1.615s] INFO:colcon.colcon_core.shell:Creating package script '/workspaces/ros2-coding/install/cmdvel_to_ackermann/share/cmdvel_to_ackermann/package.zsh'
[1.616s] Level 1:colcon.colcon_core.environment:create_file_with_runtime_dependencies(/workspaces/ros2-coding/install/cmdvel_to_ackermann/share/colcon-core/packages/cmdvel_to_ackermann)
[1.617s] INFO:colcon.colcon_ros.task.ament_cmake.build:Building ROS package in '/workspaces/ros2-coding/turtlesim_ws/src/diff_drive_mover' with build type 'ament_cmake'
[1.618s] INFO:colcon.colcon_cmake.task.cmake.build:Building CMake package in '/workspaces/ros2-coding/turtlesim_ws/src/diff_drive_mover'
[1.618s] INFO:colcon.colcon_core.shell:Skip shell extension 'powershell' for command environment: Not usable outside of PowerShell
[1.618s] DEBUG:colcon.colcon_core.shell:Skip shell extension 'dsv' for command environment
[1.652s] DEBUG:colcon.colcon_core.event_handler.log_command:Invoking command in '/workspaces/ros2-coding/build/custom_message': CMAKE_PREFIX_PATH=${CMAKE_PREFIX_PATH}:/workspaces/ros2-coding/install/rqt_joint_trajectory_controller:/workspaces/ros2-coding/install/rqt_controller_manager:/workspaces/ros2-coding/install/ros2controlcli:/workspaces/ros2-coding/install/ros2_controllers_test_nodes:/workspaces/ros2-coding/install/my_turtlesim:/workspaces/ros2-coding/install/issac_sim:/workspaces/ros2-coding/install/isaac_ros_navigation_goal:/workspaces/ros2-coding/install/human_controller:/opt/ros/jazzy VIRTUAL_ENV_PROMPT=(.venv) /usr/bin/cmake --build /workspaces/ros2-coding/build/custom_message -- -j4 -l4
[1.661s] DEBUG:colcon.colcon_core.event_handler.log_command:Invoking command in '/workspaces/ros2-coding/build/diff_drive_mover': CMAKE_PREFIX_PATH=${CMAKE_PREFIX_PATH}:/workspaces/ros2-coding/install/rqt_joint_trajectory_controller:/workspaces/ros2-coding/install/rqt_controller_manager:/workspaces/ros2-coding/install/ros2controlcli:/workspaces/ros2-coding/install/ros2_controllers_test_nodes:/workspaces/ros2-coding/install/my_turtlesim:/workspaces/ros2-coding/install/issac_sim:/workspaces/ros2-coding/install/isaac_ros_navigation_goal:/workspaces/ros2-coding/install/human_controller:/opt/ros/jazzy VIRTUAL_ENV_PROMPT=(.venv) /usr/bin/cmake --build /workspaces/ros2-coding/build/diff_drive_mover -- -j4 -l4
[1.685s] Level 1:colcon.colcon_core.environment:create_environment_scripts_only(ros_gz_example_gazebo)
[1.686s] Level 1:colcon.colcon_core.environment:checking '/workspaces/ros2-coding/install/ros_gz_example_gazebo' for CMake module files
[1.687s] DEBUG:colcon.colcon_core.event_handler.log_command:Invoked command in '/workspaces/ros2-coding/build/ros_gz_example_gazebo' returned '0': CMAKE_PREFIX_PATH=/workspaces/ros2-coding/install/ros_gz_example_description:/workspaces/ros2-coding/install/nao_gz_control:/workspaces/ros2-coding/install/ros2_controllers:/workspaces/ros2-coding/install/ros2_control_demos:/workspaces/ros2-coding/install/ros2_control_demo_example_3:/workspaces/ros2-coding/install/gz_ros2_control_demos:/workspaces/ros2-coding/install/velocity_controllers:/workspaces/ros2-coding/install/tricycle_steering_controller:/workspaces/ros2-coding/install/tricycle_controller:/workspaces/ros2-coding/install/ros2_control_demo_example_8:/workspaces/ros2-coding/install/ros2_control:/workspaces/ros2-coding/install/transmission_interface:/workspaces/ros2-coding/install/ros2_control_demo_example_11:/workspaces/ros2-coding/install/bicycle_steering_controller:/workspaces/ros2-coding/install/ackermann_steering_controller:/workspaces/ros2-coding/install/steering_controllers_library:/workspaces/ros2-coding/install/ros2_control_demo_example_17:/workspaces/ros2-coding/install/ros2_control_demo_example_15:/workspaces/ros2-coding/install/ros2_control_demo_example_1:/workspaces/ros2-coding/install/ros_gz_example_bringup:/workspaces/ros2-coding/install/ros_gz_example_gazebo:/workspaces/ros2-coding/install/ros_gz_example_application:/workspaces/ros2-coding/install/ros2_control_demo_example_9:/workspaces/ros2-coding/install/ros2_control_demo_example_7:/workspaces/ros2-coding/install/ros2_control_demo_example_6:/workspaces/ros2-coding/install/ros2_control_demo_example_13:/workspaces/ros2-coding/install/ros2_control_demo_example_5:/workspaces/ros2-coding/install/ros2_control_demo_example_4:/workspaces/ros2-coding/install/ros2_control_demo_example_2:/workspaces/ros2-coding/install/ros2_control_demo_example_16:/workspaces/ros2-coding/install/ros2_control_demo_example_14:/workspaces/ros2-coding/install/ros2_control_demo_example_12:/workspaces/ros2-coding/install/ros2_control_demo_example_10:/workspaces/ros2-coding/install/hardware_interface_testing:/workspaces/ros2-coding/install/gz_ros2_control:/workspaces/ros2-coding/install/controller_manager:/workspaces/ros2-coding/install/ros2_control_test_assets:/workspaces/ros2-coding/install/ros2_control_demo_description:/workspaces/ros2-coding/install/ros2_control_cmake:/workspaces/ros2-coding/install/range_sensor_broadcaster:/workspaces/ros2-coding/install/position_controllers:/workspaces/ros2-coding/install/pose_broadcaster:/workspaces/ros2-coding/install/pid_controller:/workspaces/ros2-coding/install/parallel_gripper_controller:/workspaces/ros2-coding/install/omni_wheel_drive_controller:/workspaces/ros2-coding/install/mecanum_drive_controller:/workspaces/ros2-coding/install/joint_trajectory_controller:/workspaces/ros2-coding/install/joint_state_topic_hardware_interface:/workspaces/ros2-coding/install/joint_state_broadcaster:/workspaces/ros2-coding/install/imu_sensor_broadcaster:/workspaces/ros2-coding/install/gripper_controllers:/workspaces/ros2-coding/install/gps_sensor_broadcaster:/workspaces/ros2-coding/install/gpio_controllers:/workspaces/ros2-coding/install/effort_controllers:/workspaces/ros2-coding/install/forward_command_controller:/workspaces/ros2-coding/install/force_torque_sensor_broadcaster:/workspaces/ros2-coding/install/diff_drive_controller:/workspaces/ros2-coding/install/chained_filter_controller:/workspaces/ros2-coding/install/admittance_controller:/workspaces/ros2-coding/install/controller_interface:/workspaces/ros2-coding/install/hardware_interface:/workspaces/ros2-coding/install/joint_limits:/workspaces/ros2-coding/install/control_toolbox:/workspaces/ros2-coding/install/realtime_tools:/workspaces/ros2-coding/install/moveit_resources_panda_description:/workspaces/ros2-coding/install/moveit_nao_config:/workspaces/ros2-coding/install/kinematics_interface_kdl:/workspaces/ros2-coding/install/kinematics_interface:/workspaces/ros2-coding/install/iw_hub_navigation:/workspaces/ros2-coding/install/isaacsim:/workspaces/ros2-coding/install/isaac_tutorials:/workspaces/ros2-coding/install/isaac_ros2_messages:/workspaces/ros2-coding/install/isaac_moveit:/workspaces/ros2-coding/install/human_interfaces:/workspaces/ros2-coding/install/h1_fullbody_controller:/workspaces/ros2-coding/install/gz_ros2_control_tests:/workspaces/ros2-coding/install/diff_drive_mover:/workspaces/ros2-coding/install/custom_message:/workspaces/ros2-coding/install/controller_manager_msgs:/workspaces/ros2-coding/install/control_msgs:/workspaces/ros2-coding/install/cmdvel_to_ackermann:/workspaces/ros2-coding/install/carter_navigation:/opt/ros/jazzy/opt/gz_sim_vendor:/opt/ros/jazzy/opt/gz_sensors_vendor:/opt/ros/jazzy/opt/gz_physics_vendor:/opt/ros/jazzy/opt/sdformat_vendor:/opt/ros/jazzy/opt/gz_gui_vendor:/opt/ros/jazzy/opt/gz_transport_vendor:/opt/ros/jazzy/opt/gz_rendering_vendor:/opt/ros/jazzy/opt/gz_plugin_vendor:/opt/ros/jazzy/opt/gz_fuel_tools_vendor:/opt/ros/jazzy/opt/gz_msgs_vendor:/opt/ros/jazzy/opt/gz_common_vendor:/opt/ros/jazzy/opt/gz_math_vendor:/opt/ros/jazzy/opt/gz_utils_vendor:/opt/ros/jazzy/opt/gz_tools_vendor:/opt/ros/jazzy/opt/gz_ogre_next_vendor:/opt/ros/jazzy/opt/gz_dartsim_vendor:/opt/ros/jazzy/opt/gz_cmake_vendor:/workspaces/ros2-coding/install/rqt_joint_trajectory_controller:/workspaces/ros2-coding/install/rqt_controller_manager:/workspaces/ros2-coding/install/ros2controlcli:/workspaces/ros2-coding/install/ros2_controllers_test_nodes:/workspaces/ros2-coding/install/my_turtlesim:/workspaces/ros2-coding/install/issac_sim:/workspaces/ros2-coding/install/isaac_ros_navigation_goal:/workspaces/ros2-coding/install/human_controller:/opt/ros/jazzy GZ_SIM_RESOURCE_PATH=/workspaces/ros2-coding/install/ros_gz_example_description/share/ros_gz_example_description/models:${GZ_SIM_RESOURCE_PATH} VIRTUAL_ENV_PROMPT=(.venv) /usr/bin/cmake --install /workspaces/ros2-coding/build/ros_gz_example_gazebo
[1.688s] Level 1:colcon.colcon_core.environment:checking '/workspaces/ros2-coding/install/ros_gz_example_gazebo' for CMake config files
[1.692s] Level 1:colcon.colcon_core.shell:create_environment_hook('ros_gz_example_gazebo', 'cmake_prefix_path')
[1.693s] INFO:colcon.colcon_core.shell:Creating environment hook '/workspaces/ros2-coding/install/ros_gz_example_gazebo/share/ros_gz_example_gazebo/hook/cmake_prefix_path.ps1'
[1.697s] INFO:colcon.colcon_core.shell:Creating environment descriptor '/workspaces/ros2-coding/install/ros_gz_example_gazebo/share/ros_gz_example_gazebo/hook/cmake_prefix_path.dsv'
[1.697s] INFO:colcon.colcon_core.shell:Creating environment hook '/workspaces/ros2-coding/install/ros_gz_example_gazebo/share/ros_gz_example_gazebo/hook/cmake_prefix_path.sh'
[1.703s] Level 1:colcon.colcon_core.environment:checking '/workspaces/ros2-coding/install/ros_gz_example_gazebo/lib'
[1.703s] Level 1:colcon.colcon_core.environment:checking '/workspaces/ros2-coding/install/ros_gz_example_gazebo/bin'
[1.704s] Level 1:colcon.colcon_core.environment:checking '/workspaces/ros2-coding/install/ros_gz_example_gazebo/lib/pkgconfig/ros_gz_example_gazebo.pc'
[1.704s] Level 1:colcon.colcon_core.environment:checking '/workspaces/ros2-coding/install/ros_gz_example_gazebo/lib/python3.12/site-packages'
[1.705s] Level 1:colcon.colcon_core.environment:checking '/workspaces/ros2-coding/install/ros_gz_example_gazebo/bin'
[1.705s] INFO:colcon.colcon_core.shell:Creating package script '/workspaces/ros2-coding/install/ros_gz_example_gazebo/share/ros_gz_example_gazebo/package.ps1'
[1.709s] INFO:colcon.colcon_core.shell:Creating package descriptor '/workspaces/ros2-coding/install/ros_gz_example_gazebo/share/ros_gz_example_gazebo/package.dsv'
[1.710s] INFO:colcon.colcon_core.shell:Creating package script '/workspaces/ros2-coding/install/ros_gz_example_gazebo/share/ros_gz_example_gazebo/package.sh'
[1.710s] INFO:colcon.colcon_core.shell:Creating package script '/workspaces/ros2-coding/install/ros_gz_example_gazebo/share/ros_gz_example_gazebo/package.bash'
[1.716s] INFO:colcon.colcon_core.shell:Creating package script '/workspaces/ros2-coding/install/ros_gz_example_gazebo/share/ros_gz_example_gazebo/package.zsh'
[1.717s] Level 1:colcon.colcon_core.environment:create_file_with_runtime_dependencies(/workspaces/ros2-coding/install/ros_gz_example_gazebo/share/colcon-core/packages/ros_gz_example_gazebo)
[1.717s] Level 1:colcon.colcon_core.environment:create_environment_scripts_only(ros_gz_example_gazebo)
[1.718s] Level 1:colcon.colcon_core.environment:checking '/workspaces/ros2-coding/install/ros_gz_example_gazebo' for CMake module files
[1.719s] Level 1:colcon.colcon_core.environment:checking '/workspaces/ros2-coding/install/ros_gz_example_gazebo' for CMake config files
[1.726s] Level 1:colcon.colcon_core.shell:create_environment_hook('ros_gz_example_gazebo', 'cmake_prefix_path')
[1.726s] INFO:colcon.colcon_core.shell:Creating environment hook '/workspaces/ros2-coding/install/ros_gz_example_gazebo/share/ros_gz_example_gazebo/hook/cmake_prefix_path.ps1'
[1.727s] INFO:colcon.colcon_core.shell:Creating environment descriptor '/workspaces/ros2-coding/install/ros_gz_example_gazebo/share/ros_gz_example_gazebo/hook/cmake_prefix_path.dsv'
[1.729s] INFO:colcon.colcon_core.shell:Creating environment hook '/workspaces/ros2-coding/install/ros_gz_example_gazebo/share/ros_gz_example_gazebo/hook/cmake_prefix_path.sh'
[1.733s] Level 1:colcon.colcon_core.environment:checking '/workspaces/ros2-coding/install/ros_gz_example_gazebo/lib'
[1.733s] Level 1:colcon.colcon_core.environment:checking '/workspaces/ros2-coding/install/ros_gz_example_gazebo/bin'
[1.734s] Level 1:colcon.colcon_core.environment:checking '/workspaces/ros2-coding/install/ros_gz_example_gazebo/lib/pkgconfig/ros_gz_example_gazebo.pc'
[1.736s] Level 1:colcon.colcon_core.environment:checking '/workspaces/ros2-coding/install/ros_gz_example_gazebo/lib/python3.12/site-packages'
[1.737s] Level 1:colcon.colcon_core.environment:checking '/workspaces/ros2-coding/install/ros_gz_example_gazebo/bin'
[1.737s] INFO:colcon.colcon_core.shell:Creating package script '/workspaces/ros2-coding/install/ros_gz_example_gazebo/share/ros_gz_example_gazebo/package.ps1'
[1.738s] INFO:colcon.colcon_core.shell:Creating package descriptor '/workspaces/ros2-coding/install/ros_gz_example_gazebo/share/ros_gz_example_gazebo/package.dsv'
[1.739s] INFO:colcon.colcon_core.shell:Creating package script '/workspaces/ros2-coding/install/ros_gz_example_gazebo/share/ros_gz_example_gazebo/package.sh'
[1.742s] INFO:colcon.colcon_core.shell:Creating package script '/workspaces/ros2-coding/install/ros_gz_example_gazebo/share/ros_gz_example_gazebo/package.bash'
[1.743s] INFO:colcon.colcon_core.shell:Creating package script '/workspaces/ros2-coding/install/ros_gz_example_gazebo/share/ros_gz_example_gazebo/package.zsh'
[1.744s] Level 1:colcon.colcon_core.environment:create_file_with_runtime_dependencies(/workspaces/ros2-coding/install/ros_gz_example_gazebo/share/colcon-core/packages/ros_gz_example_gazebo)
[1.748s] INFO:colcon.colcon_ros.task.ament_cmake.build:Building ROS package in '/workspaces/ros2-coding/turtlesim_ws/src/humanoid_locomotion_policy_example/h1_fullbody_controller' with build type 'ament_cmake'
[1.748s] INFO:colcon.colcon_cmake.task.cmake.build:Building CMake package in '/workspaces/ros2-coding/turtlesim_ws/src/humanoid_locomotion_policy_example/h1_fullbody_controller'
[1.748s] INFO:colcon.colcon_core.shell:Skip shell extension 'powershell' for command environment: Not usable outside of PowerShell
[1.748s] DEBUG:colcon.colcon_core.shell:Skip shell extension 'dsv' for command environment
[1.796s] DEBUG:colcon.colcon_core.event_handler.log_command:Invoking command in '/workspaces/ros2-coding/build/h1_fullbody_controller': CMAKE_PREFIX_PATH=${CMAKE_PREFIX_PATH}:/workspaces/ros2-coding/install/rqt_joint_trajectory_controller:/workspaces/ros2-coding/install/rqt_controller_manager:/workspaces/ros2-coding/install/ros2controlcli:/workspaces/ros2-coding/install/ros2_controllers_test_nodes:/workspaces/ros2-coding/install/my_turtlesim:/workspaces/ros2-coding/install/issac_sim:/workspaces/ros2-coding/install/isaac_ros_navigation_goal:/workspaces/ros2-coding/install/human_controller:/opt/ros/jazzy VIRTUAL_ENV_PROMPT=(.venv) /usr/bin/cmake --build /workspaces/ros2-coding/build/h1_fullbody_controller -- -j4 -l4
[2.037s] DEBUG:colcon.colcon_core.event_handler.log_command:Invoked command in '/workspaces/ros2-coding/build/h1_fullbody_controller' returned '0': CMAKE_PREFIX_PATH=${CMAKE_PREFIX_PATH}:/workspaces/ros2-coding/install/rqt_joint_trajectory_controller:/workspaces/ros2-coding/install/rqt_controller_manager:/workspaces/ros2-coding/install/ros2controlcli:/workspaces/ros2-coding/install/ros2_controllers_test_nodes:/workspaces/ros2-coding/install/my_turtlesim:/workspaces/ros2-coding/install/issac_sim:/workspaces/ros2-coding/install/isaac_ros_navigation_goal:/workspaces/ros2-coding/install/human_controller:/opt/ros/jazzy VIRTUAL_ENV_PROMPT=(.venv) /usr/bin/cmake --build /workspaces/ros2-coding/build/h1_fullbody_controller -- -j4 -l4
[2.038s] DEBUG:colcon.colcon_core.event_handler.log_command:Invoking command in '/workspaces/ros2-coding/build/h1_fullbody_controller': CMAKE_PREFIX_PATH=${CMAKE_PREFIX_PATH}:/workspaces/ros2-coding/install/rqt_joint_trajectory_controller:/workspaces/ros2-coding/install/rqt_controller_manager:/workspaces/ros2-coding/install/ros2controlcli:/workspaces/ros2-coding/install/ros2_controllers_test_nodes:/workspaces/ros2-coding/install/my_turtlesim:/workspaces/ros2-coding/install/issac_sim:/workspaces/ros2-coding/install/isaac_ros_navigation_goal:/workspaces/ros2-coding/install/human_controller:/opt/ros/jazzy VIRTUAL_ENV_PROMPT=(.venv) /usr/bin/cmake --install /workspaces/ros2-coding/build/h1_fullbody_controller
[2.044s] DEBUG:colcon.colcon_core.event_handler.log_command:Invoked command in '/workspaces/ros2-coding/build/diff_drive_mover' returned '0': CMAKE_PREFIX_PATH=${CMAKE_PREFIX_PATH}:/workspaces/ros2-coding/install/rqt_joint_trajectory_controller:/workspaces/ros2-coding/install/rqt_controller_manager:/workspaces/ros2-coding/install/ros2controlcli:/workspaces/ros2-coding/install/ros2_controllers_test_nodes:/workspaces/ros2-coding/install/my_turtlesim:/workspaces/ros2-coding/install/issac_sim:/workspaces/ros2-coding/install/isaac_ros_navigation_goal:/workspaces/ros2-coding/install/human_controller:/opt/ros/jazzy VIRTUAL_ENV_PROMPT=(.venv) /usr/bin/cmake --build /workspaces/ros2-coding/build/diff_drive_mover -- -j4 -l4
[2.044s] DEBUG:colcon.colcon_core.event_handler.log_command:Invoking command in '/workspaces/ros2-coding/build/diff_drive_mover': CMAKE_PREFIX_PATH=${CMAKE_PREFIX_PATH}:/workspaces/ros2-coding/install/rqt_joint_trajectory_controller:/workspaces/ros2-coding/install/rqt_controller_manager:/workspaces/ros2-coding/install/ros2controlcli:/workspaces/ros2-coding/install/ros2_controllers_test_nodes:/workspaces/ros2-coding/install/my_turtlesim:/workspaces/ros2-coding/install/issac_sim:/workspaces/ros2-coding/install/isaac_ros_navigation_goal:/workspaces/ros2-coding/install/human_controller:/opt/ros/jazzy VIRTUAL_ENV_PROMPT=(.venv) /usr/bin/cmake --install /workspaces/ros2-coding/build/diff_drive_mover
[2.195s] Level 1:colcon.colcon_core.environment:create_environment_scripts_only(h1_fullbody_controller)
[2.196s] Level 1:colcon.colcon_core.environment:checking '/workspaces/ros2-coding/install/h1_fullbody_controller' for CMake module files
[2.199s] DEBUG:colcon.colcon_core.event_handler.log_command:Invoked command in '/workspaces/ros2-coding/build/h1_fullbody_controller' returned '0': CMAKE_PREFIX_PATH=${CMAKE_PREFIX_PATH}:/workspaces/ros2-coding/install/rqt_joint_trajectory_controller:/workspaces/ros2-coding/install/rqt_controller_manager:/workspaces/ros2-coding/install/ros2controlcli:/workspaces/ros2-coding/install/ros2_controllers_test_nodes:/workspaces/ros2-coding/install/my_turtlesim:/workspaces/ros2-coding/install/issac_sim:/workspaces/ros2-coding/install/isaac_ros_navigation_goal:/workspaces/ros2-coding/install/human_controller:/opt/ros/jazzy VIRTUAL_ENV_PROMPT=(.venv) /usr/bin/cmake --install /workspaces/ros2-coding/build/h1_fullbody_controller
[2.200s] Level 1:colcon.colcon_core.environment:checking '/workspaces/ros2-coding/install/h1_fullbody_controller' for CMake config files
[2.204s] Level 1:colcon.colcon_core.shell:create_environment_hook('h1_fullbody_controller', 'cmake_prefix_path')
[2.204s] INFO:colcon.colcon_core.shell:Creating environment hook '/workspaces/ros2-coding/install/h1_fullbody_controller/share/h1_fullbody_controller/hook/cmake_prefix_path.ps1'
[2.210s] INFO:colcon.colcon_core.shell:Creating environment descriptor '/workspaces/ros2-coding/install/h1_fullbody_controller/share/h1_fullbody_controller/hook/cmake_prefix_path.dsv'
[2.211s] INFO:colcon.colcon_core.shell:Creating environment hook '/workspaces/ros2-coding/install/h1_fullbody_controller/share/h1_fullbody_controller/hook/cmake_prefix_path.sh'
[2.212s] Level 1:colcon.colcon_core.environment:checking '/workspaces/ros2-coding/install/h1_fullbody_controller/lib'
[2.212s] Level 1:colcon.colcon_core.environment:checking '/workspaces/ros2-coding/install/h1_fullbody_controller/bin'
[2.212s] Level 1:colcon.colcon_core.environment:checking '/workspaces/ros2-coding/install/h1_fullbody_controller/lib/pkgconfig/h1_fullbody_controller.pc'
[2.213s] Level 1:colcon.colcon_core.environment:checking '/workspaces/ros2-coding/install/h1_fullbody_controller/lib/python3.12/site-packages'
[2.216s] Level 1:colcon.colcon_core.environment:checking '/workspaces/ros2-coding/install/h1_fullbody_controller/bin'
[2.216s] INFO:colcon.colcon_core.shell:Creating package script '/workspaces/ros2-coding/install/h1_fullbody_controller/share/h1_fullbody_controller/package.ps1'
[2.216s] INFO:colcon.colcon_core.shell:Creating package descriptor '/workspaces/ros2-coding/install/h1_fullbody_controller/share/h1_fullbody_controller/package.dsv'
[2.219s] INFO:colcon.colcon_core.shell:Creating package script '/workspaces/ros2-coding/install/h1_fullbody_controller/share/h1_fullbody_controller/package.sh'
[2.219s] INFO:colcon.colcon_core.shell:Creating package script '/workspaces/ros2-coding/install/h1_fullbody_controller/share/h1_fullbody_controller/package.bash'
[2.221s] INFO:colcon.colcon_core.shell:Creating package script '/workspaces/ros2-coding/install/h1_fullbody_controller/share/h1_fullbody_controller/package.zsh'
[2.222s] Level 1:colcon.colcon_core.environment:create_file_with_runtime_dependencies(/workspaces/ros2-coding/install/h1_fullbody_controller/share/colcon-core/packages/h1_fullbody_controller)
[2.223s] Level 1:colcon.colcon_core.environment:create_environment_scripts_only(h1_fullbody_controller)
[2.223s] Level 1:colcon.colcon_core.environment:checking '/workspaces/ros2-coding/install/h1_fullbody_controller' for CMake module files
[2.224s] Level 1:colcon.colcon_core.environment:checking '/workspaces/ros2-coding/install/h1_fullbody_controller' for CMake config files
[2.229s] Level 1:colcon.colcon_core.shell:create_environment_hook('h1_fullbody_controller', 'cmake_prefix_path')
[2.229s] INFO:colcon.colcon_core.shell:Creating environment hook '/workspaces/ros2-coding/install/h1_fullbody_controller/share/h1_fullbody_controller/hook/cmake_prefix_path.ps1'
[2.231s] INFO:colcon.colcon_core.shell:Creating environment descriptor '/workspaces/ros2-coding/install/h1_fullbody_controller/share/h1_fullbody_controller/hook/cmake_prefix_path.dsv'
[2.234s] INFO:colcon.colcon_core.shell:Creating environment hook '/workspaces/ros2-coding/install/h1_fullbody_controller/share/h1_fullbody_controller/hook/cmake_prefix_path.sh'
[2.235s] Level 1:colcon.colcon_core.environment:checking '/workspaces/ros2-coding/install/h1_fullbody_controller/lib'
[2.237s] Level 1:colcon.colcon_core.environment:checking '/workspaces/ros2-coding/install/h1_fullbody_controller/bin'
[2.237s] Level 1:colcon.colcon_core.environment:checking '/workspaces/ros2-coding/install/h1_fullbody_controller/lib/pkgconfig/h1_fullbody_controller.pc'
[2.237s] Level 1:colcon.colcon_core.environment:checking '/workspaces/ros2-coding/install/h1_fullbody_controller/lib/python3.12/site-packages'
[2.238s] Level 1:colcon.colcon_core.environment:checking '/workspaces/ros2-coding/install/h1_fullbody_controller/bin'
[2.242s] INFO:colcon.colcon_core.shell:Creating package script '/workspaces/ros2-coding/install/h1_fullbody_controller/share/h1_fullbody_controller/package.ps1'
[2.243s] INFO:colcon.colcon_core.shell:Creating package descriptor '/workspaces/ros2-coding/install/h1_fullbody_controller/share/h1_fullbody_controller/package.dsv'
[2.245s] INFO:colcon.colcon_core.shell:Creating package script '/workspaces/ros2-coding/install/h1_fullbody_controller/share/h1_fullbody_controller/package.sh'
[2.246s] INFO:colcon.colcon_core.shell:Creating package script '/workspaces/ros2-coding/install/h1_fullbody_controller/share/h1_fullbody_controller/package.bash'
[2.250s] INFO:colcon.colcon_core.shell:Creating package script '/workspaces/ros2-coding/install/h1_fullbody_controller/share/h1_fullbody_controller/package.zsh'
[2.251s] Level 1:colcon.colcon_core.environment:create_file_with_runtime_dependencies(/workspaces/ros2-coding/install/h1_fullbody_controller/share/colcon-core/packages/h1_fullbody_controller)
[2.252s] INFO:colcon.colcon_ros.task.ament_cmake.build:Building ROS package in '/workspaces/ros2-coding/turtlesim_ws/src/isaac_ros2_messages' with build type 'ament_cmake'
[2.252s] INFO:colcon.colcon_cmake.task.cmake.build:Building CMake package in '/workspaces/ros2-coding/turtlesim_ws/src/isaac_ros2_messages'
[2.253s] INFO:colcon.colcon_core.shell:Skip shell extension 'powershell' for command environment: Not usable outside of PowerShell
[2.256s] DEBUG:colcon.colcon_core.shell:Skip shell extension 'dsv' for command environment
[2.291s] Level 1:colcon.colcon_core.environment:create_environment_scripts_only(diff_drive_mover)
[2.291s] DEBUG:colcon.colcon_core.event_handler.log_command:Invoked command in '/workspaces/ros2-coding/build/diff_drive_mover' returned '0': CMAKE_PREFIX_PATH=${CMAKE_PREFIX_PATH}:/workspaces/ros2-coding/install/rqt_joint_trajectory_controller:/workspaces/ros2-coding/install/rqt_controller_manager:/workspaces/ros2-coding/install/ros2controlcli:/workspaces/ros2-coding/install/ros2_controllers_test_nodes:/workspaces/ros2-coding/install/my_turtlesim:/workspaces/ros2-coding/install/issac_sim:/workspaces/ros2-coding/install/isaac_ros_navigation_goal:/workspaces/ros2-coding/install/human_controller:/opt/ros/jazzy VIRTUAL_ENV_PROMPT=(.venv) /usr/bin/cmake --install /workspaces/ros2-coding/build/diff_drive_mover
[2.292s] Level 1:colcon.colcon_core.environment:checking '/workspaces/ros2-coding/install/diff_drive_mover' for CMake module files
[2.295s] Level 1:colcon.colcon_core.environment:checking '/workspaces/ros2-coding/install/diff_drive_mover' for CMake config files
[2.296s] Level 1:colcon.colcon_core.shell:create_environment_hook('diff_drive_mover', 'cmake_prefix_path')
[2.296s] INFO:colcon.colcon_core.shell:Creating environment hook '/workspaces/ros2-coding/install/diff_drive_mover/share/diff_drive_mover/hook/cmake_prefix_path.ps1'
[2.296s] INFO:colcon.colcon_core.shell:Creating environment descriptor '/workspaces/ros2-coding/install/diff_drive_mover/share/diff_drive_mover/hook/cmake_prefix_path.dsv'
[2.299s] INFO:colcon.colcon_core.shell:Creating environment hook '/workspaces/ros2-coding/install/diff_drive_mover/share/diff_drive_mover/hook/cmake_prefix_path.sh'
[2.300s] Level 1:colcon.colcon_core.environment:checking '/workspaces/ros2-coding/install/diff_drive_mover/bin'
[2.300s] Level 1:colcon.colcon_core.environment:checking '/workspaces/ros2-coding/install/diff_drive_mover/lib/pkgconfig/diff_drive_mover.pc'
[2.301s] Level 1:colcon.colcon_core.environment:checking '/workspaces/ros2-coding/install/diff_drive_mover/lib/python3.12/site-packages'
[2.301s] Level 1:colcon.colcon_core.environment:checking '/workspaces/ros2-coding/install/diff_drive_mover/bin'
[2.302s] INFO:colcon.colcon_core.shell:Creating package script '/workspaces/ros2-coding/install/diff_drive_mover/share/diff_drive_mover/package.ps1'
[2.307s] INFO:colcon.colcon_core.shell:Creating package descriptor '/workspaces/ros2-coding/install/diff_drive_mover/share/diff_drive_mover/package.dsv'
[2.308s] INFO:colcon.colcon_core.shell:Creating package script '/workspaces/ros2-coding/install/diff_drive_mover/share/diff_drive_mover/package.sh'
[2.308s] INFO:colcon.colcon_core.shell:Creating package script '/workspaces/ros2-coding/install/diff_drive_mover/share/diff_drive_mover/package.bash'
[2.309s] INFO:colcon.colcon_core.shell:Creating package script '/workspaces/ros2-coding/install/diff_drive_mover/share/diff_drive_mover/package.zsh'
[2.309s] Level 1:colcon.colcon_core.environment:create_file_with_runtime_dependencies(/workspaces/ros2-coding/install/diff_drive_mover/share/colcon-core/packages/diff_drive_mover)
[2.313s] Level 1:colcon.colcon_core.environment:create_environment_scripts_only(diff_drive_mover)
[2.313s] Level 1:colcon.colcon_core.environment:checking '/workspaces/ros2-coding/install/diff_drive_mover' for CMake module files
[2.314s] Level 1:colcon.colcon_core.environment:checking '/workspaces/ros2-coding/install/diff_drive_mover' for CMake config files
[2.315s] Level 1:colcon.colcon_core.shell:create_environment_hook('diff_drive_mover', 'cmake_prefix_path')
[2.315s] INFO:colcon.colcon_core.shell:Creating environment hook '/workspaces/ros2-coding/install/diff_drive_mover/share/diff_drive_mover/hook/cmake_prefix_path.ps1'
[2.316s] INFO:colcon.colcon_core.shell:Creating environment descriptor '/workspaces/ros2-coding/install/diff_drive_mover/share/diff_drive_mover/hook/cmake_prefix_path.dsv'
[2.321s] INFO:colcon.colcon_core.shell:Creating environment hook '/workspaces/ros2-coding/install/diff_drive_mover/share/diff_drive_mover/hook/cmake_prefix_path.sh'
[2.322s] Level 1:colcon.colcon_core.environment:checking '/workspaces/ros2-coding/install/diff_drive_mover/bin'
[2.322s] Level 1:colcon.colcon_core.environment:checking '/workspaces/ros2-coding/install/diff_drive_mover/lib/pkgconfig/diff_drive_mover.pc'
[2.323s] Level 1:colcon.colcon_core.environment:checking '/workspaces/ros2-coding/install/diff_drive_mover/lib/python3.12/site-packages'
[2.325s] Level 1:colcon.colcon_core.environment:checking '/workspaces/ros2-coding/install/diff_drive_mover/bin'
[2.326s] INFO:colcon.colcon_core.shell:Creating package script '/workspaces/ros2-coding/install/diff_drive_mover/share/diff_drive_mover/package.ps1'
[2.326s] INFO:colcon.colcon_core.shell:Creating package descriptor '/workspaces/ros2-coding/install/diff_drive_mover/share/diff_drive_mover/package.dsv'
[2.327s] INFO:colcon.colcon_core.shell:Creating package script '/workspaces/ros2-coding/install/diff_drive_mover/share/diff_drive_mover/package.sh'
[2.328s] INFO:colcon.colcon_core.shell:Creating package script '/workspaces/ros2-coding/install/diff_drive_mover/share/diff_drive_mover/package.bash'
[2.332s] INFO:colcon.colcon_core.shell:Creating package script '/workspaces/ros2-coding/install/diff_drive_mover/share/diff_drive_mover/package.zsh'
[2.333s] Level 1:colcon.colcon_core.environment:create_file_with_runtime_dependencies(/workspaces/ros2-coding/install/diff_drive_mover/share/colcon-core/packages/diff_drive_mover)
[2.342s] INFO:colcon.colcon_ros.task.ament_python.build:Building ROS package in '/workspaces/ros2-coding/turtlesim_ws/src/navigation/isaac_ros_navigation_goal' with build type 'ament_python'
[2.342s] Level 1:colcon.colcon_core.shell:create_environment_hook('isaac_ros_navigation_goal', 'ament_prefix_path')
[2.342s] INFO:colcon.colcon_core.shell:Creating environment hook '/workspaces/ros2-coding/install/isaac_ros_navigation_goal/share/isaac_ros_navigation_goal/hook/ament_prefix_path.ps1'
[2.343s] INFO:colcon.colcon_core.shell:Creating environment descriptor '/workspaces/ros2-coding/install/isaac_ros_navigation_goal/share/isaac_ros_navigation_goal/hook/ament_prefix_path.dsv'
[2.346s] INFO:colcon.colcon_core.shell:Creating environment hook '/workspaces/ros2-coding/install/isaac_ros_navigation_goal/share/isaac_ros_navigation_goal/hook/ament_prefix_path.sh'
[2.354s] INFO:colcon.colcon_core.shell:Skip shell extension 'powershell' for command environment: Not usable outside of PowerShell
[2.354s] DEBUG:colcon.colcon_core.shell:Skip shell extension 'dsv' for command environment
[2.433s] DEBUG:colcon.colcon_core.event_handler.log_command:Invoking command in '/workspaces/ros2-coding/build/isaac_ros2_messages': CMAKE_PREFIX_PATH=${CMAKE_PREFIX_PATH}:/workspaces/ros2-coding/install/rqt_joint_trajectory_controller:/workspaces/ros2-coding/install/rqt_controller_manager:/workspaces/ros2-coding/install/ros2controlcli:/workspaces/ros2-coding/install/ros2_controllers_test_nodes:/workspaces/ros2-coding/install/my_turtlesim:/workspaces/ros2-coding/install/issac_sim:/workspaces/ros2-coding/install/isaac_ros_navigation_goal:/workspaces/ros2-coding/install/human_controller:/opt/ros/jazzy VIRTUAL_ENV_PROMPT=(.venv) /usr/bin/cmake --build /workspaces/ros2-coding/build/isaac_ros2_messages -- -j4 -l4
[3.515s] INFO:colcon.colcon_core.task.python.build:Building Python package in '/workspaces/ros2-coding/turtlesim_ws/src/navigation/isaac_ros_navigation_goal'
[3.515s] INFO:colcon.colcon_core.shell:Skip shell extension 'powershell' for command environment: Not usable outside of PowerShell
[3.515s] DEBUG:colcon.colcon_core.shell:Skip shell extension 'dsv' for command environment
[8.530s] DEBUG:colcon.colcon_core.event_handler.log_command:Invoking command in '/workspaces/ros2-coding/build/isaac_ros_navigation_goal': PYTHONPATH=/workspaces/ros2-coding/build/isaac_ros_navigation_goal/prefix_override:/usr/lib/python3/dist-packages/colcon_core/task/python/colcon_distutils_commands:/workspaces/ros2-coding/install/isaac_ros_navigation_goal/lib/python3.12/site-packages:${PYTHONPATH} VIRTUAL_ENV_PROMPT=(.venv) /usr/bin/python3 -W ignore:setup.py install is deprecated -W ignore:easy_install command is deprecated setup.py develop --editable --build-directory /workspaces/ros2-coding/build/isaac_ros_navigation_goal/build --no-deps symlink_data
[11.816s] Level 1:colcon.colcon_core.shell:create_environment_hook('isaac_ros_navigation_goal', 'pythonpath_develop')
[11.817s] INFO:colcon.colcon_core.shell:Creating environment hook '/workspaces/ros2-coding/build/isaac_ros_navigation_goal/share/isaac_ros_navigation_goal/hook/pythonpath_develop.ps1'
[11.817s] DEBUG:colcon.colcon_core.event_handler.log_command:Invoked command in '/workspaces/ros2-coding/build/isaac_ros_navigation_goal' returned '0': PYTHONPATH=/workspaces/ros2-coding/build/isaac_ros_navigation_goal/prefix_override:/usr/lib/python3/dist-packages/colcon_core/task/python/colcon_distutils_commands:/workspaces/ros2-coding/install/isaac_ros_navigation_goal/lib/python3.12/site-packages:${PYTHONPATH} VIRTUAL_ENV_PROMPT=(.venv) /usr/bin/python3 -W ignore:setup.py install is deprecated -W ignore:easy_install command is deprecated setup.py develop --editable --build-directory /workspaces/ros2-coding/build/isaac_ros_navigation_goal/build --no-deps symlink_data
[11.818s] INFO:colcon.colcon_core.shell:Creating environment descriptor '/workspaces/ros2-coding/build/isaac_ros_navigation_goal/share/isaac_ros_navigation_goal/hook/pythonpath_develop.dsv'
[11.820s] INFO:colcon.colcon_core.shell:Creating environment hook '/workspaces/ros2-coding/build/isaac_ros_navigation_goal/share/isaac_ros_navigation_goal/hook/pythonpath_develop.sh'
[11.821s] Level 1:colcon.colcon_core.environment:checking '/workspaces/ros2-coding/install/isaac_ros_navigation_goal' for CMake module files
[11.822s] Level 1:colcon.colcon_core.environment:checking '/workspaces/ros2-coding/install/isaac_ros_navigation_goal' for CMake config files
[11.826s] Level 1:colcon.colcon_core.environment:checking '/workspaces/ros2-coding/install/isaac_ros_navigation_goal/lib'
[11.826s] Level 1:colcon.colcon_core.environment:checking '/workspaces/ros2-coding/install/isaac_ros_navigation_goal/bin'
[11.826s] Level 1:colcon.colcon_core.environment:checking '/workspaces/ros2-coding/install/isaac_ros_navigation_goal/lib/pkgconfig/isaac_ros_navigation_goal.pc'
[11.826s] Level 1:colcon.colcon_core.environment:checking '/workspaces/ros2-coding/install/isaac_ros_navigation_goal/lib/python3.12/site-packages'
[11.827s] Level 1:colcon.colcon_core.shell:create_environment_hook('isaac_ros_navigation_goal', 'pythonpath')
[11.827s] INFO:colcon.colcon_core.shell:Creating environment hook '/workspaces/ros2-coding/install/isaac_ros_navigation_goal/share/isaac_ros_navigation_goal/hook/pythonpath.ps1'
[11.828s] INFO:colcon.colcon_core.shell:Creating environment descriptor '/workspaces/ros2-coding/install/isaac_ros_navigation_goal/share/isaac_ros_navigation_goal/hook/pythonpath.dsv'
[11.831s] INFO:colcon.colcon_core.shell:Creating environment hook '/workspaces/ros2-coding/install/isaac_ros_navigation_goal/share/isaac_ros_navigation_goal/hook/pythonpath.sh'
[11.833s] Level 1:colcon.colcon_core.environment:checking '/workspaces/ros2-coding/install/isaac_ros_navigation_goal/bin'
[11.833s] Level 1:colcon.colcon_core.environment:create_environment_scripts_only(isaac_ros_navigation_goal)
[11.833s] INFO:colcon.colcon_core.shell:Creating package script '/workspaces/ros2-coding/install/isaac_ros_navigation_goal/share/isaac_ros_navigation_goal/package.ps1'
[11.834s] INFO:colcon.colcon_core.shell:Creating package descriptor '/workspaces/ros2-coding/install/isaac_ros_navigation_goal/share/isaac_ros_navigation_goal/package.dsv'
[11.835s] INFO:colcon.colcon_core.shell:Creating package script '/workspaces/ros2-coding/install/isaac_ros_navigation_goal/share/isaac_ros_navigation_goal/package.sh'
[11.839s] INFO:colcon.colcon_core.shell:Creating package script '/workspaces/ros2-coding/install/isaac_ros_navigation_goal/share/isaac_ros_navigation_goal/package.bash'
[11.839s] INFO:colcon.colcon_core.shell:Creating package script '/workspaces/ros2-coding/install/isaac_ros_navigation_goal/share/isaac_ros_navigation_goal/package.zsh'
[11.840s] Level 1:colcon.colcon_core.environment:create_file_with_runtime_dependencies(/workspaces/ros2-coding/install/isaac_ros_navigation_goal/share/colcon-core/packages/isaac_ros_navigation_goal)
[11.840s] INFO:colcon.colcon_ros.task.ament_cmake.build:Building ROS package in '/workspaces/ros2-coding/turtlesim_ws/src/isaac_tutorials' with build type 'ament_cmake'
[11.840s] INFO:colcon.colcon_cmake.task.cmake.build:Building CMake package in '/workspaces/ros2-coding/turtlesim_ws/src/isaac_tutorials'
[11.841s] INFO:colcon.colcon_core.shell:Skip shell extension 'powershell' for command environment: Not usable outside of PowerShell
[11.841s] DEBUG:colcon.colcon_core.shell:Skip shell extension 'dsv' for command environment
[11.892s] DEBUG:colcon.colcon_core.event_handler.log_command:Invoking command in '/workspaces/ros2-coding/build/isaac_tutorials': CMAKE_PREFIX_PATH=${CMAKE_PREFIX_PATH}:/workspaces/ros2-coding/install/rqt_joint_trajectory_controller:/workspaces/ros2-coding/install/rqt_controller_manager:/workspaces/ros2-coding/install/ros2controlcli:/workspaces/ros2-coding/install/ros2_controllers_test_nodes:/workspaces/ros2-coding/install/my_turtlesim:/workspaces/ros2-coding/install/issac_sim:/workspaces/ros2-coding/install/isaac_ros_navigation_goal:/workspaces/ros2-coding/install/human_controller:/opt/ros/jazzy VIRTUAL_ENV_PROMPT=(.venv) /usr/bin/cmake --build /workspaces/ros2-coding/build/isaac_tutorials -- -j4 -l4
[12.115s] DEBUG:colcon.colcon_core.event_handler.log_command:Invoked command in '/workspaces/ros2-coding/build/isaac_tutorials' returned '0': CMAKE_PREFIX_PATH=${CMAKE_PREFIX_PATH}:/workspaces/ros2-coding/install/rqt_joint_trajectory_controller:/workspaces/ros2-coding/install/rqt_controller_manager:/workspaces/ros2-coding/install/ros2controlcli:/workspaces/ros2-coding/install/ros2_controllers_test_nodes:/workspaces/ros2-coding/install/my_turtlesim:/workspaces/ros2-coding/install/issac_sim:/workspaces/ros2-coding/install/isaac_ros_navigation_goal:/workspaces/ros2-coding/install/human_controller:/opt/ros/jazzy VIRTUAL_ENV_PROMPT=(.venv) /usr/bin/cmake --build /workspaces/ros2-coding/build/isaac_tutorials -- -j4 -l4
[12.119s] DEBUG:colcon.colcon_core.event_handler.log_command:Invoking command in '/workspaces/ros2-coding/build/isaac_tutorials': CMAKE_PREFIX_PATH=${CMAKE_PREFIX_PATH}:/workspaces/ros2-coding/install/rqt_joint_trajectory_controller:/workspaces/ros2-coding/install/rqt_controller_manager:/workspaces/ros2-coding/install/ros2controlcli:/workspaces/ros2-coding/install/ros2_controllers_test_nodes:/workspaces/ros2-coding/install/my_turtlesim:/workspaces/ros2-coding/install/issac_sim:/workspaces/ros2-coding/install/isaac_ros_navigation_goal:/workspaces/ros2-coding/install/human_controller:/opt/ros/jazzy VIRTUAL_ENV_PROMPT=(.venv) /usr/bin/cmake --install /workspaces/ros2-coding/build/isaac_tutorials
[12.225s] Level 1:colcon.colcon_core.environment:create_environment_scripts_only(isaac_tutorials)
[12.226s] Level 1:colcon.colcon_core.environment:checking '/workspaces/ros2-coding/install/isaac_tutorials' for CMake module files
[12.226s] Level 1:colcon.colcon_core.environment:checking '/workspaces/ros2-coding/install/isaac_tutorials' for CMake config files
[12.228s] Level 1:colcon.colcon_core.shell:create_environment_hook('isaac_tutorials', 'cmake_prefix_path')
[12.227s] DEBUG:colcon.colcon_core.event_handler.log_command:Invoked command in '/workspaces/ros2-coding/build/isaac_tutorials' returned '0': CMAKE_PREFIX_PATH=${CMAKE_PREFIX_PATH}:/workspaces/ros2-coding/install/rqt_joint_trajectory_controller:/workspaces/ros2-coding/install/rqt_controller_manager:/workspaces/ros2-coding/install/ros2controlcli:/workspaces/ros2-coding/install/ros2_controllers_test_nodes:/workspaces/ros2-coding/install/my_turtlesim:/workspaces/ros2-coding/install/issac_sim:/workspaces/ros2-coding/install/isaac_ros_navigation_goal:/workspaces/ros2-coding/install/human_controller:/opt/ros/jazzy VIRTUAL_ENV_PROMPT=(.venv) /usr/bin/cmake --install /workspaces/ros2-coding/build/isaac_tutorials
[12.232s] INFO:colcon.colcon_core.shell:Creating environment hook '/workspaces/ros2-coding/install/isaac_tutorials/share/isaac_tutorials/hook/cmake_prefix_path.ps1'
[12.233s] INFO:colcon.colcon_core.shell:Creating environment descriptor '/workspaces/ros2-coding/install/isaac_tutorials/share/isaac_tutorials/hook/cmake_prefix_path.dsv'
[12.235s] INFO:colcon.colcon_core.shell:Creating environment hook '/workspaces/ros2-coding/install/isaac_tutorials/share/isaac_tutorials/hook/cmake_prefix_path.sh'
[12.236s] Level 1:colcon.colcon_core.environment:checking '/workspaces/ros2-coding/install/isaac_tutorials/lib'
[12.237s] Level 1:colcon.colcon_core.environment:checking '/workspaces/ros2-coding/install/isaac_tutorials/bin'
[12.239s] Level 1:colcon.colcon_core.environment:checking '/workspaces/ros2-coding/install/isaac_tutorials/lib/pkgconfig/isaac_tutorials.pc'
[12.239s] Level 1:colcon.colcon_core.environment:checking '/workspaces/ros2-coding/install/isaac_tutorials/lib/python3.12/site-packages'
[12.240s] Level 1:colcon.colcon_core.environment:checking '/workspaces/ros2-coding/install/isaac_tutorials/bin'
[12.243s] INFO:colcon.colcon_core.shell:Creating package script '/workspaces/ros2-coding/install/isaac_tutorials/share/isaac_tutorials/package.ps1'
[12.246s] INFO:colcon.colcon_core.shell:Creating package descriptor '/workspaces/ros2-coding/install/isaac_tutorials/share/isaac_tutorials/package.dsv'
[12.250s] INFO:colcon.colcon_core.shell:Creating package script '/workspaces/ros2-coding/install/isaac_tutorials/share/isaac_tutorials/package.sh'
[12.250s] INFO:colcon.colcon_core.shell:Creating package script '/workspaces/ros2-coding/install/isaac_tutorials/share/isaac_tutorials/package.bash'
[12.251s] INFO:colcon.colcon_core.shell:Creating package script '/workspaces/ros2-coding/install/isaac_tutorials/share/isaac_tutorials/package.zsh'
[12.255s] Level 1:colcon.colcon_core.environment:create_file_with_runtime_dependencies(/workspaces/ros2-coding/install/isaac_tutorials/share/colcon-core/packages/isaac_tutorials)
[12.256s] Level 1:colcon.colcon_core.environment:create_environment_scripts_only(isaac_tutorials)
[12.260s] Level 1:colcon.colcon_core.environment:checking '/workspaces/ros2-coding/install/isaac_tutorials' for CMake module files
[12.261s] Level 1:colcon.colcon_core.environment:checking '/workspaces/ros2-coding/install/isaac_tutorials' for CMake config files
[12.262s] Level 1:colcon.colcon_core.shell:create_environment_hook('isaac_tutorials', 'cmake_prefix_path')
[12.262s] INFO:colcon.colcon_core.shell:Creating environment hook '/workspaces/ros2-coding/install/isaac_tutorials/share/isaac_tutorials/hook/cmake_prefix_path.ps1'
[12.266s] INFO:colcon.colcon_core.shell:Creating environment descriptor '/workspaces/ros2-coding/install/isaac_tutorials/share/isaac_tutorials/hook/cmake_prefix_path.dsv'
[12.267s] INFO:colcon.colcon_core.shell:Creating environment hook '/workspaces/ros2-coding/install/isaac_tutorials/share/isaac_tutorials/hook/cmake_prefix_path.sh'
[12.271s] Level 1:colcon.colcon_core.environment:checking '/workspaces/ros2-coding/install/isaac_tutorials/lib'
[12.272s] Level 1:colcon.colcon_core.environment:checking '/workspaces/ros2-coding/install/isaac_tutorials/bin'
[12.272s] Level 1:colcon.colcon_core.environment:checking '/workspaces/ros2-coding/install/isaac_tutorials/lib/pkgconfig/isaac_tutorials.pc'
[12.272s] Level 1:colcon.colcon_core.environment:checking '/workspaces/ros2-coding/install/isaac_tutorials/lib/python3.12/site-packages'
[12.272s] Level 1:colcon.colcon_core.environment:checking '/workspaces/ros2-coding/install/isaac_tutorials/bin'
[12.273s] INFO:colcon.colcon_core.shell:Creating package script '/workspaces/ros2-coding/install/isaac_tutorials/share/isaac_tutorials/package.ps1'
[12.277s] INFO:colcon.colcon_core.shell:Creating package descriptor '/workspaces/ros2-coding/install/isaac_tutorials/share/isaac_tutorials/package.dsv'
[12.279s] INFO:colcon.colcon_core.shell:Creating package script '/workspaces/ros2-coding/install/isaac_tutorials/share/isaac_tutorials/package.sh'
[12.281s] INFO:colcon.colcon_core.shell:Creating package script '/workspaces/ros2-coding/install/isaac_tutorials/share/isaac_tutorials/package.bash'
[12.286s] INFO:colcon.colcon_core.shell:Creating package script '/workspaces/ros2-coding/install/isaac_tutorials/share/isaac_tutorials/package.zsh'
[12.287s] Level 1:colcon.colcon_core.environment:create_file_with_runtime_dependencies(/workspaces/ros2-coding/install/isaac_tutorials/share/colcon-core/packages/isaac_tutorials)
[12.287s] INFO:colcon.colcon_ros.task.ament_cmake.build:Building ROS package in '/workspaces/ros2-coding/turtlesim_ws/src/isaacsim' with build type 'ament_cmake'
[12.288s] INFO:colcon.colcon_cmake.task.cmake.build:Building CMake package in '/workspaces/ros2-coding/turtlesim_ws/src/isaacsim'
[12.288s] INFO:colcon.colcon_core.shell:Skip shell extension 'powershell' for command environment: Not usable outside of PowerShell
[12.288s] DEBUG:colcon.colcon_core.shell:Skip shell extension 'dsv' for command environment
[12.352s] DEBUG:colcon.colcon_core.event_handler.log_command:Invoking command in '/workspaces/ros2-coding/build/isaacsim': CMAKE_PREFIX_PATH=${CMAKE_PREFIX_PATH}:/workspaces/ros2-coding/install/rqt_joint_trajectory_controller:/workspaces/ros2-coding/install/rqt_controller_manager:/workspaces/ros2-coding/install/ros2controlcli:/workspaces/ros2-coding/install/ros2_controllers_test_nodes:/workspaces/ros2-coding/install/my_turtlesim:/workspaces/ros2-coding/install/issac_sim:/workspaces/ros2-coding/install/isaac_ros_navigation_goal:/workspaces/ros2-coding/install/human_controller:/opt/ros/jazzy VIRTUAL_ENV_PROMPT=(.venv) /usr/bin/cmake --build /workspaces/ros2-coding/build/isaacsim -- -j4 -l4
[12.586s] DEBUG:colcon.colcon_core.event_handler.log_command:Invoked command in '/workspaces/ros2-coding/build/isaacsim' returned '0': CMAKE_PREFIX_PATH=${CMAKE_PREFIX_PATH}:/workspaces/ros2-coding/install/rqt_joint_trajectory_controller:/workspaces/ros2-coding/install/rqt_controller_manager:/workspaces/ros2-coding/install/ros2controlcli:/workspaces/ros2-coding/install/ros2_controllers_test_nodes:/workspaces/ros2-coding/install/my_turtlesim:/workspaces/ros2-coding/install/issac_sim:/workspaces/ros2-coding/install/isaac_ros_navigation_goal:/workspaces/ros2-coding/install/human_controller:/opt/ros/jazzy VIRTUAL_ENV_PROMPT=(.venv) /usr/bin/cmake --build /workspaces/ros2-coding/build/isaacsim -- -j4 -l4
[12.587s] DEBUG:colcon.colcon_core.event_handler.log_command:Invoking command in '/workspaces/ros2-coding/build/isaacsim': CMAKE_PREFIX_PATH=${CMAKE_PREFIX_PATH}:/workspaces/ros2-coding/install/rqt_joint_trajectory_controller:/workspaces/ros2-coding/install/rqt_controller_manager:/workspaces/ros2-coding/install/ros2controlcli:/workspaces/ros2-coding/install/ros2_controllers_test_nodes:/workspaces/ros2-coding/install/my_turtlesim:/workspaces/ros2-coding/install/issac_sim:/workspaces/ros2-coding/install/isaac_ros_navigation_goal:/workspaces/ros2-coding/install/human_controller:/opt/ros/jazzy VIRTUAL_ENV_PROMPT=(.venv) /usr/bin/cmake --install /workspaces/ros2-coding/build/isaacsim
[12.698s] Level 1:colcon.colcon_core.environment:create_environment_scripts_only(isaacsim)
[12.699s] Level 1:colcon.colcon_core.environment:checking '/workspaces/ros2-coding/install/isaacsim' for CMake module files
[12.700s] Level 1:colcon.colcon_core.environment:checking '/workspaces/ros2-coding/install/isaacsim' for CMake config files
[12.704s] Level 1:colcon.colcon_core.shell:create_environment_hook('isaacsim', 'cmake_prefix_path')
[12.704s] INFO:colcon.colcon_core.shell:Creating environment hook '/workspaces/ros2-coding/install/isaacsim/share/isaacsim/hook/cmake_prefix_path.ps1'
[12.705s] INFO:colcon.colcon_core.shell:Creating environment descriptor '/workspaces/ros2-coding/install/isaacsim/share/isaacsim/hook/cmake_prefix_path.dsv'
[12.700s] DEBUG:colcon.colcon_core.event_handler.log_command:Invoked command in '/workspaces/ros2-coding/build/isaacsim' returned '0': CMAKE_PREFIX_PATH=${CMAKE_PREFIX_PATH}:/workspaces/ros2-coding/install/rqt_joint_trajectory_controller:/workspaces/ros2-coding/install/rqt_controller_manager:/workspaces/ros2-coding/install/ros2controlcli:/workspaces/ros2-coding/install/ros2_controllers_test_nodes:/workspaces/ros2-coding/install/my_turtlesim:/workspaces/ros2-coding/install/issac_sim:/workspaces/ros2-coding/install/isaac_ros_navigation_goal:/workspaces/ros2-coding/install/human_controller:/opt/ros/jazzy VIRTUAL_ENV_PROMPT=(.venv) /usr/bin/cmake --install /workspaces/ros2-coding/build/isaacsim
[12.706s] INFO:colcon.colcon_core.shell:Creating environment hook '/workspaces/ros2-coding/install/isaacsim/share/isaacsim/hook/cmake_prefix_path.sh'
[12.708s] Level 1:colcon.colcon_core.environment:checking '/workspaces/ros2-coding/install/isaacsim/lib'
[12.708s] Level 1:colcon.colcon_core.environment:checking '/workspaces/ros2-coding/install/isaacsim/bin'
[12.708s] Level 1:colcon.colcon_core.environment:checking '/workspaces/ros2-coding/install/isaacsim/lib/pkgconfig/isaacsim.pc'
[12.710s] Level 1:colcon.colcon_core.environment:checking '/workspaces/ros2-coding/install/isaacsim/lib/python3.12/site-packages'
[12.711s] Level 1:colcon.colcon_core.environment:checking '/workspaces/ros2-coding/install/isaacsim/bin'
[12.711s] INFO:colcon.colcon_core.shell:Creating package script '/workspaces/ros2-coding/install/isaacsim/share/isaacsim/package.ps1'
[12.714s] INFO:colcon.colcon_core.shell:Creating package descriptor '/workspaces/ros2-coding/install/isaacsim/share/isaacsim/package.dsv'
[12.715s] INFO:colcon.colcon_core.shell:Creating package script '/workspaces/ros2-coding/install/isaacsim/share/isaacsim/package.sh'
[12.716s] INFO:colcon.colcon_core.shell:Creating package script '/workspaces/ros2-coding/install/isaacsim/share/isaacsim/package.bash'
[12.716s] INFO:colcon.colcon_core.shell:Creating package script '/workspaces/ros2-coding/install/isaacsim/share/isaacsim/package.zsh'
[12.720s] Level 1:colcon.colcon_core.environment:create_file_with_runtime_dependencies(/workspaces/ros2-coding/install/isaacsim/share/colcon-core/packages/isaacsim)
[12.721s] Level 1:colcon.colcon_core.environment:create_environment_scripts_only(isaacsim)
[12.721s] Level 1:colcon.colcon_core.environment:checking '/workspaces/ros2-coding/install/isaacsim' for CMake module files
[12.722s] Level 1:colcon.colcon_core.environment:checking '/workspaces/ros2-coding/install/isaacsim' for CMake config files
[12.723s] Level 1:colcon.colcon_core.shell:create_environment_hook('isaacsim', 'cmake_prefix_path')
[12.723s] INFO:colcon.colcon_core.shell:Creating environment hook '/workspaces/ros2-coding/install/isaacsim/share/isaacsim/hook/cmake_prefix_path.ps1'
[12.726s] INFO:colcon.colcon_core.shell:Creating environment descriptor '/workspaces/ros2-coding/install/isaacsim/share/isaacsim/hook/cmake_prefix_path.dsv'
[12.726s] INFO:colcon.colcon_core.shell:Creating environment hook '/workspaces/ros2-coding/install/isaacsim/share/isaacsim/hook/cmake_prefix_path.sh'
[12.727s] Level 1:colcon.colcon_core.environment:checking '/workspaces/ros2-coding/install/isaacsim/lib'
[12.727s] Level 1:colcon.colcon_core.environment:checking '/workspaces/ros2-coding/install/isaacsim/bin'
[12.727s] Level 1:colcon.colcon_core.environment:checking '/workspaces/ros2-coding/install/isaacsim/lib/pkgconfig/isaacsim.pc'
[12.728s] Level 1:colcon.colcon_core.environment:checking '/workspaces/ros2-coding/install/isaacsim/lib/python3.12/site-packages'
[12.728s] Level 1:colcon.colcon_core.environment:checking '/workspaces/ros2-coding/install/isaacsim/bin'
[12.729s] INFO:colcon.colcon_core.shell:Creating package script '/workspaces/ros2-coding/install/isaacsim/share/isaacsim/package.ps1'
[12.733s] INFO:colcon.colcon_core.shell:Creating package descriptor '/workspaces/ros2-coding/install/isaacsim/share/isaacsim/package.dsv'
[12.734s] INFO:colcon.colcon_core.shell:Creating package script '/workspaces/ros2-coding/install/isaacsim/share/isaacsim/package.sh'
[12.735s] INFO:colcon.colcon_core.shell:Creating package script '/workspaces/ros2-coding/install/isaacsim/share/isaacsim/package.bash'
[12.738s] INFO:colcon.colcon_core.shell:Creating package script '/workspaces/ros2-coding/install/isaacsim/share/isaacsim/package.zsh'
[12.739s] Level 1:colcon.colcon_core.environment:create_file_with_runtime_dependencies(/workspaces/ros2-coding/install/isaacsim/share/colcon-core/packages/isaacsim)
[12.739s] INFO:colcon.colcon_ros.task.ament_python.build:Building ROS package in '/workspaces/ros2-coding/turtlesim_ws/src/issac_sim' with build type 'ament_python'
[12.739s] Level 1:colcon.colcon_core.shell:create_environment_hook('issac_sim', 'ament_prefix_path')
[12.740s] INFO:colcon.colcon_core.shell:Creating environment hook '/workspaces/ros2-coding/install/issac_sim/share/issac_sim/hook/ament_prefix_path.ps1'
[12.741s] INFO:colcon.colcon_core.shell:Creating environment descriptor '/workspaces/ros2-coding/install/issac_sim/share/issac_sim/hook/ament_prefix_path.dsv'
[12.745s] INFO:colcon.colcon_core.shell:Creating environment hook '/workspaces/ros2-coding/install/issac_sim/share/issac_sim/hook/ament_prefix_path.sh'
[12.746s] INFO:colcon.colcon_core.shell:Skip shell extension 'powershell' for command environment: Not usable outside of PowerShell
[12.746s] DEBUG:colcon.colcon_core.shell:Skip shell extension 'dsv' for command environment
[13.454s] INFO:colcon.colcon_core.task.python.build:Building Python package in '/workspaces/ros2-coding/turtlesim_ws/src/issac_sim'
[13.455s] INFO:colcon.colcon_core.shell:Skip shell extension 'powershell' for command environment: Not usable outside of PowerShell
[13.455s] DEBUG:colcon.colcon_core.shell:Skip shell extension 'dsv' for command environment
[15.141s] DEBUG:colcon.colcon_core.event_handler.log_command:Invoking command in '/workspaces/ros2-coding/build/issac_sim': PYTHONPATH=/workspaces/ros2-coding/build/issac_sim/prefix_override:/usr/lib/python3/dist-packages/colcon_core/task/python/colcon_distutils_commands:/workspaces/ros2-coding/install/issac_sim/lib/python3.12/site-packages:${PYTHONPATH} VIRTUAL_ENV_PROMPT=(.venv) /usr/bin/python3 -W ignore:setup.py install is deprecated -W ignore:easy_install command is deprecated setup.py develop --editable --build-directory /workspaces/ros2-coding/build/issac_sim/build --no-deps symlink_data
[15.642s] DEBUG:colcon.colcon_core.event_handler.log_command:Invoked command in '/workspaces/ros2-coding/build/custom_message' returned '0': CMAKE_PREFIX_PATH=${CMAKE_PREFIX_PATH}:/workspaces/ros2-coding/install/rqt_joint_trajectory_controller:/workspaces/ros2-coding/install/rqt_controller_manager:/workspaces/ros2-coding/install/ros2controlcli:/workspaces/ros2-coding/install/ros2_controllers_test_nodes:/workspaces/ros2-coding/install/my_turtlesim:/workspaces/ros2-coding/install/issac_sim:/workspaces/ros2-coding/install/isaac_ros_navigation_goal:/workspaces/ros2-coding/install/human_controller:/opt/ros/jazzy VIRTUAL_ENV_PROMPT=(.venv) /usr/bin/cmake --build /workspaces/ros2-coding/build/custom_message -- -j4 -l4
[15.643s] DEBUG:colcon.colcon_core.event_handler.log_command:Invoking command in '/workspaces/ros2-coding/build/custom_message': CMAKE_PREFIX_PATH=${CMAKE_PREFIX_PATH}:/workspaces/ros2-coding/install/rqt_joint_trajectory_controller:/workspaces/ros2-coding/install/rqt_controller_manager:/workspaces/ros2-coding/install/ros2controlcli:/workspaces/ros2-coding/install/ros2_controllers_test_nodes:/workspaces/ros2-coding/install/my_turtlesim:/workspaces/ros2-coding/install/issac_sim:/workspaces/ros2-coding/install/isaac_ros_navigation_goal:/workspaces/ros2-coding/install/human_controller:/opt/ros/jazzy VIRTUAL_ENV_PROMPT=(.venv) /usr/bin/cmake --install /workspaces/ros2-coding/build/custom_message
[16.038s] Level 1:colcon.colcon_core.environment:create_environment_scripts_only(custom_message)
[16.038s] Level 1:colcon.colcon_core.environment:checking '/workspaces/ros2-coding/install/custom_message' for CMake module files
[16.040s] Level 1:colcon.colcon_core.environment:checking '/workspaces/ros2-coding/install/custom_message' for CMake config files
[16.040s] DEBUG:colcon.colcon_core.event_handler.log_command:Invoked command in '/workspaces/ros2-coding/build/custom_message' returned '0': CMAKE_PREFIX_PATH=${CMAKE_PREFIX_PATH}:/workspaces/ros2-coding/install/rqt_joint_trajectory_controller:/workspaces/ros2-coding/install/rqt_controller_manager:/workspaces/ros2-coding/install/ros2controlcli:/workspaces/ros2-coding/install/ros2_controllers_test_nodes:/workspaces/ros2-coding/install/my_turtlesim:/workspaces/ros2-coding/install/issac_sim:/workspaces/ros2-coding/install/isaac_ros_navigation_goal:/workspaces/ros2-coding/install/human_controller:/opt/ros/jazzy VIRTUAL_ENV_PROMPT=(.venv) /usr/bin/cmake --install /workspaces/ros2-coding/build/custom_message
[16.043s] Level 1:colcon.colcon_core.shell:create_environment_hook('custom_message', 'cmake_prefix_path')
[16.048s] INFO:colcon.colcon_core.shell:Creating environment hook '/workspaces/ros2-coding/install/custom_message/share/custom_message/hook/cmake_prefix_path.ps1'
[16.049s] INFO:colcon.colcon_core.shell:Creating environment descriptor '/workspaces/ros2-coding/install/custom_message/share/custom_message/hook/cmake_prefix_path.dsv'
[16.053s] INFO:colcon.colcon_core.shell:Creating environment hook '/workspaces/ros2-coding/install/custom_message/share/custom_message/hook/cmake_prefix_path.sh'
[16.056s] Level 1:colcon.colcon_core.environment:checking '/workspaces/ros2-coding/install/custom_message/lib'
[16.057s] Level 1:colcon.colcon_core.shell:create_environment_hook('custom_message', 'ld_library_path_lib')
[16.057s] INFO:colcon.colcon_core.shell:Creating environment hook '/workspaces/ros2-coding/install/custom_message/share/custom_message/hook/ld_library_path_lib.ps1'
[16.061s] INFO:colcon.colcon_core.shell:Creating environment descriptor '/workspaces/ros2-coding/install/custom_message/share/custom_message/hook/ld_library_path_lib.dsv'
[16.064s] INFO:colcon.colcon_core.shell:Creating environment hook '/workspaces/ros2-coding/install/custom_message/share/custom_message/hook/ld_library_path_lib.sh'
[16.065s] Level 1:colcon.colcon_core.environment:checking '/workspaces/ros2-coding/install/custom_message/bin'
[16.065s] Level 1:colcon.colcon_core.environment:checking '/workspaces/ros2-coding/install/custom_message/lib/pkgconfig/custom_message.pc'
[16.065s] Level 1:colcon.colcon_core.environment:checking '/workspaces/ros2-coding/install/custom_message/lib/python3.12/site-packages'
[16.065s] Level 1:colcon.colcon_core.shell:create_environment_hook('custom_message', 'pythonpath')
[16.066s] INFO:colcon.colcon_core.shell:Creating environment hook '/workspaces/ros2-coding/install/custom_message/share/custom_message/hook/pythonpath.ps1'
[16.067s] INFO:colcon.colcon_core.shell:Creating environment descriptor '/workspaces/ros2-coding/install/custom_message/share/custom_message/hook/pythonpath.dsv'
[16.069s] INFO:colcon.colcon_core.shell:Creating environment hook '/workspaces/ros2-coding/install/custom_message/share/custom_message/hook/pythonpath.sh'
[16.070s] Level 1:colcon.colcon_core.environment:checking '/workspaces/ros2-coding/install/custom_message/bin'
[16.072s] INFO:colcon.colcon_core.shell:Creating package script '/workspaces/ros2-coding/install/custom_message/share/custom_message/package.ps1'
[16.074s] INFO:colcon.colcon_core.shell:Creating package descriptor '/workspaces/ros2-coding/install/custom_message/share/custom_message/package.dsv'
[16.076s] INFO:colcon.colcon_core.shell:Creating package script '/workspaces/ros2-coding/install/custom_message/share/custom_message/package.sh'
[16.078s] INFO:colcon.colcon_core.shell:Creating package script '/workspaces/ros2-coding/install/custom_message/share/custom_message/package.bash'
[16.079s] INFO:colcon.colcon_core.shell:Creating package script '/workspaces/ros2-coding/install/custom_message/share/custom_message/package.zsh'
[16.083s] Level 1:colcon.colcon_core.environment:create_file_with_runtime_dependencies(/workspaces/ros2-coding/install/custom_message/share/colcon-core/packages/custom_message)
[16.084s] Level 1:colcon.colcon_core.environment:create_environment_scripts_only(custom_message)
[16.084s] Level 1:colcon.colcon_core.environment:checking '/workspaces/ros2-coding/install/custom_message' for CMake module files
[16.085s] Level 1:colcon.colcon_core.environment:checking '/workspaces/ros2-coding/install/custom_message' for CMake config files
[16.087s] Level 1:colcon.colcon_core.shell:create_environment_hook('custom_message', 'cmake_prefix_path')
[16.095s] INFO:colcon.colcon_core.shell:Creating environment hook '/workspaces/ros2-coding/install/custom_message/share/custom_message/hook/cmake_prefix_path.ps1'
[16.096s] INFO:colcon.colcon_core.shell:Creating environment descriptor '/workspaces/ros2-coding/install/custom_message/share/custom_message/hook/cmake_prefix_path.dsv'
[16.096s] INFO:colcon.colcon_core.shell:Creating environment hook '/workspaces/ros2-coding/install/custom_message/share/custom_message/hook/cmake_prefix_path.sh'
[16.100s] Level 1:colcon.colcon_core.environment:checking '/workspaces/ros2-coding/install/custom_message/lib'
[16.103s] Level 1:colcon.colcon_core.shell:create_environment_hook('custom_message', 'ld_library_path_lib')
[16.103s] INFO:colcon.colcon_core.shell:Creating environment hook '/workspaces/ros2-coding/install/custom_message/share/custom_message/hook/ld_library_path_lib.ps1'
[16.111s] INFO:colcon.colcon_core.shell:Creating environment descriptor '/workspaces/ros2-coding/install/custom_message/share/custom_message/hook/ld_library_path_lib.dsv'
[16.112s] INFO:colcon.colcon_core.shell:Creating environment hook '/workspaces/ros2-coding/install/custom_message/share/custom_message/hook/ld_library_path_lib.sh'
[16.113s] Level 1:colcon.colcon_core.environment:checking '/workspaces/ros2-coding/install/custom_message/bin'
[16.113s] Level 1:colcon.colcon_core.environment:checking '/workspaces/ros2-coding/install/custom_message/lib/pkgconfig/custom_message.pc'
[16.113s] Level 1:colcon.colcon_core.environment:checking '/workspaces/ros2-coding/install/custom_message/lib/python3.12/site-packages'
[16.114s] Level 1:colcon.colcon_core.shell:create_environment_hook('custom_message', 'pythonpath')
[16.114s] INFO:colcon.colcon_core.shell:Creating environment hook '/workspaces/ros2-coding/install/custom_message/share/custom_message/hook/pythonpath.ps1'
[16.115s] INFO:colcon.colcon_core.shell:Creating environment descriptor '/workspaces/ros2-coding/install/custom_message/share/custom_message/hook/pythonpath.dsv'
[16.116s] INFO:colcon.colcon_core.shell:Creating environment hook '/workspaces/ros2-coding/install/custom_message/share/custom_message/hook/pythonpath.sh'
[16.120s] Level 1:colcon.colcon_core.environment:checking '/workspaces/ros2-coding/install/custom_message/bin'
[16.120s] INFO:colcon.colcon_core.shell:Creating package script '/workspaces/ros2-coding/install/custom_message/share/custom_message/package.ps1'
[16.121s] INFO:colcon.colcon_core.shell:Creating package descriptor '/workspaces/ros2-coding/install/custom_message/share/custom_message/package.dsv'
[16.124s] INFO:colcon.colcon_core.shell:Creating package script '/workspaces/ros2-coding/install/custom_message/share/custom_message/package.sh'
[16.125s] INFO:colcon.colcon_core.shell:Creating package script '/workspaces/ros2-coding/install/custom_message/share/custom_message/package.bash'
[16.126s] INFO:colcon.colcon_core.shell:Creating package script '/workspaces/ros2-coding/install/custom_message/share/custom_message/package.zsh'
[16.129s] Level 1:colcon.colcon_core.environment:create_file_with_runtime_dependencies(/workspaces/ros2-coding/install/custom_message/share/colcon-core/packages/custom_message)
[16.130s] INFO:colcon.colcon_ros.task.ament_cmake.build:Building ROS package in '/workspaces/ros2-coding/turtlesim_ws/src/navigation/iw_hub_navigation' with build type 'ament_cmake'
[16.130s] INFO:colcon.colcon_cmake.task.cmake.build:Building CMake package in '/workspaces/ros2-coding/turtlesim_ws/src/navigation/iw_hub_navigation'
[16.130s] INFO:colcon.colcon_core.shell:Skip shell extension 'powershell' for command environment: Not usable outside of PowerShell
[16.131s] DEBUG:colcon.colcon_core.shell:Skip shell extension 'dsv' for command environment
[16.179s] DEBUG:colcon.colcon_core.event_handler.log_command:Invoking command in '/workspaces/ros2-coding/build/iw_hub_navigation': CMAKE_PREFIX_PATH=${CMAKE_PREFIX_PATH}:/workspaces/ros2-coding/install/rqt_joint_trajectory_controller:/workspaces/ros2-coding/install/rqt_controller_manager:/workspaces/ros2-coding/install/ros2controlcli:/workspaces/ros2-coding/install/ros2_controllers_test_nodes:/workspaces/ros2-coding/install/my_turtlesim:/workspaces/ros2-coding/install/issac_sim:/workspaces/ros2-coding/install/isaac_ros_navigation_goal:/workspaces/ros2-coding/install/human_controller:/opt/ros/jazzy VIRTUAL_ENV_PROMPT=(.venv) /usr/bin/cmake /workspaces/ros2-coding/turtlesim_ws/src/navigation/iw_hub_navigation -DAMENT_CMAKE_SYMLINK_INSTALL=1 -DCMAKE_INSTALL_PREFIX=/workspaces/ros2-coding/install/iw_hub_navigation
[17.301s] Level 1:colcon.colcon_core.shell:create_environment_hook('issac_sim', 'pythonpath_develop')
[17.301s] INFO:colcon.colcon_core.shell:Creating environment hook '/workspaces/ros2-coding/build/issac_sim/share/issac_sim/hook/pythonpath_develop.ps1'
[17.303s] DEBUG:colcon.colcon_core.event_handler.log_command:Invoked command in '/workspaces/ros2-coding/build/issac_sim' returned '0': PYTHONPATH=/workspaces/ros2-coding/build/issac_sim/prefix_override:/usr/lib/python3/dist-packages/colcon_core/task/python/colcon_distutils_commands:/workspaces/ros2-coding/install/issac_sim/lib/python3.12/site-packages:${PYTHONPATH} VIRTUAL_ENV_PROMPT=(.venv) /usr/bin/python3 -W ignore:setup.py install is deprecated -W ignore:easy_install command is deprecated setup.py develop --editable --build-directory /workspaces/ros2-coding/build/issac_sim/build --no-deps symlink_data
[17.308s] INFO:colcon.colcon_core.shell:Creating environment descriptor '/workspaces/ros2-coding/build/issac_sim/share/issac_sim/hook/pythonpath_develop.dsv'
[17.311s] INFO:colcon.colcon_core.shell:Creating environment hook '/workspaces/ros2-coding/build/issac_sim/share/issac_sim/hook/pythonpath_develop.sh'
[17.312s] Level 1:colcon.colcon_core.environment:checking '/workspaces/ros2-coding/install/issac_sim' for CMake module files
[17.314s] Level 1:colcon.colcon_core.environment:checking '/workspaces/ros2-coding/install/issac_sim' for CMake config files
[17.316s] Level 1:colcon.colcon_core.environment:checking '/workspaces/ros2-coding/install/issac_sim/lib'
[17.318s] Level 1:colcon.colcon_core.environment:checking '/workspaces/ros2-coding/install/issac_sim/bin'
[17.318s] Level 1:colcon.colcon_core.environment:checking '/workspaces/ros2-coding/install/issac_sim/lib/pkgconfig/issac_sim.pc'
[17.319s] Level 1:colcon.colcon_core.environment:checking '/workspaces/ros2-coding/install/issac_sim/lib/python3.12/site-packages'
[17.319s] Level 1:colcon.colcon_core.shell:create_environment_hook('issac_sim', 'pythonpath')
[17.322s] INFO:colcon.colcon_core.shell:Creating environment hook '/workspaces/ros2-coding/install/issac_sim/share/issac_sim/hook/pythonpath.ps1'
[17.323s] INFO:colcon.colcon_core.shell:Creating environment descriptor '/workspaces/ros2-coding/install/issac_sim/share/issac_sim/hook/pythonpath.dsv'
[17.327s] INFO:colcon.colcon_core.shell:Creating environment hook '/workspaces/ros2-coding/install/issac_sim/share/issac_sim/hook/pythonpath.sh'
[17.328s] Level 1:colcon.colcon_core.environment:checking '/workspaces/ros2-coding/install/issac_sim/bin'
[17.330s] Level 1:colcon.colcon_core.environment:create_environment_scripts_only(issac_sim)
[17.331s] INFO:colcon.colcon_core.shell:Creating package script '/workspaces/ros2-coding/install/issac_sim/share/issac_sim/package.ps1'
[17.337s] INFO:colcon.colcon_core.shell:Creating package descriptor '/workspaces/ros2-coding/install/issac_sim/share/issac_sim/package.dsv'
[17.338s] INFO:colcon.colcon_core.shell:Creating package script '/workspaces/ros2-coding/install/issac_sim/share/issac_sim/package.sh'
[17.340s] INFO:colcon.colcon_core.shell:Creating package script '/workspaces/ros2-coding/install/issac_sim/share/issac_sim/package.bash'
[17.341s] INFO:colcon.colcon_core.shell:Creating package script '/workspaces/ros2-coding/install/issac_sim/share/issac_sim/package.zsh'
[17.342s] Level 1:colcon.colcon_core.environment:create_file_with_runtime_dependencies(/workspaces/ros2-coding/install/issac_sim/share/colcon-core/packages/issac_sim)
[17.344s] INFO:colcon.colcon_ros.task.ament_cmake.build:Building ROS package in '/workspaces/ros2-coding/turtlesim_ws/src/moveit_nao_config' with build type 'ament_cmake'
[17.344s] INFO:colcon.colcon_cmake.task.cmake.build:Building CMake package in '/workspaces/ros2-coding/turtlesim_ws/src/moveit_nao_config'
[17.344s] INFO:colcon.colcon_core.shell:Skip shell extension 'powershell' for command environment: Not usable outside of PowerShell
[17.344s] DEBUG:colcon.colcon_core.shell:Skip shell extension 'dsv' for command environment
[17.399s] DEBUG:colcon.colcon_core.event_handler.log_command:Invoking command in '/workspaces/ros2-coding/build/moveit_nao_config': CMAKE_PREFIX_PATH=${CMAKE_PREFIX_PATH}:/workspaces/ros2-coding/install/rqt_joint_trajectory_controller:/workspaces/ros2-coding/install/rqt_controller_manager:/workspaces/ros2-coding/install/ros2controlcli:/workspaces/ros2-coding/install/ros2_controllers_test_nodes:/workspaces/ros2-coding/install/my_turtlesim:/workspaces/ros2-coding/install/issac_sim:/workspaces/ros2-coding/install/isaac_ros_navigation_goal:/workspaces/ros2-coding/install/human_controller:/opt/ros/jazzy VIRTUAL_ENV_PROMPT=(.venv) /usr/bin/cmake /workspaces/ros2-coding/turtlesim_ws/src/moveit_nao_config -DAMENT_CMAKE_SYMLINK_INSTALL=1 -DCMAKE_INSTALL_PREFIX=/workspaces/ros2-coding/install/moveit_nao_config
[21.697s] DEBUG:colcon.colcon_core.event_handler.log_command:Invoked command in '/workspaces/ros2-coding/build/iw_hub_navigation' returned '0': CMAKE_PREFIX_PATH=${CMAKE_PREFIX_PATH}:/workspaces/ros2-coding/install/rqt_joint_trajectory_controller:/workspaces/ros2-coding/install/rqt_controller_manager:/workspaces/ros2-coding/install/ros2controlcli:/workspaces/ros2-coding/install/ros2_controllers_test_nodes:/workspaces/ros2-coding/install/my_turtlesim:/workspaces/ros2-coding/install/issac_sim:/workspaces/ros2-coding/install/isaac_ros_navigation_goal:/workspaces/ros2-coding/install/human_controller:/opt/ros/jazzy VIRTUAL_ENV_PROMPT=(.venv) /usr/bin/cmake /workspaces/ros2-coding/turtlesim_ws/src/navigation/iw_hub_navigation -DAMENT_CMAKE_SYMLINK_INSTALL=1 -DCMAKE_INSTALL_PREFIX=/workspaces/ros2-coding/install/iw_hub_navigation
[21.699s] DEBUG:colcon.colcon_core.event_handler.log_command:Invoking command in '/workspaces/ros2-coding/build/iw_hub_navigation': CMAKE_PREFIX_PATH=${CMAKE_PREFIX_PATH}:/workspaces/ros2-coding/install/rqt_joint_trajectory_controller:/workspaces/ros2-coding/install/rqt_controller_manager:/workspaces/ros2-coding/install/ros2controlcli:/workspaces/ros2-coding/install/ros2_controllers_test_nodes:/workspaces/ros2-coding/install/my_turtlesim:/workspaces/ros2-coding/install/issac_sim:/workspaces/ros2-coding/install/isaac_ros_navigation_goal:/workspaces/ros2-coding/install/human_controller:/opt/ros/jazzy VIRTUAL_ENV_PROMPT=(.venv) /usr/bin/cmake --build /workspaces/ros2-coding/build/iw_hub_navigation -- -j4 -l4
[21.933s] DEBUG:colcon.colcon_core.event_handler.log_command:Invoked command in '/workspaces/ros2-coding/build/iw_hub_navigation' returned '0': CMAKE_PREFIX_PATH=${CMAKE_PREFIX_PATH}:/workspaces/ros2-coding/install/rqt_joint_trajectory_controller:/workspaces/ros2-coding/install/rqt_controller_manager:/workspaces/ros2-coding/install/ros2controlcli:/workspaces/ros2-coding/install/ros2_controllers_test_nodes:/workspaces/ros2-coding/install/my_turtlesim:/workspaces/ros2-coding/install/issac_sim:/workspaces/ros2-coding/install/isaac_ros_navigation_goal:/workspaces/ros2-coding/install/human_controller:/opt/ros/jazzy VIRTUAL_ENV_PROMPT=(.venv) /usr/bin/cmake --build /workspaces/ros2-coding/build/iw_hub_navigation -- -j4 -l4
[21.933s] DEBUG:colcon.colcon_core.event_handler.log_command:Invoking command in '/workspaces/ros2-coding/build/iw_hub_navigation': CMAKE_PREFIX_PATH=${CMAKE_PREFIX_PATH}:/workspaces/ros2-coding/install/rqt_joint_trajectory_controller:/workspaces/ros2-coding/install/rqt_controller_manager:/workspaces/ros2-coding/install/ros2controlcli:/workspaces/ros2-coding/install/ros2_controllers_test_nodes:/workspaces/ros2-coding/install/my_turtlesim:/workspaces/ros2-coding/install/issac_sim:/workspaces/ros2-coding/install/isaac_ros_navigation_goal:/workspaces/ros2-coding/install/human_controller:/opt/ros/jazzy VIRTUAL_ENV_PROMPT=(.venv) /usr/bin/cmake --install /workspaces/ros2-coding/build/iw_hub_navigation
[22.060s] Level 1:colcon.colcon_core.environment:create_environment_scripts_only(iw_hub_navigation)
[22.061s] Level 1:colcon.colcon_core.environment:checking '/workspaces/ros2-coding/install/iw_hub_navigation' for CMake module files
[22.062s] Level 1:colcon.colcon_core.environment:checking '/workspaces/ros2-coding/install/iw_hub_navigation' for CMake config files
[22.065s] Level 1:colcon.colcon_core.shell:create_environment_hook('iw_hub_navigation', 'cmake_prefix_path')
[22.065s] INFO:colcon.colcon_core.shell:Creating environment hook '/workspaces/ros2-coding/install/iw_hub_navigation/share/iw_hub_navigation/hook/cmake_prefix_path.ps1'
[22.070s] INFO:colcon.colcon_core.shell:Creating environment descriptor '/workspaces/ros2-coding/install/iw_hub_navigation/share/iw_hub_navigation/hook/cmake_prefix_path.dsv'
[22.070s] INFO:colcon.colcon_core.shell:Creating environment hook '/workspaces/ros2-coding/install/iw_hub_navigation/share/iw_hub_navigation/hook/cmake_prefix_path.sh'
[22.074s] Level 1:colcon.colcon_core.environment:checking '/workspaces/ros2-coding/install/iw_hub_navigation/bin'
[22.074s] Level 1:colcon.colcon_core.environment:checking '/workspaces/ros2-coding/install/iw_hub_navigation/lib/pkgconfig/iw_hub_navigation.pc'
[22.076s] Level 1:colcon.colcon_core.environment:checking '/workspaces/ros2-coding/install/iw_hub_navigation/lib/python3.12/site-packages'
[22.077s] Level 1:colcon.colcon_core.environment:checking '/workspaces/ros2-coding/install/iw_hub_navigation/bin'
[22.077s] INFO:colcon.colcon_core.shell:Creating package script '/workspaces/ros2-coding/install/iw_hub_navigation/share/iw_hub_navigation/package.ps1'
[22.078s] INFO:colcon.colcon_core.shell:Creating package descriptor '/workspaces/ros2-coding/install/iw_hub_navigation/share/iw_hub_navigation/package.dsv'
[22.078s] INFO:colcon.colcon_core.shell:Creating package script '/workspaces/ros2-coding/install/iw_hub_navigation/share/iw_hub_navigation/package.sh'
[22.079s] INFO:colcon.colcon_core.shell:Creating package script '/workspaces/ros2-coding/install/iw_hub_navigation/share/iw_hub_navigation/package.bash'
[22.085s] DEBUG:colcon.colcon_core.event_handler.log_command:Invoked command in '/workspaces/ros2-coding/build/iw_hub_navigation' returned '0': CMAKE_PREFIX_PATH=${CMAKE_PREFIX_PATH}:/workspaces/ros2-coding/install/rqt_joint_trajectory_controller:/workspaces/ros2-coding/install/rqt_controller_manager:/workspaces/ros2-coding/install/ros2controlcli:/workspaces/ros2-coding/install/ros2_controllers_test_nodes:/workspaces/ros2-coding/install/my_turtlesim:/workspaces/ros2-coding/install/issac_sim:/workspaces/ros2-coding/install/isaac_ros_navigation_goal:/workspaces/ros2-coding/install/human_controller:/opt/ros/jazzy VIRTUAL_ENV_PROMPT=(.venv) /usr/bin/cmake --install /workspaces/ros2-coding/build/iw_hub_navigation
[22.087s] INFO:colcon.colcon_core.shell:Creating package script '/workspaces/ros2-coding/install/iw_hub_navigation/share/iw_hub_navigation/package.zsh'
[22.087s] Level 1:colcon.colcon_core.environment:create_file_with_runtime_dependencies(/workspaces/ros2-coding/install/iw_hub_navigation/share/colcon-core/packages/iw_hub_navigation)
[22.088s] Level 1:colcon.colcon_core.environment:create_environment_scripts_only(iw_hub_navigation)
[22.088s] Level 1:colcon.colcon_core.environment:checking '/workspaces/ros2-coding/install/iw_hub_navigation' for CMake module files
[22.089s] Level 1:colcon.colcon_core.environment:checking '/workspaces/ros2-coding/install/iw_hub_navigation' for CMake config files
[22.093s] Level 1:colcon.colcon_core.shell:create_environment_hook('iw_hub_navigation', 'cmake_prefix_path')
[22.094s] INFO:colcon.colcon_core.shell:Creating environment hook '/workspaces/ros2-coding/install/iw_hub_navigation/share/iw_hub_navigation/hook/cmake_prefix_path.ps1'
[22.096s] INFO:colcon.colcon_core.shell:Creating environment descriptor '/workspaces/ros2-coding/install/iw_hub_navigation/share/iw_hub_navigation/hook/cmake_prefix_path.dsv'
[22.097s] INFO:colcon.colcon_core.shell:Creating environment hook '/workspaces/ros2-coding/install/iw_hub_navigation/share/iw_hub_navigation/hook/cmake_prefix_path.sh'
[22.099s] Level 1:colcon.colcon_core.environment:checking '/workspaces/ros2-coding/install/iw_hub_navigation/bin'
[22.100s] Level 1:colcon.colcon_core.environment:checking '/workspaces/ros2-coding/install/iw_hub_navigation/lib/pkgconfig/iw_hub_navigation.pc'
[22.101s] Level 1:colcon.colcon_core.environment:checking '/workspaces/ros2-coding/install/iw_hub_navigation/lib/python3.12/site-packages'
[22.102s] Level 1:colcon.colcon_core.environment:checking '/workspaces/ros2-coding/install/iw_hub_navigation/bin'
[22.102s] INFO:colcon.colcon_core.shell:Creating package script '/workspaces/ros2-coding/install/iw_hub_navigation/share/iw_hub_navigation/package.ps1'
[22.105s] INFO:colcon.colcon_core.shell:Creating package descriptor '/workspaces/ros2-coding/install/iw_hub_navigation/share/iw_hub_navigation/package.dsv'
[22.107s] INFO:colcon.colcon_core.shell:Creating package script '/workspaces/ros2-coding/install/iw_hub_navigation/share/iw_hub_navigation/package.sh'
[22.110s] INFO:colcon.colcon_core.shell:Creating package script '/workspaces/ros2-coding/install/iw_hub_navigation/share/iw_hub_navigation/package.bash'
[22.111s] INFO:colcon.colcon_core.shell:Creating package script '/workspaces/ros2-coding/install/iw_hub_navigation/share/iw_hub_navigation/package.zsh'
[22.111s] Level 1:colcon.colcon_core.environment:create_file_with_runtime_dependencies(/workspaces/ros2-coding/install/iw_hub_navigation/share/colcon-core/packages/iw_hub_navigation)
[22.112s] INFO:colcon.colcon_ros.task.ament_python.build:Building ROS package in '/workspaces/ros2-coding/turtlesim_ws/src/my_turtlesim' with build type 'ament_python'
[22.115s] Level 1:colcon.colcon_core.shell:create_environment_hook('my_turtlesim', 'ament_prefix_path')
[22.115s] INFO:colcon.colcon_core.shell:Creating environment hook '/workspaces/ros2-coding/install/my_turtlesim/share/my_turtlesim/hook/ament_prefix_path.ps1'
[22.116s] INFO:colcon.colcon_core.shell:Creating environment descriptor '/workspaces/ros2-coding/install/my_turtlesim/share/my_turtlesim/hook/ament_prefix_path.dsv'
[22.116s] INFO:colcon.colcon_core.shell:Creating environment hook '/workspaces/ros2-coding/install/my_turtlesim/share/my_turtlesim/hook/ament_prefix_path.sh'
[22.117s] INFO:colcon.colcon_core.shell:Skip shell extension 'powershell' for command environment: Not usable outside of PowerShell
[22.117s] DEBUG:colcon.colcon_core.shell:Skip shell extension 'dsv' for command environment
[23.024s] INFO:colcon.colcon_core.task.python.build:Building Python package in '/workspaces/ros2-coding/turtlesim_ws/src/my_turtlesim'
[23.024s] INFO:colcon.colcon_core.shell:Skip shell extension 'powershell' for command environment: Not usable outside of PowerShell
[23.024s] DEBUG:colcon.colcon_core.shell:Skip shell extension 'dsv' for command environment
[23.061s] DEBUG:colcon.colcon_core.event_handler.log_command:Invoked command in '/workspaces/ros2-coding/build/moveit_nao_config' returned '0': CMAKE_PREFIX_PATH=${CMAKE_PREFIX_PATH}:/workspaces/ros2-coding/install/rqt_joint_trajectory_controller:/workspaces/ros2-coding/install/rqt_controller_manager:/workspaces/ros2-coding/install/ros2controlcli:/workspaces/ros2-coding/install/ros2_controllers_test_nodes:/workspaces/ros2-coding/install/my_turtlesim:/workspaces/ros2-coding/install/issac_sim:/workspaces/ros2-coding/install/isaac_ros_navigation_goal:/workspaces/ros2-coding/install/human_controller:/opt/ros/jazzy VIRTUAL_ENV_PROMPT=(.venv) /usr/bin/cmake /workspaces/ros2-coding/turtlesim_ws/src/moveit_nao_config -DAMENT_CMAKE_SYMLINK_INSTALL=1 -DCMAKE_INSTALL_PREFIX=/workspaces/ros2-coding/install/moveit_nao_config
[23.063s] DEBUG:colcon.colcon_core.event_handler.log_command:Invoking command in '/workspaces/ros2-coding/build/moveit_nao_config': CMAKE_PREFIX_PATH=${CMAKE_PREFIX_PATH}:/workspaces/ros2-coding/install/rqt_joint_trajectory_controller:/workspaces/ros2-coding/install/rqt_controller_manager:/workspaces/ros2-coding/install/ros2controlcli:/workspaces/ros2-coding/install/ros2_controllers_test_nodes:/workspaces/ros2-coding/install/my_turtlesim:/workspaces/ros2-coding/install/issac_sim:/workspaces/ros2-coding/install/isaac_ros_navigation_goal:/workspaces/ros2-coding/install/human_controller:/opt/ros/jazzy VIRTUAL_ENV_PROMPT=(.venv) /usr/bin/cmake --build /workspaces/ros2-coding/build/moveit_nao_config -- -j4 -l4
[23.220s] DEBUG:colcon.colcon_core.event_handler.log_command:Invoked command in '/workspaces/ros2-coding/build/moveit_nao_config' returned '0': CMAKE_PREFIX_PATH=${CMAKE_PREFIX_PATH}:/workspaces/ros2-coding/install/rqt_joint_trajectory_controller:/workspaces/ros2-coding/install/rqt_controller_manager:/workspaces/ros2-coding/install/ros2controlcli:/workspaces/ros2-coding/install/ros2_controllers_test_nodes:/workspaces/ros2-coding/install/my_turtlesim:/workspaces/ros2-coding/install/issac_sim:/workspaces/ros2-coding/install/isaac_ros_navigation_goal:/workspaces/ros2-coding/install/human_controller:/opt/ros/jazzy VIRTUAL_ENV_PROMPT=(.venv) /usr/bin/cmake --build /workspaces/ros2-coding/build/moveit_nao_config -- -j4 -l4
[23.220s] DEBUG:colcon.colcon_core.event_handler.log_command:Invoking command in '/workspaces/ros2-coding/build/moveit_nao_config': CMAKE_PREFIX_PATH=${CMAKE_PREFIX_PATH}:/workspaces/ros2-coding/install/rqt_joint_trajectory_controller:/workspaces/ros2-coding/install/rqt_controller_manager:/workspaces/ros2-coding/install/ros2controlcli:/workspaces/ros2-coding/install/ros2_controllers_test_nodes:/workspaces/ros2-coding/install/my_turtlesim:/workspaces/ros2-coding/install/issac_sim:/workspaces/ros2-coding/install/isaac_ros_navigation_goal:/workspaces/ros2-coding/install/human_controller:/opt/ros/jazzy VIRTUAL_ENV_PROMPT=(.venv) /usr/bin/cmake --install /workspaces/ros2-coding/build/moveit_nao_config
[23.380s] Level 1:colcon.colcon_core.environment:create_environment_scripts_only(moveit_nao_config)
[23.380s] Level 1:colcon.colcon_core.environment:checking '/workspaces/ros2-coding/install/moveit_nao_config' for CMake module files
[23.381s] Level 1:colcon.colcon_core.environment:checking '/workspaces/ros2-coding/install/moveit_nao_config' for CMake config files
[23.382s] Level 1:colcon.colcon_core.shell:create_environment_hook('moveit_nao_config', 'cmake_prefix_path')
[23.382s] INFO:colcon.colcon_core.shell:Creating environment hook '/workspaces/ros2-coding/install/moveit_nao_config/share/moveit_nao_config/hook/cmake_prefix_path.ps1'
[23.389s] INFO:colcon.colcon_core.shell:Creating environment descriptor '/workspaces/ros2-coding/install/moveit_nao_config/share/moveit_nao_config/hook/cmake_prefix_path.dsv'
[23.390s] INFO:colcon.colcon_core.shell:Creating environment hook '/workspaces/ros2-coding/install/moveit_nao_config/share/moveit_nao_config/hook/cmake_prefix_path.sh'
[23.388s] DEBUG:colcon.colcon_core.event_handler.log_command:Invoked command in '/workspaces/ros2-coding/build/moveit_nao_config' returned '0': CMAKE_PREFIX_PATH=${CMAKE_PREFIX_PATH}:/workspaces/ros2-coding/install/rqt_joint_trajectory_controller:/workspaces/ros2-coding/install/rqt_controller_manager:/workspaces/ros2-coding/install/ros2controlcli:/workspaces/ros2-coding/install/ros2_controllers_test_nodes:/workspaces/ros2-coding/install/my_turtlesim:/workspaces/ros2-coding/install/issac_sim:/workspaces/ros2-coding/install/isaac_ros_navigation_goal:/workspaces/ros2-coding/install/human_controller:/opt/ros/jazzy VIRTUAL_ENV_PROMPT=(.venv) /usr/bin/cmake --install /workspaces/ros2-coding/build/moveit_nao_config
[23.392s] Level 1:colcon.colcon_core.environment:checking '/workspaces/ros2-coding/install/moveit_nao_config/bin'
[23.395s] Level 1:colcon.colcon_core.environment:checking '/workspaces/ros2-coding/install/moveit_nao_config/lib/pkgconfig/moveit_nao_config.pc'
[23.395s] Level 1:colcon.colcon_core.environment:checking '/workspaces/ros2-coding/install/moveit_nao_config/lib/python3.12/site-packages'
[23.396s] Level 1:colcon.colcon_core.environment:checking '/workspaces/ros2-coding/install/moveit_nao_config/bin'
[23.396s] INFO:colcon.colcon_core.shell:Creating package script '/workspaces/ros2-coding/install/moveit_nao_config/share/moveit_nao_config/package.ps1'
[23.397s] INFO:colcon.colcon_core.shell:Creating package descriptor '/workspaces/ros2-coding/install/moveit_nao_config/share/moveit_nao_config/package.dsv'
[23.398s] INFO:colcon.colcon_core.shell:Creating package script '/workspaces/ros2-coding/install/moveit_nao_config/share/moveit_nao_config/package.sh'
[23.404s] INFO:colcon.colcon_core.shell:Creating package script '/workspaces/ros2-coding/install/moveit_nao_config/share/moveit_nao_config/package.bash'
[23.405s] INFO:colcon.colcon_core.shell:Creating package script '/workspaces/ros2-coding/install/moveit_nao_config/share/moveit_nao_config/package.zsh'
[23.405s] Level 1:colcon.colcon_core.environment:create_file_with_runtime_dependencies(/workspaces/ros2-coding/install/moveit_nao_config/share/colcon-core/packages/moveit_nao_config)
[23.408s] Level 1:colcon.colcon_core.environment:create_environment_scripts_only(moveit_nao_config)
[23.408s] Level 1:colcon.colcon_core.environment:checking '/workspaces/ros2-coding/install/moveit_nao_config' for CMake module files
[23.412s] Level 1:colcon.colcon_core.environment:checking '/workspaces/ros2-coding/install/moveit_nao_config' for CMake config files
[23.413s] Level 1:colcon.colcon_core.shell:create_environment_hook('moveit_nao_config', 'cmake_prefix_path')
[23.413s] INFO:colcon.colcon_core.shell:Creating environment hook '/workspaces/ros2-coding/install/moveit_nao_config/share/moveit_nao_config/hook/cmake_prefix_path.ps1'
[23.414s] INFO:colcon.colcon_core.shell:Creating environment descriptor '/workspaces/ros2-coding/install/moveit_nao_config/share/moveit_nao_config/hook/cmake_prefix_path.dsv'
[23.418s] INFO:colcon.colcon_core.shell:Creating environment hook '/workspaces/ros2-coding/install/moveit_nao_config/share/moveit_nao_config/hook/cmake_prefix_path.sh'
[23.420s] Level 1:colcon.colcon_core.environment:checking '/workspaces/ros2-coding/install/moveit_nao_config/bin'
[23.420s] Level 1:colcon.colcon_core.environment:checking '/workspaces/ros2-coding/install/moveit_nao_config/lib/pkgconfig/moveit_nao_config.pc'
[23.420s] Level 1:colcon.colcon_core.environment:checking '/workspaces/ros2-coding/install/moveit_nao_config/lib/python3.12/site-packages'
[23.420s] Level 1:colcon.colcon_core.environment:checking '/workspaces/ros2-coding/install/moveit_nao_config/bin'
[23.421s] INFO:colcon.colcon_core.shell:Creating package script '/workspaces/ros2-coding/install/moveit_nao_config/share/moveit_nao_config/package.ps1'
[23.424s] INFO:colcon.colcon_core.shell:Creating package descriptor '/workspaces/ros2-coding/install/moveit_nao_config/share/moveit_nao_config/package.dsv'
[23.430s] INFO:colcon.colcon_core.shell:Creating package script '/workspaces/ros2-coding/install/moveit_nao_config/share/moveit_nao_config/package.sh'
[23.431s] INFO:colcon.colcon_core.shell:Creating package script '/workspaces/ros2-coding/install/moveit_nao_config/share/moveit_nao_config/package.bash'
[23.431s] INFO:colcon.colcon_core.shell:Creating package script '/workspaces/ros2-coding/install/moveit_nao_config/share/moveit_nao_config/package.zsh'
[23.432s] Level 1:colcon.colcon_core.environment:create_file_with_runtime_dependencies(/workspaces/ros2-coding/install/moveit_nao_config/share/colcon-core/packages/moveit_nao_config)
[23.432s] INFO:colcon.colcon_ros.task.ament_cmake.build:Building ROS package in '/workspaces/ros2-coding/turtlesim_ws/src/ros_gz_example_application' with build type 'ament_cmake'
[23.432s] INFO:colcon.colcon_cmake.task.cmake.build:Building CMake package in '/workspaces/ros2-coding/turtlesim_ws/src/ros_gz_example_application'
[23.432s] INFO:colcon.colcon_core.shell:Skip shell extension 'powershell' for command environment: Not usable outside of PowerShell
[23.432s] DEBUG:colcon.colcon_core.shell:Skip shell extension 'dsv' for command environment
[23.481s] DEBUG:colcon.colcon_core.event_handler.log_command:Invoking command in '/workspaces/ros2-coding/build/ros_gz_example_application': CMAKE_PREFIX_PATH=${CMAKE_PREFIX_PATH}:/workspaces/ros2-coding/install/rqt_joint_trajectory_controller:/workspaces/ros2-coding/install/rqt_controller_manager:/workspaces/ros2-coding/install/ros2controlcli:/workspaces/ros2-coding/install/ros2_controllers_test_nodes:/workspaces/ros2-coding/install/my_turtlesim:/workspaces/ros2-coding/install/issac_sim:/workspaces/ros2-coding/install/isaac_ros_navigation_goal:/workspaces/ros2-coding/install/human_controller:/opt/ros/jazzy VIRTUAL_ENV_PROMPT=(.venv) /usr/bin/cmake /workspaces/ros2-coding/turtlesim_ws/src/ros_gz_example_application -DAMENT_CMAKE_SYMLINK_INSTALL=1 -DCMAKE_INSTALL_PREFIX=/workspaces/ros2-coding/install/ros_gz_example_application
[24.725s] DEBUG:colcon.colcon_core.event_handler.log_command:Invoking command in '/workspaces/ros2-coding/build/my_turtlesim': PYTHONPATH=/workspaces/ros2-coding/build/my_turtlesim/prefix_override:/usr/lib/python3/dist-packages/colcon_core/task/python/colcon_distutils_commands:/workspaces/ros2-coding/install/my_turtlesim/lib/python3.12/site-packages:${PYTHONPATH} VIRTUAL_ENV_PROMPT=(.venv) /usr/bin/python3 -W ignore:setup.py install is deprecated -W ignore:easy_install command is deprecated setup.py develop --editable --build-directory /workspaces/ros2-coding/build/my_turtlesim/build --no-deps symlink_data
[26.952s] Level 1:colcon.colcon_core.shell:create_environment_hook('my_turtlesim', 'pythonpath_develop')
[26.953s] INFO:colcon.colcon_core.shell:Creating environment hook '/workspaces/ros2-coding/build/my_turtlesim/share/my_turtlesim/hook/pythonpath_develop.ps1'
[26.953s] INFO:colcon.colcon_core.shell:Creating environment descriptor '/workspaces/ros2-coding/build/my_turtlesim/share/my_turtlesim/hook/pythonpath_develop.dsv'
[26.954s] INFO:colcon.colcon_core.shell:Creating environment hook '/workspaces/ros2-coding/build/my_turtlesim/share/my_turtlesim/hook/pythonpath_develop.sh'
[26.955s] DEBUG:colcon.colcon_core.event_handler.log_command:Invoked command in '/workspaces/ros2-coding/build/my_turtlesim' returned '0': PYTHONPATH=/workspaces/ros2-coding/build/my_turtlesim/prefix_override:/usr/lib/python3/dist-packages/colcon_core/task/python/colcon_distutils_commands:/workspaces/ros2-coding/install/my_turtlesim/lib/python3.12/site-packages:${PYTHONPATH} VIRTUAL_ENV_PROMPT=(.venv) /usr/bin/python3 -W ignore:setup.py install is deprecated -W ignore:easy_install command is deprecated setup.py develop --editable --build-directory /workspaces/ros2-coding/build/my_turtlesim/build --no-deps symlink_data
[26.955s] Level 1:colcon.colcon_core.environment:checking '/workspaces/ros2-coding/install/my_turtlesim' for CMake module files
[26.956s] Level 1:colcon.colcon_core.environment:checking '/workspaces/ros2-coding/install/my_turtlesim' for CMake config files
[26.960s] Level 1:colcon.colcon_core.environment:checking '/workspaces/ros2-coding/install/my_turtlesim/lib'
[26.960s] Level 1:colcon.colcon_core.environment:checking '/workspaces/ros2-coding/install/my_turtlesim/bin'
[26.960s] Level 1:colcon.colcon_core.environment:checking '/workspaces/ros2-coding/install/my_turtlesim/lib/pkgconfig/my_turtlesim.pc'
[26.960s] Level 1:colcon.colcon_core.environment:checking '/workspaces/ros2-coding/install/my_turtlesim/lib/python3.12/site-packages'
[26.961s] Level 1:colcon.colcon_core.shell:create_environment_hook('my_turtlesim', 'pythonpath')
[26.961s] INFO:colcon.colcon_core.shell:Creating environment hook '/workspaces/ros2-coding/install/my_turtlesim/share/my_turtlesim/hook/pythonpath.ps1'
[26.961s] INFO:colcon.colcon_core.shell:Creating environment descriptor '/workspaces/ros2-coding/install/my_turtlesim/share/my_turtlesim/hook/pythonpath.dsv'
[26.965s] INFO:colcon.colcon_core.shell:Creating environment hook '/workspaces/ros2-coding/install/my_turtlesim/share/my_turtlesim/hook/pythonpath.sh'
[26.966s] Level 1:colcon.colcon_core.environment:checking '/workspaces/ros2-coding/install/my_turtlesim/bin'
[26.966s] Level 1:colcon.colcon_core.environment:create_environment_scripts_only(my_turtlesim)
[26.967s] INFO:colcon.colcon_core.shell:Creating package script '/workspaces/ros2-coding/install/my_turtlesim/share/my_turtlesim/package.ps1'
[26.968s] INFO:colcon.colcon_core.shell:Creating package descriptor '/workspaces/ros2-coding/install/my_turtlesim/share/my_turtlesim/package.dsv'
[26.971s] INFO:colcon.colcon_core.shell:Creating package script '/workspaces/ros2-coding/install/my_turtlesim/share/my_turtlesim/package.sh'
[26.972s] INFO:colcon.colcon_core.shell:Creating package script '/workspaces/ros2-coding/install/my_turtlesim/share/my_turtlesim/package.bash'
[26.973s] INFO:colcon.colcon_core.shell:Creating package script '/workspaces/ros2-coding/install/my_turtlesim/share/my_turtlesim/package.zsh'
[26.973s] Level 1:colcon.colcon_core.environment:create_file_with_runtime_dependencies(/workspaces/ros2-coding/install/my_turtlesim/share/colcon-core/packages/my_turtlesim)
[26.976s] INFO:colcon.colcon_ros.task.ament_cmake.build:Building ROS package in '/workspaces/ros2-coding/turtlesim_ws/src/moveit/isaac_moveit' with build type 'ament_cmake'
[26.977s] INFO:colcon.colcon_cmake.task.cmake.build:Building CMake package in '/workspaces/ros2-coding/turtlesim_ws/src/moveit/isaac_moveit'
[26.977s] INFO:colcon.colcon_core.shell:Skip shell extension 'powershell' for command environment: Not usable outside of PowerShell
[26.977s] DEBUG:colcon.colcon_core.shell:Skip shell extension 'dsv' for command environment
[27.034s] DEBUG:colcon.colcon_core.event_handler.log_command:Invoking command in '/workspaces/ros2-coding/build/isaac_moveit': AMENT_PREFIX_PATH=/workspaces/ros2-coding/install/moveit_resources_panda_moveit_config:${AMENT_PREFIX_PATH} CMAKE_PREFIX_PATH=/workspaces/ros2-coding/install/moveit_resources_panda_moveit_config:/workspaces/ros2-coding/install/moveit_resources_panda_description:/workspaces/ros2-coding/install/nao_gz_control:/workspaces/ros2-coding/install/ros2_controllers:/workspaces/ros2-coding/install/ros2_control_demos:/workspaces/ros2-coding/install/ros2_control_demo_example_3:/workspaces/ros2-coding/install/gz_ros2_control_demos:/workspaces/ros2-coding/install/velocity_controllers:/workspaces/ros2-coding/install/tricycle_steering_controller:/workspaces/ros2-coding/install/tricycle_controller:/workspaces/ros2-coding/install/ros2_control_demo_example_8:/workspaces/ros2-coding/install/ros2_control:/workspaces/ros2-coding/install/transmission_interface:/workspaces/ros2-coding/install/ros2_control_demo_example_11:/workspaces/ros2-coding/install/bicycle_steering_controller:/workspaces/ros2-coding/install/ackermann_steering_controller:/workspaces/ros2-coding/install/steering_controllers_library:/workspaces/ros2-coding/install/ros2_control_demo_example_17:/workspaces/ros2-coding/install/ros2_control_demo_example_15:/workspaces/ros2-coding/install/ros2_control_demo_example_1:/workspaces/ros2-coding/install/ros_gz_example_bringup:/workspaces/ros2-coding/install/ros_gz_example_gazebo:/workspaces/ros2-coding/install/ros_gz_example_description:/workspaces/ros2-coding/install/ros_gz_example_application:/workspaces/ros2-coding/install/ros2_control_demo_example_9:/workspaces/ros2-coding/install/ros2_control_demo_example_7:/workspaces/ros2-coding/install/ros2_control_demo_example_6:/workspaces/ros2-coding/install/ros2_control_demo_example_13:/workspaces/ros2-coding/install/ros2_control_demo_example_5:/workspaces/ros2-coding/install/ros2_control_demo_example_4:/workspaces/ros2-coding/install/ros2_control_demo_example_2:/workspaces/ros2-coding/install/ros2_control_demo_example_16:/workspaces/ros2-coding/install/ros2_control_demo_example_14:/workspaces/ros2-coding/install/ros2_control_demo_example_12:/workspaces/ros2-coding/install/ros2_control_demo_example_10:/workspaces/ros2-coding/install/hardware_interface_testing:/workspaces/ros2-coding/install/gz_ros2_control:/workspaces/ros2-coding/install/controller_manager:/workspaces/ros2-coding/install/ros2_control_test_assets:/workspaces/ros2-coding/install/ros2_control_demo_description:/workspaces/ros2-coding/install/ros2_control_cmake:/workspaces/ros2-coding/install/range_sensor_broadcaster:/workspaces/ros2-coding/install/position_controllers:/workspaces/ros2-coding/install/pose_broadcaster:/workspaces/ros2-coding/install/pid_controller:/workspaces/ros2-coding/install/parallel_gripper_controller:/workspaces/ros2-coding/install/omni_wheel_drive_controller:/workspaces/ros2-coding/install/mecanum_drive_controller:/workspaces/ros2-coding/install/joint_trajectory_controller:/workspaces/ros2-coding/install/joint_state_topic_hardware_interface:/workspaces/ros2-coding/install/joint_state_broadcaster:/workspaces/ros2-coding/install/imu_sensor_broadcaster:/workspaces/ros2-coding/install/gripper_controllers:/workspaces/ros2-coding/install/gps_sensor_broadcaster:/workspaces/ros2-coding/install/gpio_controllers:/workspaces/ros2-coding/install/effort_controllers:/workspaces/ros2-coding/install/forward_command_controller:/workspaces/ros2-coding/install/force_torque_sensor_broadcaster:/workspaces/ros2-coding/install/diff_drive_controller:/workspaces/ros2-coding/install/chained_filter_controller:/workspaces/ros2-coding/install/admittance_controller:/workspaces/ros2-coding/install/controller_interface:/workspaces/ros2-coding/install/hardware_interface:/workspaces/ros2-coding/install/joint_limits:/workspaces/ros2-coding/install/control_toolbox:/workspaces/ros2-coding/install/realtime_tools:/workspaces/ros2-coding/install/moveit_nao_config:/workspaces/ros2-coding/install/kinematics_interface_kdl:/workspaces/ros2-coding/install/kinematics_interface:/workspaces/ros2-coding/install/iw_hub_navigation:/workspaces/ros2-coding/install/isaacsim:/workspaces/ros2-coding/install/isaac_tutorials:/workspaces/ros2-coding/install/isaac_ros2_messages:/workspaces/ros2-coding/install/isaac_moveit:/workspaces/ros2-coding/install/human_interfaces:/workspaces/ros2-coding/install/h1_fullbody_controller:/workspaces/ros2-coding/install/gz_ros2_control_tests:/workspaces/ros2-coding/install/diff_drive_mover:/workspaces/ros2-coding/install/custom_message:/workspaces/ros2-coding/install/controller_manager_msgs:/workspaces/ros2-coding/install/control_msgs:/workspaces/ros2-coding/install/cmdvel_to_ackermann:/workspaces/ros2-coding/install/carter_navigation:/opt/ros/jazzy/opt/gz_sim_vendor:/opt/ros/jazzy/opt/gz_sensors_vendor:/opt/ros/jazzy/opt/gz_physics_vendor:/opt/ros/jazzy/opt/sdformat_vendor:/opt/ros/jazzy/opt/gz_gui_vendor:/opt/ros/jazzy/opt/gz_transport_vendor:/opt/ros/jazzy/opt/gz_rendering_vendor:/opt/ros/jazzy/opt/gz_plugin_vendor:/opt/ros/jazzy/opt/gz_fuel_tools_vendor:/opt/ros/jazzy/opt/gz_msgs_vendor:/opt/ros/jazzy/opt/gz_common_vendor:/opt/ros/jazzy/opt/gz_math_vendor:/opt/ros/jazzy/opt/gz_utils_vendor:/opt/ros/jazzy/opt/gz_tools_vendor:/opt/ros/jazzy/opt/gz_ogre_next_vendor:/opt/ros/jazzy/opt/gz_dartsim_vendor:/opt/ros/jazzy/opt/gz_cmake_vendor:/workspaces/ros2-coding/install/rqt_joint_trajectory_controller:/workspaces/ros2-coding/install/rqt_controller_manager:/workspaces/ros2-coding/install/ros2controlcli:/workspaces/ros2-coding/install/ros2_controllers_test_nodes:/workspaces/ros2-coding/install/my_turtlesim:/workspaces/ros2-coding/install/issac_sim:/workspaces/ros2-coding/install/isaac_ros_navigation_goal:/workspaces/ros2-coding/install/human_controller:/opt/ros/jazzy VIRTUAL_ENV_PROMPT=(.venv) /usr/bin/cmake /workspaces/ros2-coding/turtlesim_ws/src/moveit/isaac_moveit -DAMENT_CMAKE_SYMLINK_INSTALL=1 -DCMAKE_INSTALL_PREFIX=/workspaces/ros2-coding/install/isaac_moveit
[27.175s] DEBUG:colcon.colcon_core.event_handler.log_command:Invoked command in '/workspaces/ros2-coding/build/ros_gz_example_application' returned '0': CMAKE_PREFIX_PATH=${CMAKE_PREFIX_PATH}:/workspaces/ros2-coding/install/rqt_joint_trajectory_controller:/workspaces/ros2-coding/install/rqt_controller_manager:/workspaces/ros2-coding/install/ros2controlcli:/workspaces/ros2-coding/install/ros2_controllers_test_nodes:/workspaces/ros2-coding/install/my_turtlesim:/workspaces/ros2-coding/install/issac_sim:/workspaces/ros2-coding/install/isaac_ros_navigation_goal:/workspaces/ros2-coding/install/human_controller:/opt/ros/jazzy VIRTUAL_ENV_PROMPT=(.venv) /usr/bin/cmake /workspaces/ros2-coding/turtlesim_ws/src/ros_gz_example_application -DAMENT_CMAKE_SYMLINK_INSTALL=1 -DCMAKE_INSTALL_PREFIX=/workspaces/ros2-coding/install/ros_gz_example_application
[27.176s] DEBUG:colcon.colcon_core.event_handler.log_command:Invoking command in '/workspaces/ros2-coding/build/ros_gz_example_application': CMAKE_PREFIX_PATH=${CMAKE_PREFIX_PATH}:/workspaces/ros2-coding/install/rqt_joint_trajectory_controller:/workspaces/ros2-coding/install/rqt_controller_manager:/workspaces/ros2-coding/install/ros2controlcli:/workspaces/ros2-coding/install/ros2_controllers_test_nodes:/workspaces/ros2-coding/install/my_turtlesim:/workspaces/ros2-coding/install/issac_sim:/workspaces/ros2-coding/install/isaac_ros_navigation_goal:/workspaces/ros2-coding/install/human_controller:/opt/ros/jazzy VIRTUAL_ENV_PROMPT=(.venv) /usr/bin/cmake --build /workspaces/ros2-coding/build/ros_gz_example_application -- -j4 -l4
[27.333s] DEBUG:colcon.colcon_core.event_handler.log_command:Invoked command in '/workspaces/ros2-coding/build/ros_gz_example_application' returned '0': CMAKE_PREFIX_PATH=${CMAKE_PREFIX_PATH}:/workspaces/ros2-coding/install/rqt_joint_trajectory_controller:/workspaces/ros2-coding/install/rqt_controller_manager:/workspaces/ros2-coding/install/ros2controlcli:/workspaces/ros2-coding/install/ros2_controllers_test_nodes:/workspaces/ros2-coding/install/my_turtlesim:/workspaces/ros2-coding/install/issac_sim:/workspaces/ros2-coding/install/isaac_ros_navigation_goal:/workspaces/ros2-coding/install/human_controller:/opt/ros/jazzy VIRTUAL_ENV_PROMPT=(.venv) /usr/bin/cmake --build /workspaces/ros2-coding/build/ros_gz_example_application -- -j4 -l4
[27.335s] DEBUG:colcon.colcon_core.event_handler.log_command:Invoking command in '/workspaces/ros2-coding/build/ros_gz_example_application': CMAKE_PREFIX_PATH=${CMAKE_PREFIX_PATH}:/workspaces/ros2-coding/install/rqt_joint_trajectory_controller:/workspaces/ros2-coding/install/rqt_controller_manager:/workspaces/ros2-coding/install/ros2controlcli:/workspaces/ros2-coding/install/ros2_controllers_test_nodes:/workspaces/ros2-coding/install/my_turtlesim:/workspaces/ros2-coding/install/issac_sim:/workspaces/ros2-coding/install/isaac_ros_navigation_goal:/workspaces/ros2-coding/install/human_controller:/opt/ros/jazzy VIRTUAL_ENV_PROMPT=(.venv) /usr/bin/cmake --install /workspaces/ros2-coding/build/ros_gz_example_application
[27.461s] Level 1:colcon.colcon_core.environment:create_environment_scripts_only(ros_gz_example_application)
[27.462s] Level 1:colcon.colcon_core.environment:checking '/workspaces/ros2-coding/install/ros_gz_example_application' for CMake module files
[27.463s] Level 1:colcon.colcon_core.environment:checking '/workspaces/ros2-coding/install/ros_gz_example_application' for CMake config files
[27.465s] Level 1:colcon.colcon_core.shell:create_environment_hook('ros_gz_example_application', 'cmake_prefix_path')
[27.463s] DEBUG:colcon.colcon_core.event_handler.log_command:Invoked command in '/workspaces/ros2-coding/build/ros_gz_example_application' returned '0': CMAKE_PREFIX_PATH=${CMAKE_PREFIX_PATH}:/workspaces/ros2-coding/install/rqt_joint_trajectory_controller:/workspaces/ros2-coding/install/rqt_controller_manager:/workspaces/ros2-coding/install/ros2controlcli:/workspaces/ros2-coding/install/ros2_controllers_test_nodes:/workspaces/ros2-coding/install/my_turtlesim:/workspaces/ros2-coding/install/issac_sim:/workspaces/ros2-coding/install/isaac_ros_navigation_goal:/workspaces/ros2-coding/install/human_controller:/opt/ros/jazzy VIRTUAL_ENV_PROMPT=(.venv) /usr/bin/cmake --install /workspaces/ros2-coding/build/ros_gz_example_application
[27.465s] INFO:colcon.colcon_core.shell:Creating environment hook '/workspaces/ros2-coding/install/ros_gz_example_application/share/ros_gz_example_application/hook/cmake_prefix_path.ps1'
[27.468s] INFO:colcon.colcon_core.shell:Creating environment descriptor '/workspaces/ros2-coding/install/ros_gz_example_application/share/ros_gz_example_application/hook/cmake_prefix_path.dsv'
[27.469s] INFO:colcon.colcon_core.shell:Creating environment hook '/workspaces/ros2-coding/install/ros_gz_example_application/share/ros_gz_example_application/hook/cmake_prefix_path.sh'
[27.472s] Level 1:colcon.colcon_core.environment:checking '/workspaces/ros2-coding/install/ros_gz_example_application/bin'
[27.472s] Level 1:colcon.colcon_core.environment:checking '/workspaces/ros2-coding/install/ros_gz_example_application/lib/pkgconfig/ros_gz_example_application.pc'
[27.473s] Level 1:colcon.colcon_core.environment:checking '/workspaces/ros2-coding/install/ros_gz_example_application/lib/python3.12/site-packages'
[27.473s] Level 1:colcon.colcon_core.environment:checking '/workspaces/ros2-coding/install/ros_gz_example_application/bin'
[27.474s] INFO:colcon.colcon_core.shell:Creating package script '/workspaces/ros2-coding/install/ros_gz_example_application/share/ros_gz_example_application/package.ps1'
[27.477s] INFO:colcon.colcon_core.shell:Creating package descriptor '/workspaces/ros2-coding/install/ros_gz_example_application/share/ros_gz_example_application/package.dsv'
[27.478s] INFO:colcon.colcon_core.shell:Creating package script '/workspaces/ros2-coding/install/ros_gz_example_application/share/ros_gz_example_application/package.sh'
[27.479s] INFO:colcon.colcon_core.shell:Creating package script '/workspaces/ros2-coding/install/ros_gz_example_application/share/ros_gz_example_application/package.bash'
[27.479s] INFO:colcon.colcon_core.shell:Creating package script '/workspaces/ros2-coding/install/ros_gz_example_application/share/ros_gz_example_application/package.zsh'
[27.480s] Level 1:colcon.colcon_core.environment:create_file_with_runtime_dependencies(/workspaces/ros2-coding/install/ros_gz_example_application/share/colcon-core/packages/ros_gz_example_application)
[27.484s] Level 1:colcon.colcon_core.environment:create_environment_scripts_only(ros_gz_example_application)
[27.484s] Level 1:colcon.colcon_core.environment:checking '/workspaces/ros2-coding/install/ros_gz_example_application' for CMake module files
[27.485s] Level 1:colcon.colcon_core.environment:checking '/workspaces/ros2-coding/install/ros_gz_example_application' for CMake config files
[27.485s] Level 1:colcon.colcon_core.shell:create_environment_hook('ros_gz_example_application', 'cmake_prefix_path')
[27.486s] INFO:colcon.colcon_core.shell:Creating environment hook '/workspaces/ros2-coding/install/ros_gz_example_application/share/ros_gz_example_application/hook/cmake_prefix_path.ps1'
[27.490s] INFO:colcon.colcon_core.shell:Creating environment descriptor '/workspaces/ros2-coding/install/ros_gz_example_application/share/ros_gz_example_application/hook/cmake_prefix_path.dsv'
[27.493s] INFO:colcon.colcon_core.shell:Creating environment hook '/workspaces/ros2-coding/install/ros_gz_example_application/share/ros_gz_example_application/hook/cmake_prefix_path.sh'
[27.494s] Level 1:colcon.colcon_core.environment:checking '/workspaces/ros2-coding/install/ros_gz_example_application/bin'
[27.494s] Level 1:colcon.colcon_core.environment:checking '/workspaces/ros2-coding/install/ros_gz_example_application/lib/pkgconfig/ros_gz_example_application.pc'
[27.495s] Level 1:colcon.colcon_core.environment:checking '/workspaces/ros2-coding/install/ros_gz_example_application/lib/python3.12/site-packages'
[27.495s] Level 1:colcon.colcon_core.environment:checking '/workspaces/ros2-coding/install/ros_gz_example_application/bin'
[27.498s] INFO:colcon.colcon_core.shell:Creating package script '/workspaces/ros2-coding/install/ros_gz_example_application/share/ros_gz_example_application/package.ps1'
[27.501s] INFO:colcon.colcon_core.shell:Creating package descriptor '/workspaces/ros2-coding/install/ros_gz_example_application/share/ros_gz_example_application/package.dsv'
[27.502s] INFO:colcon.colcon_core.shell:Creating package script '/workspaces/ros2-coding/install/ros_gz_example_application/share/ros_gz_example_application/package.sh'
[27.506s] INFO:colcon.colcon_core.shell:Creating package script '/workspaces/ros2-coding/install/ros_gz_example_application/share/ros_gz_example_application/package.bash'
[27.508s] INFO:colcon.colcon_core.shell:Creating package script '/workspaces/ros2-coding/install/ros_gz_example_application/share/ros_gz_example_application/package.zsh'
[27.513s] Level 1:colcon.colcon_core.environment:create_file_with_runtime_dependencies(/workspaces/ros2-coding/install/ros_gz_example_application/share/colcon-core/packages/ros_gz_example_application)
[27.513s] INFO:colcon.colcon_ros.task.ament_cmake.build:Building ROS package in '/workspaces/ros2-coding/turtlesim_ws/src/ros_gz_example_bringup' with build type 'ament_cmake'
[27.513s] INFO:colcon.colcon_cmake.task.cmake.build:Building CMake package in '/workspaces/ros2-coding/turtlesim_ws/src/ros_gz_example_bringup'
[27.514s] INFO:colcon.colcon_core.shell:Skip shell extension 'powershell' for command environment: Not usable outside of PowerShell
[27.515s] DEBUG:colcon.colcon_core.shell:Skip shell extension 'dsv' for command environment
[27.581s] DEBUG:colcon.colcon_core.event_handler.log_command:Invoking command in '/workspaces/ros2-coding/build/ros_gz_example_bringup': CMAKE_PREFIX_PATH=/workspaces/ros2-coding/install/ros_gz_example_gazebo:/workspaces/ros2-coding/install/ros_gz_example_description:/workspaces/ros2-coding/install/nao_gz_control:/workspaces/ros2-coding/install/ros2_controllers:/workspaces/ros2-coding/install/ros2_control_demos:/workspaces/ros2-coding/install/ros2_control_demo_example_3:/workspaces/ros2-coding/install/gz_ros2_control_demos:/workspaces/ros2-coding/install/velocity_controllers:/workspaces/ros2-coding/install/tricycle_steering_controller:/workspaces/ros2-coding/install/tricycle_controller:/workspaces/ros2-coding/install/ros2_control_demo_example_8:/workspaces/ros2-coding/install/ros2_control:/workspaces/ros2-coding/install/transmission_interface:/workspaces/ros2-coding/install/ros2_control_demo_example_11:/workspaces/ros2-coding/install/bicycle_steering_controller:/workspaces/ros2-coding/install/ackermann_steering_controller:/workspaces/ros2-coding/install/steering_controllers_library:/workspaces/ros2-coding/install/ros2_control_demo_example_17:/workspaces/ros2-coding/install/ros2_control_demo_example_15:/workspaces/ros2-coding/install/ros2_control_demo_example_1:/workspaces/ros2-coding/install/ros_gz_example_bringup:/workspaces/ros2-coding/install/ros_gz_example_application:/workspaces/ros2-coding/install/ros2_control_demo_example_9:/workspaces/ros2-coding/install/ros2_control_demo_example_7:/workspaces/ros2-coding/install/ros2_control_demo_example_6:/workspaces/ros2-coding/install/ros2_control_demo_example_13:/workspaces/ros2-coding/install/ros2_control_demo_example_5:/workspaces/ros2-coding/install/ros2_control_demo_example_4:/workspaces/ros2-coding/install/ros2_control_demo_example_2:/workspaces/ros2-coding/install/ros2_control_demo_example_16:/workspaces/ros2-coding/install/ros2_control_demo_example_14:/workspaces/ros2-coding/install/ros2_control_demo_example_12:/workspaces/ros2-coding/install/ros2_control_demo_example_10:/workspaces/ros2-coding/install/hardware_interface_testing:/workspaces/ros2-coding/install/gz_ros2_control:/workspaces/ros2-coding/install/controller_manager:/workspaces/ros2-coding/install/ros2_control_test_assets:/workspaces/ros2-coding/install/ros2_control_demo_description:/workspaces/ros2-coding/install/ros2_control_cmake:/workspaces/ros2-coding/install/range_sensor_broadcaster:/workspaces/ros2-coding/install/position_controllers:/workspaces/ros2-coding/install/pose_broadcaster:/workspaces/ros2-coding/install/pid_controller:/workspaces/ros2-coding/install/parallel_gripper_controller:/workspaces/ros2-coding/install/omni_wheel_drive_controller:/workspaces/ros2-coding/install/mecanum_drive_controller:/workspaces/ros2-coding/install/joint_trajectory_controller:/workspaces/ros2-coding/install/joint_state_topic_hardware_interface:/workspaces/ros2-coding/install/joint_state_broadcaster:/workspaces/ros2-coding/install/imu_sensor_broadcaster:/workspaces/ros2-coding/install/gripper_controllers:/workspaces/ros2-coding/install/gps_sensor_broadcaster:/workspaces/ros2-coding/install/gpio_controllers:/workspaces/ros2-coding/install/effort_controllers:/workspaces/ros2-coding/install/forward_command_controller:/workspaces/ros2-coding/install/force_torque_sensor_broadcaster:/workspaces/ros2-coding/install/diff_drive_controller:/workspaces/ros2-coding/install/chained_filter_controller:/workspaces/ros2-coding/install/admittance_controller:/workspaces/ros2-coding/install/controller_interface:/workspaces/ros2-coding/install/hardware_interface:/workspaces/ros2-coding/install/joint_limits:/workspaces/ros2-coding/install/control_toolbox:/workspaces/ros2-coding/install/realtime_tools:/workspaces/ros2-coding/install/moveit_resources_panda_description:/workspaces/ros2-coding/install/moveit_nao_config:/workspaces/ros2-coding/install/kinematics_interface_kdl:/workspaces/ros2-coding/install/kinematics_interface:/workspaces/ros2-coding/install/iw_hub_navigation:/workspaces/ros2-coding/install/isaacsim:/workspaces/ros2-coding/install/isaac_tutorials:/workspaces/ros2-coding/install/isaac_ros2_messages:/workspaces/ros2-coding/install/isaac_moveit:/workspaces/ros2-coding/install/human_interfaces:/workspaces/ros2-coding/install/h1_fullbody_controller:/workspaces/ros2-coding/install/gz_ros2_control_tests:/workspaces/ros2-coding/install/diff_drive_mover:/workspaces/ros2-coding/install/custom_message:/workspaces/ros2-coding/install/controller_manager_msgs:/workspaces/ros2-coding/install/control_msgs:/workspaces/ros2-coding/install/cmdvel_to_ackermann:/workspaces/ros2-coding/install/carter_navigation:/opt/ros/jazzy/opt/gz_sim_vendor:/opt/ros/jazzy/opt/gz_sensors_vendor:/opt/ros/jazzy/opt/gz_physics_vendor:/opt/ros/jazzy/opt/sdformat_vendor:/opt/ros/jazzy/opt/gz_gui_vendor:/opt/ros/jazzy/opt/gz_transport_vendor:/opt/ros/jazzy/opt/gz_rendering_vendor:/opt/ros/jazzy/opt/gz_plugin_vendor:/opt/ros/jazzy/opt/gz_fuel_tools_vendor:/opt/ros/jazzy/opt/gz_msgs_vendor:/opt/ros/jazzy/opt/gz_common_vendor:/opt/ros/jazzy/opt/gz_math_vendor:/opt/ros/jazzy/opt/gz_utils_vendor:/opt/ros/jazzy/opt/gz_tools_vendor:/opt/ros/jazzy/opt/gz_ogre_next_vendor:/opt/ros/jazzy/opt/gz_dartsim_vendor:/opt/ros/jazzy/opt/gz_cmake_vendor:/workspaces/ros2-coding/install/rqt_joint_trajectory_controller:/workspaces/ros2-coding/install/rqt_controller_manager:/workspaces/ros2-coding/install/ros2controlcli:/workspaces/ros2-coding/install/ros2_controllers_test_nodes:/workspaces/ros2-coding/install/my_turtlesim:/workspaces/ros2-coding/install/issac_sim:/workspaces/ros2-coding/install/isaac_ros_navigation_goal:/workspaces/ros2-coding/install/human_controller:/opt/ros/jazzy GZ_SIM_PLUGIN_PATH=/workspaces/ros2-coding/install/ros_gz_example_gazebo/lib/ros_gz_example_gazebo GZ_SIM_RESOURCE_PATH=/workspaces/ros2-coding/install/ros_gz_example_description/share/ros_gz_example_description/models:${GZ_SIM_RESOURCE_PATH} VIRTUAL_ENV_PROMPT=(.venv) /usr/bin/cmake /workspaces/ros2-coding/turtlesim_ws/src/ros_gz_example_bringup -DAMENT_CMAKE_SYMLINK_INSTALL=1 -DCMAKE_INSTALL_PREFIX=/workspaces/ros2-coding/install/ros_gz_example_bringup
[30.557s] DEBUG:colcon.colcon_core.event_handler.log_command:Invoked command in '/workspaces/ros2-coding/build/isaac_moveit' returned '0': AMENT_PREFIX_PATH=/workspaces/ros2-coding/install/moveit_resources_panda_moveit_config:${AMENT_PREFIX_PATH} CMAKE_PREFIX_PATH=/workspaces/ros2-coding/install/moveit_resources_panda_moveit_config:/workspaces/ros2-coding/install/moveit_resources_panda_description:/workspaces/ros2-coding/install/nao_gz_control:/workspaces/ros2-coding/install/ros2_controllers:/workspaces/ros2-coding/install/ros2_control_demos:/workspaces/ros2-coding/install/ros2_control_demo_example_3:/workspaces/ros2-coding/install/gz_ros2_control_demos:/workspaces/ros2-coding/install/velocity_controllers:/workspaces/ros2-coding/install/tricycle_steering_controller:/workspaces/ros2-coding/install/tricycle_controller:/workspaces/ros2-coding/install/ros2_control_demo_example_8:/workspaces/ros2-coding/install/ros2_control:/workspaces/ros2-coding/install/transmission_interface:/workspaces/ros2-coding/install/ros2_control_demo_example_11:/workspaces/ros2-coding/install/bicycle_steering_controller:/workspaces/ros2-coding/install/ackermann_steering_controller:/workspaces/ros2-coding/install/steering_controllers_library:/workspaces/ros2-coding/install/ros2_control_demo_example_17:/workspaces/ros2-coding/install/ros2_control_demo_example_15:/workspaces/ros2-coding/install/ros2_control_demo_example_1:/workspaces/ros2-coding/install/ros_gz_example_bringup:/workspaces/ros2-coding/install/ros_gz_example_gazebo:/workspaces/ros2-coding/install/ros_gz_example_description:/workspaces/ros2-coding/install/ros_gz_example_application:/workspaces/ros2-coding/install/ros2_control_demo_example_9:/workspaces/ros2-coding/install/ros2_control_demo_example_7:/workspaces/ros2-coding/install/ros2_control_demo_example_6:/workspaces/ros2-coding/install/ros2_control_demo_example_13:/workspaces/ros2-coding/install/ros2_control_demo_example_5:/workspaces/ros2-coding/install/ros2_control_demo_example_4:/workspaces/ros2-coding/install/ros2_control_demo_example_2:/workspaces/ros2-coding/install/ros2_control_demo_example_16:/workspaces/ros2-coding/install/ros2_control_demo_example_14:/workspaces/ros2-coding/install/ros2_control_demo_example_12:/workspaces/ros2-coding/install/ros2_control_demo_example_10:/workspaces/ros2-coding/install/hardware_interface_testing:/workspaces/ros2-coding/install/gz_ros2_control:/workspaces/ros2-coding/install/controller_manager:/workspaces/ros2-coding/install/ros2_control_test_assets:/workspaces/ros2-coding/install/ros2_control_demo_description:/workspaces/ros2-coding/install/ros2_control_cmake:/workspaces/ros2-coding/install/range_sensor_broadcaster:/workspaces/ros2-coding/install/position_controllers:/workspaces/ros2-coding/install/pose_broadcaster:/workspaces/ros2-coding/install/pid_controller:/workspaces/ros2-coding/install/parallel_gripper_controller:/workspaces/ros2-coding/install/omni_wheel_drive_controller:/workspaces/ros2-coding/install/mecanum_drive_controller:/workspaces/ros2-coding/install/joint_trajectory_controller:/workspaces/ros2-coding/install/joint_state_topic_hardware_interface:/workspaces/ros2-coding/install/joint_state_broadcaster:/workspaces/ros2-coding/install/imu_sensor_broadcaster:/workspaces/ros2-coding/install/gripper_controllers:/workspaces/ros2-coding/install/gps_sensor_broadcaster:/workspaces/ros2-coding/install/gpio_controllers:/workspaces/ros2-coding/install/effort_controllers:/workspaces/ros2-coding/install/forward_command_controller:/workspaces/ros2-coding/install/force_torque_sensor_broadcaster:/workspaces/ros2-coding/install/diff_drive_controller:/workspaces/ros2-coding/install/chained_filter_controller:/workspaces/ros2-coding/install/admittance_controller:/workspaces/ros2-coding/install/controller_interface:/workspaces/ros2-coding/install/hardware_interface:/workspaces/ros2-coding/install/joint_limits:/workspaces/ros2-coding/install/control_toolbox:/workspaces/ros2-coding/install/realtime_tools:/workspaces/ros2-coding/install/moveit_nao_config:/workspaces/ros2-coding/install/kinematics_interface_kdl:/workspaces/ros2-coding/install/kinematics_interface:/workspaces/ros2-coding/install/iw_hub_navigation:/workspaces/ros2-coding/install/isaacsim:/workspaces/ros2-coding/install/isaac_tutorials:/workspaces/ros2-coding/install/isaac_ros2_messages:/workspaces/ros2-coding/install/isaac_moveit:/workspaces/ros2-coding/install/human_interfaces:/workspaces/ros2-coding/install/h1_fullbody_controller:/workspaces/ros2-coding/install/gz_ros2_control_tests:/workspaces/ros2-coding/install/diff_drive_mover:/workspaces/ros2-coding/install/custom_message:/workspaces/ros2-coding/install/controller_manager_msgs:/workspaces/ros2-coding/install/control_msgs:/workspaces/ros2-coding/install/cmdvel_to_ackermann:/workspaces/ros2-coding/install/carter_navigation:/opt/ros/jazzy/opt/gz_sim_vendor:/opt/ros/jazzy/opt/gz_sensors_vendor:/opt/ros/jazzy/opt/gz_physics_vendor:/opt/ros/jazzy/opt/sdformat_vendor:/opt/ros/jazzy/opt/gz_gui_vendor:/opt/ros/jazzy/opt/gz_transport_vendor:/opt/ros/jazzy/opt/gz_rendering_vendor:/opt/ros/jazzy/opt/gz_plugin_vendor:/opt/ros/jazzy/opt/gz_fuel_tools_vendor:/opt/ros/jazzy/opt/gz_msgs_vendor:/opt/ros/jazzy/opt/gz_common_vendor:/opt/ros/jazzy/opt/gz_math_vendor:/opt/ros/jazzy/opt/gz_utils_vendor:/opt/ros/jazzy/opt/gz_tools_vendor:/opt/ros/jazzy/opt/gz_ogre_next_vendor:/opt/ros/jazzy/opt/gz_dartsim_vendor:/opt/ros/jazzy/opt/gz_cmake_vendor:/workspaces/ros2-coding/install/rqt_joint_trajectory_controller:/workspaces/ros2-coding/install/rqt_controller_manager:/workspaces/ros2-coding/install/ros2controlcli:/workspaces/ros2-coding/install/ros2_controllers_test_nodes:/workspaces/ros2-coding/install/my_turtlesim:/workspaces/ros2-coding/install/issac_sim:/workspaces/ros2-coding/install/isaac_ros_navigation_goal:/workspaces/ros2-coding/install/human_controller:/opt/ros/jazzy VIRTUAL_ENV_PROMPT=(.venv) /usr/bin/cmake /workspaces/ros2-coding/turtlesim_ws/src/moveit/isaac_moveit -DAMENT_CMAKE_SYMLINK_INSTALL=1 -DCMAKE_INSTALL_PREFIX=/workspaces/ros2-coding/install/isaac_moveit
[30.557s] DEBUG:colcon.colcon_core.event_handler.log_command:Invoking command in '/workspaces/ros2-coding/build/isaac_moveit': AMENT_PREFIX_PATH=/workspaces/ros2-coding/install/moveit_resources_panda_moveit_config:${AMENT_PREFIX_PATH} CMAKE_PREFIX_PATH=/workspaces/ros2-coding/install/moveit_resources_panda_moveit_config:/workspaces/ros2-coding/install/moveit_resources_panda_description:/workspaces/ros2-coding/install/nao_gz_control:/workspaces/ros2-coding/install/ros2_controllers:/workspaces/ros2-coding/install/ros2_control_demos:/workspaces/ros2-coding/install/ros2_control_demo_example_3:/workspaces/ros2-coding/install/gz_ros2_control_demos:/workspaces/ros2-coding/install/velocity_controllers:/workspaces/ros2-coding/install/tricycle_steering_controller:/workspaces/ros2-coding/install/tricycle_controller:/workspaces/ros2-coding/install/ros2_control_demo_example_8:/workspaces/ros2-coding/install/ros2_control:/workspaces/ros2-coding/install/transmission_interface:/workspaces/ros2-coding/install/ros2_control_demo_example_11:/workspaces/ros2-coding/install/bicycle_steering_controller:/workspaces/ros2-coding/install/ackermann_steering_controller:/workspaces/ros2-coding/install/steering_controllers_library:/workspaces/ros2-coding/install/ros2_control_demo_example_17:/workspaces/ros2-coding/install/ros2_control_demo_example_15:/workspaces/ros2-coding/install/ros2_control_demo_example_1:/workspaces/ros2-coding/install/ros_gz_example_bringup:/workspaces/ros2-coding/install/ros_gz_example_gazebo:/workspaces/ros2-coding/install/ros_gz_example_description:/workspaces/ros2-coding/install/ros_gz_example_application:/workspaces/ros2-coding/install/ros2_control_demo_example_9:/workspaces/ros2-coding/install/ros2_control_demo_example_7:/workspaces/ros2-coding/install/ros2_control_demo_example_6:/workspaces/ros2-coding/install/ros2_control_demo_example_13:/workspaces/ros2-coding/install/ros2_control_demo_example_5:/workspaces/ros2-coding/install/ros2_control_demo_example_4:/workspaces/ros2-coding/install/ros2_control_demo_example_2:/workspaces/ros2-coding/install/ros2_control_demo_example_16:/workspaces/ros2-coding/install/ros2_control_demo_example_14:/workspaces/ros2-coding/install/ros2_control_demo_example_12:/workspaces/ros2-coding/install/ros2_control_demo_example_10:/workspaces/ros2-coding/install/hardware_interface_testing:/workspaces/ros2-coding/install/gz_ros2_control:/workspaces/ros2-coding/install/controller_manager:/workspaces/ros2-coding/install/ros2_control_test_assets:/workspaces/ros2-coding/install/ros2_control_demo_description:/workspaces/ros2-coding/install/ros2_control_cmake:/workspaces/ros2-coding/install/range_sensor_broadcaster:/workspaces/ros2-coding/install/position_controllers:/workspaces/ros2-coding/install/pose_broadcaster:/workspaces/ros2-coding/install/pid_controller:/workspaces/ros2-coding/install/parallel_gripper_controller:/workspaces/ros2-coding/install/omni_wheel_drive_controller:/workspaces/ros2-coding/install/mecanum_drive_controller:/workspaces/ros2-coding/install/joint_trajectory_controller:/workspaces/ros2-coding/install/joint_state_topic_hardware_interface:/workspaces/ros2-coding/install/joint_state_broadcaster:/workspaces/ros2-coding/install/imu_sensor_broadcaster:/workspaces/ros2-coding/install/gripper_controllers:/workspaces/ros2-coding/install/gps_sensor_broadcaster:/workspaces/ros2-coding/install/gpio_controllers:/workspaces/ros2-coding/install/effort_controllers:/workspaces/ros2-coding/install/forward_command_controller:/workspaces/ros2-coding/install/force_torque_sensor_broadcaster:/workspaces/ros2-coding/install/diff_drive_controller:/workspaces/ros2-coding/install/chained_filter_controller:/workspaces/ros2-coding/install/admittance_controller:/workspaces/ros2-coding/install/controller_interface:/workspaces/ros2-coding/install/hardware_interface:/workspaces/ros2-coding/install/joint_limits:/workspaces/ros2-coding/install/control_toolbox:/workspaces/ros2-coding/install/realtime_tools:/workspaces/ros2-coding/install/moveit_nao_config:/workspaces/ros2-coding/install/kinematics_interface_kdl:/workspaces/ros2-coding/install/kinematics_interface:/workspaces/ros2-coding/install/iw_hub_navigation:/workspaces/ros2-coding/install/isaacsim:/workspaces/ros2-coding/install/isaac_tutorials:/workspaces/ros2-coding/install/isaac_ros2_messages:/workspaces/ros2-coding/install/isaac_moveit:/workspaces/ros2-coding/install/human_interfaces:/workspaces/ros2-coding/install/h1_fullbody_controller:/workspaces/ros2-coding/install/gz_ros2_control_tests:/workspaces/ros2-coding/install/diff_drive_mover:/workspaces/ros2-coding/install/custom_message:/workspaces/ros2-coding/install/controller_manager_msgs:/workspaces/ros2-coding/install/control_msgs:/workspaces/ros2-coding/install/cmdvel_to_ackermann:/workspaces/ros2-coding/install/carter_navigation:/opt/ros/jazzy/opt/gz_sim_vendor:/opt/ros/jazzy/opt/gz_sensors_vendor:/opt/ros/jazzy/opt/gz_physics_vendor:/opt/ros/jazzy/opt/sdformat_vendor:/opt/ros/jazzy/opt/gz_gui_vendor:/opt/ros/jazzy/opt/gz_transport_vendor:/opt/ros/jazzy/opt/gz_rendering_vendor:/opt/ros/jazzy/opt/gz_plugin_vendor:/opt/ros/jazzy/opt/gz_fuel_tools_vendor:/opt/ros/jazzy/opt/gz_msgs_vendor:/opt/ros/jazzy/opt/gz_common_vendor:/opt/ros/jazzy/opt/gz_math_vendor:/opt/ros/jazzy/opt/gz_utils_vendor:/opt/ros/jazzy/opt/gz_tools_vendor:/opt/ros/jazzy/opt/gz_ogre_next_vendor:/opt/ros/jazzy/opt/gz_dartsim_vendor:/opt/ros/jazzy/opt/gz_cmake_vendor:/workspaces/ros2-coding/install/rqt_joint_trajectory_controller:/workspaces/ros2-coding/install/rqt_controller_manager:/workspaces/ros2-coding/install/ros2controlcli:/workspaces/ros2-coding/install/ros2_controllers_test_nodes:/workspaces/ros2-coding/install/my_turtlesim:/workspaces/ros2-coding/install/issac_sim:/workspaces/ros2-coding/install/isaac_ros_navigation_goal:/workspaces/ros2-coding/install/human_controller:/opt/ros/jazzy VIRTUAL_ENV_PROMPT=(.venv) /usr/bin/cmake --build /workspaces/ros2-coding/build/isaac_moveit -- -j4 -l4
[30.790s] DEBUG:colcon.colcon_core.event_handler.log_command:Invoked command in '/workspaces/ros2-coding/build/isaac_moveit' returned '0': AMENT_PREFIX_PATH=/workspaces/ros2-coding/install/moveit_resources_panda_moveit_config:${AMENT_PREFIX_PATH} CMAKE_PREFIX_PATH=/workspaces/ros2-coding/install/moveit_resources_panda_moveit_config:/workspaces/ros2-coding/install/moveit_resources_panda_description:/workspaces/ros2-coding/install/nao_gz_control:/workspaces/ros2-coding/install/ros2_controllers:/workspaces/ros2-coding/install/ros2_control_demos:/workspaces/ros2-coding/install/ros2_control_demo_example_3:/workspaces/ros2-coding/install/gz_ros2_control_demos:/workspaces/ros2-coding/install/velocity_controllers:/workspaces/ros2-coding/install/tricycle_steering_controller:/workspaces/ros2-coding/install/tricycle_controller:/workspaces/ros2-coding/install/ros2_control_demo_example_8:/workspaces/ros2-coding/install/ros2_control:/workspaces/ros2-coding/install/transmission_interface:/workspaces/ros2-coding/install/ros2_control_demo_example_11:/workspaces/ros2-coding/install/bicycle_steering_controller:/workspaces/ros2-coding/install/ackermann_steering_controller:/workspaces/ros2-coding/install/steering_controllers_library:/workspaces/ros2-coding/install/ros2_control_demo_example_17:/workspaces/ros2-coding/install/ros2_control_demo_example_15:/workspaces/ros2-coding/install/ros2_control_demo_example_1:/workspaces/ros2-coding/install/ros_gz_example_bringup:/workspaces/ros2-coding/install/ros_gz_example_gazebo:/workspaces/ros2-coding/install/ros_gz_example_description:/workspaces/ros2-coding/install/ros_gz_example_application:/workspaces/ros2-coding/install/ros2_control_demo_example_9:/workspaces/ros2-coding/install/ros2_control_demo_example_7:/workspaces/ros2-coding/install/ros2_control_demo_example_6:/workspaces/ros2-coding/install/ros2_control_demo_example_13:/workspaces/ros2-coding/install/ros2_control_demo_example_5:/workspaces/ros2-coding/install/ros2_control_demo_example_4:/workspaces/ros2-coding/install/ros2_control_demo_example_2:/workspaces/ros2-coding/install/ros2_control_demo_example_16:/workspaces/ros2-coding/install/ros2_control_demo_example_14:/workspaces/ros2-coding/install/ros2_control_demo_example_12:/workspaces/ros2-coding/install/ros2_control_demo_example_10:/workspaces/ros2-coding/install/hardware_interface_testing:/workspaces/ros2-coding/install/gz_ros2_control:/workspaces/ros2-coding/install/controller_manager:/workspaces/ros2-coding/install/ros2_control_test_assets:/workspaces/ros2-coding/install/ros2_control_demo_description:/workspaces/ros2-coding/install/ros2_control_cmake:/workspaces/ros2-coding/install/range_sensor_broadcaster:/workspaces/ros2-coding/install/position_controllers:/workspaces/ros2-coding/install/pose_broadcaster:/workspaces/ros2-coding/install/pid_controller:/workspaces/ros2-coding/install/parallel_gripper_controller:/workspaces/ros2-coding/install/omni_wheel_drive_controller:/workspaces/ros2-coding/install/mecanum_drive_controller:/workspaces/ros2-coding/install/joint_trajectory_controller:/workspaces/ros2-coding/install/joint_state_topic_hardware_interface:/workspaces/ros2-coding/install/joint_state_broadcaster:/workspaces/ros2-coding/install/imu_sensor_broadcaster:/workspaces/ros2-coding/install/gripper_controllers:/workspaces/ros2-coding/install/gps_sensor_broadcaster:/workspaces/ros2-coding/install/gpio_controllers:/workspaces/ros2-coding/install/effort_controllers:/workspaces/ros2-coding/install/forward_command_controller:/workspaces/ros2-coding/install/force_torque_sensor_broadcaster:/workspaces/ros2-coding/install/diff_drive_controller:/workspaces/ros2-coding/install/chained_filter_controller:/workspaces/ros2-coding/install/admittance_controller:/workspaces/ros2-coding/install/controller_interface:/workspaces/ros2-coding/install/hardware_interface:/workspaces/ros2-coding/install/joint_limits:/workspaces/ros2-coding/install/control_toolbox:/workspaces/ros2-coding/install/realtime_tools:/workspaces/ros2-coding/install/moveit_nao_config:/workspaces/ros2-coding/install/kinematics_interface_kdl:/workspaces/ros2-coding/install/kinematics_interface:/workspaces/ros2-coding/install/iw_hub_navigation:/workspaces/ros2-coding/install/isaacsim:/workspaces/ros2-coding/install/isaac_tutorials:/workspaces/ros2-coding/install/isaac_ros2_messages:/workspaces/ros2-coding/install/isaac_moveit:/workspaces/ros2-coding/install/human_interfaces:/workspaces/ros2-coding/install/h1_fullbody_controller:/workspaces/ros2-coding/install/gz_ros2_control_tests:/workspaces/ros2-coding/install/diff_drive_mover:/workspaces/ros2-coding/install/custom_message:/workspaces/ros2-coding/install/controller_manager_msgs:/workspaces/ros2-coding/install/control_msgs:/workspaces/ros2-coding/install/cmdvel_to_ackermann:/workspaces/ros2-coding/install/carter_navigation:/opt/ros/jazzy/opt/gz_sim_vendor:/opt/ros/jazzy/opt/gz_sensors_vendor:/opt/ros/jazzy/opt/gz_physics_vendor:/opt/ros/jazzy/opt/sdformat_vendor:/opt/ros/jazzy/opt/gz_gui_vendor:/opt/ros/jazzy/opt/gz_transport_vendor:/opt/ros/jazzy/opt/gz_rendering_vendor:/opt/ros/jazzy/opt/gz_plugin_vendor:/opt/ros/jazzy/opt/gz_fuel_tools_vendor:/opt/ros/jazzy/opt/gz_msgs_vendor:/opt/ros/jazzy/opt/gz_common_vendor:/opt/ros/jazzy/opt/gz_math_vendor:/opt/ros/jazzy/opt/gz_utils_vendor:/opt/ros/jazzy/opt/gz_tools_vendor:/opt/ros/jazzy/opt/gz_ogre_next_vendor:/opt/ros/jazzy/opt/gz_dartsim_vendor:/opt/ros/jazzy/opt/gz_cmake_vendor:/workspaces/ros2-coding/install/rqt_joint_trajectory_controller:/workspaces/ros2-coding/install/rqt_controller_manager:/workspaces/ros2-coding/install/ros2controlcli:/workspaces/ros2-coding/install/ros2_controllers_test_nodes:/workspaces/ros2-coding/install/my_turtlesim:/workspaces/ros2-coding/install/issac_sim:/workspaces/ros2-coding/install/isaac_ros_navigation_goal:/workspaces/ros2-coding/install/human_controller:/opt/ros/jazzy VIRTUAL_ENV_PROMPT=(.venv) /usr/bin/cmake --build /workspaces/ros2-coding/build/isaac_moveit -- -j4 -l4
[30.794s] DEBUG:colcon.colcon_core.event_handler.log_command:Invoking command in '/workspaces/ros2-coding/build/isaac_moveit': AMENT_PREFIX_PATH=/workspaces/ros2-coding/install/moveit_resources_panda_moveit_config:${AMENT_PREFIX_PATH} CMAKE_PREFIX_PATH=/workspaces/ros2-coding/install/moveit_resources_panda_moveit_config:/workspaces/ros2-coding/install/moveit_resources_panda_description:/workspaces/ros2-coding/install/nao_gz_control:/workspaces/ros2-coding/install/ros2_controllers:/workspaces/ros2-coding/install/ros2_control_demos:/workspaces/ros2-coding/install/ros2_control_demo_example_3:/workspaces/ros2-coding/install/gz_ros2_control_demos:/workspaces/ros2-coding/install/velocity_controllers:/workspaces/ros2-coding/install/tricycle_steering_controller:/workspaces/ros2-coding/install/tricycle_controller:/workspaces/ros2-coding/install/ros2_control_demo_example_8:/workspaces/ros2-coding/install/ros2_control:/workspaces/ros2-coding/install/transmission_interface:/workspaces/ros2-coding/install/ros2_control_demo_example_11:/workspaces/ros2-coding/install/bicycle_steering_controller:/workspaces/ros2-coding/install/ackermann_steering_controller:/workspaces/ros2-coding/install/steering_controllers_library:/workspaces/ros2-coding/install/ros2_control_demo_example_17:/workspaces/ros2-coding/install/ros2_control_demo_example_15:/workspaces/ros2-coding/install/ros2_control_demo_example_1:/workspaces/ros2-coding/install/ros_gz_example_bringup:/workspaces/ros2-coding/install/ros_gz_example_gazebo:/workspaces/ros2-coding/install/ros_gz_example_description:/workspaces/ros2-coding/install/ros_gz_example_application:/workspaces/ros2-coding/install/ros2_control_demo_example_9:/workspaces/ros2-coding/install/ros2_control_demo_example_7:/workspaces/ros2-coding/install/ros2_control_demo_example_6:/workspaces/ros2-coding/install/ros2_control_demo_example_13:/workspaces/ros2-coding/install/ros2_control_demo_example_5:/workspaces/ros2-coding/install/ros2_control_demo_example_4:/workspaces/ros2-coding/install/ros2_control_demo_example_2:/workspaces/ros2-coding/install/ros2_control_demo_example_16:/workspaces/ros2-coding/install/ros2_control_demo_example_14:/workspaces/ros2-coding/install/ros2_control_demo_example_12:/workspaces/ros2-coding/install/ros2_control_demo_example_10:/workspaces/ros2-coding/install/hardware_interface_testing:/workspaces/ros2-coding/install/gz_ros2_control:/workspaces/ros2-coding/install/controller_manager:/workspaces/ros2-coding/install/ros2_control_test_assets:/workspaces/ros2-coding/install/ros2_control_demo_description:/workspaces/ros2-coding/install/ros2_control_cmake:/workspaces/ros2-coding/install/range_sensor_broadcaster:/workspaces/ros2-coding/install/position_controllers:/workspaces/ros2-coding/install/pose_broadcaster:/workspaces/ros2-coding/install/pid_controller:/workspaces/ros2-coding/install/parallel_gripper_controller:/workspaces/ros2-coding/install/omni_wheel_drive_controller:/workspaces/ros2-coding/install/mecanum_drive_controller:/workspaces/ros2-coding/install/joint_trajectory_controller:/workspaces/ros2-coding/install/joint_state_topic_hardware_interface:/workspaces/ros2-coding/install/joint_state_broadcaster:/workspaces/ros2-coding/install/imu_sensor_broadcaster:/workspaces/ros2-coding/install/gripper_controllers:/workspaces/ros2-coding/install/gps_sensor_broadcaster:/workspaces/ros2-coding/install/gpio_controllers:/workspaces/ros2-coding/install/effort_controllers:/workspaces/ros2-coding/install/forward_command_controller:/workspaces/ros2-coding/install/force_torque_sensor_broadcaster:/workspaces/ros2-coding/install/diff_drive_controller:/workspaces/ros2-coding/install/chained_filter_controller:/workspaces/ros2-coding/install/admittance_controller:/workspaces/ros2-coding/install/controller_interface:/workspaces/ros2-coding/install/hardware_interface:/workspaces/ros2-coding/install/joint_limits:/workspaces/ros2-coding/install/control_toolbox:/workspaces/ros2-coding/install/realtime_tools:/workspaces/ros2-coding/install/moveit_nao_config:/workspaces/ros2-coding/install/kinematics_interface_kdl:/workspaces/ros2-coding/install/kinematics_interface:/workspaces/ros2-coding/install/iw_hub_navigation:/workspaces/ros2-coding/install/isaacsim:/workspaces/ros2-coding/install/isaac_tutorials:/workspaces/ros2-coding/install/isaac_ros2_messages:/workspaces/ros2-coding/install/isaac_moveit:/workspaces/ros2-coding/install/human_interfaces:/workspaces/ros2-coding/install/h1_fullbody_controller:/workspaces/ros2-coding/install/gz_ros2_control_tests:/workspaces/ros2-coding/install/diff_drive_mover:/workspaces/ros2-coding/install/custom_message:/workspaces/ros2-coding/install/controller_manager_msgs:/workspaces/ros2-coding/install/control_msgs:/workspaces/ros2-coding/install/cmdvel_to_ackermann:/workspaces/ros2-coding/install/carter_navigation:/opt/ros/jazzy/opt/gz_sim_vendor:/opt/ros/jazzy/opt/gz_sensors_vendor:/opt/ros/jazzy/opt/gz_physics_vendor:/opt/ros/jazzy/opt/sdformat_vendor:/opt/ros/jazzy/opt/gz_gui_vendor:/opt/ros/jazzy/opt/gz_transport_vendor:/opt/ros/jazzy/opt/gz_rendering_vendor:/opt/ros/jazzy/opt/gz_plugin_vendor:/opt/ros/jazzy/opt/gz_fuel_tools_vendor:/opt/ros/jazzy/opt/gz_msgs_vendor:/opt/ros/jazzy/opt/gz_common_vendor:/opt/ros/jazzy/opt/gz_math_vendor:/opt/ros/jazzy/opt/gz_utils_vendor:/opt/ros/jazzy/opt/gz_tools_vendor:/opt/ros/jazzy/opt/gz_ogre_next_vendor:/opt/ros/jazzy/opt/gz_dartsim_vendor:/opt/ros/jazzy/opt/gz_cmake_vendor:/workspaces/ros2-coding/install/rqt_joint_trajectory_controller:/workspaces/ros2-coding/install/rqt_controller_manager:/workspaces/ros2-coding/install/ros2controlcli:/workspaces/ros2-coding/install/ros2_controllers_test_nodes:/workspaces/ros2-coding/install/my_turtlesim:/workspaces/ros2-coding/install/issac_sim:/workspaces/ros2-coding/install/isaac_ros_navigation_goal:/workspaces/ros2-coding/install/human_controller:/opt/ros/jazzy VIRTUAL_ENV_PROMPT=(.venv) /usr/bin/cmake --install /workspaces/ros2-coding/build/isaac_moveit
[30.868s] Level 1:colcon.colcon_core.environment:create_environment_scripts_only(isaac_moveit)
[30.869s] Level 1:colcon.colcon_core.environment:checking '/workspaces/ros2-coding/install/isaac_moveit' for CMake module files
[30.869s] DEBUG:colcon.colcon_core.event_handler.log_command:Invoked command in '/workspaces/ros2-coding/build/isaac_moveit' returned '0': AMENT_PREFIX_PATH=/workspaces/ros2-coding/install/moveit_resources_panda_moveit_config:${AMENT_PREFIX_PATH} CMAKE_PREFIX_PATH=/workspaces/ros2-coding/install/moveit_resources_panda_moveit_config:/workspaces/ros2-coding/install/moveit_resources_panda_description:/workspaces/ros2-coding/install/nao_gz_control:/workspaces/ros2-coding/install/ros2_controllers:/workspaces/ros2-coding/install/ros2_control_demos:/workspaces/ros2-coding/install/ros2_control_demo_example_3:/workspaces/ros2-coding/install/gz_ros2_control_demos:/workspaces/ros2-coding/install/velocity_controllers:/workspaces/ros2-coding/install/tricycle_steering_controller:/workspaces/ros2-coding/install/tricycle_controller:/workspaces/ros2-coding/install/ros2_control_demo_example_8:/workspaces/ros2-coding/install/ros2_control:/workspaces/ros2-coding/install/transmission_interface:/workspaces/ros2-coding/install/ros2_control_demo_example_11:/workspaces/ros2-coding/install/bicycle_steering_controller:/workspaces/ros2-coding/install/ackermann_steering_controller:/workspaces/ros2-coding/install/steering_controllers_library:/workspaces/ros2-coding/install/ros2_control_demo_example_17:/workspaces/ros2-coding/install/ros2_control_demo_example_15:/workspaces/ros2-coding/install/ros2_control_demo_example_1:/workspaces/ros2-coding/install/ros_gz_example_bringup:/workspaces/ros2-coding/install/ros_gz_example_gazebo:/workspaces/ros2-coding/install/ros_gz_example_description:/workspaces/ros2-coding/install/ros_gz_example_application:/workspaces/ros2-coding/install/ros2_control_demo_example_9:/workspaces/ros2-coding/install/ros2_control_demo_example_7:/workspaces/ros2-coding/install/ros2_control_demo_example_6:/workspaces/ros2-coding/install/ros2_control_demo_example_13:/workspaces/ros2-coding/install/ros2_control_demo_example_5:/workspaces/ros2-coding/install/ros2_control_demo_example_4:/workspaces/ros2-coding/install/ros2_control_demo_example_2:/workspaces/ros2-coding/install/ros2_control_demo_example_16:/workspaces/ros2-coding/install/ros2_control_demo_example_14:/workspaces/ros2-coding/install/ros2_control_demo_example_12:/workspaces/ros2-coding/install/ros2_control_demo_example_10:/workspaces/ros2-coding/install/hardware_interface_testing:/workspaces/ros2-coding/install/gz_ros2_control:/workspaces/ros2-coding/install/controller_manager:/workspaces/ros2-coding/install/ros2_control_test_assets:/workspaces/ros2-coding/install/ros2_control_demo_description:/workspaces/ros2-coding/install/ros2_control_cmake:/workspaces/ros2-coding/install/range_sensor_broadcaster:/workspaces/ros2-coding/install/position_controllers:/workspaces/ros2-coding/install/pose_broadcaster:/workspaces/ros2-coding/install/pid_controller:/workspaces/ros2-coding/install/parallel_gripper_controller:/workspaces/ros2-coding/install/omni_wheel_drive_controller:/workspaces/ros2-coding/install/mecanum_drive_controller:/workspaces/ros2-coding/install/joint_trajectory_controller:/workspaces/ros2-coding/install/joint_state_topic_hardware_interface:/workspaces/ros2-coding/install/joint_state_broadcaster:/workspaces/ros2-coding/install/imu_sensor_broadcaster:/workspaces/ros2-coding/install/gripper_controllers:/workspaces/ros2-coding/install/gps_sensor_broadcaster:/workspaces/ros2-coding/install/gpio_controllers:/workspaces/ros2-coding/install/effort_controllers:/workspaces/ros2-coding/install/forward_command_controller:/workspaces/ros2-coding/install/force_torque_sensor_broadcaster:/workspaces/ros2-coding/install/diff_drive_controller:/workspaces/ros2-coding/install/chained_filter_controller:/workspaces/ros2-coding/install/admittance_controller:/workspaces/ros2-coding/install/controller_interface:/workspaces/ros2-coding/install/hardware_interface:/workspaces/ros2-coding/install/joint_limits:/workspaces/ros2-coding/install/control_toolbox:/workspaces/ros2-coding/install/realtime_tools:/workspaces/ros2-coding/install/moveit_nao_config:/workspaces/ros2-coding/install/kinematics_interface_kdl:/workspaces/ros2-coding/install/kinematics_interface:/workspaces/ros2-coding/install/iw_hub_navigation:/workspaces/ros2-coding/install/isaacsim:/workspaces/ros2-coding/install/isaac_tutorials:/workspaces/ros2-coding/install/isaac_ros2_messages:/workspaces/ros2-coding/install/isaac_moveit:/workspaces/ros2-coding/install/human_interfaces:/workspaces/ros2-coding/install/h1_fullbody_controller:/workspaces/ros2-coding/install/gz_ros2_control_tests:/workspaces/ros2-coding/install/diff_drive_mover:/workspaces/ros2-coding/install/custom_message:/workspaces/ros2-coding/install/controller_manager_msgs:/workspaces/ros2-coding/install/control_msgs:/workspaces/ros2-coding/install/cmdvel_to_ackermann:/workspaces/ros2-coding/install/carter_navigation:/opt/ros/jazzy/opt/gz_sim_vendor:/opt/ros/jazzy/opt/gz_sensors_vendor:/opt/ros/jazzy/opt/gz_physics_vendor:/opt/ros/jazzy/opt/sdformat_vendor:/opt/ros/jazzy/opt/gz_gui_vendor:/opt/ros/jazzy/opt/gz_transport_vendor:/opt/ros/jazzy/opt/gz_rendering_vendor:/opt/ros/jazzy/opt/gz_plugin_vendor:/opt/ros/jazzy/opt/gz_fuel_tools_vendor:/opt/ros/jazzy/opt/gz_msgs_vendor:/opt/ros/jazzy/opt/gz_common_vendor:/opt/ros/jazzy/opt/gz_math_vendor:/opt/ros/jazzy/opt/gz_utils_vendor:/opt/ros/jazzy/opt/gz_tools_vendor:/opt/ros/jazzy/opt/gz_ogre_next_vendor:/opt/ros/jazzy/opt/gz_dartsim_vendor:/opt/ros/jazzy/opt/gz_cmake_vendor:/workspaces/ros2-coding/install/rqt_joint_trajectory_controller:/workspaces/ros2-coding/install/rqt_controller_manager:/workspaces/ros2-coding/install/ros2controlcli:/workspaces/ros2-coding/install/ros2_controllers_test_nodes:/workspaces/ros2-coding/install/my_turtlesim:/workspaces/ros2-coding/install/issac_sim:/workspaces/ros2-coding/install/isaac_ros_navigation_goal:/workspaces/ros2-coding/install/human_controller:/opt/ros/jazzy VIRTUAL_ENV_PROMPT=(.venv) /usr/bin/cmake --install /workspaces/ros2-coding/build/isaac_moveit
[30.870s] Level 1:colcon.colcon_core.environment:checking '/workspaces/ros2-coding/install/isaac_moveit' for CMake config files
[30.874s] Level 1:colcon.colcon_core.shell:create_environment_hook('isaac_moveit', 'cmake_prefix_path')
[30.874s] INFO:colcon.colcon_core.shell:Creating environment hook '/workspaces/ros2-coding/install/isaac_moveit/share/isaac_moveit/hook/cmake_prefix_path.ps1'
[30.875s] INFO:colcon.colcon_core.shell:Creating environment descriptor '/workspaces/ros2-coding/install/isaac_moveit/share/isaac_moveit/hook/cmake_prefix_path.dsv'
[30.875s] INFO:colcon.colcon_core.shell:Creating environment hook '/workspaces/ros2-coding/install/isaac_moveit/share/isaac_moveit/hook/cmake_prefix_path.sh'
[30.876s] Level 1:colcon.colcon_core.environment:checking '/workspaces/ros2-coding/install/isaac_moveit/lib'
[30.877s] Level 1:colcon.colcon_core.environment:checking '/workspaces/ros2-coding/install/isaac_moveit/bin'
[30.877s] Level 1:colcon.colcon_core.environment:checking '/workspaces/ros2-coding/install/isaac_moveit/lib/pkgconfig/isaac_moveit.pc'
[30.877s] Level 1:colcon.colcon_core.environment:checking '/workspaces/ros2-coding/install/isaac_moveit/lib/python3.12/site-packages'
[30.879s] Level 1:colcon.colcon_core.environment:checking '/workspaces/ros2-coding/install/isaac_moveit/bin'
[30.880s] INFO:colcon.colcon_core.shell:Creating package script '/workspaces/ros2-coding/install/isaac_moveit/share/isaac_moveit/package.ps1'
[30.881s] INFO:colcon.colcon_core.shell:Creating package descriptor '/workspaces/ros2-coding/install/isaac_moveit/share/isaac_moveit/package.dsv'
[30.884s] INFO:colcon.colcon_core.shell:Creating package script '/workspaces/ros2-coding/install/isaac_moveit/share/isaac_moveit/package.sh'
[30.885s] INFO:colcon.colcon_core.shell:Creating package script '/workspaces/ros2-coding/install/isaac_moveit/share/isaac_moveit/package.bash'
[30.887s] INFO:colcon.colcon_core.shell:Creating package script '/workspaces/ros2-coding/install/isaac_moveit/share/isaac_moveit/package.zsh'
[30.888s] Level 1:colcon.colcon_core.environment:create_file_with_runtime_dependencies(/workspaces/ros2-coding/install/isaac_moveit/share/colcon-core/packages/isaac_moveit)
[30.888s] Level 1:colcon.colcon_core.environment:create_environment_scripts_only(isaac_moveit)
[30.891s] Level 1:colcon.colcon_core.environment:checking '/workspaces/ros2-coding/install/isaac_moveit' for CMake module files
[30.892s] Level 1:colcon.colcon_core.environment:checking '/workspaces/ros2-coding/install/isaac_moveit' for CMake config files
[30.893s] Level 1:colcon.colcon_core.shell:create_environment_hook('isaac_moveit', 'cmake_prefix_path')
[30.893s] INFO:colcon.colcon_core.shell:Creating environment hook '/workspaces/ros2-coding/install/isaac_moveit/share/isaac_moveit/hook/cmake_prefix_path.ps1'
[30.894s] INFO:colcon.colcon_core.shell:Creating environment descriptor '/workspaces/ros2-coding/install/isaac_moveit/share/isaac_moveit/hook/cmake_prefix_path.dsv'
[30.895s] INFO:colcon.colcon_core.shell:Creating environment hook '/workspaces/ros2-coding/install/isaac_moveit/share/isaac_moveit/hook/cmake_prefix_path.sh'
[30.899s] Level 1:colcon.colcon_core.environment:checking '/workspaces/ros2-coding/install/isaac_moveit/lib'
[30.899s] Level 1:colcon.colcon_core.environment:checking '/workspaces/ros2-coding/install/isaac_moveit/bin'
[30.899s] Level 1:colcon.colcon_core.environment:checking '/workspaces/ros2-coding/install/isaac_moveit/lib/pkgconfig/isaac_moveit.pc'
[30.899s] Level 1:colcon.colcon_core.environment:checking '/workspaces/ros2-coding/install/isaac_moveit/lib/python3.12/site-packages'
[30.901s] Level 1:colcon.colcon_core.environment:checking '/workspaces/ros2-coding/install/isaac_moveit/bin'
[30.902s] INFO:colcon.colcon_core.shell:Creating package script '/workspaces/ros2-coding/install/isaac_moveit/share/isaac_moveit/package.ps1'
[30.904s] INFO:colcon.colcon_core.shell:Creating package descriptor '/workspaces/ros2-coding/install/isaac_moveit/share/isaac_moveit/package.dsv'
[30.906s] INFO:colcon.colcon_core.shell:Creating package script '/workspaces/ros2-coding/install/isaac_moveit/share/isaac_moveit/package.sh'
[30.906s] INFO:colcon.colcon_core.shell:Creating package script '/workspaces/ros2-coding/install/isaac_moveit/share/isaac_moveit/package.bash'
[30.907s] INFO:colcon.colcon_core.shell:Creating package script '/workspaces/ros2-coding/install/isaac_moveit/share/isaac_moveit/package.zsh'
[30.910s] Level 1:colcon.colcon_core.environment:create_file_with_runtime_dependencies(/workspaces/ros2-coding/install/isaac_moveit/share/colcon-core/packages/isaac_moveit)
[31.155s] DEBUG:colcon.colcon_core.event_handler.log_command:Invoked command in '/workspaces/ros2-coding/build/ros_gz_example_bringup' returned '0': CMAKE_PREFIX_PATH=/workspaces/ros2-coding/install/ros_gz_example_gazebo:/workspaces/ros2-coding/install/ros_gz_example_description:/workspaces/ros2-coding/install/nao_gz_control:/workspaces/ros2-coding/install/ros2_controllers:/workspaces/ros2-coding/install/ros2_control_demos:/workspaces/ros2-coding/install/ros2_control_demo_example_3:/workspaces/ros2-coding/install/gz_ros2_control_demos:/workspaces/ros2-coding/install/velocity_controllers:/workspaces/ros2-coding/install/tricycle_steering_controller:/workspaces/ros2-coding/install/tricycle_controller:/workspaces/ros2-coding/install/ros2_control_demo_example_8:/workspaces/ros2-coding/install/ros2_control:/workspaces/ros2-coding/install/transmission_interface:/workspaces/ros2-coding/install/ros2_control_demo_example_11:/workspaces/ros2-coding/install/bicycle_steering_controller:/workspaces/ros2-coding/install/ackermann_steering_controller:/workspaces/ros2-coding/install/steering_controllers_library:/workspaces/ros2-coding/install/ros2_control_demo_example_17:/workspaces/ros2-coding/install/ros2_control_demo_example_15:/workspaces/ros2-coding/install/ros2_control_demo_example_1:/workspaces/ros2-coding/install/ros_gz_example_bringup:/workspaces/ros2-coding/install/ros_gz_example_application:/workspaces/ros2-coding/install/ros2_control_demo_example_9:/workspaces/ros2-coding/install/ros2_control_demo_example_7:/workspaces/ros2-coding/install/ros2_control_demo_example_6:/workspaces/ros2-coding/install/ros2_control_demo_example_13:/workspaces/ros2-coding/install/ros2_control_demo_example_5:/workspaces/ros2-coding/install/ros2_control_demo_example_4:/workspaces/ros2-coding/install/ros2_control_demo_example_2:/workspaces/ros2-coding/install/ros2_control_demo_example_16:/workspaces/ros2-coding/install/ros2_control_demo_example_14:/workspaces/ros2-coding/install/ros2_control_demo_example_12:/workspaces/ros2-coding/install/ros2_control_demo_example_10:/workspaces/ros2-coding/install/hardware_interface_testing:/workspaces/ros2-coding/install/gz_ros2_control:/workspaces/ros2-coding/install/controller_manager:/workspaces/ros2-coding/install/ros2_control_test_assets:/workspaces/ros2-coding/install/ros2_control_demo_description:/workspaces/ros2-coding/install/ros2_control_cmake:/workspaces/ros2-coding/install/range_sensor_broadcaster:/workspaces/ros2-coding/install/position_controllers:/workspaces/ros2-coding/install/pose_broadcaster:/workspaces/ros2-coding/install/pid_controller:/workspaces/ros2-coding/install/parallel_gripper_controller:/workspaces/ros2-coding/install/omni_wheel_drive_controller:/workspaces/ros2-coding/install/mecanum_drive_controller:/workspaces/ros2-coding/install/joint_trajectory_controller:/workspaces/ros2-coding/install/joint_state_topic_hardware_interface:/workspaces/ros2-coding/install/joint_state_broadcaster:/workspaces/ros2-coding/install/imu_sensor_broadcaster:/workspaces/ros2-coding/install/gripper_controllers:/workspaces/ros2-coding/install/gps_sensor_broadcaster:/workspaces/ros2-coding/install/gpio_controllers:/workspaces/ros2-coding/install/effort_controllers:/workspaces/ros2-coding/install/forward_command_controller:/workspaces/ros2-coding/install/force_torque_sensor_broadcaster:/workspaces/ros2-coding/install/diff_drive_controller:/workspaces/ros2-coding/install/chained_filter_controller:/workspaces/ros2-coding/install/admittance_controller:/workspaces/ros2-coding/install/controller_interface:/workspaces/ros2-coding/install/hardware_interface:/workspaces/ros2-coding/install/joint_limits:/workspaces/ros2-coding/install/control_toolbox:/workspaces/ros2-coding/install/realtime_tools:/workspaces/ros2-coding/install/moveit_resources_panda_description:/workspaces/ros2-coding/install/moveit_nao_config:/workspaces/ros2-coding/install/kinematics_interface_kdl:/workspaces/ros2-coding/install/kinematics_interface:/workspaces/ros2-coding/install/iw_hub_navigation:/workspaces/ros2-coding/install/isaacsim:/workspaces/ros2-coding/install/isaac_tutorials:/workspaces/ros2-coding/install/isaac_ros2_messages:/workspaces/ros2-coding/install/isaac_moveit:/workspaces/ros2-coding/install/human_interfaces:/workspaces/ros2-coding/install/h1_fullbody_controller:/workspaces/ros2-coding/install/gz_ros2_control_tests:/workspaces/ros2-coding/install/diff_drive_mover:/workspaces/ros2-coding/install/custom_message:/workspaces/ros2-coding/install/controller_manager_msgs:/workspaces/ros2-coding/install/control_msgs:/workspaces/ros2-coding/install/cmdvel_to_ackermann:/workspaces/ros2-coding/install/carter_navigation:/opt/ros/jazzy/opt/gz_sim_vendor:/opt/ros/jazzy/opt/gz_sensors_vendor:/opt/ros/jazzy/opt/gz_physics_vendor:/opt/ros/jazzy/opt/sdformat_vendor:/opt/ros/jazzy/opt/gz_gui_vendor:/opt/ros/jazzy/opt/gz_transport_vendor:/opt/ros/jazzy/opt/gz_rendering_vendor:/opt/ros/jazzy/opt/gz_plugin_vendor:/opt/ros/jazzy/opt/gz_fuel_tools_vendor:/opt/ros/jazzy/opt/gz_msgs_vendor:/opt/ros/jazzy/opt/gz_common_vendor:/opt/ros/jazzy/opt/gz_math_vendor:/opt/ros/jazzy/opt/gz_utils_vendor:/opt/ros/jazzy/opt/gz_tools_vendor:/opt/ros/jazzy/opt/gz_ogre_next_vendor:/opt/ros/jazzy/opt/gz_dartsim_vendor:/opt/ros/jazzy/opt/gz_cmake_vendor:/workspaces/ros2-coding/install/rqt_joint_trajectory_controller:/workspaces/ros2-coding/install/rqt_controller_manager:/workspaces/ros2-coding/install/ros2controlcli:/workspaces/ros2-coding/install/ros2_controllers_test_nodes:/workspaces/ros2-coding/install/my_turtlesim:/workspaces/ros2-coding/install/issac_sim:/workspaces/ros2-coding/install/isaac_ros_navigation_goal:/workspaces/ros2-coding/install/human_controller:/opt/ros/jazzy GZ_SIM_PLUGIN_PATH=/workspaces/ros2-coding/install/ros_gz_example_gazebo/lib/ros_gz_example_gazebo GZ_SIM_RESOURCE_PATH=/workspaces/ros2-coding/install/ros_gz_example_description/share/ros_gz_example_description/models:${GZ_SIM_RESOURCE_PATH} VIRTUAL_ENV_PROMPT=(.venv) /usr/bin/cmake /workspaces/ros2-coding/turtlesim_ws/src/ros_gz_example_bringup -DAMENT_CMAKE_SYMLINK_INSTALL=1 -DCMAKE_INSTALL_PREFIX=/workspaces/ros2-coding/install/ros_gz_example_bringup
[31.162s] DEBUG:colcon.colcon_core.event_handler.log_command:Invoking command in '/workspaces/ros2-coding/build/ros_gz_example_bringup': CMAKE_PREFIX_PATH=/workspaces/ros2-coding/install/ros_gz_example_gazebo:/workspaces/ros2-coding/install/ros_gz_example_description:/workspaces/ros2-coding/install/nao_gz_control:/workspaces/ros2-coding/install/ros2_controllers:/workspaces/ros2-coding/install/ros2_control_demos:/workspaces/ros2-coding/install/ros2_control_demo_example_3:/workspaces/ros2-coding/install/gz_ros2_control_demos:/workspaces/ros2-coding/install/velocity_controllers:/workspaces/ros2-coding/install/tricycle_steering_controller:/workspaces/ros2-coding/install/tricycle_controller:/workspaces/ros2-coding/install/ros2_control_demo_example_8:/workspaces/ros2-coding/install/ros2_control:/workspaces/ros2-coding/install/transmission_interface:/workspaces/ros2-coding/install/ros2_control_demo_example_11:/workspaces/ros2-coding/install/bicycle_steering_controller:/workspaces/ros2-coding/install/ackermann_steering_controller:/workspaces/ros2-coding/install/steering_controllers_library:/workspaces/ros2-coding/install/ros2_control_demo_example_17:/workspaces/ros2-coding/install/ros2_control_demo_example_15:/workspaces/ros2-coding/install/ros2_control_demo_example_1:/workspaces/ros2-coding/install/ros_gz_example_bringup:/workspaces/ros2-coding/install/ros_gz_example_application:/workspaces/ros2-coding/install/ros2_control_demo_example_9:/workspaces/ros2-coding/install/ros2_control_demo_example_7:/workspaces/ros2-coding/install/ros2_control_demo_example_6:/workspaces/ros2-coding/install/ros2_control_demo_example_13:/workspaces/ros2-coding/install/ros2_control_demo_example_5:/workspaces/ros2-coding/install/ros2_control_demo_example_4:/workspaces/ros2-coding/install/ros2_control_demo_example_2:/workspaces/ros2-coding/install/ros2_control_demo_example_16:/workspaces/ros2-coding/install/ros2_control_demo_example_14:/workspaces/ros2-coding/install/ros2_control_demo_example_12:/workspaces/ros2-coding/install/ros2_control_demo_example_10:/workspaces/ros2-coding/install/hardware_interface_testing:/workspaces/ros2-coding/install/gz_ros2_control:/workspaces/ros2-coding/install/controller_manager:/workspaces/ros2-coding/install/ros2_control_test_assets:/workspaces/ros2-coding/install/ros2_control_demo_description:/workspaces/ros2-coding/install/ros2_control_cmake:/workspaces/ros2-coding/install/range_sensor_broadcaster:/workspaces/ros2-coding/install/position_controllers:/workspaces/ros2-coding/install/pose_broadcaster:/workspaces/ros2-coding/install/pid_controller:/workspaces/ros2-coding/install/parallel_gripper_controller:/workspaces/ros2-coding/install/omni_wheel_drive_controller:/workspaces/ros2-coding/install/mecanum_drive_controller:/workspaces/ros2-coding/install/joint_trajectory_controller:/workspaces/ros2-coding/install/joint_state_topic_hardware_interface:/workspaces/ros2-coding/install/joint_state_broadcaster:/workspaces/ros2-coding/install/imu_sensor_broadcaster:/workspaces/ros2-coding/install/gripper_controllers:/workspaces/ros2-coding/install/gps_sensor_broadcaster:/workspaces/ros2-coding/install/gpio_controllers:/workspaces/ros2-coding/install/effort_controllers:/workspaces/ros2-coding/install/forward_command_controller:/workspaces/ros2-coding/install/force_torque_sensor_broadcaster:/workspaces/ros2-coding/install/diff_drive_controller:/workspaces/ros2-coding/install/chained_filter_controller:/workspaces/ros2-coding/install/admittance_controller:/workspaces/ros2-coding/install/controller_interface:/workspaces/ros2-coding/install/hardware_interface:/workspaces/ros2-coding/install/joint_limits:/workspaces/ros2-coding/install/control_toolbox:/workspaces/ros2-coding/install/realtime_tools:/workspaces/ros2-coding/install/moveit_resources_panda_description:/workspaces/ros2-coding/install/moveit_nao_config:/workspaces/ros2-coding/install/kinematics_interface_kdl:/workspaces/ros2-coding/install/kinematics_interface:/workspaces/ros2-coding/install/iw_hub_navigation:/workspaces/ros2-coding/install/isaacsim:/workspaces/ros2-coding/install/isaac_tutorials:/workspaces/ros2-coding/install/isaac_ros2_messages:/workspaces/ros2-coding/install/isaac_moveit:/workspaces/ros2-coding/install/human_interfaces:/workspaces/ros2-coding/install/h1_fullbody_controller:/workspaces/ros2-coding/install/gz_ros2_control_tests:/workspaces/ros2-coding/install/diff_drive_mover:/workspaces/ros2-coding/install/custom_message:/workspaces/ros2-coding/install/controller_manager_msgs:/workspaces/ros2-coding/install/control_msgs:/workspaces/ros2-coding/install/cmdvel_to_ackermann:/workspaces/ros2-coding/install/carter_navigation:/opt/ros/jazzy/opt/gz_sim_vendor:/opt/ros/jazzy/opt/gz_sensors_vendor:/opt/ros/jazzy/opt/gz_physics_vendor:/opt/ros/jazzy/opt/sdformat_vendor:/opt/ros/jazzy/opt/gz_gui_vendor:/opt/ros/jazzy/opt/gz_transport_vendor:/opt/ros/jazzy/opt/gz_rendering_vendor:/opt/ros/jazzy/opt/gz_plugin_vendor:/opt/ros/jazzy/opt/gz_fuel_tools_vendor:/opt/ros/jazzy/opt/gz_msgs_vendor:/opt/ros/jazzy/opt/gz_common_vendor:/opt/ros/jazzy/opt/gz_math_vendor:/opt/ros/jazzy/opt/gz_utils_vendor:/opt/ros/jazzy/opt/gz_tools_vendor:/opt/ros/jazzy/opt/gz_ogre_next_vendor:/opt/ros/jazzy/opt/gz_dartsim_vendor:/opt/ros/jazzy/opt/gz_cmake_vendor:/workspaces/ros2-coding/install/rqt_joint_trajectory_controller:/workspaces/ros2-coding/install/rqt_controller_manager:/workspaces/ros2-coding/install/ros2controlcli:/workspaces/ros2-coding/install/ros2_controllers_test_nodes:/workspaces/ros2-coding/install/my_turtlesim:/workspaces/ros2-coding/install/issac_sim:/workspaces/ros2-coding/install/isaac_ros_navigation_goal:/workspaces/ros2-coding/install/human_controller:/opt/ros/jazzy GZ_SIM_PLUGIN_PATH=/workspaces/ros2-coding/install/ros_gz_example_gazebo/lib/ros_gz_example_gazebo GZ_SIM_RESOURCE_PATH=/workspaces/ros2-coding/install/ros_gz_example_description/share/ros_gz_example_description/models:${GZ_SIM_RESOURCE_PATH} VIRTUAL_ENV_PROMPT=(.venv) /usr/bin/cmake --build /workspaces/ros2-coding/build/ros_gz_example_bringup -- -j4 -l4
[31.310s] DEBUG:colcon.colcon_core.event_handler.log_command:Invoked command in '/workspaces/ros2-coding/build/ros_gz_example_bringup' returned '0': CMAKE_PREFIX_PATH=/workspaces/ros2-coding/install/ros_gz_example_gazebo:/workspaces/ros2-coding/install/ros_gz_example_description:/workspaces/ros2-coding/install/nao_gz_control:/workspaces/ros2-coding/install/ros2_controllers:/workspaces/ros2-coding/install/ros2_control_demos:/workspaces/ros2-coding/install/ros2_control_demo_example_3:/workspaces/ros2-coding/install/gz_ros2_control_demos:/workspaces/ros2-coding/install/velocity_controllers:/workspaces/ros2-coding/install/tricycle_steering_controller:/workspaces/ros2-coding/install/tricycle_controller:/workspaces/ros2-coding/install/ros2_control_demo_example_8:/workspaces/ros2-coding/install/ros2_control:/workspaces/ros2-coding/install/transmission_interface:/workspaces/ros2-coding/install/ros2_control_demo_example_11:/workspaces/ros2-coding/install/bicycle_steering_controller:/workspaces/ros2-coding/install/ackermann_steering_controller:/workspaces/ros2-coding/install/steering_controllers_library:/workspaces/ros2-coding/install/ros2_control_demo_example_17:/workspaces/ros2-coding/install/ros2_control_demo_example_15:/workspaces/ros2-coding/install/ros2_control_demo_example_1:/workspaces/ros2-coding/install/ros_gz_example_bringup:/workspaces/ros2-coding/install/ros_gz_example_application:/workspaces/ros2-coding/install/ros2_control_demo_example_9:/workspaces/ros2-coding/install/ros2_control_demo_example_7:/workspaces/ros2-coding/install/ros2_control_demo_example_6:/workspaces/ros2-coding/install/ros2_control_demo_example_13:/workspaces/ros2-coding/install/ros2_control_demo_example_5:/workspaces/ros2-coding/install/ros2_control_demo_example_4:/workspaces/ros2-coding/install/ros2_control_demo_example_2:/workspaces/ros2-coding/install/ros2_control_demo_example_16:/workspaces/ros2-coding/install/ros2_control_demo_example_14:/workspaces/ros2-coding/install/ros2_control_demo_example_12:/workspaces/ros2-coding/install/ros2_control_demo_example_10:/workspaces/ros2-coding/install/hardware_interface_testing:/workspaces/ros2-coding/install/gz_ros2_control:/workspaces/ros2-coding/install/controller_manager:/workspaces/ros2-coding/install/ros2_control_test_assets:/workspaces/ros2-coding/install/ros2_control_demo_description:/workspaces/ros2-coding/install/ros2_control_cmake:/workspaces/ros2-coding/install/range_sensor_broadcaster:/workspaces/ros2-coding/install/position_controllers:/workspaces/ros2-coding/install/pose_broadcaster:/workspaces/ros2-coding/install/pid_controller:/workspaces/ros2-coding/install/parallel_gripper_controller:/workspaces/ros2-coding/install/omni_wheel_drive_controller:/workspaces/ros2-coding/install/mecanum_drive_controller:/workspaces/ros2-coding/install/joint_trajectory_controller:/workspaces/ros2-coding/install/joint_state_topic_hardware_interface:/workspaces/ros2-coding/install/joint_state_broadcaster:/workspaces/ros2-coding/install/imu_sensor_broadcaster:/workspaces/ros2-coding/install/gripper_controllers:/workspaces/ros2-coding/install/gps_sensor_broadcaster:/workspaces/ros2-coding/install/gpio_controllers:/workspaces/ros2-coding/install/effort_controllers:/workspaces/ros2-coding/install/forward_command_controller:/workspaces/ros2-coding/install/force_torque_sensor_broadcaster:/workspaces/ros2-coding/install/diff_drive_controller:/workspaces/ros2-coding/install/chained_filter_controller:/workspaces/ros2-coding/install/admittance_controller:/workspaces/ros2-coding/install/controller_interface:/workspaces/ros2-coding/install/hardware_interface:/workspaces/ros2-coding/install/joint_limits:/workspaces/ros2-coding/install/control_toolbox:/workspaces/ros2-coding/install/realtime_tools:/workspaces/ros2-coding/install/moveit_resources_panda_description:/workspaces/ros2-coding/install/moveit_nao_config:/workspaces/ros2-coding/install/kinematics_interface_kdl:/workspaces/ros2-coding/install/kinematics_interface:/workspaces/ros2-coding/install/iw_hub_navigation:/workspaces/ros2-coding/install/isaacsim:/workspaces/ros2-coding/install/isaac_tutorials:/workspaces/ros2-coding/install/isaac_ros2_messages:/workspaces/ros2-coding/install/isaac_moveit:/workspaces/ros2-coding/install/human_interfaces:/workspaces/ros2-coding/install/h1_fullbody_controller:/workspaces/ros2-coding/install/gz_ros2_control_tests:/workspaces/ros2-coding/install/diff_drive_mover:/workspaces/ros2-coding/install/custom_message:/workspaces/ros2-coding/install/controller_manager_msgs:/workspaces/ros2-coding/install/control_msgs:/workspaces/ros2-coding/install/cmdvel_to_ackermann:/workspaces/ros2-coding/install/carter_navigation:/opt/ros/jazzy/opt/gz_sim_vendor:/opt/ros/jazzy/opt/gz_sensors_vendor:/opt/ros/jazzy/opt/gz_physics_vendor:/opt/ros/jazzy/opt/sdformat_vendor:/opt/ros/jazzy/opt/gz_gui_vendor:/opt/ros/jazzy/opt/gz_transport_vendor:/opt/ros/jazzy/opt/gz_rendering_vendor:/opt/ros/jazzy/opt/gz_plugin_vendor:/opt/ros/jazzy/opt/gz_fuel_tools_vendor:/opt/ros/jazzy/opt/gz_msgs_vendor:/opt/ros/jazzy/opt/gz_common_vendor:/opt/ros/jazzy/opt/gz_math_vendor:/opt/ros/jazzy/opt/gz_utils_vendor:/opt/ros/jazzy/opt/gz_tools_vendor:/opt/ros/jazzy/opt/gz_ogre_next_vendor:/opt/ros/jazzy/opt/gz_dartsim_vendor:/opt/ros/jazzy/opt/gz_cmake_vendor:/workspaces/ros2-coding/install/rqt_joint_trajectory_controller:/workspaces/ros2-coding/install/rqt_controller_manager:/workspaces/ros2-coding/install/ros2controlcli:/workspaces/ros2-coding/install/ros2_controllers_test_nodes:/workspaces/ros2-coding/install/my_turtlesim:/workspaces/ros2-coding/install/issac_sim:/workspaces/ros2-coding/install/isaac_ros_navigation_goal:/workspaces/ros2-coding/install/human_controller:/opt/ros/jazzy GZ_SIM_PLUGIN_PATH=/workspaces/ros2-coding/install/ros_gz_example_gazebo/lib/ros_gz_example_gazebo GZ_SIM_RESOURCE_PATH=/workspaces/ros2-coding/install/ros_gz_example_description/share/ros_gz_example_description/models:${GZ_SIM_RESOURCE_PATH} VIRTUAL_ENV_PROMPT=(.venv) /usr/bin/cmake --build /workspaces/ros2-coding/build/ros_gz_example_bringup -- -j4 -l4
[31.314s] DEBUG:colcon.colcon_core.event_handler.log_command:Invoking command in '/workspaces/ros2-coding/build/ros_gz_example_bringup': CMAKE_PREFIX_PATH=/workspaces/ros2-coding/install/ros_gz_example_gazebo:/workspaces/ros2-coding/install/ros_gz_example_description:/workspaces/ros2-coding/install/nao_gz_control:/workspaces/ros2-coding/install/ros2_controllers:/workspaces/ros2-coding/install/ros2_control_demos:/workspaces/ros2-coding/install/ros2_control_demo_example_3:/workspaces/ros2-coding/install/gz_ros2_control_demos:/workspaces/ros2-coding/install/velocity_controllers:/workspaces/ros2-coding/install/tricycle_steering_controller:/workspaces/ros2-coding/install/tricycle_controller:/workspaces/ros2-coding/install/ros2_control_demo_example_8:/workspaces/ros2-coding/install/ros2_control:/workspaces/ros2-coding/install/transmission_interface:/workspaces/ros2-coding/install/ros2_control_demo_example_11:/workspaces/ros2-coding/install/bicycle_steering_controller:/workspaces/ros2-coding/install/ackermann_steering_controller:/workspaces/ros2-coding/install/steering_controllers_library:/workspaces/ros2-coding/install/ros2_control_demo_example_17:/workspaces/ros2-coding/install/ros2_control_demo_example_15:/workspaces/ros2-coding/install/ros2_control_demo_example_1:/workspaces/ros2-coding/install/ros_gz_example_bringup:/workspaces/ros2-coding/install/ros_gz_example_application:/workspaces/ros2-coding/install/ros2_control_demo_example_9:/workspaces/ros2-coding/install/ros2_control_demo_example_7:/workspaces/ros2-coding/install/ros2_control_demo_example_6:/workspaces/ros2-coding/install/ros2_control_demo_example_13:/workspaces/ros2-coding/install/ros2_control_demo_example_5:/workspaces/ros2-coding/install/ros2_control_demo_example_4:/workspaces/ros2-coding/install/ros2_control_demo_example_2:/workspaces/ros2-coding/install/ros2_control_demo_example_16:/workspaces/ros2-coding/install/ros2_control_demo_example_14:/workspaces/ros2-coding/install/ros2_control_demo_example_12:/workspaces/ros2-coding/install/ros2_control_demo_example_10:/workspaces/ros2-coding/install/hardware_interface_testing:/workspaces/ros2-coding/install/gz_ros2_control:/workspaces/ros2-coding/install/controller_manager:/workspaces/ros2-coding/install/ros2_control_test_assets:/workspaces/ros2-coding/install/ros2_control_demo_description:/workspaces/ros2-coding/install/ros2_control_cmake:/workspaces/ros2-coding/install/range_sensor_broadcaster:/workspaces/ros2-coding/install/position_controllers:/workspaces/ros2-coding/install/pose_broadcaster:/workspaces/ros2-coding/install/pid_controller:/workspaces/ros2-coding/install/parallel_gripper_controller:/workspaces/ros2-coding/install/omni_wheel_drive_controller:/workspaces/ros2-coding/install/mecanum_drive_controller:/workspaces/ros2-coding/install/joint_trajectory_controller:/workspaces/ros2-coding/install/joint_state_topic_hardware_interface:/workspaces/ros2-coding/install/joint_state_broadcaster:/workspaces/ros2-coding/install/imu_sensor_broadcaster:/workspaces/ros2-coding/install/gripper_controllers:/workspaces/ros2-coding/install/gps_sensor_broadcaster:/workspaces/ros2-coding/install/gpio_controllers:/workspaces/ros2-coding/install/effort_controllers:/workspaces/ros2-coding/install/forward_command_controller:/workspaces/ros2-coding/install/force_torque_sensor_broadcaster:/workspaces/ros2-coding/install/diff_drive_controller:/workspaces/ros2-coding/install/chained_filter_controller:/workspaces/ros2-coding/install/admittance_controller:/workspaces/ros2-coding/install/controller_interface:/workspaces/ros2-coding/install/hardware_interface:/workspaces/ros2-coding/install/joint_limits:/workspaces/ros2-coding/install/control_toolbox:/workspaces/ros2-coding/install/realtime_tools:/workspaces/ros2-coding/install/moveit_resources_panda_description:/workspaces/ros2-coding/install/moveit_nao_config:/workspaces/ros2-coding/install/kinematics_interface_kdl:/workspaces/ros2-coding/install/kinematics_interface:/workspaces/ros2-coding/install/iw_hub_navigation:/workspaces/ros2-coding/install/isaacsim:/workspaces/ros2-coding/install/isaac_tutorials:/workspaces/ros2-coding/install/isaac_ros2_messages:/workspaces/ros2-coding/install/isaac_moveit:/workspaces/ros2-coding/install/human_interfaces:/workspaces/ros2-coding/install/h1_fullbody_controller:/workspaces/ros2-coding/install/gz_ros2_control_tests:/workspaces/ros2-coding/install/diff_drive_mover:/workspaces/ros2-coding/install/custom_message:/workspaces/ros2-coding/install/controller_manager_msgs:/workspaces/ros2-coding/install/control_msgs:/workspaces/ros2-coding/install/cmdvel_to_ackermann:/workspaces/ros2-coding/install/carter_navigation:/opt/ros/jazzy/opt/gz_sim_vendor:/opt/ros/jazzy/opt/gz_sensors_vendor:/opt/ros/jazzy/opt/gz_physics_vendor:/opt/ros/jazzy/opt/sdformat_vendor:/opt/ros/jazzy/opt/gz_gui_vendor:/opt/ros/jazzy/opt/gz_transport_vendor:/opt/ros/jazzy/opt/gz_rendering_vendor:/opt/ros/jazzy/opt/gz_plugin_vendor:/opt/ros/jazzy/opt/gz_fuel_tools_vendor:/opt/ros/jazzy/opt/gz_msgs_vendor:/opt/ros/jazzy/opt/gz_common_vendor:/opt/ros/jazzy/opt/gz_math_vendor:/opt/ros/jazzy/opt/gz_utils_vendor:/opt/ros/jazzy/opt/gz_tools_vendor:/opt/ros/jazzy/opt/gz_ogre_next_vendor:/opt/ros/jazzy/opt/gz_dartsim_vendor:/opt/ros/jazzy/opt/gz_cmake_vendor:/workspaces/ros2-coding/install/rqt_joint_trajectory_controller:/workspaces/ros2-coding/install/rqt_controller_manager:/workspaces/ros2-coding/install/ros2controlcli:/workspaces/ros2-coding/install/ros2_controllers_test_nodes:/workspaces/ros2-coding/install/my_turtlesim:/workspaces/ros2-coding/install/issac_sim:/workspaces/ros2-coding/install/isaac_ros_navigation_goal:/workspaces/ros2-coding/install/human_controller:/opt/ros/jazzy GZ_SIM_PLUGIN_PATH=/workspaces/ros2-coding/install/ros_gz_example_gazebo/lib/ros_gz_example_gazebo GZ_SIM_RESOURCE_PATH=/workspaces/ros2-coding/install/ros_gz_example_description/share/ros_gz_example_description/models:${GZ_SIM_RESOURCE_PATH} VIRTUAL_ENV_PROMPT=(.venv) /usr/bin/cmake --install /workspaces/ros2-coding/build/ros_gz_example_bringup
[31.408s] Level 1:colcon.colcon_core.environment:create_environment_scripts_only(ros_gz_example_bringup)
[31.409s] Level 1:colcon.colcon_core.environment:checking '/workspaces/ros2-coding/install/ros_gz_example_bringup' for CMake module files
[31.412s] Level 1:colcon.colcon_core.environment:checking '/workspaces/ros2-coding/install/ros_gz_example_bringup' for CMake config files
[31.413s] Level 1:colcon.colcon_core.shell:create_environment_hook('ros_gz_example_bringup', 'cmake_prefix_path')
[31.413s] DEBUG:colcon.colcon_core.event_handler.log_command:Invoked command in '/workspaces/ros2-coding/build/ros_gz_example_bringup' returned '0': CMAKE_PREFIX_PATH=/workspaces/ros2-coding/install/ros_gz_example_gazebo:/workspaces/ros2-coding/install/ros_gz_example_description:/workspaces/ros2-coding/install/nao_gz_control:/workspaces/ros2-coding/install/ros2_controllers:/workspaces/ros2-coding/install/ros2_control_demos:/workspaces/ros2-coding/install/ros2_control_demo_example_3:/workspaces/ros2-coding/install/gz_ros2_control_demos:/workspaces/ros2-coding/install/velocity_controllers:/workspaces/ros2-coding/install/tricycle_steering_controller:/workspaces/ros2-coding/install/tricycle_controller:/workspaces/ros2-coding/install/ros2_control_demo_example_8:/workspaces/ros2-coding/install/ros2_control:/workspaces/ros2-coding/install/transmission_interface:/workspaces/ros2-coding/install/ros2_control_demo_example_11:/workspaces/ros2-coding/install/bicycle_steering_controller:/workspaces/ros2-coding/install/ackermann_steering_controller:/workspaces/ros2-coding/install/steering_controllers_library:/workspaces/ros2-coding/install/ros2_control_demo_example_17:/workspaces/ros2-coding/install/ros2_control_demo_example_15:/workspaces/ros2-coding/install/ros2_control_demo_example_1:/workspaces/ros2-coding/install/ros_gz_example_bringup:/workspaces/ros2-coding/install/ros_gz_example_application:/workspaces/ros2-coding/install/ros2_control_demo_example_9:/workspaces/ros2-coding/install/ros2_control_demo_example_7:/workspaces/ros2-coding/install/ros2_control_demo_example_6:/workspaces/ros2-coding/install/ros2_control_demo_example_13:/workspaces/ros2-coding/install/ros2_control_demo_example_5:/workspaces/ros2-coding/install/ros2_control_demo_example_4:/workspaces/ros2-coding/install/ros2_control_demo_example_2:/workspaces/ros2-coding/install/ros2_control_demo_example_16:/workspaces/ros2-coding/install/ros2_control_demo_example_14:/workspaces/ros2-coding/install/ros2_control_demo_example_12:/workspaces/ros2-coding/install/ros2_control_demo_example_10:/workspaces/ros2-coding/install/hardware_interface_testing:/workspaces/ros2-coding/install/gz_ros2_control:/workspaces/ros2-coding/install/controller_manager:/workspaces/ros2-coding/install/ros2_control_test_assets:/workspaces/ros2-coding/install/ros2_control_demo_description:/workspaces/ros2-coding/install/ros2_control_cmake:/workspaces/ros2-coding/install/range_sensor_broadcaster:/workspaces/ros2-coding/install/position_controllers:/workspaces/ros2-coding/install/pose_broadcaster:/workspaces/ros2-coding/install/pid_controller:/workspaces/ros2-coding/install/parallel_gripper_controller:/workspaces/ros2-coding/install/omni_wheel_drive_controller:/workspaces/ros2-coding/install/mecanum_drive_controller:/workspaces/ros2-coding/install/joint_trajectory_controller:/workspaces/ros2-coding/install/joint_state_topic_hardware_interface:/workspaces/ros2-coding/install/joint_state_broadcaster:/workspaces/ros2-coding/install/imu_sensor_broadcaster:/workspaces/ros2-coding/install/gripper_controllers:/workspaces/ros2-coding/install/gps_sensor_broadcaster:/workspaces/ros2-coding/install/gpio_controllers:/workspaces/ros2-coding/install/effort_controllers:/workspaces/ros2-coding/install/forward_command_controller:/workspaces/ros2-coding/install/force_torque_sensor_broadcaster:/workspaces/ros2-coding/install/diff_drive_controller:/workspaces/ros2-coding/install/chained_filter_controller:/workspaces/ros2-coding/install/admittance_controller:/workspaces/ros2-coding/install/controller_interface:/workspaces/ros2-coding/install/hardware_interface:/workspaces/ros2-coding/install/joint_limits:/workspaces/ros2-coding/install/control_toolbox:/workspaces/ros2-coding/install/realtime_tools:/workspaces/ros2-coding/install/moveit_resources_panda_description:/workspaces/ros2-coding/install/moveit_nao_config:/workspaces/ros2-coding/install/kinematics_interface_kdl:/workspaces/ros2-coding/install/kinematics_interface:/workspaces/ros2-coding/install/iw_hub_navigation:/workspaces/ros2-coding/install/isaacsim:/workspaces/ros2-coding/install/isaac_tutorials:/workspaces/ros2-coding/install/isaac_ros2_messages:/workspaces/ros2-coding/install/isaac_moveit:/workspaces/ros2-coding/install/human_interfaces:/workspaces/ros2-coding/install/h1_fullbody_controller:/workspaces/ros2-coding/install/gz_ros2_control_tests:/workspaces/ros2-coding/install/diff_drive_mover:/workspaces/ros2-coding/install/custom_message:/workspaces/ros2-coding/install/controller_manager_msgs:/workspaces/ros2-coding/install/control_msgs:/workspaces/ros2-coding/install/cmdvel_to_ackermann:/workspaces/ros2-coding/install/carter_navigation:/opt/ros/jazzy/opt/gz_sim_vendor:/opt/ros/jazzy/opt/gz_sensors_vendor:/opt/ros/jazzy/opt/gz_physics_vendor:/opt/ros/jazzy/opt/sdformat_vendor:/opt/ros/jazzy/opt/gz_gui_vendor:/opt/ros/jazzy/opt/gz_transport_vendor:/opt/ros/jazzy/opt/gz_rendering_vendor:/opt/ros/jazzy/opt/gz_plugin_vendor:/opt/ros/jazzy/opt/gz_fuel_tools_vendor:/opt/ros/jazzy/opt/gz_msgs_vendor:/opt/ros/jazzy/opt/gz_common_vendor:/opt/ros/jazzy/opt/gz_math_vendor:/opt/ros/jazzy/opt/gz_utils_vendor:/opt/ros/jazzy/opt/gz_tools_vendor:/opt/ros/jazzy/opt/gz_ogre_next_vendor:/opt/ros/jazzy/opt/gz_dartsim_vendor:/opt/ros/jazzy/opt/gz_cmake_vendor:/workspaces/ros2-coding/install/rqt_joint_trajectory_controller:/workspaces/ros2-coding/install/rqt_controller_manager:/workspaces/ros2-coding/install/ros2controlcli:/workspaces/ros2-coding/install/ros2_controllers_test_nodes:/workspaces/ros2-coding/install/my_turtlesim:/workspaces/ros2-coding/install/issac_sim:/workspaces/ros2-coding/install/isaac_ros_navigation_goal:/workspaces/ros2-coding/install/human_controller:/opt/ros/jazzy GZ_SIM_PLUGIN_PATH=/workspaces/ros2-coding/install/ros_gz_example_gazebo/lib/ros_gz_example_gazebo GZ_SIM_RESOURCE_PATH=/workspaces/ros2-coding/install/ros_gz_example_description/share/ros_gz_example_description/models:${GZ_SIM_RESOURCE_PATH} VIRTUAL_ENV_PROMPT=(.venv) /usr/bin/cmake --install /workspaces/ros2-coding/build/ros_gz_example_bringup
[31.414s] INFO:colcon.colcon_core.shell:Creating environment hook '/workspaces/ros2-coding/install/ros_gz_example_bringup/share/ros_gz_example_bringup/hook/cmake_prefix_path.ps1'
[31.416s] INFO:colcon.colcon_core.shell:Creating environment descriptor '/workspaces/ros2-coding/install/ros_gz_example_bringup/share/ros_gz_example_bringup/hook/cmake_prefix_path.dsv'
[31.419s] INFO:colcon.colcon_core.shell:Creating environment hook '/workspaces/ros2-coding/install/ros_gz_example_bringup/share/ros_gz_example_bringup/hook/cmake_prefix_path.sh'
[31.420s] Level 1:colcon.colcon_core.environment:checking '/workspaces/ros2-coding/install/ros_gz_example_bringup/bin'
[31.420s] Level 1:colcon.colcon_core.environment:checking '/workspaces/ros2-coding/install/ros_gz_example_bringup/lib/pkgconfig/ros_gz_example_bringup.pc'
[31.420s] Level 1:colcon.colcon_core.environment:checking '/workspaces/ros2-coding/install/ros_gz_example_bringup/lib/python3.12/site-packages'
[31.421s] Level 1:colcon.colcon_core.environment:checking '/workspaces/ros2-coding/install/ros_gz_example_bringup/bin'
[31.423s] INFO:colcon.colcon_core.shell:Creating package script '/workspaces/ros2-coding/install/ros_gz_example_bringup/share/ros_gz_example_bringup/package.ps1'
[31.423s] INFO:colcon.colcon_core.shell:Creating package descriptor '/workspaces/ros2-coding/install/ros_gz_example_bringup/share/ros_gz_example_bringup/package.dsv'
[31.424s] INFO:colcon.colcon_core.shell:Creating package script '/workspaces/ros2-coding/install/ros_gz_example_bringup/share/ros_gz_example_bringup/package.sh'
[31.427s] INFO:colcon.colcon_core.shell:Creating package script '/workspaces/ros2-coding/install/ros_gz_example_bringup/share/ros_gz_example_bringup/package.bash'
[31.427s] INFO:colcon.colcon_core.shell:Creating package script '/workspaces/ros2-coding/install/ros_gz_example_bringup/share/ros_gz_example_bringup/package.zsh'
[31.430s] Level 1:colcon.colcon_core.environment:create_file_with_runtime_dependencies(/workspaces/ros2-coding/install/ros_gz_example_bringup/share/colcon-core/packages/ros_gz_example_bringup)
[31.431s] Level 1:colcon.colcon_core.environment:create_environment_scripts_only(ros_gz_example_bringup)
[31.431s] Level 1:colcon.colcon_core.environment:checking '/workspaces/ros2-coding/install/ros_gz_example_bringup' for CMake module files
[31.432s] Level 1:colcon.colcon_core.environment:checking '/workspaces/ros2-coding/install/ros_gz_example_bringup' for CMake config files
[31.435s] Level 1:colcon.colcon_core.shell:create_environment_hook('ros_gz_example_bringup', 'cmake_prefix_path')
[31.436s] INFO:colcon.colcon_core.shell:Creating environment hook '/workspaces/ros2-coding/install/ros_gz_example_bringup/share/ros_gz_example_bringup/hook/cmake_prefix_path.ps1'
[31.438s] INFO:colcon.colcon_core.shell:Creating environment descriptor '/workspaces/ros2-coding/install/ros_gz_example_bringup/share/ros_gz_example_bringup/hook/cmake_prefix_path.dsv'
[31.441s] INFO:colcon.colcon_core.shell:Creating environment hook '/workspaces/ros2-coding/install/ros_gz_example_bringup/share/ros_gz_example_bringup/hook/cmake_prefix_path.sh'
[31.441s] Level 1:colcon.colcon_core.environment:checking '/workspaces/ros2-coding/install/ros_gz_example_bringup/bin'
[31.442s] Level 1:colcon.colcon_core.environment:checking '/workspaces/ros2-coding/install/ros_gz_example_bringup/lib/pkgconfig/ros_gz_example_bringup.pc'
[31.443s] Level 1:colcon.colcon_core.environment:checking '/workspaces/ros2-coding/install/ros_gz_example_bringup/lib/python3.12/site-packages'
[31.444s] Level 1:colcon.colcon_core.environment:checking '/workspaces/ros2-coding/install/ros_gz_example_bringup/bin'
[31.446s] INFO:colcon.colcon_core.shell:Creating package script '/workspaces/ros2-coding/install/ros_gz_example_bringup/share/ros_gz_example_bringup/package.ps1'
[31.447s] INFO:colcon.colcon_core.shell:Creating package descriptor '/workspaces/ros2-coding/install/ros_gz_example_bringup/share/ros_gz_example_bringup/package.dsv'
[31.448s] INFO:colcon.colcon_core.shell:Creating package script '/workspaces/ros2-coding/install/ros_gz_example_bringup/share/ros_gz_example_bringup/package.sh'
[31.450s] INFO:colcon.colcon_core.shell:Creating package script '/workspaces/ros2-coding/install/ros_gz_example_bringup/share/ros_gz_example_bringup/package.bash'
[31.452s] INFO:colcon.colcon_core.shell:Creating package script '/workspaces/ros2-coding/install/ros_gz_example_bringup/share/ros_gz_example_bringup/package.zsh'
[31.454s] Level 1:colcon.colcon_core.environment:create_file_with_runtime_dependencies(/workspaces/ros2-coding/install/ros_gz_example_bringup/share/colcon-core/packages/ros_gz_example_bringup)
[44.095s] DEBUG:colcon.colcon_core.event_handler.log_command:Invoked command in '/workspaces/ros2-coding/build/human_interfaces' returned '0': CMAKE_PREFIX_PATH=${CMAKE_PREFIX_PATH}:/workspaces/ros2-coding/install/rqt_joint_trajectory_controller:/workspaces/ros2-coding/install/rqt_controller_manager:/workspaces/ros2-coding/install/ros2controlcli:/workspaces/ros2-coding/install/ros2_controllers_test_nodes:/workspaces/ros2-coding/install/my_turtlesim:/workspaces/ros2-coding/install/issac_sim:/workspaces/ros2-coding/install/isaac_ros_navigation_goal:/workspaces/ros2-coding/install/human_controller:/opt/ros/jazzy VIRTUAL_ENV_PROMPT=(.venv) /usr/bin/cmake --build /workspaces/ros2-coding/build/human_interfaces -- -j4 -l4
[44.097s] DEBUG:colcon.colcon_core.event_handler.log_command:Invoking command in '/workspaces/ros2-coding/build/human_interfaces': CMAKE_PREFIX_PATH=${CMAKE_PREFIX_PATH}:/workspaces/ros2-coding/install/rqt_joint_trajectory_controller:/workspaces/ros2-coding/install/rqt_controller_manager:/workspaces/ros2-coding/install/ros2controlcli:/workspaces/ros2-coding/install/ros2_controllers_test_nodes:/workspaces/ros2-coding/install/my_turtlesim:/workspaces/ros2-coding/install/issac_sim:/workspaces/ros2-coding/install/isaac_ros_navigation_goal:/workspaces/ros2-coding/install/human_controller:/opt/ros/jazzy VIRTUAL_ENV_PROMPT=(.venv) /usr/bin/cmake --install /workspaces/ros2-coding/build/human_interfaces
[44.275s] Level 1:colcon.colcon_core.environment:create_environment_scripts_only(human_interfaces)
[44.276s] Level 1:colcon.colcon_core.environment:checking '/workspaces/ros2-coding/install/human_interfaces' for CMake module files
[44.276s] DEBUG:colcon.colcon_core.event_handler.log_command:Invoked command in '/workspaces/ros2-coding/build/human_interfaces' returned '0': CMAKE_PREFIX_PATH=${CMAKE_PREFIX_PATH}:/workspaces/ros2-coding/install/rqt_joint_trajectory_controller:/workspaces/ros2-coding/install/rqt_controller_manager:/workspaces/ros2-coding/install/ros2controlcli:/workspaces/ros2-coding/install/ros2_controllers_test_nodes:/workspaces/ros2-coding/install/my_turtlesim:/workspaces/ros2-coding/install/issac_sim:/workspaces/ros2-coding/install/isaac_ros_navigation_goal:/workspaces/ros2-coding/install/human_controller:/opt/ros/jazzy VIRTUAL_ENV_PROMPT=(.venv) /usr/bin/cmake --install /workspaces/ros2-coding/build/human_interfaces
[44.277s] Level 1:colcon.colcon_core.environment:checking '/workspaces/ros2-coding/install/human_interfaces' for CMake config files
[44.278s] Level 1:colcon.colcon_core.shell:create_environment_hook('human_interfaces', 'cmake_prefix_path')
[44.278s] INFO:colcon.colcon_core.shell:Creating environment hook '/workspaces/ros2-coding/install/human_interfaces/share/human_interfaces/hook/cmake_prefix_path.ps1'
[44.279s] INFO:colcon.colcon_core.shell:Creating environment descriptor '/workspaces/ros2-coding/install/human_interfaces/share/human_interfaces/hook/cmake_prefix_path.dsv'
[44.280s] INFO:colcon.colcon_core.shell:Creating environment hook '/workspaces/ros2-coding/install/human_interfaces/share/human_interfaces/hook/cmake_prefix_path.sh'
[44.280s] Level 1:colcon.colcon_core.environment:checking '/workspaces/ros2-coding/install/human_interfaces/lib'
[44.281s] Level 1:colcon.colcon_core.shell:create_environment_hook('human_interfaces', 'ld_library_path_lib')
[44.281s] INFO:colcon.colcon_core.shell:Creating environment hook '/workspaces/ros2-coding/install/human_interfaces/share/human_interfaces/hook/ld_library_path_lib.ps1'
[44.281s] INFO:colcon.colcon_core.shell:Creating environment descriptor '/workspaces/ros2-coding/install/human_interfaces/share/human_interfaces/hook/ld_library_path_lib.dsv'
[44.282s] INFO:colcon.colcon_core.shell:Creating environment hook '/workspaces/ros2-coding/install/human_interfaces/share/human_interfaces/hook/ld_library_path_lib.sh'
[44.282s] Level 1:colcon.colcon_core.environment:checking '/workspaces/ros2-coding/install/human_interfaces/bin'
[44.282s] Level 1:colcon.colcon_core.environment:checking '/workspaces/ros2-coding/install/human_interfaces/lib/pkgconfig/human_interfaces.pc'
[44.283s] Level 1:colcon.colcon_core.environment:checking '/workspaces/ros2-coding/install/human_interfaces/lib/python3.12/site-packages'
[44.283s] Level 1:colcon.colcon_core.shell:create_environment_hook('human_interfaces', 'pythonpath')
[44.283s] INFO:colcon.colcon_core.shell:Creating environment hook '/workspaces/ros2-coding/install/human_interfaces/share/human_interfaces/hook/pythonpath.ps1'
[44.283s] INFO:colcon.colcon_core.shell:Creating environment descriptor '/workspaces/ros2-coding/install/human_interfaces/share/human_interfaces/hook/pythonpath.dsv'
[44.284s] INFO:colcon.colcon_core.shell:Creating environment hook '/workspaces/ros2-coding/install/human_interfaces/share/human_interfaces/hook/pythonpath.sh'
[44.285s] Level 1:colcon.colcon_core.environment:checking '/workspaces/ros2-coding/install/human_interfaces/bin'
[44.285s] INFO:colcon.colcon_core.shell:Creating package script '/workspaces/ros2-coding/install/human_interfaces/share/human_interfaces/package.ps1'
[44.285s] INFO:colcon.colcon_core.shell:Creating package descriptor '/workspaces/ros2-coding/install/human_interfaces/share/human_interfaces/package.dsv'
[44.286s] INFO:colcon.colcon_core.shell:Creating package script '/workspaces/ros2-coding/install/human_interfaces/share/human_interfaces/package.sh'
[44.286s] INFO:colcon.colcon_core.shell:Creating package script '/workspaces/ros2-coding/install/human_interfaces/share/human_interfaces/package.bash'
[44.287s] INFO:colcon.colcon_core.shell:Creating package script '/workspaces/ros2-coding/install/human_interfaces/share/human_interfaces/package.zsh'
[44.288s] Level 1:colcon.colcon_core.environment:create_file_with_runtime_dependencies(/workspaces/ros2-coding/install/human_interfaces/share/colcon-core/packages/human_interfaces)
[44.288s] Level 1:colcon.colcon_core.environment:create_environment_scripts_only(human_interfaces)
[44.288s] Level 1:colcon.colcon_core.environment:checking '/workspaces/ros2-coding/install/human_interfaces' for CMake module files
[44.289s] Level 1:colcon.colcon_core.environment:checking '/workspaces/ros2-coding/install/human_interfaces' for CMake config files
[44.290s] Level 1:colcon.colcon_core.shell:create_environment_hook('human_interfaces', 'cmake_prefix_path')
[44.290s] INFO:colcon.colcon_core.shell:Creating environment hook '/workspaces/ros2-coding/install/human_interfaces/share/human_interfaces/hook/cmake_prefix_path.ps1'
[44.291s] INFO:colcon.colcon_core.shell:Creating environment descriptor '/workspaces/ros2-coding/install/human_interfaces/share/human_interfaces/hook/cmake_prefix_path.dsv'
[44.291s] INFO:colcon.colcon_core.shell:Creating environment hook '/workspaces/ros2-coding/install/human_interfaces/share/human_interfaces/hook/cmake_prefix_path.sh'
[44.292s] Level 1:colcon.colcon_core.environment:checking '/workspaces/ros2-coding/install/human_interfaces/lib'
[44.292s] Level 1:colcon.colcon_core.shell:create_environment_hook('human_interfaces', 'ld_library_path_lib')
[44.292s] INFO:colcon.colcon_core.shell:Creating environment hook '/workspaces/ros2-coding/install/human_interfaces/share/human_interfaces/hook/ld_library_path_lib.ps1'
[44.293s] INFO:colcon.colcon_core.shell:Creating environment descriptor '/workspaces/ros2-coding/install/human_interfaces/share/human_interfaces/hook/ld_library_path_lib.dsv'
[44.293s] INFO:colcon.colcon_core.shell:Creating environment hook '/workspaces/ros2-coding/install/human_interfaces/share/human_interfaces/hook/ld_library_path_lib.sh'
[44.294s] Level 1:colcon.colcon_core.environment:checking '/workspaces/ros2-coding/install/human_interfaces/bin'
[44.294s] Level 1:colcon.colcon_core.environment:checking '/workspaces/ros2-coding/install/human_interfaces/lib/pkgconfig/human_interfaces.pc'
[44.294s] Level 1:colcon.colcon_core.environment:checking '/workspaces/ros2-coding/install/human_interfaces/lib/python3.12/site-packages'
[44.294s] Level 1:colcon.colcon_core.shell:create_environment_hook('human_interfaces', 'pythonpath')
[44.294s] INFO:colcon.colcon_core.shell:Creating environment hook '/workspaces/ros2-coding/install/human_interfaces/share/human_interfaces/hook/pythonpath.ps1'
[44.295s] INFO:colcon.colcon_core.shell:Creating environment descriptor '/workspaces/ros2-coding/install/human_interfaces/share/human_interfaces/hook/pythonpath.dsv'
[44.295s] INFO:colcon.colcon_core.shell:Creating environment hook '/workspaces/ros2-coding/install/human_interfaces/share/human_interfaces/hook/pythonpath.sh'
[44.296s] Level 1:colcon.colcon_core.environment:checking '/workspaces/ros2-coding/install/human_interfaces/bin'
[44.296s] INFO:colcon.colcon_core.shell:Creating package script '/workspaces/ros2-coding/install/human_interfaces/share/human_interfaces/package.ps1'
[44.297s] INFO:colcon.colcon_core.shell:Creating package descriptor '/workspaces/ros2-coding/install/human_interfaces/share/human_interfaces/package.dsv'
[44.298s] INFO:colcon.colcon_core.shell:Creating package script '/workspaces/ros2-coding/install/human_interfaces/share/human_interfaces/package.sh'
[44.299s] INFO:colcon.colcon_core.shell:Creating package script '/workspaces/ros2-coding/install/human_interfaces/share/human_interfaces/package.bash'
[44.299s] INFO:colcon.colcon_core.shell:Creating package script '/workspaces/ros2-coding/install/human_interfaces/share/human_interfaces/package.zsh'
[44.300s] Level 1:colcon.colcon_core.environment:create_file_with_runtime_dependencies(/workspaces/ros2-coding/install/human_interfaces/share/colcon-core/packages/human_interfaces)
[44.300s] INFO:colcon.colcon_ros.task.ament_python.build:Building ROS package in '/workspaces/ros2-coding/turtlesim_ws/src/human_controller' with build type 'ament_python'
[44.300s] Level 1:colcon.colcon_core.shell:create_environment_hook('human_controller', 'ament_prefix_path')
[44.301s] INFO:colcon.colcon_core.shell:Creating environment hook '/workspaces/ros2-coding/install/human_controller/share/human_controller/hook/ament_prefix_path.ps1'
[44.302s] INFO:colcon.colcon_core.shell:Creating environment descriptor '/workspaces/ros2-coding/install/human_controller/share/human_controller/hook/ament_prefix_path.dsv'
[44.302s] INFO:colcon.colcon_core.shell:Creating environment hook '/workspaces/ros2-coding/install/human_controller/share/human_controller/hook/ament_prefix_path.sh'
[44.303s] INFO:colcon.colcon_core.shell:Skip shell extension 'powershell' for command environment: Not usable outside of PowerShell
[44.303s] DEBUG:colcon.colcon_core.shell:Skip shell extension 'dsv' for command environment
[44.573s] INFO:colcon.colcon_core.task.python.build:Building Python package in '/workspaces/ros2-coding/turtlesim_ws/src/human_controller'
[44.573s] INFO:colcon.colcon_core.shell:Skip shell extension 'powershell' for command environment: Not usable outside of PowerShell
[44.573s] DEBUG:colcon.colcon_core.shell:Skip shell extension 'dsv' for command environment
[45.499s] DEBUG:colcon.colcon_core.event_handler.log_command:Invoking command in '/workspaces/ros2-coding/build/human_controller': AMENT_PREFIX_PATH=/workspaces/ros2-coding/install/human_interfaces:${AMENT_PREFIX_PATH} CMAKE_PREFIX_PATH=/workspaces/ros2-coding/install/human_interfaces:/workspaces/ros2-coding/install/nao_gz_control:/workspaces/ros2-coding/install/ros2_controllers:/workspaces/ros2-coding/install/ros2_control_demos:/workspaces/ros2-coding/install/ros2_control_demo_example_3:/workspaces/ros2-coding/install/gz_ros2_control_demos:/workspaces/ros2-coding/install/velocity_controllers:/workspaces/ros2-coding/install/tricycle_steering_controller:/workspaces/ros2-coding/install/tricycle_controller:/workspaces/ros2-coding/install/ros2_control_demo_example_8:/workspaces/ros2-coding/install/ros2_control:/workspaces/ros2-coding/install/transmission_interface:/workspaces/ros2-coding/install/ros2_control_demo_example_11:/workspaces/ros2-coding/install/bicycle_steering_controller:/workspaces/ros2-coding/install/ackermann_steering_controller:/workspaces/ros2-coding/install/steering_controllers_library:/workspaces/ros2-coding/install/ros2_control_demo_example_17:/workspaces/ros2-coding/install/ros2_control_demo_example_15:/workspaces/ros2-coding/install/ros2_control_demo_example_1:/workspaces/ros2-coding/install/ros_gz_example_bringup:/workspaces/ros2-coding/install/ros_gz_example_gazebo:/workspaces/ros2-coding/install/ros_gz_example_description:/workspaces/ros2-coding/install/ros_gz_example_application:/workspaces/ros2-coding/install/ros2_control_demo_example_9:/workspaces/ros2-coding/install/ros2_control_demo_example_7:/workspaces/ros2-coding/install/ros2_control_demo_example_6:/workspaces/ros2-coding/install/ros2_control_demo_example_13:/workspaces/ros2-coding/install/ros2_control_demo_example_5:/workspaces/ros2-coding/install/ros2_control_demo_example_4:/workspaces/ros2-coding/install/ros2_control_demo_example_2:/workspaces/ros2-coding/install/ros2_control_demo_example_16:/workspaces/ros2-coding/install/ros2_control_demo_example_14:/workspaces/ros2-coding/install/ros2_control_demo_example_12:/workspaces/ros2-coding/install/ros2_control_demo_example_10:/workspaces/ros2-coding/install/hardware_interface_testing:/workspaces/ros2-coding/install/gz_ros2_control:/workspaces/ros2-coding/install/controller_manager:/workspaces/ros2-coding/install/ros2_control_test_assets:/workspaces/ros2-coding/install/ros2_control_demo_description:/workspaces/ros2-coding/install/ros2_control_cmake:/workspaces/ros2-coding/install/range_sensor_broadcaster:/workspaces/ros2-coding/install/position_controllers:/workspaces/ros2-coding/install/pose_broadcaster:/workspaces/ros2-coding/install/pid_controller:/workspaces/ros2-coding/install/parallel_gripper_controller:/workspaces/ros2-coding/install/omni_wheel_drive_controller:/workspaces/ros2-coding/install/mecanum_drive_controller:/workspaces/ros2-coding/install/joint_trajectory_controller:/workspaces/ros2-coding/install/joint_state_topic_hardware_interface:/workspaces/ros2-coding/install/joint_state_broadcaster:/workspaces/ros2-coding/install/imu_sensor_broadcaster:/workspaces/ros2-coding/install/gripper_controllers:/workspaces/ros2-coding/install/gps_sensor_broadcaster:/workspaces/ros2-coding/install/gpio_controllers:/workspaces/ros2-coding/install/effort_controllers:/workspaces/ros2-coding/install/forward_command_controller:/workspaces/ros2-coding/install/force_torque_sensor_broadcaster:/workspaces/ros2-coding/install/diff_drive_controller:/workspaces/ros2-coding/install/chained_filter_controller:/workspaces/ros2-coding/install/admittance_controller:/workspaces/ros2-coding/install/controller_interface:/workspaces/ros2-coding/install/hardware_interface:/workspaces/ros2-coding/install/joint_limits:/workspaces/ros2-coding/install/control_toolbox:/workspaces/ros2-coding/install/realtime_tools:/workspaces/ros2-coding/install/moveit_resources_panda_description:/workspaces/ros2-coding/install/moveit_nao_config:/workspaces/ros2-coding/install/kinematics_interface_kdl:/workspaces/ros2-coding/install/kinematics_interface:/workspaces/ros2-coding/install/iw_hub_navigation:/workspaces/ros2-coding/install/isaacsim:/workspaces/ros2-coding/install/isaac_tutorials:/workspaces/ros2-coding/install/isaac_ros2_messages:/workspaces/ros2-coding/install/isaac_moveit:/workspaces/ros2-coding/install/h1_fullbody_controller:/workspaces/ros2-coding/install/gz_ros2_control_tests:/workspaces/ros2-coding/install/diff_drive_mover:/workspaces/ros2-coding/install/custom_message:/workspaces/ros2-coding/install/controller_manager_msgs:/workspaces/ros2-coding/install/control_msgs:/workspaces/ros2-coding/install/cmdvel_to_ackermann:/workspaces/ros2-coding/install/carter_navigation:/opt/ros/jazzy/opt/gz_sim_vendor:/opt/ros/jazzy/opt/gz_sensors_vendor:/opt/ros/jazzy/opt/gz_physics_vendor:/opt/ros/jazzy/opt/sdformat_vendor:/opt/ros/jazzy/opt/gz_gui_vendor:/opt/ros/jazzy/opt/gz_transport_vendor:/opt/ros/jazzy/opt/gz_rendering_vendor:/opt/ros/jazzy/opt/gz_plugin_vendor:/opt/ros/jazzy/opt/gz_fuel_tools_vendor:/opt/ros/jazzy/opt/gz_msgs_vendor:/opt/ros/jazzy/opt/gz_common_vendor:/opt/ros/jazzy/opt/gz_math_vendor:/opt/ros/jazzy/opt/gz_utils_vendor:/opt/ros/jazzy/opt/gz_tools_vendor:/opt/ros/jazzy/opt/gz_ogre_next_vendor:/opt/ros/jazzy/opt/gz_dartsim_vendor:/opt/ros/jazzy/opt/gz_cmake_vendor LD_LIBRARY_PATH=/workspaces/ros2-coding/install/human_interfaces/lib:/workspaces/ros2-coding/install/ros2_control_demo_example_3/lib:/workspaces/ros2-coding/install/velocity_controllers/lib:/workspaces/ros2-coding/install/tricycle_steering_controller/lib:/workspaces/ros2-coding/install/tricycle_controller/lib:/workspaces/ros2-coding/install/ros2_control_demo_example_8/lib:/workspaces/ros2-coding/install/transmission_interface/lib:/workspaces/ros2-coding/install/ros2_control_demo_example_11/lib:/workspaces/ros2-coding/install/bicycle_steering_controller/lib:/workspaces/ros2-coding/install/ackermann_steering_controller/lib:/workspaces/ros2-coding/install/steering_controllers_library/lib:/workspaces/ros2-coding/install/ros2_control_demo_example_17/lib:/workspaces/ros2-coding/install/ros2_control_demo_example_1/lib:/workspaces/ros2-coding/install/ros2_control_demo_example_9/lib:/workspaces/ros2-coding/install/ros2_control_demo_example_7/lib:/workspaces/ros2-coding/install/ros2_control_demo_example_6/lib:/workspaces/ros2-coding/install/ros2_control_demo_example_5/lib:/workspaces/ros2-coding/install/ros2_control_demo_example_4/lib:/workspaces/ros2-coding/install/ros2_control_demo_example_2/lib:/workspaces/ros2-coding/install/ros2_control_demo_example_16/lib:/workspaces/ros2-coding/install/ros2_control_demo_example_14/lib:/workspaces/ros2-coding/install/ros2_control_demo_example_12/lib:/workspaces/ros2-coding/install/ros2_control_demo_example_10/lib:/workspaces/ros2-coding/install/hardware_interface_testing/lib:/workspaces/ros2-coding/install/gz_ros2_control/lib:/workspaces/ros2-coding/install/controller_manager/lib:/workspaces/ros2-coding/install/range_sensor_broadcaster/lib:/workspaces/ros2-coding/install/position_controllers/lib:/workspaces/ros2-coding/install/pose_broadcaster/lib:/workspaces/ros2-coding/install/pid_controller/lib:/workspaces/ros2-coding/install/parallel_gripper_controller/lib:/workspaces/ros2-coding/install/omni_wheel_drive_controller/lib:/workspaces/ros2-coding/install/mecanum_drive_controller/lib:/workspaces/ros2-coding/install/joint_trajectory_controller/lib:/workspaces/ros2-coding/install/joint_state_topic_hardware_interface/lib:/workspaces/ros2-coding/install/joint_state_broadcaster/lib:/workspaces/ros2-coding/install/imu_sensor_broadcaster/lib:/workspaces/ros2-coding/install/gripper_controllers/lib:/workspaces/ros2-coding/install/gps_sensor_broadcaster/lib:/workspaces/ros2-coding/install/gpio_controllers/lib:/workspaces/ros2-coding/install/effort_controllers/lib:/workspaces/ros2-coding/install/forward_command_controller/lib:/workspaces/ros2-coding/install/force_torque_sensor_broadcaster/lib:/workspaces/ros2-coding/install/diff_drive_controller/lib:/workspaces/ros2-coding/install/chained_filter_controller/lib:/workspaces/ros2-coding/install/admittance_controller/lib:/workspaces/ros2-coding/install/controller_interface/lib:/workspaces/ros2-coding/install/hardware_interface/lib:/workspaces/ros2-coding/install/joint_limits/lib:/workspaces/ros2-coding/install/control_toolbox/lib:/workspaces/ros2-coding/install/realtime_tools/lib:/workspaces/ros2-coding/install/kinematics_interface_kdl/lib:/workspaces/ros2-coding/install/kinematics_interface/lib:/workspaces/ros2-coding/install/isaac_ros2_messages/lib:/workspaces/ros2-coding/install/custom_message/lib:/workspaces/ros2-coding/install/controller_manager_msgs/lib:/workspaces/ros2-coding/install/control_msgs/lib:/opt/ros/jazzy/opt/gz_sim_vendor/lib:/opt/ros/jazzy/opt/gz_sensors_vendor/lib:/opt/ros/jazzy/opt/gz_physics_vendor/lib:/opt/ros/jazzy/opt/sdformat_vendor/lib:/opt/ros/jazzy/opt/rviz_ogre_vendor/lib:/opt/ros/jazzy/lib/x86_64-linux-gnu:/opt/ros/jazzy/opt/gz_gui_vendor/lib:/opt/ros/jazzy/opt/gz_transport_vendor/lib:/opt/ros/jazzy/opt/gz_rendering_vendor/lib:/opt/ros/jazzy/opt/gz_plugin_vendor/lib:/opt/ros/jazzy/opt/gz_fuel_tools_vendor/lib:/opt/ros/jazzy/opt/gz_msgs_vendor/lib:/opt/ros/jazzy/opt/gz_common_vendor/lib:/opt/ros/jazzy/opt/gz_math_vendor/lib:/opt/ros/jazzy/opt/gz_utils_vendor/lib:/opt/ros/jazzy/opt/gz_tools_vendor/lib:/opt/ros/jazzy/opt/gz_ogre_next_vendor/lib:/opt/ros/jazzy/opt/gz_dartsim_vendor/lib:/opt/ros/jazzy/opt/gz_cmake_vendor/lib:/opt/ros/jazzy/lib PYTHONPATH=/workspaces/ros2-coding/build/human_controller/prefix_override:/usr/lib/python3/dist-packages/colcon_core/task/python/colcon_distutils_commands:/workspaces/ros2-coding/install/human_controller/lib/python3.12/site-packages:/workspaces/ros2-coding/install/human_interfaces/lib/python3.12/site-packages:/workspaces/ros2-coding/install/rqt_joint_trajectory_controller/lib/python3.12/site-packages:/workspaces/ros2-coding/install/rqt_controller_manager/lib/python3.12/site-packages:/workspaces/ros2-coding/install/ros2controlcli/lib/python3.12/site-packages:/workspaces/ros2-coding/install/ros2_controllers_test_nodes/lib/python3.12/site-packages:/workspaces/ros2-coding/install/controller_manager/lib/python3.12/site-packages:/workspaces/ros2-coding/install/my_turtlesim/lib/python3.12/site-packages:/workspaces/ros2-coding/install/issac_sim/lib/python3.12/site-packages:/workspaces/ros2-coding/install/isaac_ros_navigation_goal/lib/python3.12/site-packages:/workspaces/ros2-coding/install/isaac_ros2_messages/lib/python3.12/site-packages:/workspaces/ros2-coding/install/human_controller/lib/python3.12/site-packages:/workspaces/ros2-coding/install/custom_message/lib/python3.12/site-packages:/workspaces/ros2-coding/install/controller_manager_msgs/lib/python3.12/site-packages:/workspaces/ros2-coding/install/control_msgs/lib/python3.12/site-packages:/opt/ros/jazzy/lib/python3.12/site-packages VIRTUAL_ENV_PROMPT=(.venv) /usr/bin/python3 -W ignore:setup.py install is deprecated -W ignore:easy_install command is deprecated setup.py develop --editable --build-directory /workspaces/ros2-coding/build/human_controller/build --no-deps symlink_data
[46.727s] Level 1:colcon.colcon_core.shell:create_environment_hook('human_controller', 'pythonpath_develop')
[46.727s] DEBUG:colcon.colcon_core.event_handler.log_command:Invoked command in '/workspaces/ros2-coding/build/human_controller' returned '0': AMENT_PREFIX_PATH=/workspaces/ros2-coding/install/human_interfaces:${AMENT_PREFIX_PATH} CMAKE_PREFIX_PATH=/workspaces/ros2-coding/install/human_interfaces:/workspaces/ros2-coding/install/nao_gz_control:/workspaces/ros2-coding/install/ros2_controllers:/workspaces/ros2-coding/install/ros2_control_demos:/workspaces/ros2-coding/install/ros2_control_demo_example_3:/workspaces/ros2-coding/install/gz_ros2_control_demos:/workspaces/ros2-coding/install/velocity_controllers:/workspaces/ros2-coding/install/tricycle_steering_controller:/workspaces/ros2-coding/install/tricycle_controller:/workspaces/ros2-coding/install/ros2_control_demo_example_8:/workspaces/ros2-coding/install/ros2_control:/workspaces/ros2-coding/install/transmission_interface:/workspaces/ros2-coding/install/ros2_control_demo_example_11:/workspaces/ros2-coding/install/bicycle_steering_controller:/workspaces/ros2-coding/install/ackermann_steering_controller:/workspaces/ros2-coding/install/steering_controllers_library:/workspaces/ros2-coding/install/ros2_control_demo_example_17:/workspaces/ros2-coding/install/ros2_control_demo_example_15:/workspaces/ros2-coding/install/ros2_control_demo_example_1:/workspaces/ros2-coding/install/ros_gz_example_bringup:/workspaces/ros2-coding/install/ros_gz_example_gazebo:/workspaces/ros2-coding/install/ros_gz_example_description:/workspaces/ros2-coding/install/ros_gz_example_application:/workspaces/ros2-coding/install/ros2_control_demo_example_9:/workspaces/ros2-coding/install/ros2_control_demo_example_7:/workspaces/ros2-coding/install/ros2_control_demo_example_6:/workspaces/ros2-coding/install/ros2_control_demo_example_13:/workspaces/ros2-coding/install/ros2_control_demo_example_5:/workspaces/ros2-coding/install/ros2_control_demo_example_4:/workspaces/ros2-coding/install/ros2_control_demo_example_2:/workspaces/ros2-coding/install/ros2_control_demo_example_16:/workspaces/ros2-coding/install/ros2_control_demo_example_14:/workspaces/ros2-coding/install/ros2_control_demo_example_12:/workspaces/ros2-coding/install/ros2_control_demo_example_10:/workspaces/ros2-coding/install/hardware_interface_testing:/workspaces/ros2-coding/install/gz_ros2_control:/workspaces/ros2-coding/install/controller_manager:/workspaces/ros2-coding/install/ros2_control_test_assets:/workspaces/ros2-coding/install/ros2_control_demo_description:/workspaces/ros2-coding/install/ros2_control_cmake:/workspaces/ros2-coding/install/range_sensor_broadcaster:/workspaces/ros2-coding/install/position_controllers:/workspaces/ros2-coding/install/pose_broadcaster:/workspaces/ros2-coding/install/pid_controller:/workspaces/ros2-coding/install/parallel_gripper_controller:/workspaces/ros2-coding/install/omni_wheel_drive_controller:/workspaces/ros2-coding/install/mecanum_drive_controller:/workspaces/ros2-coding/install/joint_trajectory_controller:/workspaces/ros2-coding/install/joint_state_topic_hardware_interface:/workspaces/ros2-coding/install/joint_state_broadcaster:/workspaces/ros2-coding/install/imu_sensor_broadcaster:/workspaces/ros2-coding/install/gripper_controllers:/workspaces/ros2-coding/install/gps_sensor_broadcaster:/workspaces/ros2-coding/install/gpio_controllers:/workspaces/ros2-coding/install/effort_controllers:/workspaces/ros2-coding/install/forward_command_controller:/workspaces/ros2-coding/install/force_torque_sensor_broadcaster:/workspaces/ros2-coding/install/diff_drive_controller:/workspaces/ros2-coding/install/chained_filter_controller:/workspaces/ros2-coding/install/admittance_controller:/workspaces/ros2-coding/install/controller_interface:/workspaces/ros2-coding/install/hardware_interface:/workspaces/ros2-coding/install/joint_limits:/workspaces/ros2-coding/install/control_toolbox:/workspaces/ros2-coding/install/realtime_tools:/workspaces/ros2-coding/install/moveit_resources_panda_description:/workspaces/ros2-coding/install/moveit_nao_config:/workspaces/ros2-coding/install/kinematics_interface_kdl:/workspaces/ros2-coding/install/kinematics_interface:/workspaces/ros2-coding/install/iw_hub_navigation:/workspaces/ros2-coding/install/isaacsim:/workspaces/ros2-coding/install/isaac_tutorials:/workspaces/ros2-coding/install/isaac_ros2_messages:/workspaces/ros2-coding/install/isaac_moveit:/workspaces/ros2-coding/install/h1_fullbody_controller:/workspaces/ros2-coding/install/gz_ros2_control_tests:/workspaces/ros2-coding/install/diff_drive_mover:/workspaces/ros2-coding/install/custom_message:/workspaces/ros2-coding/install/controller_manager_msgs:/workspaces/ros2-coding/install/control_msgs:/workspaces/ros2-coding/install/cmdvel_to_ackermann:/workspaces/ros2-coding/install/carter_navigation:/opt/ros/jazzy/opt/gz_sim_vendor:/opt/ros/jazzy/opt/gz_sensors_vendor:/opt/ros/jazzy/opt/gz_physics_vendor:/opt/ros/jazzy/opt/sdformat_vendor:/opt/ros/jazzy/opt/gz_gui_vendor:/opt/ros/jazzy/opt/gz_transport_vendor:/opt/ros/jazzy/opt/gz_rendering_vendor:/opt/ros/jazzy/opt/gz_plugin_vendor:/opt/ros/jazzy/opt/gz_fuel_tools_vendor:/opt/ros/jazzy/opt/gz_msgs_vendor:/opt/ros/jazzy/opt/gz_common_vendor:/opt/ros/jazzy/opt/gz_math_vendor:/opt/ros/jazzy/opt/gz_utils_vendor:/opt/ros/jazzy/opt/gz_tools_vendor:/opt/ros/jazzy/opt/gz_ogre_next_vendor:/opt/ros/jazzy/opt/gz_dartsim_vendor:/opt/ros/jazzy/opt/gz_cmake_vendor LD_LIBRARY_PATH=/workspaces/ros2-coding/install/human_interfaces/lib:/workspaces/ros2-coding/install/ros2_control_demo_example_3/lib:/workspaces/ros2-coding/install/velocity_controllers/lib:/workspaces/ros2-coding/install/tricycle_steering_controller/lib:/workspaces/ros2-coding/install/tricycle_controller/lib:/workspaces/ros2-coding/install/ros2_control_demo_example_8/lib:/workspaces/ros2-coding/install/transmission_interface/lib:/workspaces/ros2-coding/install/ros2_control_demo_example_11/lib:/workspaces/ros2-coding/install/bicycle_steering_controller/lib:/workspaces/ros2-coding/install/ackermann_steering_controller/lib:/workspaces/ros2-coding/install/steering_controllers_library/lib:/workspaces/ros2-coding/install/ros2_control_demo_example_17/lib:/workspaces/ros2-coding/install/ros2_control_demo_example_1/lib:/workspaces/ros2-coding/install/ros2_control_demo_example_9/lib:/workspaces/ros2-coding/install/ros2_control_demo_example_7/lib:/workspaces/ros2-coding/install/ros2_control_demo_example_6/lib:/workspaces/ros2-coding/install/ros2_control_demo_example_5/lib:/workspaces/ros2-coding/install/ros2_control_demo_example_4/lib:/workspaces/ros2-coding/install/ros2_control_demo_example_2/lib:/workspaces/ros2-coding/install/ros2_control_demo_example_16/lib:/workspaces/ros2-coding/install/ros2_control_demo_example_14/lib:/workspaces/ros2-coding/install/ros2_control_demo_example_12/lib:/workspaces/ros2-coding/install/ros2_control_demo_example_10/lib:/workspaces/ros2-coding/install/hardware_interface_testing/lib:/workspaces/ros2-coding/install/gz_ros2_control/lib:/workspaces/ros2-coding/install/controller_manager/lib:/workspaces/ros2-coding/install/range_sensor_broadcaster/lib:/workspaces/ros2-coding/install/position_controllers/lib:/workspaces/ros2-coding/install/pose_broadcaster/lib:/workspaces/ros2-coding/install/pid_controller/lib:/workspaces/ros2-coding/install/parallel_gripper_controller/lib:/workspaces/ros2-coding/install/omni_wheel_drive_controller/lib:/workspaces/ros2-coding/install/mecanum_drive_controller/lib:/workspaces/ros2-coding/install/joint_trajectory_controller/lib:/workspaces/ros2-coding/install/joint_state_topic_hardware_interface/lib:/workspaces/ros2-coding/install/joint_state_broadcaster/lib:/workspaces/ros2-coding/install/imu_sensor_broadcaster/lib:/workspaces/ros2-coding/install/gripper_controllers/lib:/workspaces/ros2-coding/install/gps_sensor_broadcaster/lib:/workspaces/ros2-coding/install/gpio_controllers/lib:/workspaces/ros2-coding/install/effort_controllers/lib:/workspaces/ros2-coding/install/forward_command_controller/lib:/workspaces/ros2-coding/install/force_torque_sensor_broadcaster/lib:/workspaces/ros2-coding/install/diff_drive_controller/lib:/workspaces/ros2-coding/install/chained_filter_controller/lib:/workspaces/ros2-coding/install/admittance_controller/lib:/workspaces/ros2-coding/install/controller_interface/lib:/workspaces/ros2-coding/install/hardware_interface/lib:/workspaces/ros2-coding/install/joint_limits/lib:/workspaces/ros2-coding/install/control_toolbox/lib:/workspaces/ros2-coding/install/realtime_tools/lib:/workspaces/ros2-coding/install/kinematics_interface_kdl/lib:/workspaces/ros2-coding/install/kinematics_interface/lib:/workspaces/ros2-coding/install/isaac_ros2_messages/lib:/workspaces/ros2-coding/install/custom_message/lib:/workspaces/ros2-coding/install/controller_manager_msgs/lib:/workspaces/ros2-coding/install/control_msgs/lib:/opt/ros/jazzy/opt/gz_sim_vendor/lib:/opt/ros/jazzy/opt/gz_sensors_vendor/lib:/opt/ros/jazzy/opt/gz_physics_vendor/lib:/opt/ros/jazzy/opt/sdformat_vendor/lib:/opt/ros/jazzy/opt/rviz_ogre_vendor/lib:/opt/ros/jazzy/lib/x86_64-linux-gnu:/opt/ros/jazzy/opt/gz_gui_vendor/lib:/opt/ros/jazzy/opt/gz_transport_vendor/lib:/opt/ros/jazzy/opt/gz_rendering_vendor/lib:/opt/ros/jazzy/opt/gz_plugin_vendor/lib:/opt/ros/jazzy/opt/gz_fuel_tools_vendor/lib:/opt/ros/jazzy/opt/gz_msgs_vendor/lib:/opt/ros/jazzy/opt/gz_common_vendor/lib:/opt/ros/jazzy/opt/gz_math_vendor/lib:/opt/ros/jazzy/opt/gz_utils_vendor/lib:/opt/ros/jazzy/opt/gz_tools_vendor/lib:/opt/ros/jazzy/opt/gz_ogre_next_vendor/lib:/opt/ros/jazzy/opt/gz_dartsim_vendor/lib:/opt/ros/jazzy/opt/gz_cmake_vendor/lib:/opt/ros/jazzy/lib PYTHONPATH=/workspaces/ros2-coding/build/human_controller/prefix_override:/usr/lib/python3/dist-packages/colcon_core/task/python/colcon_distutils_commands:/workspaces/ros2-coding/install/human_controller/lib/python3.12/site-packages:/workspaces/ros2-coding/install/human_interfaces/lib/python3.12/site-packages:/workspaces/ros2-coding/install/rqt_joint_trajectory_controller/lib/python3.12/site-packages:/workspaces/ros2-coding/install/rqt_controller_manager/lib/python3.12/site-packages:/workspaces/ros2-coding/install/ros2controlcli/lib/python3.12/site-packages:/workspaces/ros2-coding/install/ros2_controllers_test_nodes/lib/python3.12/site-packages:/workspaces/ros2-coding/install/controller_manager/lib/python3.12/site-packages:/workspaces/ros2-coding/install/my_turtlesim/lib/python3.12/site-packages:/workspaces/ros2-coding/install/issac_sim/lib/python3.12/site-packages:/workspaces/ros2-coding/install/isaac_ros_navigation_goal/lib/python3.12/site-packages:/workspaces/ros2-coding/install/isaac_ros2_messages/lib/python3.12/site-packages:/workspaces/ros2-coding/install/human_controller/lib/python3.12/site-packages:/workspaces/ros2-coding/install/custom_message/lib/python3.12/site-packages:/workspaces/ros2-coding/install/controller_manager_msgs/lib/python3.12/site-packages:/workspaces/ros2-coding/install/control_msgs/lib/python3.12/site-packages:/opt/ros/jazzy/lib/python3.12/site-packages VIRTUAL_ENV_PROMPT=(.venv) /usr/bin/python3 -W ignore:setup.py install is deprecated -W ignore:easy_install command is deprecated setup.py develop --editable --build-directory /workspaces/ros2-coding/build/human_controller/build --no-deps symlink_data
[46.728s] INFO:colcon.colcon_core.shell:Creating environment hook '/workspaces/ros2-coding/build/human_controller/share/human_controller/hook/pythonpath_develop.ps1'
[46.729s] INFO:colcon.colcon_core.shell:Creating environment descriptor '/workspaces/ros2-coding/build/human_controller/share/human_controller/hook/pythonpath_develop.dsv'
[46.729s] INFO:colcon.colcon_core.shell:Creating environment hook '/workspaces/ros2-coding/build/human_controller/share/human_controller/hook/pythonpath_develop.sh'
[46.730s] Level 1:colcon.colcon_core.environment:checking '/workspaces/ros2-coding/install/human_controller' for CMake module files
[46.730s] Level 1:colcon.colcon_core.environment:checking '/workspaces/ros2-coding/install/human_controller' for CMake config files
[46.738s] Level 1:colcon.colcon_core.environment:checking '/workspaces/ros2-coding/install/human_controller/lib'
[46.739s] Level 1:colcon.colcon_core.environment:checking '/workspaces/ros2-coding/install/human_controller/bin'
[46.739s] Level 1:colcon.colcon_core.environment:checking '/workspaces/ros2-coding/install/human_controller/lib/pkgconfig/human_controller.pc'
[46.739s] Level 1:colcon.colcon_core.environment:checking '/workspaces/ros2-coding/install/human_controller/lib/python3.12/site-packages'
[46.739s] Level 1:colcon.colcon_core.shell:create_environment_hook('human_controller', 'pythonpath')
[46.739s] INFO:colcon.colcon_core.shell:Creating environment hook '/workspaces/ros2-coding/install/human_controller/share/human_controller/hook/pythonpath.ps1'
[46.740s] INFO:colcon.colcon_core.shell:Creating environment descriptor '/workspaces/ros2-coding/install/human_controller/share/human_controller/hook/pythonpath.dsv'
[46.741s] INFO:colcon.colcon_core.shell:Creating environment hook '/workspaces/ros2-coding/install/human_controller/share/human_controller/hook/pythonpath.sh'
[46.742s] Level 1:colcon.colcon_core.environment:checking '/workspaces/ros2-coding/install/human_controller/bin'
[46.742s] Level 1:colcon.colcon_core.environment:create_environment_scripts_only(human_controller)
[46.742s] INFO:colcon.colcon_core.shell:Creating package script '/workspaces/ros2-coding/install/human_controller/share/human_controller/package.ps1'
[46.743s] INFO:colcon.colcon_core.shell:Creating package descriptor '/workspaces/ros2-coding/install/human_controller/share/human_controller/package.dsv'
[46.744s] INFO:colcon.colcon_core.shell:Creating package script '/workspaces/ros2-coding/install/human_controller/share/human_controller/package.sh'
[46.745s] INFO:colcon.colcon_core.shell:Creating package script '/workspaces/ros2-coding/install/human_controller/share/human_controller/package.bash'
[46.745s] INFO:colcon.colcon_core.shell:Creating package script '/workspaces/ros2-coding/install/human_controller/share/human_controller/package.zsh'
[46.746s] Level 1:colcon.colcon_core.environment:create_file_with_runtime_dependencies(/workspaces/ros2-coding/install/human_controller/share/colcon-core/packages/human_controller)
[53.250s] DEBUG:colcon.colcon_core.event_handler.log_command:Invoked command in '/workspaces/ros2-coding/build/isaac_ros2_messages' returned '0': CMAKE_PREFIX_PATH=${CMAKE_PREFIX_PATH}:/workspaces/ros2-coding/install/rqt_joint_trajectory_controller:/workspaces/ros2-coding/install/rqt_controller_manager:/workspaces/ros2-coding/install/ros2controlcli:/workspaces/ros2-coding/install/ros2_controllers_test_nodes:/workspaces/ros2-coding/install/my_turtlesim:/workspaces/ros2-coding/install/issac_sim:/workspaces/ros2-coding/install/isaac_ros_navigation_goal:/workspaces/ros2-coding/install/human_controller:/opt/ros/jazzy VIRTUAL_ENV_PROMPT=(.venv) /usr/bin/cmake --build /workspaces/ros2-coding/build/isaac_ros2_messages -- -j4 -l4
[53.251s] DEBUG:colcon.colcon_core.event_handler.log_command:Invoking command in '/workspaces/ros2-coding/build/isaac_ros2_messages': CMAKE_PREFIX_PATH=${CMAKE_PREFIX_PATH}:/workspaces/ros2-coding/install/rqt_joint_trajectory_controller:/workspaces/ros2-coding/install/rqt_controller_manager:/workspaces/ros2-coding/install/ros2controlcli:/workspaces/ros2-coding/install/ros2_controllers_test_nodes:/workspaces/ros2-coding/install/my_turtlesim:/workspaces/ros2-coding/install/issac_sim:/workspaces/ros2-coding/install/isaac_ros_navigation_goal:/workspaces/ros2-coding/install/human_controller:/opt/ros/jazzy VIRTUAL_ENV_PROMPT=(.venv) /usr/bin/cmake --install /workspaces/ros2-coding/build/isaac_ros2_messages
[53.419s] Level 1:colcon.colcon_core.environment:create_environment_scripts_only(isaac_ros2_messages)
[53.419s] Level 1:colcon.colcon_core.environment:checking '/workspaces/ros2-coding/install/isaac_ros2_messages' for CMake module files
[53.420s] DEBUG:colcon.colcon_core.event_handler.log_command:Invoked command in '/workspaces/ros2-coding/build/isaac_ros2_messages' returned '0': CMAKE_PREFIX_PATH=${CMAKE_PREFIX_PATH}:/workspaces/ros2-coding/install/rqt_joint_trajectory_controller:/workspaces/ros2-coding/install/rqt_controller_manager:/workspaces/ros2-coding/install/ros2controlcli:/workspaces/ros2-coding/install/ros2_controllers_test_nodes:/workspaces/ros2-coding/install/my_turtlesim:/workspaces/ros2-coding/install/issac_sim:/workspaces/ros2-coding/install/isaac_ros_navigation_goal:/workspaces/ros2-coding/install/human_controller:/opt/ros/jazzy VIRTUAL_ENV_PROMPT=(.venv) /usr/bin/cmake --install /workspaces/ros2-coding/build/isaac_ros2_messages
[53.420s] Level 1:colcon.colcon_core.environment:checking '/workspaces/ros2-coding/install/isaac_ros2_messages' for CMake config files
[53.422s] Level 1:colcon.colcon_core.shell:create_environment_hook('isaac_ros2_messages', 'cmake_prefix_path')
[53.422s] INFO:colcon.colcon_core.shell:Creating environment hook '/workspaces/ros2-coding/install/isaac_ros2_messages/share/isaac_ros2_messages/hook/cmake_prefix_path.ps1'
[53.423s] INFO:colcon.colcon_core.shell:Creating environment descriptor '/workspaces/ros2-coding/install/isaac_ros2_messages/share/isaac_ros2_messages/hook/cmake_prefix_path.dsv'
[53.423s] INFO:colcon.colcon_core.shell:Creating environment hook '/workspaces/ros2-coding/install/isaac_ros2_messages/share/isaac_ros2_messages/hook/cmake_prefix_path.sh'
[53.424s] Level 1:colcon.colcon_core.environment:checking '/workspaces/ros2-coding/install/isaac_ros2_messages/lib'
[53.424s] Level 1:colcon.colcon_core.shell:create_environment_hook('isaac_ros2_messages', 'ld_library_path_lib')
[53.424s] INFO:colcon.colcon_core.shell:Creating environment hook '/workspaces/ros2-coding/install/isaac_ros2_messages/share/isaac_ros2_messages/hook/ld_library_path_lib.ps1'
[53.425s] INFO:colcon.colcon_core.shell:Creating environment descriptor '/workspaces/ros2-coding/install/isaac_ros2_messages/share/isaac_ros2_messages/hook/ld_library_path_lib.dsv'
[53.425s] INFO:colcon.colcon_core.shell:Creating environment hook '/workspaces/ros2-coding/install/isaac_ros2_messages/share/isaac_ros2_messages/hook/ld_library_path_lib.sh'
[53.426s] Level 1:colcon.colcon_core.environment:checking '/workspaces/ros2-coding/install/isaac_ros2_messages/bin'
[53.426s] Level 1:colcon.colcon_core.environment:checking '/workspaces/ros2-coding/install/isaac_ros2_messages/lib/pkgconfig/isaac_ros2_messages.pc'
[53.426s] Level 1:colcon.colcon_core.environment:checking '/workspaces/ros2-coding/install/isaac_ros2_messages/lib/python3.12/site-packages'
[53.426s] Level 1:colcon.colcon_core.shell:create_environment_hook('isaac_ros2_messages', 'pythonpath')
[53.426s] INFO:colcon.colcon_core.shell:Creating environment hook '/workspaces/ros2-coding/install/isaac_ros2_messages/share/isaac_ros2_messages/hook/pythonpath.ps1'
[53.427s] INFO:colcon.colcon_core.shell:Creating environment descriptor '/workspaces/ros2-coding/install/isaac_ros2_messages/share/isaac_ros2_messages/hook/pythonpath.dsv'
[53.427s] INFO:colcon.colcon_core.shell:Creating environment hook '/workspaces/ros2-coding/install/isaac_ros2_messages/share/isaac_ros2_messages/hook/pythonpath.sh'
[53.428s] Level 1:colcon.colcon_core.environment:checking '/workspaces/ros2-coding/install/isaac_ros2_messages/bin'
[53.428s] INFO:colcon.colcon_core.shell:Creating package script '/workspaces/ros2-coding/install/isaac_ros2_messages/share/isaac_ros2_messages/package.ps1'
[53.429s] INFO:colcon.colcon_core.shell:Creating package descriptor '/workspaces/ros2-coding/install/isaac_ros2_messages/share/isaac_ros2_messages/package.dsv'
[53.430s] INFO:colcon.colcon_core.shell:Creating package script '/workspaces/ros2-coding/install/isaac_ros2_messages/share/isaac_ros2_messages/package.sh'
[53.430s] INFO:colcon.colcon_core.shell:Creating package script '/workspaces/ros2-coding/install/isaac_ros2_messages/share/isaac_ros2_messages/package.bash'
[53.431s] INFO:colcon.colcon_core.shell:Creating package script '/workspaces/ros2-coding/install/isaac_ros2_messages/share/isaac_ros2_messages/package.zsh'
[53.431s] Level 1:colcon.colcon_core.environment:create_file_with_runtime_dependencies(/workspaces/ros2-coding/install/isaac_ros2_messages/share/colcon-core/packages/isaac_ros2_messages)
[53.432s] Level 1:colcon.colcon_core.environment:create_environment_scripts_only(isaac_ros2_messages)
[53.432s] Level 1:colcon.colcon_core.environment:checking '/workspaces/ros2-coding/install/isaac_ros2_messages' for CMake module files
[53.433s] Level 1:colcon.colcon_core.environment:checking '/workspaces/ros2-coding/install/isaac_ros2_messages' for CMake config files
[53.434s] Level 1:colcon.colcon_core.shell:create_environment_hook('isaac_ros2_messages', 'cmake_prefix_path')
[53.434s] INFO:colcon.colcon_core.shell:Creating environment hook '/workspaces/ros2-coding/install/isaac_ros2_messages/share/isaac_ros2_messages/hook/cmake_prefix_path.ps1'
[53.434s] INFO:colcon.colcon_core.shell:Creating environment descriptor '/workspaces/ros2-coding/install/isaac_ros2_messages/share/isaac_ros2_messages/hook/cmake_prefix_path.dsv'
[53.435s] INFO:colcon.colcon_core.shell:Creating environment hook '/workspaces/ros2-coding/install/isaac_ros2_messages/share/isaac_ros2_messages/hook/cmake_prefix_path.sh'
[53.435s] Level 1:colcon.colcon_core.environment:checking '/workspaces/ros2-coding/install/isaac_ros2_messages/lib'
[53.436s] Level 1:colcon.colcon_core.shell:create_environment_hook('isaac_ros2_messages', 'ld_library_path_lib')
[53.436s] INFO:colcon.colcon_core.shell:Creating environment hook '/workspaces/ros2-coding/install/isaac_ros2_messages/share/isaac_ros2_messages/hook/ld_library_path_lib.ps1'
[53.436s] INFO:colcon.colcon_core.shell:Creating environment descriptor '/workspaces/ros2-coding/install/isaac_ros2_messages/share/isaac_ros2_messages/hook/ld_library_path_lib.dsv'
[53.437s] INFO:colcon.colcon_core.shell:Creating environment hook '/workspaces/ros2-coding/install/isaac_ros2_messages/share/isaac_ros2_messages/hook/ld_library_path_lib.sh'
[53.437s] Level 1:colcon.colcon_core.environment:checking '/workspaces/ros2-coding/install/isaac_ros2_messages/bin'
[53.437s] Level 1:colcon.colcon_core.environment:checking '/workspaces/ros2-coding/install/isaac_ros2_messages/lib/pkgconfig/isaac_ros2_messages.pc'
[53.437s] Level 1:colcon.colcon_core.environment:checking '/workspaces/ros2-coding/install/isaac_ros2_messages/lib/python3.12/site-packages'
[53.438s] Level 1:colcon.colcon_core.shell:create_environment_hook('isaac_ros2_messages', 'pythonpath')
[53.438s] INFO:colcon.colcon_core.shell:Creating environment hook '/workspaces/ros2-coding/install/isaac_ros2_messages/share/isaac_ros2_messages/hook/pythonpath.ps1'
[53.438s] INFO:colcon.colcon_core.shell:Creating environment descriptor '/workspaces/ros2-coding/install/isaac_ros2_messages/share/isaac_ros2_messages/hook/pythonpath.dsv'
[53.439s] INFO:colcon.colcon_core.shell:Creating environment hook '/workspaces/ros2-coding/install/isaac_ros2_messages/share/isaac_ros2_messages/hook/pythonpath.sh'
[53.439s] Level 1:colcon.colcon_core.environment:checking '/workspaces/ros2-coding/install/isaac_ros2_messages/bin'
[53.440s] INFO:colcon.colcon_core.shell:Creating package script '/workspaces/ros2-coding/install/isaac_ros2_messages/share/isaac_ros2_messages/package.ps1'
[53.441s] INFO:colcon.colcon_core.shell:Creating package descriptor '/workspaces/ros2-coding/install/isaac_ros2_messages/share/isaac_ros2_messages/package.dsv'
[53.441s] INFO:colcon.colcon_core.shell:Creating package script '/workspaces/ros2-coding/install/isaac_ros2_messages/share/isaac_ros2_messages/package.sh'
[53.442s] INFO:colcon.colcon_core.shell:Creating package script '/workspaces/ros2-coding/install/isaac_ros2_messages/share/isaac_ros2_messages/package.bash'
[53.442s] INFO:colcon.colcon_core.shell:Creating package script '/workspaces/ros2-coding/install/isaac_ros2_messages/share/isaac_ros2_messages/package.zsh'
[53.443s] Level 1:colcon.colcon_core.environment:create_file_with_runtime_dependencies(/workspaces/ros2-coding/install/isaac_ros2_messages/share/colcon-core/packages/isaac_ros2_messages)
[53.443s] DEBUG:colcon.colcon_parallel_executor.executor.parallel:closing loop
[53.443s] DEBUG:colcon.colcon_parallel_executor.executor.parallel:loop closed
[53.444s] DEBUG:colcon.colcon_parallel_executor.executor.parallel:run_until_complete finished with '0'
[53.444s] DEBUG:colcon.colcon_core.event_reactor:joining thread
[53.452s] INFO:colcon.colcon_core.plugin_system:Skipping extension 'colcon_notification.desktop_notification.notify_send': Could not find 'notify-send'
[53.452s] INFO:colcon.colcon_core.plugin_system:Skipping extension 'colcon_notification.desktop_notification.terminal_notifier': Not used on non-Darwin systems
[53.452s] INFO:colcon.colcon_core.plugin_system:Skipping extension 'colcon_notification.desktop_notification.win32': Not used on non-Windows systems
[53.452s] INFO:colcon.colcon_notification.desktop_notification:Sending desktop notification using 'notify2'
[53.462s] DEBUG:colcon.colcon_notification.desktop_notification.notify2:Failed to initialize notify2: org.freedesktop.DBus.Error.ServiceUnknown: The name org.freedesktop.Notifications was not provided by any .service files
[53.462s] DEBUG:colcon.colcon_core.event_reactor:joined thread
[53.462s] INFO:colcon.colcon_core.shell:Creating prefix script '/workspaces/ros2-coding/install/local_setup.ps1'
[53.463s] INFO:colcon.colcon_core.shell:Creating prefix util module '/workspaces/ros2-coding/install/_local_setup_util_ps1.py'
[53.464s] INFO:colcon.colcon_core.shell:Creating prefix chain script '/workspaces/ros2-coding/install/setup.ps1'
[53.467s] INFO:colcon.colcon_core.shell:Creating prefix script '/workspaces/ros2-coding/install/local_setup.sh'
[53.467s] INFO:colcon.colcon_core.shell:Creating prefix util module '/workspaces/ros2-coding/install/_local_setup_util_sh.py'
[53.468s] INFO:colcon.colcon_core.shell:Creating prefix chain script '/workspaces/ros2-coding/install/setup.sh'
[53.470s] INFO:colcon.colcon_core.shell:Creating prefix script '/workspaces/ros2-coding/install/local_setup.bash'
[53.471s] INFO:colcon.colcon_core.shell:Creating prefix chain script '/workspaces/ros2-coding/install/setup.bash'
[53.473s] INFO:colcon.colcon_core.shell:Creating prefix script '/workspaces/ros2-coding/install/local_setup.zsh'
[53.473s] INFO:colcon.colcon_core.shell:Creating prefix chain script '/workspaces/ros2-coding/install/setup.zsh'
