[0.126s] DEBUG:colcon:Command line arguments: ['/usr/bin/colcon', 'build', '--symlink-install']
[0.126s] DEBUG:colcon:Parsed command line arguments: Namespace(log_base=None, log_level=None, verb_name='build', build_base='build', install_base='install', merge_install=False, symlink_install=True, test_result_base=None, continue_on_error=False, executor='parallel', parallel_workers=4, event_handlers=None, ignore_user_meta=False, metas=['./colcon.meta'], base_paths=['.'], packages_ignore=None, packages_ignore_regex=None, paths=None, packages_up_to=None, packages_up_to_regex=None, packages_above=None, packages_above_and_dependencies=None, packages_above_depth=None, packages_select_by_dep=None, packages_skip_by_dep=None, packages_skip_up_to=None, packages_select_build_failed=False, packages_skip_build_finished=False, packages_select_test_failures=False, packages_skip_test_passed=False, packages_select=None, packages_skip=None, packages_select_regex=None, packages_skip_regex=None, packages_start=None, packages_end=None, cmake_args=None, cmake_target=None, cmake_target_skip_unavailable=False, cmake_clean_cache=False, cmake_clean_first=False, cmake_force_configure=False, ament_cmake_args=None, catkin_cmake_args=None, catkin_skip_building_tests=False, mixin_files=None, mixin=None, verb_parser=<colcon_mixin.mixin.mixin_argument.MixinArgumentDecorator object at 0x709d1233c770>, verb_extension=<colcon_core.verb.build.BuildVerb object at 0x709d1233c410>, main=<bound method BuildVerb.main of <colcon_core.verb.build.BuildVerb object at 0x709d1233c410>>, mixin_verb=('build',))
[0.169s] Level 1:colcon.colcon_core.package_discovery:discover_packages(colcon_meta) check parameters
[0.169s] INFO:colcon.colcon_metadata.package_discovery.colcon_meta:Using configuration from '/root/.colcon/metadata/default/Gazebo.meta'
[0.170s] INFO:colcon.colcon_metadata.package_discovery.colcon_meta:Using configuration from '/root/.colcon/metadata/default/fastdds.meta'
[0.170s] INFO:colcon.colcon_metadata.package_discovery.colcon_meta:Using configuration from '/root/.colcon/metadata/default/fastrtps.meta'
[0.170s] Level 1:colcon.colcon_core.package_discovery:discover_packages(recursive) check parameters
[0.170s] Level 1:colcon.colcon_core.package_discovery:discover_packages(ignore) check parameters
[0.170s] Level 1:colcon.colcon_core.package_discovery:discover_packages(path) check parameters
[0.170s] Level 1:colcon.colcon_core.package_discovery:discover_packages(colcon_meta) discover
[0.171s] Level 1:colcon.colcon_core.package_discovery:discover_packages(recursive) discover
[0.171s] INFO:colcon.colcon_core.package_discovery:Crawling recursively for packages in '/workspaces/ros2-coding'
[0.171s] Level 1:colcon.colcon_core.package_identification:_identify(.) by extensions ['ignore', 'ignore_ament_install']
[0.171s] Level 1:colcon.colcon_core.package_identification:_identify(.) by extension 'ignore'
[0.171s] Level 1:colcon.colcon_core.package_identification:_identify(.) by extension 'ignore_ament_install'
[0.171s] Level 1:colcon.colcon_core.package_identification:_identify(.) by extensions ['colcon_pkg']
[0.171s] Level 1:colcon.colcon_core.package_identification:_identify(.) by extension 'colcon_pkg'
[0.171s] Level 1:colcon.colcon_core.package_identification:_identify(.) by extensions ['colcon_meta']
[0.171s] Level 1:colcon.colcon_core.package_identification:_identify(.) by extension 'colcon_meta'
[0.171s] Level 1:colcon.colcon_core.package_identification:_identify(.) by extensions ['ros']
[0.171s] Level 1:colcon.colcon_core.package_identification:_identify(.) by extension 'ros'
[0.196s] Level 1:colcon.colcon_core.package_identification:_identify(.) by extensions ['cmake', 'python']
[0.196s] Level 1:colcon.colcon_core.package_identification:_identify(.) by extension 'cmake'
[0.196s] Level 1:colcon.colcon_core.package_identification:_identify(.) by extension 'python'
[0.196s] Level 1:colcon.colcon_core.package_identification:_identify(.) by extensions ['python_setup_py']
[0.196s] Level 1:colcon.colcon_core.package_identification:_identify(.) by extension 'python_setup_py'
[0.197s] Level 1:colcon.colcon_core.package_identification:_identify(build) by extensions ['ignore', 'ignore_ament_install']
[0.197s] Level 1:colcon.colcon_core.package_identification:_identify(build) by extension 'ignore'
[0.197s] Level 1:colcon.colcon_core.package_identification:_identify(build) ignored
[0.197s] Level 1:colcon.colcon_core.package_identification:_identify(docker) by extensions ['ignore', 'ignore_ament_install']
[0.197s] Level 1:colcon.colcon_core.package_identification:_identify(docker) by extension 'ignore'
[0.197s] Level 1:colcon.colcon_core.package_identification:_identify(docker) by extension 'ignore_ament_install'
[0.197s] Level 1:colcon.colcon_core.package_identification:_identify(docker) by extensions ['colcon_pkg']
[0.197s] Level 1:colcon.colcon_core.package_identification:_identify(docker) by extension 'colcon_pkg'
[0.197s] Level 1:colcon.colcon_core.package_identification:_identify(docker) by extensions ['colcon_meta']
[0.197s] Level 1:colcon.colcon_core.package_identification:_identify(docker) by extension 'colcon_meta'
[0.197s] Level 1:colcon.colcon_core.package_identification:_identify(docker) by extensions ['ros']
[0.198s] Level 1:colcon.colcon_core.package_identification:_identify(docker) by extension 'ros'
[0.198s] Level 1:colcon.colcon_core.package_identification:_identify(docker) by extensions ['cmake', 'python']
[0.198s] Level 1:colcon.colcon_core.package_identification:_identify(docker) by extension 'cmake'
[0.198s] Level 1:colcon.colcon_core.package_identification:_identify(docker) by extension 'python'
[0.198s] Level 1:colcon.colcon_core.package_identification:_identify(docker) by extensions ['python_setup_py']
[0.198s] Level 1:colcon.colcon_core.package_identification:_identify(docker) by extension 'python_setup_py'
[0.198s] Level 1:colcon.colcon_core.package_identification:_identify(install) by extensions ['ignore', 'ignore_ament_install']
[0.198s] Level 1:colcon.colcon_core.package_identification:_identify(install) by extension 'ignore'
[0.198s] Level 1:colcon.colcon_core.package_identification:_identify(install) ignored
[0.198s] Level 1:colcon.colcon_core.package_identification:_identify(log) by extensions ['ignore', 'ignore_ament_install']
[0.199s] Level 1:colcon.colcon_core.package_identification:_identify(log) by extension 'ignore'
[0.199s] Level 1:colcon.colcon_core.package_identification:_identify(log) ignored
[0.199s] Level 1:colcon.colcon_core.package_identification:_identify(squashfs-root) by extensions ['ignore', 'ignore_ament_install']
[0.199s] Level 1:colcon.colcon_core.package_identification:_identify(squashfs-root) by extension 'ignore'
[0.199s] Level 1:colcon.colcon_core.package_identification:_identify(squashfs-root) by extension 'ignore_ament_install'
[0.199s] Level 1:colcon.colcon_core.package_identification:_identify(squashfs-root) by extensions ['colcon_pkg']
[0.199s] Level 1:colcon.colcon_core.package_identification:_identify(squashfs-root) by extension 'colcon_pkg'
[0.199s] Level 1:colcon.colcon_core.package_identification:_identify(squashfs-root) by extensions ['colcon_meta']
[0.199s] Level 1:colcon.colcon_core.package_identification:_identify(squashfs-root) by extension 'colcon_meta'
[0.199s] Level 1:colcon.colcon_core.package_identification:_identify(squashfs-root) by extensions ['ros']
[0.199s] Level 1:colcon.colcon_core.package_identification:_identify(squashfs-root) by extension 'ros'
[0.200s] Level 1:colcon.colcon_core.package_identification:_identify(squashfs-root) by extensions ['cmake', 'python']
[0.200s] Level 1:colcon.colcon_core.package_identification:_identify(squashfs-root) by extension 'cmake'
[0.200s] Level 1:colcon.colcon_core.package_identification:_identify(squashfs-root) by extension 'python'
[0.200s] Level 1:colcon.colcon_core.package_identification:_identify(squashfs-root) by extensions ['python_setup_py']
[0.200s] Level 1:colcon.colcon_core.package_identification:_identify(squashfs-root) by extension 'python_setup_py'
[0.200s] Level 1:colcon.colcon_core.package_identification:_identify(squashfs-root/locales) by extensions ['ignore', 'ignore_ament_install']
[0.200s] Level 1:colcon.colcon_core.package_identification:_identify(squashfs-root/locales) by extension 'ignore'
[0.200s] Level 1:colcon.colcon_core.package_identification:_identify(squashfs-root/locales) by extension 'ignore_ament_install'
[0.200s] Level 1:colcon.colcon_core.package_identification:_identify(squashfs-root/locales) by extensions ['colcon_pkg']
[0.200s] Level 1:colcon.colcon_core.package_identification:_identify(squashfs-root/locales) by extension 'colcon_pkg'
[0.200s] Level 1:colcon.colcon_core.package_identification:_identify(squashfs-root/locales) by extensions ['colcon_meta']
[0.200s] Level 1:colcon.colcon_core.package_identification:_identify(squashfs-root/locales) by extension 'colcon_meta'
[0.200s] Level 1:colcon.colcon_core.package_identification:_identify(squashfs-root/locales) by extensions ['ros']
[0.201s] Level 1:colcon.colcon_core.package_identification:_identify(squashfs-root/locales) by extension 'ros'
[0.201s] Level 1:colcon.colcon_core.package_identification:_identify(squashfs-root/locales) by extensions ['cmake', 'python']
[0.201s] Level 1:colcon.colcon_core.package_identification:_identify(squashfs-root/locales) by extension 'cmake'
[0.201s] Level 1:colcon.colcon_core.package_identification:_identify(squashfs-root/locales) by extension 'python'
[0.201s] Level 1:colcon.colcon_core.package_identification:_identify(squashfs-root/locales) by extensions ['python_setup_py']
[0.201s] Level 1:colcon.colcon_core.package_identification:_identify(squashfs-root/locales) by extension 'python_setup_py'
[0.201s] Level 1:colcon.colcon_core.package_identification:_identify(squashfs-root/resources) by extensions ['ignore', 'ignore_ament_install']
[0.201s] Level 1:colcon.colcon_core.package_identification:_identify(squashfs-root/resources) by extension 'ignore'
[0.201s] Level 1:colcon.colcon_core.package_identification:_identify(squashfs-root/resources) by extension 'ignore_ament_install'
[0.201s] Level 1:colcon.colcon_core.package_identification:_identify(squashfs-root/resources) by extensions ['colcon_pkg']
[0.201s] Level 1:colcon.colcon_core.package_identification:_identify(squashfs-root/resources) by extension 'colcon_pkg'
[0.202s] Level 1:colcon.colcon_core.package_identification:_identify(squashfs-root/resources) by extensions ['colcon_meta']
[0.202s] Level 1:colcon.colcon_core.package_identification:_identify(squashfs-root/resources) by extension 'colcon_meta'
[0.202s] Level 1:colcon.colcon_core.package_identification:_identify(squashfs-root/resources) by extensions ['ros']
[0.202s] Level 1:colcon.colcon_core.package_identification:_identify(squashfs-root/resources) by extension 'ros'
[0.202s] Level 1:colcon.colcon_core.package_identification:_identify(squashfs-root/resources) by extensions ['cmake', 'python']
[0.202s] Level 1:colcon.colcon_core.package_identification:_identify(squashfs-root/resources) by extension 'cmake'
[0.202s] Level 1:colcon.colcon_core.package_identification:_identify(squashfs-root/resources) by extension 'python'
[0.202s] Level 1:colcon.colcon_core.package_identification:_identify(squashfs-root/resources) by extensions ['python_setup_py']
[0.202s] Level 1:colcon.colcon_core.package_identification:_identify(squashfs-root/resources) by extension 'python_setup_py'
[0.202s] Level 1:colcon.colcon_core.package_identification:_identify(squashfs-root/usr) by extensions ['ignore', 'ignore_ament_install']
[0.202s] Level 1:colcon.colcon_core.package_identification:_identify(squashfs-root/usr) by extension 'ignore'
[0.202s] Level 1:colcon.colcon_core.package_identification:_identify(squashfs-root/usr) by extension 'ignore_ament_install'
[0.202s] Level 1:colcon.colcon_core.package_identification:_identify(squashfs-root/usr) by extensions ['colcon_pkg']
[0.203s] Level 1:colcon.colcon_core.package_identification:_identify(squashfs-root/usr) by extension 'colcon_pkg'
[0.203s] Level 1:colcon.colcon_core.package_identification:_identify(squashfs-root/usr) by extensions ['colcon_meta']
[0.203s] Level 1:colcon.colcon_core.package_identification:_identify(squashfs-root/usr) by extension 'colcon_meta'
[0.203s] Level 1:colcon.colcon_core.package_identification:_identify(squashfs-root/usr) by extensions ['ros']
[0.203s] Level 1:colcon.colcon_core.package_identification:_identify(squashfs-root/usr) by extension 'ros'
[0.203s] Level 1:colcon.colcon_core.package_identification:_identify(squashfs-root/usr) by extensions ['cmake', 'python']
[0.203s] Level 1:colcon.colcon_core.package_identification:_identify(squashfs-root/usr) by extension 'cmake'
[0.203s] Level 1:colcon.colcon_core.package_identification:_identify(squashfs-root/usr) by extension 'python'
[0.203s] Level 1:colcon.colcon_core.package_identification:_identify(squashfs-root/usr) by extensions ['python_setup_py']
[0.203s] Level 1:colcon.colcon_core.package_identification:_identify(squashfs-root/usr) by extension 'python_setup_py'
[0.203s] Level 1:colcon.colcon_core.package_identification:_identify(squashfs-root/usr/lib) by extensions ['ignore', 'ignore_ament_install']
[0.203s] Level 1:colcon.colcon_core.package_identification:_identify(squashfs-root/usr/lib) by extension 'ignore'
[0.203s] Level 1:colcon.colcon_core.package_identification:_identify(squashfs-root/usr/lib) by extension 'ignore_ament_install'
[0.204s] Level 1:colcon.colcon_core.package_identification:_identify(squashfs-root/usr/lib) by extensions ['colcon_pkg']
[0.204s] Level 1:colcon.colcon_core.package_identification:_identify(squashfs-root/usr/lib) by extension 'colcon_pkg'
[0.204s] Level 1:colcon.colcon_core.package_identification:_identify(squashfs-root/usr/lib) by extensions ['colcon_meta']
[0.204s] Level 1:colcon.colcon_core.package_identification:_identify(squashfs-root/usr/lib) by extension 'colcon_meta'
[0.204s] Level 1:colcon.colcon_core.package_identification:_identify(squashfs-root/usr/lib) by extensions ['ros']
[0.204s] Level 1:colcon.colcon_core.package_identification:_identify(squashfs-root/usr/lib) by extension 'ros'
[0.204s] Level 1:colcon.colcon_core.package_identification:_identify(squashfs-root/usr/lib) by extensions ['cmake', 'python']
[0.204s] Level 1:colcon.colcon_core.package_identification:_identify(squashfs-root/usr/lib) by extension 'cmake'
[0.204s] Level 1:colcon.colcon_core.package_identification:_identify(squashfs-root/usr/lib) by extension 'python'
[0.204s] Level 1:colcon.colcon_core.package_identification:_identify(squashfs-root/usr/lib) by extensions ['python_setup_py']
[0.204s] Level 1:colcon.colcon_core.package_identification:_identify(squashfs-root/usr/lib) by extension 'python_setup_py'
[0.204s] Level 1:colcon.colcon_core.package_identification:_identify(squashfs-root/usr/share) by extensions ['ignore', 'ignore_ament_install']
[0.205s] Level 1:colcon.colcon_core.package_identification:_identify(squashfs-root/usr/share) by extension 'ignore'
[0.205s] Level 1:colcon.colcon_core.package_identification:_identify(squashfs-root/usr/share) by extension 'ignore_ament_install'
[0.205s] Level 1:colcon.colcon_core.package_identification:_identify(squashfs-root/usr/share) by extensions ['colcon_pkg']
[0.205s] Level 1:colcon.colcon_core.package_identification:_identify(squashfs-root/usr/share) by extension 'colcon_pkg'
[0.205s] Level 1:colcon.colcon_core.package_identification:_identify(squashfs-root/usr/share) by extensions ['colcon_meta']
[0.205s] Level 1:colcon.colcon_core.package_identification:_identify(squashfs-root/usr/share) by extension 'colcon_meta'
[0.205s] Level 1:colcon.colcon_core.package_identification:_identify(squashfs-root/usr/share) by extensions ['ros']
[0.205s] Level 1:colcon.colcon_core.package_identification:_identify(squashfs-root/usr/share) by extension 'ros'
[0.205s] Level 1:colcon.colcon_core.package_identification:_identify(squashfs-root/usr/share) by extensions ['cmake', 'python']
[0.205s] Level 1:colcon.colcon_core.package_identification:_identify(squashfs-root/usr/share) by extension 'cmake'
[0.205s] Level 1:colcon.colcon_core.package_identification:_identify(squashfs-root/usr/share) by extension 'python'
[0.205s] Level 1:colcon.colcon_core.package_identification:_identify(squashfs-root/usr/share) by extensions ['python_setup_py']
[0.205s] Level 1:colcon.colcon_core.package_identification:_identify(squashfs-root/usr/share) by extension 'python_setup_py'
[0.205s] Level 1:colcon.colcon_core.package_identification:_identify(squashfs-root/usr/share/icons) by extensions ['ignore', 'ignore_ament_install']
[0.206s] Level 1:colcon.colcon_core.package_identification:_identify(squashfs-root/usr/share/icons) by extension 'ignore'
[0.206s] Level 1:colcon.colcon_core.package_identification:_identify(squashfs-root/usr/share/icons) by extension 'ignore_ament_install'
[0.206s] Level 1:colcon.colcon_core.package_identification:_identify(squashfs-root/usr/share/icons) by extensions ['colcon_pkg']
[0.206s] Level 1:colcon.colcon_core.package_identification:_identify(squashfs-root/usr/share/icons) by extension 'colcon_pkg'
[0.206s] Level 1:colcon.colcon_core.package_identification:_identify(squashfs-root/usr/share/icons) by extensions ['colcon_meta']
[0.206s] Level 1:colcon.colcon_core.package_identification:_identify(squashfs-root/usr/share/icons) by extension 'colcon_meta'
[0.206s] Level 1:colcon.colcon_core.package_identification:_identify(squashfs-root/usr/share/icons) by extensions ['ros']
[0.206s] Level 1:colcon.colcon_core.package_identification:_identify(squashfs-root/usr/share/icons) by extension 'ros'
[0.206s] Level 1:colcon.colcon_core.package_identification:_identify(squashfs-root/usr/share/icons) by extensions ['cmake', 'python']
[0.206s] Level 1:colcon.colcon_core.package_identification:_identify(squashfs-root/usr/share/icons) by extension 'cmake'
[0.206s] Level 1:colcon.colcon_core.package_identification:_identify(squashfs-root/usr/share/icons) by extension 'python'
[0.206s] Level 1:colcon.colcon_core.package_identification:_identify(squashfs-root/usr/share/icons) by extensions ['python_setup_py']
[0.206s] Level 1:colcon.colcon_core.package_identification:_identify(squashfs-root/usr/share/icons) by extension 'python_setup_py'
[0.206s] Level 1:colcon.colcon_core.package_identification:_identify(squashfs-root/usr/share/icons/hicolor) by extensions ['ignore', 'ignore_ament_install']
[0.207s] Level 1:colcon.colcon_core.package_identification:_identify(squashfs-root/usr/share/icons/hicolor) by extension 'ignore'
[0.207s] Level 1:colcon.colcon_core.package_identification:_identify(squashfs-root/usr/share/icons/hicolor) by extension 'ignore_ament_install'
[0.207s] Level 1:colcon.colcon_core.package_identification:_identify(squashfs-root/usr/share/icons/hicolor) by extensions ['colcon_pkg']
[0.207s] Level 1:colcon.colcon_core.package_identification:_identify(squashfs-root/usr/share/icons/hicolor) by extension 'colcon_pkg'
[0.207s] Level 1:colcon.colcon_core.package_identification:_identify(squashfs-root/usr/share/icons/hicolor) by extensions ['colcon_meta']
[0.207s] Level 1:colcon.colcon_core.package_identification:_identify(squashfs-root/usr/share/icons/hicolor) by extension 'colcon_meta'
[0.207s] Level 1:colcon.colcon_core.package_identification:_identify(squashfs-root/usr/share/icons/hicolor) by extensions ['ros']
[0.207s] Level 1:colcon.colcon_core.package_identification:_identify(squashfs-root/usr/share/icons/hicolor) by extension 'ros'
[0.207s] Level 1:colcon.colcon_core.package_identification:_identify(squashfs-root/usr/share/icons/hicolor) by extensions ['cmake', 'python']
[0.207s] Level 1:colcon.colcon_core.package_identification:_identify(squashfs-root/usr/share/icons/hicolor) by extension 'cmake'
[0.207s] Level 1:colcon.colcon_core.package_identification:_identify(squashfs-root/usr/share/icons/hicolor) by extension 'python'
[0.207s] Level 1:colcon.colcon_core.package_identification:_identify(squashfs-root/usr/share/icons/hicolor) by extensions ['python_setup_py']
[0.207s] Level 1:colcon.colcon_core.package_identification:_identify(squashfs-root/usr/share/icons/hicolor) by extension 'python_setup_py'
[0.207s] Level 1:colcon.colcon_core.package_identification:_identify(squashfs-root/usr/share/icons/hicolor/128x128) by extensions ['ignore', 'ignore_ament_install']
[0.208s] Level 1:colcon.colcon_core.package_identification:_identify(squashfs-root/usr/share/icons/hicolor/128x128) by extension 'ignore'
[0.208s] Level 1:colcon.colcon_core.package_identification:_identify(squashfs-root/usr/share/icons/hicolor/128x128) by extension 'ignore_ament_install'
[0.208s] Level 1:colcon.colcon_core.package_identification:_identify(squashfs-root/usr/share/icons/hicolor/128x128) by extensions ['colcon_pkg']
[0.208s] Level 1:colcon.colcon_core.package_identification:_identify(squashfs-root/usr/share/icons/hicolor/128x128) by extension 'colcon_pkg'
[0.208s] Level 1:colcon.colcon_core.package_identification:_identify(squashfs-root/usr/share/icons/hicolor/128x128) by extensions ['colcon_meta']
[0.208s] Level 1:colcon.colcon_core.package_identification:_identify(squashfs-root/usr/share/icons/hicolor/128x128) by extension 'colcon_meta'
[0.208s] Level 1:colcon.colcon_core.package_identification:_identify(squashfs-root/usr/share/icons/hicolor/128x128) by extensions ['ros']
[0.208s] Level 1:colcon.colcon_core.package_identification:_identify(squashfs-root/usr/share/icons/hicolor/128x128) by extension 'ros'
[0.208s] Level 1:colcon.colcon_core.package_identification:_identify(squashfs-root/usr/share/icons/hicolor/128x128) by extensions ['cmake', 'python']
[0.208s] Level 1:colcon.colcon_core.package_identification:_identify(squashfs-root/usr/share/icons/hicolor/128x128) by extension 'cmake'
[0.208s] Level 1:colcon.colcon_core.package_identification:_identify(squashfs-root/usr/share/icons/hicolor/128x128) by extension 'python'
[0.208s] Level 1:colcon.colcon_core.package_identification:_identify(squashfs-root/usr/share/icons/hicolor/128x128) by extensions ['python_setup_py']
[0.208s] Level 1:colcon.colcon_core.package_identification:_identify(squashfs-root/usr/share/icons/hicolor/128x128) by extension 'python_setup_py'
[0.208s] Level 1:colcon.colcon_core.package_identification:_identify(squashfs-root/usr/share/icons/hicolor/128x128/apps) by extensions ['ignore', 'ignore_ament_install']
[0.209s] Level 1:colcon.colcon_core.package_identification:_identify(squashfs-root/usr/share/icons/hicolor/128x128/apps) by extension 'ignore'
[0.209s] Level 1:colcon.colcon_core.package_identification:_identify(squashfs-root/usr/share/icons/hicolor/128x128/apps) by extension 'ignore_ament_install'
[0.209s] Level 1:colcon.colcon_core.package_identification:_identify(squashfs-root/usr/share/icons/hicolor/128x128/apps) by extensions ['colcon_pkg']
[0.209s] Level 1:colcon.colcon_core.package_identification:_identify(squashfs-root/usr/share/icons/hicolor/128x128/apps) by extension 'colcon_pkg'
[0.209s] Level 1:colcon.colcon_core.package_identification:_identify(squashfs-root/usr/share/icons/hicolor/128x128/apps) by extensions ['colcon_meta']
[0.209s] Level 1:colcon.colcon_core.package_identification:_identify(squashfs-root/usr/share/icons/hicolor/128x128/apps) by extension 'colcon_meta'
[0.209s] Level 1:colcon.colcon_core.package_identification:_identify(squashfs-root/usr/share/icons/hicolor/128x128/apps) by extensions ['ros']
[0.209s] Level 1:colcon.colcon_core.package_identification:_identify(squashfs-root/usr/share/icons/hicolor/128x128/apps) by extension 'ros'
[0.209s] Level 1:colcon.colcon_core.package_identification:_identify(squashfs-root/usr/share/icons/hicolor/128x128/apps) by extensions ['cmake', 'python']
[0.209s] Level 1:colcon.colcon_core.package_identification:_identify(squashfs-root/usr/share/icons/hicolor/128x128/apps) by extension 'cmake'
[0.209s] Level 1:colcon.colcon_core.package_identification:_identify(squashfs-root/usr/share/icons/hicolor/128x128/apps) by extension 'python'
[0.209s] Level 1:colcon.colcon_core.package_identification:_identify(squashfs-root/usr/share/icons/hicolor/128x128/apps) by extensions ['python_setup_py']
[0.209s] Level 1:colcon.colcon_core.package_identification:_identify(squashfs-root/usr/share/icons/hicolor/128x128/apps) by extension 'python_setup_py'
[0.209s] Level 1:colcon.colcon_core.package_identification:_identify(squashfs-root/usr/share/icons/hicolor/16x16) by extensions ['ignore', 'ignore_ament_install']
[0.209s] Level 1:colcon.colcon_core.package_identification:_identify(squashfs-root/usr/share/icons/hicolor/16x16) by extension 'ignore'
[0.210s] Level 1:colcon.colcon_core.package_identification:_identify(squashfs-root/usr/share/icons/hicolor/16x16) by extension 'ignore_ament_install'
[0.210s] Level 1:colcon.colcon_core.package_identification:_identify(squashfs-root/usr/share/icons/hicolor/16x16) by extensions ['colcon_pkg']
[0.210s] Level 1:colcon.colcon_core.package_identification:_identify(squashfs-root/usr/share/icons/hicolor/16x16) by extension 'colcon_pkg'
[0.210s] Level 1:colcon.colcon_core.package_identification:_identify(squashfs-root/usr/share/icons/hicolor/16x16) by extensions ['colcon_meta']
[0.210s] Level 1:colcon.colcon_core.package_identification:_identify(squashfs-root/usr/share/icons/hicolor/16x16) by extension 'colcon_meta'
[0.210s] Level 1:colcon.colcon_core.package_identification:_identify(squashfs-root/usr/share/icons/hicolor/16x16) by extensions ['ros']
[0.210s] Level 1:colcon.colcon_core.package_identification:_identify(squashfs-root/usr/share/icons/hicolor/16x16) by extension 'ros'
[0.210s] Level 1:colcon.colcon_core.package_identification:_identify(squashfs-root/usr/share/icons/hicolor/16x16) by extensions ['cmake', 'python']
[0.210s] Level 1:colcon.colcon_core.package_identification:_identify(squashfs-root/usr/share/icons/hicolor/16x16) by extension 'cmake'
[0.210s] Level 1:colcon.colcon_core.package_identification:_identify(squashfs-root/usr/share/icons/hicolor/16x16) by extension 'python'
[0.210s] Level 1:colcon.colcon_core.package_identification:_identify(squashfs-root/usr/share/icons/hicolor/16x16) by extensions ['python_setup_py']
[0.210s] Level 1:colcon.colcon_core.package_identification:_identify(squashfs-root/usr/share/icons/hicolor/16x16) by extension 'python_setup_py'
[0.210s] Level 1:colcon.colcon_core.package_identification:_identify(squashfs-root/usr/share/icons/hicolor/16x16/apps) by extensions ['ignore', 'ignore_ament_install']
[0.210s] Level 1:colcon.colcon_core.package_identification:_identify(squashfs-root/usr/share/icons/hicolor/16x16/apps) by extension 'ignore'
[0.211s] Level 1:colcon.colcon_core.package_identification:_identify(squashfs-root/usr/share/icons/hicolor/16x16/apps) by extension 'ignore_ament_install'
[0.211s] Level 1:colcon.colcon_core.package_identification:_identify(squashfs-root/usr/share/icons/hicolor/16x16/apps) by extensions ['colcon_pkg']
[0.211s] Level 1:colcon.colcon_core.package_identification:_identify(squashfs-root/usr/share/icons/hicolor/16x16/apps) by extension 'colcon_pkg'
[0.211s] Level 1:colcon.colcon_core.package_identification:_identify(squashfs-root/usr/share/icons/hicolor/16x16/apps) by extensions ['colcon_meta']
[0.211s] Level 1:colcon.colcon_core.package_identification:_identify(squashfs-root/usr/share/icons/hicolor/16x16/apps) by extension 'colcon_meta'
[0.211s] Level 1:colcon.colcon_core.package_identification:_identify(squashfs-root/usr/share/icons/hicolor/16x16/apps) by extensions ['ros']
[0.211s] Level 1:colcon.colcon_core.package_identification:_identify(squashfs-root/usr/share/icons/hicolor/16x16/apps) by extension 'ros'
[0.211s] Level 1:colcon.colcon_core.package_identification:_identify(squashfs-root/usr/share/icons/hicolor/16x16/apps) by extensions ['cmake', 'python']
[0.211s] Level 1:colcon.colcon_core.package_identification:_identify(squashfs-root/usr/share/icons/hicolor/16x16/apps) by extension 'cmake'
[0.211s] Level 1:colcon.colcon_core.package_identification:_identify(squashfs-root/usr/share/icons/hicolor/16x16/apps) by extension 'python'
[0.211s] Level 1:colcon.colcon_core.package_identification:_identify(squashfs-root/usr/share/icons/hicolor/16x16/apps) by extensions ['python_setup_py']
[0.211s] Level 1:colcon.colcon_core.package_identification:_identify(squashfs-root/usr/share/icons/hicolor/16x16/apps) by extension 'python_setup_py'
[0.211s] Level 1:colcon.colcon_core.package_identification:_identify(squashfs-root/usr/share/icons/hicolor/256x256) by extensions ['ignore', 'ignore_ament_install']
[0.211s] Level 1:colcon.colcon_core.package_identification:_identify(squashfs-root/usr/share/icons/hicolor/256x256) by extension 'ignore'
[0.212s] Level 1:colcon.colcon_core.package_identification:_identify(squashfs-root/usr/share/icons/hicolor/256x256) by extension 'ignore_ament_install'
[0.212s] Level 1:colcon.colcon_core.package_identification:_identify(squashfs-root/usr/share/icons/hicolor/256x256) by extensions ['colcon_pkg']
[0.212s] Level 1:colcon.colcon_core.package_identification:_identify(squashfs-root/usr/share/icons/hicolor/256x256) by extension 'colcon_pkg'
[0.212s] Level 1:colcon.colcon_core.package_identification:_identify(squashfs-root/usr/share/icons/hicolor/256x256) by extensions ['colcon_meta']
[0.212s] Level 1:colcon.colcon_core.package_identification:_identify(squashfs-root/usr/share/icons/hicolor/256x256) by extension 'colcon_meta'
[0.212s] Level 1:colcon.colcon_core.package_identification:_identify(squashfs-root/usr/share/icons/hicolor/256x256) by extensions ['ros']
[0.212s] Level 1:colcon.colcon_core.package_identification:_identify(squashfs-root/usr/share/icons/hicolor/256x256) by extension 'ros'
[0.212s] Level 1:colcon.colcon_core.package_identification:_identify(squashfs-root/usr/share/icons/hicolor/256x256) by extensions ['cmake', 'python']
[0.212s] Level 1:colcon.colcon_core.package_identification:_identify(squashfs-root/usr/share/icons/hicolor/256x256) by extension 'cmake'
[0.212s] Level 1:colcon.colcon_core.package_identification:_identify(squashfs-root/usr/share/icons/hicolor/256x256) by extension 'python'
[0.212s] Level 1:colcon.colcon_core.package_identification:_identify(squashfs-root/usr/share/icons/hicolor/256x256) by extensions ['python_setup_py']
[0.212s] Level 1:colcon.colcon_core.package_identification:_identify(squashfs-root/usr/share/icons/hicolor/256x256) by extension 'python_setup_py'
[0.212s] Level 1:colcon.colcon_core.package_identification:_identify(squashfs-root/usr/share/icons/hicolor/256x256/apps) by extensions ['ignore', 'ignore_ament_install']
[0.212s] Level 1:colcon.colcon_core.package_identification:_identify(squashfs-root/usr/share/icons/hicolor/256x256/apps) by extension 'ignore'
[0.213s] Level 1:colcon.colcon_core.package_identification:_identify(squashfs-root/usr/share/icons/hicolor/256x256/apps) by extension 'ignore_ament_install'
[0.213s] Level 1:colcon.colcon_core.package_identification:_identify(squashfs-root/usr/share/icons/hicolor/256x256/apps) by extensions ['colcon_pkg']
[0.213s] Level 1:colcon.colcon_core.package_identification:_identify(squashfs-root/usr/share/icons/hicolor/256x256/apps) by extension 'colcon_pkg'
[0.213s] Level 1:colcon.colcon_core.package_identification:_identify(squashfs-root/usr/share/icons/hicolor/256x256/apps) by extensions ['colcon_meta']
[0.213s] Level 1:colcon.colcon_core.package_identification:_identify(squashfs-root/usr/share/icons/hicolor/256x256/apps) by extension 'colcon_meta'
[0.213s] Level 1:colcon.colcon_core.package_identification:_identify(squashfs-root/usr/share/icons/hicolor/256x256/apps) by extensions ['ros']
[0.213s] Level 1:colcon.colcon_core.package_identification:_identify(squashfs-root/usr/share/icons/hicolor/256x256/apps) by extension 'ros'
[0.213s] Level 1:colcon.colcon_core.package_identification:_identify(squashfs-root/usr/share/icons/hicolor/256x256/apps) by extensions ['cmake', 'python']
[0.213s] Level 1:colcon.colcon_core.package_identification:_identify(squashfs-root/usr/share/icons/hicolor/256x256/apps) by extension 'cmake'
[0.213s] Level 1:colcon.colcon_core.package_identification:_identify(squashfs-root/usr/share/icons/hicolor/256x256/apps) by extension 'python'
[0.213s] Level 1:colcon.colcon_core.package_identification:_identify(squashfs-root/usr/share/icons/hicolor/256x256/apps) by extensions ['python_setup_py']
[0.213s] Level 1:colcon.colcon_core.package_identification:_identify(squashfs-root/usr/share/icons/hicolor/256x256/apps) by extension 'python_setup_py'
[0.213s] Level 1:colcon.colcon_core.package_identification:_identify(squashfs-root/usr/share/icons/hicolor/32x32) by extensions ['ignore', 'ignore_ament_install']
[0.213s] Level 1:colcon.colcon_core.package_identification:_identify(squashfs-root/usr/share/icons/hicolor/32x32) by extension 'ignore'
[0.214s] Level 1:colcon.colcon_core.package_identification:_identify(squashfs-root/usr/share/icons/hicolor/32x32) by extension 'ignore_ament_install'
[0.214s] Level 1:colcon.colcon_core.package_identification:_identify(squashfs-root/usr/share/icons/hicolor/32x32) by extensions ['colcon_pkg']
[0.214s] Level 1:colcon.colcon_core.package_identification:_identify(squashfs-root/usr/share/icons/hicolor/32x32) by extension 'colcon_pkg'
[0.214s] Level 1:colcon.colcon_core.package_identification:_identify(squashfs-root/usr/share/icons/hicolor/32x32) by extensions ['colcon_meta']
[0.214s] Level 1:colcon.colcon_core.package_identification:_identify(squashfs-root/usr/share/icons/hicolor/32x32) by extension 'colcon_meta'
[0.214s] Level 1:colcon.colcon_core.package_identification:_identify(squashfs-root/usr/share/icons/hicolor/32x32) by extensions ['ros']
[0.214s] Level 1:colcon.colcon_core.package_identification:_identify(squashfs-root/usr/share/icons/hicolor/32x32) by extension 'ros'
[0.214s] Level 1:colcon.colcon_core.package_identification:_identify(squashfs-root/usr/share/icons/hicolor/32x32) by extensions ['cmake', 'python']
[0.214s] Level 1:colcon.colcon_core.package_identification:_identify(squashfs-root/usr/share/icons/hicolor/32x32) by extension 'cmake'
[0.214s] Level 1:colcon.colcon_core.package_identification:_identify(squashfs-root/usr/share/icons/hicolor/32x32) by extension 'python'
[0.214s] Level 1:colcon.colcon_core.package_identification:_identify(squashfs-root/usr/share/icons/hicolor/32x32) by extensions ['python_setup_py']
[0.214s] Level 1:colcon.colcon_core.package_identification:_identify(squashfs-root/usr/share/icons/hicolor/32x32) by extension 'python_setup_py'
[0.214s] Level 1:colcon.colcon_core.package_identification:_identify(squashfs-root/usr/share/icons/hicolor/32x32/apps) by extensions ['ignore', 'ignore_ament_install']
[0.215s] Level 1:colcon.colcon_core.package_identification:_identify(squashfs-root/usr/share/icons/hicolor/32x32/apps) by extension 'ignore'
[0.215s] Level 1:colcon.colcon_core.package_identification:_identify(squashfs-root/usr/share/icons/hicolor/32x32/apps) by extension 'ignore_ament_install'
[0.215s] Level 1:colcon.colcon_core.package_identification:_identify(squashfs-root/usr/share/icons/hicolor/32x32/apps) by extensions ['colcon_pkg']
[0.215s] Level 1:colcon.colcon_core.package_identification:_identify(squashfs-root/usr/share/icons/hicolor/32x32/apps) by extension 'colcon_pkg'
[0.215s] Level 1:colcon.colcon_core.package_identification:_identify(squashfs-root/usr/share/icons/hicolor/32x32/apps) by extensions ['colcon_meta']
[0.215s] Level 1:colcon.colcon_core.package_identification:_identify(squashfs-root/usr/share/icons/hicolor/32x32/apps) by extension 'colcon_meta'
[0.215s] Level 1:colcon.colcon_core.package_identification:_identify(squashfs-root/usr/share/icons/hicolor/32x32/apps) by extensions ['ros']
[0.215s] Level 1:colcon.colcon_core.package_identification:_identify(squashfs-root/usr/share/icons/hicolor/32x32/apps) by extension 'ros'
[0.215s] Level 1:colcon.colcon_core.package_identification:_identify(squashfs-root/usr/share/icons/hicolor/32x32/apps) by extensions ['cmake', 'python']
[0.215s] Level 1:colcon.colcon_core.package_identification:_identify(squashfs-root/usr/share/icons/hicolor/32x32/apps) by extension 'cmake'
[0.215s] Level 1:colcon.colcon_core.package_identification:_identify(squashfs-root/usr/share/icons/hicolor/32x32/apps) by extension 'python'
[0.215s] Level 1:colcon.colcon_core.package_identification:_identify(squashfs-root/usr/share/icons/hicolor/32x32/apps) by extensions ['python_setup_py']
[0.215s] Level 1:colcon.colcon_core.package_identification:_identify(squashfs-root/usr/share/icons/hicolor/32x32/apps) by extension 'python_setup_py'
[0.215s] Level 1:colcon.colcon_core.package_identification:_identify(squashfs-root/usr/share/icons/hicolor/48x48) by extensions ['ignore', 'ignore_ament_install']
[0.215s] Level 1:colcon.colcon_core.package_identification:_identify(squashfs-root/usr/share/icons/hicolor/48x48) by extension 'ignore'
[0.216s] Level 1:colcon.colcon_core.package_identification:_identify(squashfs-root/usr/share/icons/hicolor/48x48) by extension 'ignore_ament_install'
[0.216s] Level 1:colcon.colcon_core.package_identification:_identify(squashfs-root/usr/share/icons/hicolor/48x48) by extensions ['colcon_pkg']
[0.216s] Level 1:colcon.colcon_core.package_identification:_identify(squashfs-root/usr/share/icons/hicolor/48x48) by extension 'colcon_pkg'
[0.216s] Level 1:colcon.colcon_core.package_identification:_identify(squashfs-root/usr/share/icons/hicolor/48x48) by extensions ['colcon_meta']
[0.216s] Level 1:colcon.colcon_core.package_identification:_identify(squashfs-root/usr/share/icons/hicolor/48x48) by extension 'colcon_meta'
[0.216s] Level 1:colcon.colcon_core.package_identification:_identify(squashfs-root/usr/share/icons/hicolor/48x48) by extensions ['ros']
[0.216s] Level 1:colcon.colcon_core.package_identification:_identify(squashfs-root/usr/share/icons/hicolor/48x48) by extension 'ros'
[0.216s] Level 1:colcon.colcon_core.package_identification:_identify(squashfs-root/usr/share/icons/hicolor/48x48) by extensions ['cmake', 'python']
[0.216s] Level 1:colcon.colcon_core.package_identification:_identify(squashfs-root/usr/share/icons/hicolor/48x48) by extension 'cmake'
[0.216s] Level 1:colcon.colcon_core.package_identification:_identify(squashfs-root/usr/share/icons/hicolor/48x48) by extension 'python'
[0.216s] Level 1:colcon.colcon_core.package_identification:_identify(squashfs-root/usr/share/icons/hicolor/48x48) by extensions ['python_setup_py']
[0.216s] Level 1:colcon.colcon_core.package_identification:_identify(squashfs-root/usr/share/icons/hicolor/48x48) by extension 'python_setup_py'
[0.216s] Level 1:colcon.colcon_core.package_identification:_identify(squashfs-root/usr/share/icons/hicolor/48x48/apps) by extensions ['ignore', 'ignore_ament_install']
[0.216s] Level 1:colcon.colcon_core.package_identification:_identify(squashfs-root/usr/share/icons/hicolor/48x48/apps) by extension 'ignore'
[0.217s] Level 1:colcon.colcon_core.package_identification:_identify(squashfs-root/usr/share/icons/hicolor/48x48/apps) by extension 'ignore_ament_install'
[0.217s] Level 1:colcon.colcon_core.package_identification:_identify(squashfs-root/usr/share/icons/hicolor/48x48/apps) by extensions ['colcon_pkg']
[0.217s] Level 1:colcon.colcon_core.package_identification:_identify(squashfs-root/usr/share/icons/hicolor/48x48/apps) by extension 'colcon_pkg'
[0.217s] Level 1:colcon.colcon_core.package_identification:_identify(squashfs-root/usr/share/icons/hicolor/48x48/apps) by extensions ['colcon_meta']
[0.217s] Level 1:colcon.colcon_core.package_identification:_identify(squashfs-root/usr/share/icons/hicolor/48x48/apps) by extension 'colcon_meta'
[0.217s] Level 1:colcon.colcon_core.package_identification:_identify(squashfs-root/usr/share/icons/hicolor/48x48/apps) by extensions ['ros']
[0.217s] Level 1:colcon.colcon_core.package_identification:_identify(squashfs-root/usr/share/icons/hicolor/48x48/apps) by extension 'ros'
[0.217s] Level 1:colcon.colcon_core.package_identification:_identify(squashfs-root/usr/share/icons/hicolor/48x48/apps) by extensions ['cmake', 'python']
[0.217s] Level 1:colcon.colcon_core.package_identification:_identify(squashfs-root/usr/share/icons/hicolor/48x48/apps) by extension 'cmake'
[0.217s] Level 1:colcon.colcon_core.package_identification:_identify(squashfs-root/usr/share/icons/hicolor/48x48/apps) by extension 'python'
[0.217s] Level 1:colcon.colcon_core.package_identification:_identify(squashfs-root/usr/share/icons/hicolor/48x48/apps) by extensions ['python_setup_py']
[0.217s] Level 1:colcon.colcon_core.package_identification:_identify(squashfs-root/usr/share/icons/hicolor/48x48/apps) by extension 'python_setup_py'
[0.217s] Level 1:colcon.colcon_core.package_identification:_identify(squashfs-root/usr/share/icons/hicolor/64x64) by extensions ['ignore', 'ignore_ament_install']
[0.217s] Level 1:colcon.colcon_core.package_identification:_identify(squashfs-root/usr/share/icons/hicolor/64x64) by extension 'ignore'
[0.217s] Level 1:colcon.colcon_core.package_identification:_identify(squashfs-root/usr/share/icons/hicolor/64x64) by extension 'ignore_ament_install'
[0.218s] Level 1:colcon.colcon_core.package_identification:_identify(squashfs-root/usr/share/icons/hicolor/64x64) by extensions ['colcon_pkg']
[0.218s] Level 1:colcon.colcon_core.package_identification:_identify(squashfs-root/usr/share/icons/hicolor/64x64) by extension 'colcon_pkg'
[0.218s] Level 1:colcon.colcon_core.package_identification:_identify(squashfs-root/usr/share/icons/hicolor/64x64) by extensions ['colcon_meta']
[0.218s] Level 1:colcon.colcon_core.package_identification:_identify(squashfs-root/usr/share/icons/hicolor/64x64) by extension 'colcon_meta'
[0.218s] Level 1:colcon.colcon_core.package_identification:_identify(squashfs-root/usr/share/icons/hicolor/64x64) by extensions ['ros']
[0.218s] Level 1:colcon.colcon_core.package_identification:_identify(squashfs-root/usr/share/icons/hicolor/64x64) by extension 'ros'
[0.218s] Level 1:colcon.colcon_core.package_identification:_identify(squashfs-root/usr/share/icons/hicolor/64x64) by extensions ['cmake', 'python']
[0.218s] Level 1:colcon.colcon_core.package_identification:_identify(squashfs-root/usr/share/icons/hicolor/64x64) by extension 'cmake'
[0.218s] Level 1:colcon.colcon_core.package_identification:_identify(squashfs-root/usr/share/icons/hicolor/64x64) by extension 'python'
[0.218s] Level 1:colcon.colcon_core.package_identification:_identify(squashfs-root/usr/share/icons/hicolor/64x64) by extensions ['python_setup_py']
[0.218s] Level 1:colcon.colcon_core.package_identification:_identify(squashfs-root/usr/share/icons/hicolor/64x64) by extension 'python_setup_py'
[0.218s] Level 1:colcon.colcon_core.package_identification:_identify(squashfs-root/usr/share/icons/hicolor/64x64/apps) by extensions ['ignore', 'ignore_ament_install']
[0.218s] Level 1:colcon.colcon_core.package_identification:_identify(squashfs-root/usr/share/icons/hicolor/64x64/apps) by extension 'ignore'
[0.218s] Level 1:colcon.colcon_core.package_identification:_identify(squashfs-root/usr/share/icons/hicolor/64x64/apps) by extension 'ignore_ament_install'
[0.219s] Level 1:colcon.colcon_core.package_identification:_identify(squashfs-root/usr/share/icons/hicolor/64x64/apps) by extensions ['colcon_pkg']
[0.219s] Level 1:colcon.colcon_core.package_identification:_identify(squashfs-root/usr/share/icons/hicolor/64x64/apps) by extension 'colcon_pkg'
[0.219s] Level 1:colcon.colcon_core.package_identification:_identify(squashfs-root/usr/share/icons/hicolor/64x64/apps) by extensions ['colcon_meta']
[0.219s] Level 1:colcon.colcon_core.package_identification:_identify(squashfs-root/usr/share/icons/hicolor/64x64/apps) by extension 'colcon_meta'
[0.219s] Level 1:colcon.colcon_core.package_identification:_identify(squashfs-root/usr/share/icons/hicolor/64x64/apps) by extensions ['ros']
[0.219s] Level 1:colcon.colcon_core.package_identification:_identify(squashfs-root/usr/share/icons/hicolor/64x64/apps) by extension 'ros'
[0.219s] Level 1:colcon.colcon_core.package_identification:_identify(squashfs-root/usr/share/icons/hicolor/64x64/apps) by extensions ['cmake', 'python']
[0.219s] Level 1:colcon.colcon_core.package_identification:_identify(squashfs-root/usr/share/icons/hicolor/64x64/apps) by extension 'cmake'
[0.219s] Level 1:colcon.colcon_core.package_identification:_identify(squashfs-root/usr/share/icons/hicolor/64x64/apps) by extension 'python'
[0.219s] Level 1:colcon.colcon_core.package_identification:_identify(squashfs-root/usr/share/icons/hicolor/64x64/apps) by extensions ['python_setup_py']
[0.219s] Level 1:colcon.colcon_core.package_identification:_identify(squashfs-root/usr/share/icons/hicolor/64x64/apps) by extension 'python_setup_py'
[0.219s] Level 1:colcon.colcon_core.package_identification:_identify(turtlesim_ws) by extensions ['ignore', 'ignore_ament_install']
[0.219s] Level 1:colcon.colcon_core.package_identification:_identify(turtlesim_ws) by extension 'ignore'
[0.219s] Level 1:colcon.colcon_core.package_identification:_identify(turtlesim_ws) by extension 'ignore_ament_install'
[0.219s] Level 1:colcon.colcon_core.package_identification:_identify(turtlesim_ws) by extensions ['colcon_pkg']
[0.220s] Level 1:colcon.colcon_core.package_identification:_identify(turtlesim_ws) by extension 'colcon_pkg'
[0.220s] Level 1:colcon.colcon_core.package_identification:_identify(turtlesim_ws) by extensions ['colcon_meta']
[0.220s] Level 1:colcon.colcon_core.package_identification:_identify(turtlesim_ws) by extension 'colcon_meta'
[0.220s] Level 1:colcon.colcon_core.package_identification:_identify(turtlesim_ws) by extensions ['ros']
[0.220s] Level 1:colcon.colcon_core.package_identification:_identify(turtlesim_ws) by extension 'ros'
[0.220s] Level 1:colcon.colcon_core.package_identification:_identify(turtlesim_ws) by extensions ['cmake', 'python']
[0.220s] Level 1:colcon.colcon_core.package_identification:_identify(turtlesim_ws) by extension 'cmake'
[0.220s] Level 1:colcon.colcon_core.package_identification:_identify(turtlesim_ws) by extension 'python'
[0.220s] Level 1:colcon.colcon_core.package_identification:_identify(turtlesim_ws) by extensions ['python_setup_py']
[0.220s] Level 1:colcon.colcon_core.package_identification:_identify(turtlesim_ws) by extension 'python_setup_py'
[0.220s] Level 1:colcon.colcon_core.package_identification:_identify(turtlesim_ws/src) by extensions ['ignore', 'ignore_ament_install']
[0.220s] Level 1:colcon.colcon_core.package_identification:_identify(turtlesim_ws/src) by extension 'ignore'
[0.220s] Level 1:colcon.colcon_core.package_identification:_identify(turtlesim_ws/src) by extension 'ignore_ament_install'
[0.220s] Level 1:colcon.colcon_core.package_identification:_identify(turtlesim_ws/src) by extensions ['colcon_pkg']
[0.220s] Level 1:colcon.colcon_core.package_identification:_identify(turtlesim_ws/src) by extension 'colcon_pkg'
[0.220s] Level 1:colcon.colcon_core.package_identification:_identify(turtlesim_ws/src) by extensions ['colcon_meta']
[0.221s] Level 1:colcon.colcon_core.package_identification:_identify(turtlesim_ws/src) by extension 'colcon_meta'
[0.221s] Level 1:colcon.colcon_core.package_identification:_identify(turtlesim_ws/src) by extensions ['ros']
[0.221s] Level 1:colcon.colcon_core.package_identification:_identify(turtlesim_ws/src) by extension 'ros'
[0.221s] Level 1:colcon.colcon_core.package_identification:_identify(turtlesim_ws/src) by extensions ['cmake', 'python']
[0.221s] Level 1:colcon.colcon_core.package_identification:_identify(turtlesim_ws/src) by extension 'cmake'
[0.221s] Level 1:colcon.colcon_core.package_identification:_identify(turtlesim_ws/src) by extension 'python'
[0.221s] Level 1:colcon.colcon_core.package_identification:_identify(turtlesim_ws/src) by extensions ['python_setup_py']
[0.221s] Level 1:colcon.colcon_core.package_identification:_identify(turtlesim_ws/src) by extension 'python_setup_py'
[0.221s] Level 1:colcon.colcon_core.package_identification:_identify(turtlesim_ws/src/cmdvel_to_ackermann) by extensions ['ignore', 'ignore_ament_install']
[0.221s] Level 1:colcon.colcon_core.package_identification:_identify(turtlesim_ws/src/cmdvel_to_ackermann) by extension 'ignore'
[0.221s] Level 1:colcon.colcon_core.package_identification:_identify(turtlesim_ws/src/cmdvel_to_ackermann) by extension 'ignore_ament_install'
[0.221s] Level 1:colcon.colcon_core.package_identification:_identify(turtlesim_ws/src/cmdvel_to_ackermann) by extensions ['colcon_pkg']
[0.221s] Level 1:colcon.colcon_core.package_identification:_identify(turtlesim_ws/src/cmdvel_to_ackermann) by extension 'colcon_pkg'
[0.221s] Level 1:colcon.colcon_core.package_identification:_identify(turtlesim_ws/src/cmdvel_to_ackermann) by extensions ['colcon_meta']
[0.221s] Level 1:colcon.colcon_core.package_identification:_identify(turtlesim_ws/src/cmdvel_to_ackermann) by extension 'colcon_meta'
[0.221s] Level 1:colcon.colcon_core.package_identification:_identify(turtlesim_ws/src/cmdvel_to_ackermann) by extensions ['ros']
[0.221s] Level 1:colcon.colcon_core.package_identification:_identify(turtlesim_ws/src/cmdvel_to_ackermann) by extension 'ros'
[0.224s] DEBUG:colcon.colcon_core.package_identification:Package 'turtlesim_ws/src/cmdvel_to_ackermann' with type 'ros.ament_cmake' and name 'cmdvel_to_ackermann'
[0.224s] Level 1:colcon.colcon_core.package_identification:_identify(turtlesim_ws/src/custom_message) by extensions ['ignore', 'ignore_ament_install']
[0.224s] Level 1:colcon.colcon_core.package_identification:_identify(turtlesim_ws/src/custom_message) by extension 'ignore'
[0.224s] Level 1:colcon.colcon_core.package_identification:_identify(turtlesim_ws/src/custom_message) by extension 'ignore_ament_install'
[0.224s] Level 1:colcon.colcon_core.package_identification:_identify(turtlesim_ws/src/custom_message) by extensions ['colcon_pkg']
[0.224s] Level 1:colcon.colcon_core.package_identification:_identify(turtlesim_ws/src/custom_message) by extension 'colcon_pkg'
[0.224s] Level 1:colcon.colcon_core.package_identification:_identify(turtlesim_ws/src/custom_message) by extensions ['colcon_meta']
[0.224s] Level 1:colcon.colcon_core.package_identification:_identify(turtlesim_ws/src/custom_message) by extension 'colcon_meta'
[0.224s] Level 1:colcon.colcon_core.package_identification:_identify(turtlesim_ws/src/custom_message) by extensions ['ros']
[0.224s] Level 1:colcon.colcon_core.package_identification:_identify(turtlesim_ws/src/custom_message) by extension 'ros'
[0.225s] DEBUG:colcon.colcon_core.package_identification:Package 'turtlesim_ws/src/custom_message' with type 'ros.ament_cmake' and name 'custom_message'
[0.225s] Level 1:colcon.colcon_core.package_identification:_identify(turtlesim_ws/src/diff_drive_mover) by extensions ['ignore', 'ignore_ament_install']
[0.225s] Level 1:colcon.colcon_core.package_identification:_identify(turtlesim_ws/src/diff_drive_mover) by extension 'ignore'
[0.225s] Level 1:colcon.colcon_core.package_identification:_identify(turtlesim_ws/src/diff_drive_mover) by extension 'ignore_ament_install'
[0.225s] Level 1:colcon.colcon_core.package_identification:_identify(turtlesim_ws/src/diff_drive_mover) by extensions ['colcon_pkg']
[0.225s] Level 1:colcon.colcon_core.package_identification:_identify(turtlesim_ws/src/diff_drive_mover) by extension 'colcon_pkg'
[0.225s] Level 1:colcon.colcon_core.package_identification:_identify(turtlesim_ws/src/diff_drive_mover) by extensions ['colcon_meta']
[0.225s] Level 1:colcon.colcon_core.package_identification:_identify(turtlesim_ws/src/diff_drive_mover) by extension 'colcon_meta'
[0.226s] Level 1:colcon.colcon_core.package_identification:_identify(turtlesim_ws/src/diff_drive_mover) by extensions ['ros']
[0.226s] Level 1:colcon.colcon_core.package_identification:_identify(turtlesim_ws/src/diff_drive_mover) by extension 'ros'
[0.226s] DEBUG:colcon.colcon_core.package_identification:Package 'turtlesim_ws/src/diff_drive_mover' with type 'ros.ament_cmake' and name 'diff_drive_mover'
[0.226s] Level 1:colcon.colcon_core.package_identification:_identify(turtlesim_ws/src/humanoid_locomotion_policy_example) by extensions ['ignore', 'ignore_ament_install']
[0.226s] Level 1:colcon.colcon_core.package_identification:_identify(turtlesim_ws/src/humanoid_locomotion_policy_example) by extension 'ignore'
[0.226s] Level 1:colcon.colcon_core.package_identification:_identify(turtlesim_ws/src/humanoid_locomotion_policy_example) by extension 'ignore_ament_install'
[0.226s] Level 1:colcon.colcon_core.package_identification:_identify(turtlesim_ws/src/humanoid_locomotion_policy_example) by extensions ['colcon_pkg']
[0.227s] Level 1:colcon.colcon_core.package_identification:_identify(turtlesim_ws/src/humanoid_locomotion_policy_example) by extension 'colcon_pkg'
[0.227s] Level 1:colcon.colcon_core.package_identification:_identify(turtlesim_ws/src/humanoid_locomotion_policy_example) by extensions ['colcon_meta']
[0.227s] Level 1:colcon.colcon_core.package_identification:_identify(turtlesim_ws/src/humanoid_locomotion_policy_example) by extension 'colcon_meta'
[0.227s] Level 1:colcon.colcon_core.package_identification:_identify(turtlesim_ws/src/humanoid_locomotion_policy_example) by extensions ['ros']
[0.227s] Level 1:colcon.colcon_core.package_identification:_identify(turtlesim_ws/src/humanoid_locomotion_policy_example) by extension 'ros'
[0.227s] Level 1:colcon.colcon_core.package_identification:_identify(turtlesim_ws/src/humanoid_locomotion_policy_example) by extensions ['cmake', 'python']
[0.227s] Level 1:colcon.colcon_core.package_identification:_identify(turtlesim_ws/src/humanoid_locomotion_policy_example) by extension 'cmake'
[0.227s] Level 1:colcon.colcon_core.package_identification:_identify(turtlesim_ws/src/humanoid_locomotion_policy_example) by extension 'python'
[0.227s] Level 1:colcon.colcon_core.package_identification:_identify(turtlesim_ws/src/humanoid_locomotion_policy_example) by extensions ['python_setup_py']
[0.227s] Level 1:colcon.colcon_core.package_identification:_identify(turtlesim_ws/src/humanoid_locomotion_policy_example) by extension 'python_setup_py'
[0.227s] Level 1:colcon.colcon_core.package_identification:_identify(turtlesim_ws/src/humanoid_locomotion_policy_example/h1_fullbody_controller) by extensions ['ignore', 'ignore_ament_install']
[0.227s] Level 1:colcon.colcon_core.package_identification:_identify(turtlesim_ws/src/humanoid_locomotion_policy_example/h1_fullbody_controller) by extension 'ignore'
[0.227s] Level 1:colcon.colcon_core.package_identification:_identify(turtlesim_ws/src/humanoid_locomotion_policy_example/h1_fullbody_controller) by extension 'ignore_ament_install'
[0.227s] Level 1:colcon.colcon_core.package_identification:_identify(turtlesim_ws/src/humanoid_locomotion_policy_example/h1_fullbody_controller) by extensions ['colcon_pkg']
[0.228s] Level 1:colcon.colcon_core.package_identification:_identify(turtlesim_ws/src/humanoid_locomotion_policy_example/h1_fullbody_controller) by extension 'colcon_pkg'
[0.228s] Level 1:colcon.colcon_core.package_identification:_identify(turtlesim_ws/src/humanoid_locomotion_policy_example/h1_fullbody_controller) by extensions ['colcon_meta']
[0.228s] Level 1:colcon.colcon_core.package_identification:_identify(turtlesim_ws/src/humanoid_locomotion_policy_example/h1_fullbody_controller) by extension 'colcon_meta'
[0.228s] Level 1:colcon.colcon_core.package_identification:_identify(turtlesim_ws/src/humanoid_locomotion_policy_example/h1_fullbody_controller) by extensions ['ros']
[0.228s] Level 1:colcon.colcon_core.package_identification:_identify(turtlesim_ws/src/humanoid_locomotion_policy_example/h1_fullbody_controller) by extension 'ros'
[0.228s] DEBUG:colcon.colcon_core.package_identification:Package 'turtlesim_ws/src/humanoid_locomotion_policy_example/h1_fullbody_controller' with type 'ros.ament_cmake' and name 'h1_fullbody_controller'
[0.229s] Level 1:colcon.colcon_core.package_identification:_identify(turtlesim_ws/src/isaac_ros2_messages) by extensions ['ignore', 'ignore_ament_install']
[0.229s] Level 1:colcon.colcon_core.package_identification:_identify(turtlesim_ws/src/isaac_ros2_messages) by extension 'ignore'
[0.229s] Level 1:colcon.colcon_core.package_identification:_identify(turtlesim_ws/src/isaac_ros2_messages) by extension 'ignore_ament_install'
[0.229s] Level 1:colcon.colcon_core.package_identification:_identify(turtlesim_ws/src/isaac_ros2_messages) by extensions ['colcon_pkg']
[0.229s] Level 1:colcon.colcon_core.package_identification:_identify(turtlesim_ws/src/isaac_ros2_messages) by extension 'colcon_pkg'
[0.229s] Level 1:colcon.colcon_core.package_identification:_identify(turtlesim_ws/src/isaac_ros2_messages) by extensions ['colcon_meta']
[0.229s] Level 1:colcon.colcon_core.package_identification:_identify(turtlesim_ws/src/isaac_ros2_messages) by extension 'colcon_meta'
[0.229s] Level 1:colcon.colcon_core.package_identification:_identify(turtlesim_ws/src/isaac_ros2_messages) by extensions ['ros']
[0.229s] Level 1:colcon.colcon_core.package_identification:_identify(turtlesim_ws/src/isaac_ros2_messages) by extension 'ros'
[0.230s] DEBUG:colcon.colcon_core.package_identification:Package 'turtlesim_ws/src/isaac_ros2_messages' with type 'ros.ament_cmake' and name 'isaac_ros2_messages'
[0.230s] Level 1:colcon.colcon_core.package_identification:_identify(turtlesim_ws/src/isaac_tutorials) by extensions ['ignore', 'ignore_ament_install']
[0.230s] Level 1:colcon.colcon_core.package_identification:_identify(turtlesim_ws/src/isaac_tutorials) by extension 'ignore'
[0.230s] Level 1:colcon.colcon_core.package_identification:_identify(turtlesim_ws/src/isaac_tutorials) by extension 'ignore_ament_install'
[0.230s] Level 1:colcon.colcon_core.package_identification:_identify(turtlesim_ws/src/isaac_tutorials) by extensions ['colcon_pkg']
[0.230s] Level 1:colcon.colcon_core.package_identification:_identify(turtlesim_ws/src/isaac_tutorials) by extension 'colcon_pkg'
[0.230s] Level 1:colcon.colcon_core.package_identification:_identify(turtlesim_ws/src/isaac_tutorials) by extensions ['colcon_meta']
[0.230s] Level 1:colcon.colcon_core.package_identification:_identify(turtlesim_ws/src/isaac_tutorials) by extension 'colcon_meta'
[0.230s] Level 1:colcon.colcon_core.package_identification:_identify(turtlesim_ws/src/isaac_tutorials) by extensions ['ros']
[0.230s] Level 1:colcon.colcon_core.package_identification:_identify(turtlesim_ws/src/isaac_tutorials) by extension 'ros'
[0.231s] DEBUG:colcon.colcon_core.package_identification:Package 'turtlesim_ws/src/isaac_tutorials' with type 'ros.ament_cmake' and name 'isaac_tutorials'
[0.231s] Level 1:colcon.colcon_core.package_identification:_identify(turtlesim_ws/src/isaacsim) by extensions ['ignore', 'ignore_ament_install']
[0.231s] Level 1:colcon.colcon_core.package_identification:_identify(turtlesim_ws/src/isaacsim) by extension 'ignore'
[0.231s] Level 1:colcon.colcon_core.package_identification:_identify(turtlesim_ws/src/isaacsim) by extension 'ignore_ament_install'
[0.231s] Level 1:colcon.colcon_core.package_identification:_identify(turtlesim_ws/src/isaacsim) by extensions ['colcon_pkg']
[0.231s] Level 1:colcon.colcon_core.package_identification:_identify(turtlesim_ws/src/isaacsim) by extension 'colcon_pkg'
[0.231s] Level 1:colcon.colcon_core.package_identification:_identify(turtlesim_ws/src/isaacsim) by extensions ['colcon_meta']
[0.231s] Level 1:colcon.colcon_core.package_identification:_identify(turtlesim_ws/src/isaacsim) by extension 'colcon_meta'
[0.231s] Level 1:colcon.colcon_core.package_identification:_identify(turtlesim_ws/src/isaacsim) by extensions ['ros']
[0.231s] Level 1:colcon.colcon_core.package_identification:_identify(turtlesim_ws/src/isaacsim) by extension 'ros'
[0.232s] DEBUG:colcon.colcon_core.package_identification:Package 'turtlesim_ws/src/isaacsim' with type 'ros.ament_cmake' and name 'isaacsim'
[0.232s] Level 1:colcon.colcon_core.package_identification:_identify(turtlesim_ws/src/issac_sim) by extensions ['ignore', 'ignore_ament_install']
[0.232s] Level 1:colcon.colcon_core.package_identification:_identify(turtlesim_ws/src/issac_sim) by extension 'ignore'
[0.232s] Level 1:colcon.colcon_core.package_identification:_identify(turtlesim_ws/src/issac_sim) by extension 'ignore_ament_install'
[0.232s] Level 1:colcon.colcon_core.package_identification:_identify(turtlesim_ws/src/issac_sim) by extensions ['colcon_pkg']
[0.232s] Level 1:colcon.colcon_core.package_identification:_identify(turtlesim_ws/src/issac_sim) by extension 'colcon_pkg'
[0.232s] Level 1:colcon.colcon_core.package_identification:_identify(turtlesim_ws/src/issac_sim) by extensions ['colcon_meta']
[0.232s] Level 1:colcon.colcon_core.package_identification:_identify(turtlesim_ws/src/issac_sim) by extension 'colcon_meta'
[0.232s] Level 1:colcon.colcon_core.package_identification:_identify(turtlesim_ws/src/issac_sim) by extensions ['ros']
[0.232s] Level 1:colcon.colcon_core.package_identification:_identify(turtlesim_ws/src/issac_sim) by extension 'ros'
[0.233s] DEBUG:colcon.colcon_core.package_identification:Package 'turtlesim_ws/src/issac_sim' with type 'ros.ament_python' and name 'issac_sim'
[0.233s] Level 1:colcon.colcon_core.package_identification:_identify(turtlesim_ws/src/moveit) by extensions ['ignore', 'ignore_ament_install']
[0.233s] Level 1:colcon.colcon_core.package_identification:_identify(turtlesim_ws/src/moveit) by extension 'ignore'
[0.233s] Level 1:colcon.colcon_core.package_identification:_identify(turtlesim_ws/src/moveit) by extension 'ignore_ament_install'
[0.233s] Level 1:colcon.colcon_core.package_identification:_identify(turtlesim_ws/src/moveit) by extensions ['colcon_pkg']
[0.233s] Level 1:colcon.colcon_core.package_identification:_identify(turtlesim_ws/src/moveit) by extension 'colcon_pkg'
[0.233s] Level 1:colcon.colcon_core.package_identification:_identify(turtlesim_ws/src/moveit) by extensions ['colcon_meta']
[0.233s] Level 1:colcon.colcon_core.package_identification:_identify(turtlesim_ws/src/moveit) by extension 'colcon_meta'
[0.233s] Level 1:colcon.colcon_core.package_identification:_identify(turtlesim_ws/src/moveit) by extensions ['ros']
[0.233s] Level 1:colcon.colcon_core.package_identification:_identify(turtlesim_ws/src/moveit) by extension 'ros'
[0.234s] Level 1:colcon.colcon_core.package_identification:_identify(turtlesim_ws/src/moveit) by extensions ['cmake', 'python']
[0.234s] Level 1:colcon.colcon_core.package_identification:_identify(turtlesim_ws/src/moveit) by extension 'cmake'
[0.234s] Level 1:colcon.colcon_core.package_identification:_identify(turtlesim_ws/src/moveit) by extension 'python'
[0.234s] Level 1:colcon.colcon_core.package_identification:_identify(turtlesim_ws/src/moveit) by extensions ['python_setup_py']
[0.234s] Level 1:colcon.colcon_core.package_identification:_identify(turtlesim_ws/src/moveit) by extension 'python_setup_py'
[0.234s] Level 1:colcon.colcon_core.package_identification:_identify(turtlesim_ws/src/moveit/isaac_moveit) by extensions ['ignore', 'ignore_ament_install']
[0.234s] Level 1:colcon.colcon_core.package_identification:_identify(turtlesim_ws/src/moveit/isaac_moveit) by extension 'ignore'
[0.234s] Level 1:colcon.colcon_core.package_identification:_identify(turtlesim_ws/src/moveit/isaac_moveit) by extension 'ignore_ament_install'
[0.234s] Level 1:colcon.colcon_core.package_identification:_identify(turtlesim_ws/src/moveit/isaac_moveit) by extensions ['colcon_pkg']
[0.234s] Level 1:colcon.colcon_core.package_identification:_identify(turtlesim_ws/src/moveit/isaac_moveit) by extension 'colcon_pkg'
[0.234s] Level 1:colcon.colcon_core.package_identification:_identify(turtlesim_ws/src/moveit/isaac_moveit) by extensions ['colcon_meta']
[0.234s] Level 1:colcon.colcon_core.package_identification:_identify(turtlesim_ws/src/moveit/isaac_moveit) by extension 'colcon_meta'
[0.234s] Level 1:colcon.colcon_core.package_identification:_identify(turtlesim_ws/src/moveit/isaac_moveit) by extensions ['ros']
[0.235s] Level 1:colcon.colcon_core.package_identification:_identify(turtlesim_ws/src/moveit/isaac_moveit) by extension 'ros'
[0.235s] DEBUG:colcon.colcon_core.package_identification:Package 'turtlesim_ws/src/moveit/isaac_moveit' with type 'ros.ament_cmake' and name 'isaac_moveit'
[0.235s] Level 1:colcon.colcon_core.package_identification:_identify(turtlesim_ws/src/my_turtlesim) by extensions ['ignore', 'ignore_ament_install']
[0.235s] Level 1:colcon.colcon_core.package_identification:_identify(turtlesim_ws/src/my_turtlesim) by extension 'ignore'
[0.235s] Level 1:colcon.colcon_core.package_identification:_identify(turtlesim_ws/src/my_turtlesim) by extension 'ignore_ament_install'
[0.236s] Level 1:colcon.colcon_core.package_identification:_identify(turtlesim_ws/src/my_turtlesim) by extensions ['colcon_pkg']
[0.236s] Level 1:colcon.colcon_core.package_identification:_identify(turtlesim_ws/src/my_turtlesim) by extension 'colcon_pkg'
[0.236s] Level 1:colcon.colcon_core.package_identification:_identify(turtlesim_ws/src/my_turtlesim) by extensions ['colcon_meta']
[0.236s] Level 1:colcon.colcon_core.package_identification:_identify(turtlesim_ws/src/my_turtlesim) by extension 'colcon_meta'
[0.236s] Level 1:colcon.colcon_core.package_identification:_identify(turtlesim_ws/src/my_turtlesim) by extensions ['ros']
[0.236s] Level 1:colcon.colcon_core.package_identification:_identify(turtlesim_ws/src/my_turtlesim) by extension 'ros'
[0.236s] DEBUG:colcon.colcon_core.package_identification:Package 'turtlesim_ws/src/my_turtlesim' with type 'ros.ament_python' and name 'my_turtlesim'
[0.236s] Level 1:colcon.colcon_core.package_identification:_identify(turtlesim_ws/src/navigation) by extensions ['ignore', 'ignore_ament_install']
[0.236s] Level 1:colcon.colcon_core.package_identification:_identify(turtlesim_ws/src/navigation) by extension 'ignore'
[0.237s] Level 1:colcon.colcon_core.package_identification:_identify(turtlesim_ws/src/navigation) by extension 'ignore_ament_install'
[0.237s] Level 1:colcon.colcon_core.package_identification:_identify(turtlesim_ws/src/navigation) by extensions ['colcon_pkg']
[0.237s] Level 1:colcon.colcon_core.package_identification:_identify(turtlesim_ws/src/navigation) by extension 'colcon_pkg'
[0.237s] Level 1:colcon.colcon_core.package_identification:_identify(turtlesim_ws/src/navigation) by extensions ['colcon_meta']
[0.237s] Level 1:colcon.colcon_core.package_identification:_identify(turtlesim_ws/src/navigation) by extension 'colcon_meta'
[0.237s] Level 1:colcon.colcon_core.package_identification:_identify(turtlesim_ws/src/navigation) by extensions ['ros']
[0.237s] Level 1:colcon.colcon_core.package_identification:_identify(turtlesim_ws/src/navigation) by extension 'ros'
[0.237s] Level 1:colcon.colcon_core.package_identification:_identify(turtlesim_ws/src/navigation) by extensions ['cmake', 'python']
[0.237s] Level 1:colcon.colcon_core.package_identification:_identify(turtlesim_ws/src/navigation) by extension 'cmake'
[0.237s] Level 1:colcon.colcon_core.package_identification:_identify(turtlesim_ws/src/navigation) by extension 'python'
[0.237s] Level 1:colcon.colcon_core.package_identification:_identify(turtlesim_ws/src/navigation) by extensions ['python_setup_py']
[0.237s] Level 1:colcon.colcon_core.package_identification:_identify(turtlesim_ws/src/navigation) by extension 'python_setup_py'
[0.237s] Level 1:colcon.colcon_core.package_identification:_identify(turtlesim_ws/src/navigation/carter_navigation) by extensions ['ignore', 'ignore_ament_install']
[0.238s] Level 1:colcon.colcon_core.package_identification:_identify(turtlesim_ws/src/navigation/carter_navigation) by extension 'ignore'
[0.238s] Level 1:colcon.colcon_core.package_identification:_identify(turtlesim_ws/src/navigation/carter_navigation) by extension 'ignore_ament_install'
[0.238s] Level 1:colcon.colcon_core.package_identification:_identify(turtlesim_ws/src/navigation/carter_navigation) by extensions ['colcon_pkg']
[0.238s] Level 1:colcon.colcon_core.package_identification:_identify(turtlesim_ws/src/navigation/carter_navigation) by extension 'colcon_pkg'
[0.238s] Level 1:colcon.colcon_core.package_identification:_identify(turtlesim_ws/src/navigation/carter_navigation) by extensions ['colcon_meta']
[0.238s] Level 1:colcon.colcon_core.package_identification:_identify(turtlesim_ws/src/navigation/carter_navigation) by extension 'colcon_meta'
[0.238s] Level 1:colcon.colcon_core.package_identification:_identify(turtlesim_ws/src/navigation/carter_navigation) by extensions ['ros']
[0.238s] Level 1:colcon.colcon_core.package_identification:_identify(turtlesim_ws/src/navigation/carter_navigation) by extension 'ros'
[0.239s] DEBUG:colcon.colcon_core.package_identification:Package 'turtlesim_ws/src/navigation/carter_navigation' with type 'ros.ament_cmake' and name 'carter_navigation'
[0.239s] Level 1:colcon.colcon_core.package_identification:_identify(turtlesim_ws/src/navigation/isaac_ros_navigation_goal) by extensions ['ignore', 'ignore_ament_install']
[0.239s] Level 1:colcon.colcon_core.package_identification:_identify(turtlesim_ws/src/navigation/isaac_ros_navigation_goal) by extension 'ignore'
[0.239s] Level 1:colcon.colcon_core.package_identification:_identify(turtlesim_ws/src/navigation/isaac_ros_navigation_goal) by extension 'ignore_ament_install'
[0.239s] Level 1:colcon.colcon_core.package_identification:_identify(turtlesim_ws/src/navigation/isaac_ros_navigation_goal) by extensions ['colcon_pkg']
[0.239s] Level 1:colcon.colcon_core.package_identification:_identify(turtlesim_ws/src/navigation/isaac_ros_navigation_goal) by extension 'colcon_pkg'
[0.239s] Level 1:colcon.colcon_core.package_identification:_identify(turtlesim_ws/src/navigation/isaac_ros_navigation_goal) by extensions ['colcon_meta']
[0.239s] Level 1:colcon.colcon_core.package_identification:_identify(turtlesim_ws/src/navigation/isaac_ros_navigation_goal) by extension 'colcon_meta'
[0.239s] Level 1:colcon.colcon_core.package_identification:_identify(turtlesim_ws/src/navigation/isaac_ros_navigation_goal) by extensions ['ros']
[0.239s] Level 1:colcon.colcon_core.package_identification:_identify(turtlesim_ws/src/navigation/isaac_ros_navigation_goal) by extension 'ros'
[0.240s] DEBUG:colcon.colcon_core.package_identification:Package 'turtlesim_ws/src/navigation/isaac_ros_navigation_goal' with type 'ros.ament_python' and name 'isaac_ros_navigation_goal'
[0.240s] Level 1:colcon.colcon_core.package_identification:_identify(turtlesim_ws/src/navigation/iw_hub_navigation) by extensions ['ignore', 'ignore_ament_install']
[0.240s] Level 1:colcon.colcon_core.package_identification:_identify(turtlesim_ws/src/navigation/iw_hub_navigation) by extension 'ignore'
[0.240s] Level 1:colcon.colcon_core.package_identification:_identify(turtlesim_ws/src/navigation/iw_hub_navigation) by extension 'ignore_ament_install'
[0.240s] Level 1:colcon.colcon_core.package_identification:_identify(turtlesim_ws/src/navigation/iw_hub_navigation) by extensions ['colcon_pkg']
[0.240s] Level 1:colcon.colcon_core.package_identification:_identify(turtlesim_ws/src/navigation/iw_hub_navigation) by extension 'colcon_pkg'
[0.240s] Level 1:colcon.colcon_core.package_identification:_identify(turtlesim_ws/src/navigation/iw_hub_navigation) by extensions ['colcon_meta']
[0.240s] Level 1:colcon.colcon_core.package_identification:_identify(turtlesim_ws/src/navigation/iw_hub_navigation) by extension 'colcon_meta'
[0.241s] Level 1:colcon.colcon_core.package_identification:_identify(turtlesim_ws/src/navigation/iw_hub_navigation) by extensions ['ros']
[0.241s] Level 1:colcon.colcon_core.package_identification:_identify(turtlesim_ws/src/navigation/iw_hub_navigation) by extension 'ros'
[0.241s] DEBUG:colcon.colcon_core.package_identification:Package 'turtlesim_ws/src/navigation/iw_hub_navigation' with type 'ros.ament_cmake' and name 'iw_hub_navigation'
[0.241s] Level 1:colcon.colcon_core.package_identification:_identify(turtlesim_ws/src/ros-controls) by extensions ['ignore', 'ignore_ament_install']
[0.242s] Level 1:colcon.colcon_core.package_identification:_identify(turtlesim_ws/src/ros-controls) by extension 'ignore'
[0.242s] Level 1:colcon.colcon_core.package_identification:_identify(turtlesim_ws/src/ros-controls) by extension 'ignore_ament_install'
[0.242s] Level 1:colcon.colcon_core.package_identification:_identify(turtlesim_ws/src/ros-controls) by extensions ['colcon_pkg']
[0.242s] Level 1:colcon.colcon_core.package_identification:_identify(turtlesim_ws/src/ros-controls) by extension 'colcon_pkg'
[0.242s] Level 1:colcon.colcon_core.package_identification:_identify(turtlesim_ws/src/ros-controls) by extensions ['colcon_meta']
[0.242s] Level 1:colcon.colcon_core.package_identification:_identify(turtlesim_ws/src/ros-controls) by extension 'colcon_meta'
[0.242s] Level 1:colcon.colcon_core.package_identification:_identify(turtlesim_ws/src/ros-controls) by extensions ['ros']
[0.242s] Level 1:colcon.colcon_core.package_identification:_identify(turtlesim_ws/src/ros-controls) by extension 'ros'
[0.242s] Level 1:colcon.colcon_core.package_identification:_identify(turtlesim_ws/src/ros-controls) by extensions ['cmake', 'python']
[0.242s] Level 1:colcon.colcon_core.package_identification:_identify(turtlesim_ws/src/ros-controls) by extension 'cmake'
[0.242s] Level 1:colcon.colcon_core.package_identification:_identify(turtlesim_ws/src/ros-controls) by extension 'python'
[0.242s] Level 1:colcon.colcon_core.package_identification:_identify(turtlesim_ws/src/ros-controls) by extensions ['python_setup_py']
[0.242s] Level 1:colcon.colcon_core.package_identification:_identify(turtlesim_ws/src/ros-controls) by extension 'python_setup_py'
[0.243s] Level 1:colcon.colcon_core.package_identification:_identify(turtlesim_ws/src/ros-controls/control_msgs) by extensions ['ignore', 'ignore_ament_install']
[0.243s] Level 1:colcon.colcon_core.package_identification:_identify(turtlesim_ws/src/ros-controls/control_msgs) by extension 'ignore'
[0.243s] Level 1:colcon.colcon_core.package_identification:_identify(turtlesim_ws/src/ros-controls/control_msgs) by extension 'ignore_ament_install'
[0.243s] Level 1:colcon.colcon_core.package_identification:_identify(turtlesim_ws/src/ros-controls/control_msgs) by extensions ['colcon_pkg']
[0.243s] Level 1:colcon.colcon_core.package_identification:_identify(turtlesim_ws/src/ros-controls/control_msgs) by extension 'colcon_pkg'
[0.243s] Level 1:colcon.colcon_core.package_identification:_identify(turtlesim_ws/src/ros-controls/control_msgs) by extensions ['colcon_meta']
[0.243s] Level 1:colcon.colcon_core.package_identification:_identify(turtlesim_ws/src/ros-controls/control_msgs) by extension 'colcon_meta'
[0.243s] Level 1:colcon.colcon_core.package_identification:_identify(turtlesim_ws/src/ros-controls/control_msgs) by extensions ['ros']
[0.243s] Level 1:colcon.colcon_core.package_identification:_identify(turtlesim_ws/src/ros-controls/control_msgs) by extension 'ros'
[0.243s] Level 1:colcon.colcon_core.package_identification:_identify(turtlesim_ws/src/ros-controls/control_msgs) by extensions ['cmake', 'python']
[0.243s] Level 1:colcon.colcon_core.package_identification:_identify(turtlesim_ws/src/ros-controls/control_msgs) by extension 'cmake'
[0.243s] Level 1:colcon.colcon_core.package_identification:_identify(turtlesim_ws/src/ros-controls/control_msgs) by extension 'python'
[0.243s] Level 1:colcon.colcon_core.package_identification:_identify(turtlesim_ws/src/ros-controls/control_msgs) by extensions ['python_setup_py']
[0.243s] Level 1:colcon.colcon_core.package_identification:_identify(turtlesim_ws/src/ros-controls/control_msgs) by extension 'python_setup_py'
[0.244s] Level 1:colcon.colcon_core.package_identification:_identify(turtlesim_ws/src/ros-controls/control_toolbox) by extensions ['ignore', 'ignore_ament_install']
[0.244s] Level 1:colcon.colcon_core.package_identification:_identify(turtlesim_ws/src/ros-controls/control_toolbox) by extension 'ignore'
[0.244s] Level 1:colcon.colcon_core.package_identification:_identify(turtlesim_ws/src/ros-controls/control_toolbox) by extension 'ignore_ament_install'
[0.244s] Level 1:colcon.colcon_core.package_identification:_identify(turtlesim_ws/src/ros-controls/control_toolbox) by extensions ['colcon_pkg']
[0.244s] Level 1:colcon.colcon_core.package_identification:_identify(turtlesim_ws/src/ros-controls/control_toolbox) by extension 'colcon_pkg'
[0.244s] Level 1:colcon.colcon_core.package_identification:_identify(turtlesim_ws/src/ros-controls/control_toolbox) by extensions ['colcon_meta']
[0.244s] Level 1:colcon.colcon_core.package_identification:_identify(turtlesim_ws/src/ros-controls/control_toolbox) by extension 'colcon_meta'
[0.244s] Level 1:colcon.colcon_core.package_identification:_identify(turtlesim_ws/src/ros-controls/control_toolbox) by extensions ['ros']
[0.244s] Level 1:colcon.colcon_core.package_identification:_identify(turtlesim_ws/src/ros-controls/control_toolbox) by extension 'ros'
[0.244s] Level 1:colcon.colcon_core.package_identification:_identify(turtlesim_ws/src/ros-controls/control_toolbox) by extensions ['cmake', 'python']
[0.244s] Level 1:colcon.colcon_core.package_identification:_identify(turtlesim_ws/src/ros-controls/control_toolbox) by extension 'cmake'
[0.244s] Level 1:colcon.colcon_core.package_identification:_identify(turtlesim_ws/src/ros-controls/control_toolbox) by extension 'python'
[0.244s] Level 1:colcon.colcon_core.package_identification:_identify(turtlesim_ws/src/ros-controls/control_toolbox) by extensions ['python_setup_py']
[0.245s] Level 1:colcon.colcon_core.package_identification:_identify(turtlesim_ws/src/ros-controls/control_toolbox) by extension 'python_setup_py'
[0.245s] Level 1:colcon.colcon_core.package_identification:_identify(turtlesim_ws/src/ros-controls/gz_ros2_control) by extensions ['ignore', 'ignore_ament_install']
[0.245s] Level 1:colcon.colcon_core.package_identification:_identify(turtlesim_ws/src/ros-controls/gz_ros2_control) by extension 'ignore'
[0.245s] Level 1:colcon.colcon_core.package_identification:_identify(turtlesim_ws/src/ros-controls/gz_ros2_control) by extension 'ignore_ament_install'
[0.245s] Level 1:colcon.colcon_core.package_identification:_identify(turtlesim_ws/src/ros-controls/gz_ros2_control) by extensions ['colcon_pkg']
[0.245s] Level 1:colcon.colcon_core.package_identification:_identify(turtlesim_ws/src/ros-controls/gz_ros2_control) by extension 'colcon_pkg'
[0.245s] Level 1:colcon.colcon_core.package_identification:_identify(turtlesim_ws/src/ros-controls/gz_ros2_control) by extensions ['colcon_meta']
[0.245s] Level 1:colcon.colcon_core.package_identification:_identify(turtlesim_ws/src/ros-controls/gz_ros2_control) by extension 'colcon_meta'
[0.245s] Level 1:colcon.colcon_core.package_identification:_identify(turtlesim_ws/src/ros-controls/gz_ros2_control) by extensions ['ros']
[0.245s] Level 1:colcon.colcon_core.package_identification:_identify(turtlesim_ws/src/ros-controls/gz_ros2_control) by extension 'ros'
[0.245s] Level 1:colcon.colcon_core.package_identification:_identify(turtlesim_ws/src/ros-controls/gz_ros2_control) by extensions ['cmake', 'python']
[0.245s] Level 1:colcon.colcon_core.package_identification:_identify(turtlesim_ws/src/ros-controls/gz_ros2_control) by extension 'cmake'
[0.246s] Level 1:colcon.colcon_core.package_identification:_identify(turtlesim_ws/src/ros-controls/gz_ros2_control) by extension 'python'
[0.246s] Level 1:colcon.colcon_core.package_identification:_identify(turtlesim_ws/src/ros-controls/gz_ros2_control) by extensions ['python_setup_py']
[0.246s] Level 1:colcon.colcon_core.package_identification:_identify(turtlesim_ws/src/ros-controls/gz_ros2_control) by extension 'python_setup_py'
[0.246s] Level 1:colcon.colcon_core.package_identification:_identify(turtlesim_ws/src/ros-controls/kinematics_interface) by extensions ['ignore', 'ignore_ament_install']
[0.246s] Level 1:colcon.colcon_core.package_identification:_identify(turtlesim_ws/src/ros-controls/kinematics_interface) by extension 'ignore'
[0.246s] Level 1:colcon.colcon_core.package_identification:_identify(turtlesim_ws/src/ros-controls/kinematics_interface) by extension 'ignore_ament_install'
[0.246s] Level 1:colcon.colcon_core.package_identification:_identify(turtlesim_ws/src/ros-controls/kinematics_interface) by extensions ['colcon_pkg']
[0.246s] Level 1:colcon.colcon_core.package_identification:_identify(turtlesim_ws/src/ros-controls/kinematics_interface) by extension 'colcon_pkg'
[0.246s] Level 1:colcon.colcon_core.package_identification:_identify(turtlesim_ws/src/ros-controls/kinematics_interface) by extensions ['colcon_meta']
[0.246s] Level 1:colcon.colcon_core.package_identification:_identify(turtlesim_ws/src/ros-controls/kinematics_interface) by extension 'colcon_meta'
[0.246s] Level 1:colcon.colcon_core.package_identification:_identify(turtlesim_ws/src/ros-controls/kinematics_interface) by extensions ['ros']
[0.246s] Level 1:colcon.colcon_core.package_identification:_identify(turtlesim_ws/src/ros-controls/kinematics_interface) by extension 'ros'
[0.246s] Level 1:colcon.colcon_core.package_identification:_identify(turtlesim_ws/src/ros-controls/kinematics_interface) by extensions ['cmake', 'python']
[0.247s] Level 1:colcon.colcon_core.package_identification:_identify(turtlesim_ws/src/ros-controls/kinematics_interface) by extension 'cmake'
[0.247s] Level 1:colcon.colcon_core.package_identification:_identify(turtlesim_ws/src/ros-controls/kinematics_interface) by extension 'python'
[0.247s] Level 1:colcon.colcon_core.package_identification:_identify(turtlesim_ws/src/ros-controls/kinematics_interface) by extensions ['python_setup_py']
[0.247s] Level 1:colcon.colcon_core.package_identification:_identify(turtlesim_ws/src/ros-controls/kinematics_interface) by extension 'python_setup_py'
[0.247s] Level 1:colcon.colcon_core.package_identification:_identify(turtlesim_ws/src/ros-controls/realtime_tools) by extensions ['ignore', 'ignore_ament_install']
[0.247s] Level 1:colcon.colcon_core.package_identification:_identify(turtlesim_ws/src/ros-controls/realtime_tools) by extension 'ignore'
[0.247s] Level 1:colcon.colcon_core.package_identification:_identify(turtlesim_ws/src/ros-controls/realtime_tools) by extension 'ignore_ament_install'
[0.247s] Level 1:colcon.colcon_core.package_identification:_identify(turtlesim_ws/src/ros-controls/realtime_tools) by extensions ['colcon_pkg']
[0.247s] Level 1:colcon.colcon_core.package_identification:_identify(turtlesim_ws/src/ros-controls/realtime_tools) by extension 'colcon_pkg'
[0.247s] Level 1:colcon.colcon_core.package_identification:_identify(turtlesim_ws/src/ros-controls/realtime_tools) by extensions ['colcon_meta']
[0.247s] Level 1:colcon.colcon_core.package_identification:_identify(turtlesim_ws/src/ros-controls/realtime_tools) by extension 'colcon_meta'
[0.247s] Level 1:colcon.colcon_core.package_identification:_identify(turtlesim_ws/src/ros-controls/realtime_tools) by extensions ['ros']
[0.247s] Level 1:colcon.colcon_core.package_identification:_identify(turtlesim_ws/src/ros-controls/realtime_tools) by extension 'ros'
[0.248s] Level 1:colcon.colcon_core.package_identification:_identify(turtlesim_ws/src/ros-controls/realtime_tools) by extensions ['cmake', 'python']
[0.248s] Level 1:colcon.colcon_core.package_identification:_identify(turtlesim_ws/src/ros-controls/realtime_tools) by extension 'cmake'
[0.248s] Level 1:colcon.colcon_core.package_identification:_identify(turtlesim_ws/src/ros-controls/realtime_tools) by extension 'python'
[0.248s] Level 1:colcon.colcon_core.package_identification:_identify(turtlesim_ws/src/ros-controls/realtime_tools) by extensions ['python_setup_py']
[0.248s] Level 1:colcon.colcon_core.package_identification:_identify(turtlesim_ws/src/ros-controls/realtime_tools) by extension 'python_setup_py'
[0.248s] Level 1:colcon.colcon_core.package_identification:_identify(turtlesim_ws/src/ros-controls/ros2_control) by extensions ['ignore', 'ignore_ament_install']
[0.248s] Level 1:colcon.colcon_core.package_identification:_identify(turtlesim_ws/src/ros-controls/ros2_control) by extension 'ignore'
[0.248s] Level 1:colcon.colcon_core.package_identification:_identify(turtlesim_ws/src/ros-controls/ros2_control) by extension 'ignore_ament_install'
[0.248s] Level 1:colcon.colcon_core.package_identification:_identify(turtlesim_ws/src/ros-controls/ros2_control) by extensions ['colcon_pkg']
[0.248s] Level 1:colcon.colcon_core.package_identification:_identify(turtlesim_ws/src/ros-controls/ros2_control) by extension 'colcon_pkg'
[0.248s] Level 1:colcon.colcon_core.package_identification:_identify(turtlesim_ws/src/ros-controls/ros2_control) by extensions ['colcon_meta']
[0.248s] Level 1:colcon.colcon_core.package_identification:_identify(turtlesim_ws/src/ros-controls/ros2_control) by extension 'colcon_meta'
[0.248s] Level 1:colcon.colcon_core.package_identification:_identify(turtlesim_ws/src/ros-controls/ros2_control) by extensions ['ros']
[0.248s] Level 1:colcon.colcon_core.package_identification:_identify(turtlesim_ws/src/ros-controls/ros2_control) by extension 'ros'
[0.249s] Level 1:colcon.colcon_core.package_identification:_identify(turtlesim_ws/src/ros-controls/ros2_control) by extensions ['cmake', 'python']
[0.249s] Level 1:colcon.colcon_core.package_identification:_identify(turtlesim_ws/src/ros-controls/ros2_control) by extension 'cmake'
[0.249s] Level 1:colcon.colcon_core.package_identification:_identify(turtlesim_ws/src/ros-controls/ros2_control) by extension 'python'
[0.249s] Level 1:colcon.colcon_core.package_identification:_identify(turtlesim_ws/src/ros-controls/ros2_control) by extensions ['python_setup_py']
[0.249s] Level 1:colcon.colcon_core.package_identification:_identify(turtlesim_ws/src/ros-controls/ros2_control) by extension 'python_setup_py'
[0.249s] Level 1:colcon.colcon_core.package_identification:_identify(turtlesim_ws/src/ros-controls/ros2_control_cmake) by extensions ['ignore', 'ignore_ament_install']
[0.249s] Level 1:colcon.colcon_core.package_identification:_identify(turtlesim_ws/src/ros-controls/ros2_control_cmake) by extension 'ignore'
[0.249s] Level 1:colcon.colcon_core.package_identification:_identify(turtlesim_ws/src/ros-controls/ros2_control_cmake) by extension 'ignore_ament_install'
[0.249s] Level 1:colcon.colcon_core.package_identification:_identify(turtlesim_ws/src/ros-controls/ros2_control_cmake) by extensions ['colcon_pkg']
[0.249s] Level 1:colcon.colcon_core.package_identification:_identify(turtlesim_ws/src/ros-controls/ros2_control_cmake) by extension 'colcon_pkg'
[0.249s] Level 1:colcon.colcon_core.package_identification:_identify(turtlesim_ws/src/ros-controls/ros2_control_cmake) by extensions ['colcon_meta']
[0.249s] Level 1:colcon.colcon_core.package_identification:_identify(turtlesim_ws/src/ros-controls/ros2_control_cmake) by extension 'colcon_meta'
[0.249s] Level 1:colcon.colcon_core.package_identification:_identify(turtlesim_ws/src/ros-controls/ros2_control_cmake) by extensions ['ros']
[0.250s] Level 1:colcon.colcon_core.package_identification:_identify(turtlesim_ws/src/ros-controls/ros2_control_cmake) by extension 'ros'
[0.250s] Level 1:colcon.colcon_core.package_identification:_identify(turtlesim_ws/src/ros-controls/ros2_control_cmake) by extensions ['cmake', 'python']
[0.250s] Level 1:colcon.colcon_core.package_identification:_identify(turtlesim_ws/src/ros-controls/ros2_control_cmake) by extension 'cmake'
[0.250s] Level 1:colcon.colcon_core.package_identification:_identify(turtlesim_ws/src/ros-controls/ros2_control_cmake) by extension 'python'
[0.250s] Level 1:colcon.colcon_core.package_identification:_identify(turtlesim_ws/src/ros-controls/ros2_control_cmake) by extensions ['python_setup_py']
[0.250s] Level 1:colcon.colcon_core.package_identification:_identify(turtlesim_ws/src/ros-controls/ros2_control_cmake) by extension 'python_setup_py'
[0.250s] Level 1:colcon.colcon_core.package_identification:_identify(turtlesim_ws/src/ros-controls/ros2_control_demos) by extensions ['ignore', 'ignore_ament_install']
[0.250s] Level 1:colcon.colcon_core.package_identification:_identify(turtlesim_ws/src/ros-controls/ros2_control_demos) by extension 'ignore'
[0.250s] Level 1:colcon.colcon_core.package_identification:_identify(turtlesim_ws/src/ros-controls/ros2_control_demos) by extension 'ignore_ament_install'
[0.250s] Level 1:colcon.colcon_core.package_identification:_identify(turtlesim_ws/src/ros-controls/ros2_control_demos) by extensions ['colcon_pkg']
[0.251s] Level 1:colcon.colcon_core.package_identification:_identify(turtlesim_ws/src/ros-controls/ros2_control_demos) by extension 'colcon_pkg'
[0.251s] Level 1:colcon.colcon_core.package_identification:_identify(turtlesim_ws/src/ros-controls/ros2_control_demos) by extensions ['colcon_meta']
[0.251s] Level 1:colcon.colcon_core.package_identification:_identify(turtlesim_ws/src/ros-controls/ros2_control_demos) by extension 'colcon_meta'
[0.251s] Level 1:colcon.colcon_core.package_identification:_identify(turtlesim_ws/src/ros-controls/ros2_control_demos) by extensions ['ros']
[0.251s] Level 1:colcon.colcon_core.package_identification:_identify(turtlesim_ws/src/ros-controls/ros2_control_demos) by extension 'ros'
[0.251s] Level 1:colcon.colcon_core.package_identification:_identify(turtlesim_ws/src/ros-controls/ros2_control_demos) by extensions ['cmake', 'python']
[0.251s] Level 1:colcon.colcon_core.package_identification:_identify(turtlesim_ws/src/ros-controls/ros2_control_demos) by extension 'cmake'
[0.251s] Level 1:colcon.colcon_core.package_identification:_identify(turtlesim_ws/src/ros-controls/ros2_control_demos) by extension 'python'
[0.251s] Level 1:colcon.colcon_core.package_identification:_identify(turtlesim_ws/src/ros-controls/ros2_control_demos) by extensions ['python_setup_py']
[0.251s] Level 1:colcon.colcon_core.package_identification:_identify(turtlesim_ws/src/ros-controls/ros2_control_demos) by extension 'python_setup_py'
[0.251s] Level 1:colcon.colcon_core.package_identification:_identify(turtlesim_ws/src/ros-controls/ros2_controllers) by extensions ['ignore', 'ignore_ament_install']
[0.252s] Level 1:colcon.colcon_core.package_identification:_identify(turtlesim_ws/src/ros-controls/ros2_controllers) by extension 'ignore'
[0.252s] Level 1:colcon.colcon_core.package_identification:_identify(turtlesim_ws/src/ros-controls/ros2_controllers) by extension 'ignore_ament_install'
[0.252s] Level 1:colcon.colcon_core.package_identification:_identify(turtlesim_ws/src/ros-controls/ros2_controllers) by extensions ['colcon_pkg']
[0.252s] Level 1:colcon.colcon_core.package_identification:_identify(turtlesim_ws/src/ros-controls/ros2_controllers) by extension 'colcon_pkg'
[0.252s] Level 1:colcon.colcon_core.package_identification:_identify(turtlesim_ws/src/ros-controls/ros2_controllers) by extensions ['colcon_meta']
[0.252s] Level 1:colcon.colcon_core.package_identification:_identify(turtlesim_ws/src/ros-controls/ros2_controllers) by extension 'colcon_meta'
[0.252s] Level 1:colcon.colcon_core.package_identification:_identify(turtlesim_ws/src/ros-controls/ros2_controllers) by extensions ['ros']
[0.252s] Level 1:colcon.colcon_core.package_identification:_identify(turtlesim_ws/src/ros-controls/ros2_controllers) by extension 'ros'
[0.252s] Level 1:colcon.colcon_core.package_identification:_identify(turtlesim_ws/src/ros-controls/ros2_controllers) by extensions ['cmake', 'python']
[0.252s] Level 1:colcon.colcon_core.package_identification:_identify(turtlesim_ws/src/ros-controls/ros2_controllers) by extension 'cmake'
[0.252s] Level 1:colcon.colcon_core.package_identification:_identify(turtlesim_ws/src/ros-controls/ros2_controllers) by extension 'python'
[0.253s] Level 1:colcon.colcon_core.package_identification:_identify(turtlesim_ws/src/ros-controls/ros2_controllers) by extensions ['python_setup_py']
[0.253s] Level 1:colcon.colcon_core.package_identification:_identify(turtlesim_ws/src/ros-controls/ros2_controllers) by extension 'python_setup_py'
[0.253s] Level 1:colcon.colcon_core.package_identification:_identify(turtlesim_ws/src/ros-controls/topic_based_hardware_interfaces) by extensions ['ignore', 'ignore_ament_install']
[0.253s] Level 1:colcon.colcon_core.package_identification:_identify(turtlesim_ws/src/ros-controls/topic_based_hardware_interfaces) by extension 'ignore'
[0.253s] Level 1:colcon.colcon_core.package_identification:_identify(turtlesim_ws/src/ros-controls/topic_based_hardware_interfaces) by extension 'ignore_ament_install'
[0.253s] Level 1:colcon.colcon_core.package_identification:_identify(turtlesim_ws/src/ros-controls/topic_based_hardware_interfaces) by extensions ['colcon_pkg']
[0.253s] Level 1:colcon.colcon_core.package_identification:_identify(turtlesim_ws/src/ros-controls/topic_based_hardware_interfaces) by extension 'colcon_pkg'
[0.253s] Level 1:colcon.colcon_core.package_identification:_identify(turtlesim_ws/src/ros-controls/topic_based_hardware_interfaces) by extensions ['colcon_meta']
[0.253s] Level 1:colcon.colcon_core.package_identification:_identify(turtlesim_ws/src/ros-controls/topic_based_hardware_interfaces) by extension 'colcon_meta'
[0.253s] Level 1:colcon.colcon_core.package_identification:_identify(turtlesim_ws/src/ros-controls/topic_based_hardware_interfaces) by extensions ['ros']
[0.253s] Level 1:colcon.colcon_core.package_identification:_identify(turtlesim_ws/src/ros-controls/topic_based_hardware_interfaces) by extension 'ros'
[0.254s] Level 1:colcon.colcon_core.package_identification:_identify(turtlesim_ws/src/ros-controls/topic_based_hardware_interfaces) by extensions ['cmake', 'python']
[0.254s] Level 1:colcon.colcon_core.package_identification:_identify(turtlesim_ws/src/ros-controls/topic_based_hardware_interfaces) by extension 'cmake'
[0.254s] Level 1:colcon.colcon_core.package_identification:_identify(turtlesim_ws/src/ros-controls/topic_based_hardware_interfaces) by extension 'python'
[0.254s] Level 1:colcon.colcon_core.package_identification:_identify(turtlesim_ws/src/ros-controls/topic_based_hardware_interfaces) by extensions ['python_setup_py']
[0.254s] Level 1:colcon.colcon_core.package_identification:_identify(turtlesim_ws/src/ros-controls/topic_based_hardware_interfaces) by extension 'python_setup_py'
[0.254s] Level 1:colcon.colcon_core.package_identification:_identify(turtlesim_ws/src/ros_gz_example_application) by extensions ['ignore', 'ignore_ament_install']
[0.254s] Level 1:colcon.colcon_core.package_identification:_identify(turtlesim_ws/src/ros_gz_example_application) by extension 'ignore'
[0.254s] Level 1:colcon.colcon_core.package_identification:_identify(turtlesim_ws/src/ros_gz_example_application) by extension 'ignore_ament_install'
[0.254s] Level 1:colcon.colcon_core.package_identification:_identify(turtlesim_ws/src/ros_gz_example_application) by extensions ['colcon_pkg']
[0.254s] Level 1:colcon.colcon_core.package_identification:_identify(turtlesim_ws/src/ros_gz_example_application) by extension 'colcon_pkg'
[0.255s] Level 1:colcon.colcon_core.package_identification:_identify(turtlesim_ws/src/ros_gz_example_application) by extensions ['colcon_meta']
[0.255s] Level 1:colcon.colcon_core.package_identification:_identify(turtlesim_ws/src/ros_gz_example_application) by extension 'colcon_meta'
[0.255s] Level 1:colcon.colcon_core.package_identification:_identify(turtlesim_ws/src/ros_gz_example_application) by extensions ['ros']
[0.255s] Level 1:colcon.colcon_core.package_identification:_identify(turtlesim_ws/src/ros_gz_example_application) by extension 'ros'
[0.255s] DEBUG:colcon.colcon_core.package_identification:Package 'turtlesim_ws/src/ros_gz_example_application' with type 'ros.ament_cmake' and name 'ros_gz_example_application'
[0.255s] Level 1:colcon.colcon_core.package_identification:_identify(turtlesim_ws/src/ros_gz_example_bringup) by extensions ['ignore', 'ignore_ament_install']
[0.256s] Level 1:colcon.colcon_core.package_identification:_identify(turtlesim_ws/src/ros_gz_example_bringup) by extension 'ignore'
[0.256s] Level 1:colcon.colcon_core.package_identification:_identify(turtlesim_ws/src/ros_gz_example_bringup) by extension 'ignore_ament_install'
[0.256s] Level 1:colcon.colcon_core.package_identification:_identify(turtlesim_ws/src/ros_gz_example_bringup) by extensions ['colcon_pkg']
[0.256s] Level 1:colcon.colcon_core.package_identification:_identify(turtlesim_ws/src/ros_gz_example_bringup) by extension 'colcon_pkg'
[0.256s] Level 1:colcon.colcon_core.package_identification:_identify(turtlesim_ws/src/ros_gz_example_bringup) by extensions ['colcon_meta']
[0.256s] Level 1:colcon.colcon_core.package_identification:_identify(turtlesim_ws/src/ros_gz_example_bringup) by extension 'colcon_meta'
[0.256s] Level 1:colcon.colcon_core.package_identification:_identify(turtlesim_ws/src/ros_gz_example_bringup) by extensions ['ros']
[0.256s] Level 1:colcon.colcon_core.package_identification:_identify(turtlesim_ws/src/ros_gz_example_bringup) by extension 'ros'
[0.257s] DEBUG:colcon.colcon_core.package_identification:Package 'turtlesim_ws/src/ros_gz_example_bringup' with type 'ros.ament_cmake' and name 'ros_gz_example_bringup'
[0.257s] Level 1:colcon.colcon_core.package_identification:_identify(turtlesim_ws/src/ros_gz_example_description) by extensions ['ignore', 'ignore_ament_install']
[0.257s] Level 1:colcon.colcon_core.package_identification:_identify(turtlesim_ws/src/ros_gz_example_description) by extension 'ignore'
[0.257s] Level 1:colcon.colcon_core.package_identification:_identify(turtlesim_ws/src/ros_gz_example_description) by extension 'ignore_ament_install'
[0.257s] Level 1:colcon.colcon_core.package_identification:_identify(turtlesim_ws/src/ros_gz_example_description) by extensions ['colcon_pkg']
[0.257s] Level 1:colcon.colcon_core.package_identification:_identify(turtlesim_ws/src/ros_gz_example_description) by extension 'colcon_pkg'
[0.257s] Level 1:colcon.colcon_core.package_identification:_identify(turtlesim_ws/src/ros_gz_example_description) by extensions ['colcon_meta']
[0.257s] Level 1:colcon.colcon_core.package_identification:_identify(turtlesim_ws/src/ros_gz_example_description) by extension 'colcon_meta'
[0.257s] Level 1:colcon.colcon_core.package_identification:_identify(turtlesim_ws/src/ros_gz_example_description) by extensions ['ros']
[0.257s] Level 1:colcon.colcon_core.package_identification:_identify(turtlesim_ws/src/ros_gz_example_description) by extension 'ros'
[0.258s] DEBUG:colcon.colcon_core.package_identification:Package 'turtlesim_ws/src/ros_gz_example_description' with type 'ros.ament_cmake' and name 'ros_gz_example_description'
[0.258s] Level 1:colcon.colcon_core.package_identification:_identify(turtlesim_ws/src/ros_gz_example_gazebo) by extensions ['ignore', 'ignore_ament_install']
[0.258s] Level 1:colcon.colcon_core.package_identification:_identify(turtlesim_ws/src/ros_gz_example_gazebo) by extension 'ignore'
[0.258s] Level 1:colcon.colcon_core.package_identification:_identify(turtlesim_ws/src/ros_gz_example_gazebo) by extension 'ignore_ament_install'
[0.258s] Level 1:colcon.colcon_core.package_identification:_identify(turtlesim_ws/src/ros_gz_example_gazebo) by extensions ['colcon_pkg']
[0.258s] Level 1:colcon.colcon_core.package_identification:_identify(turtlesim_ws/src/ros_gz_example_gazebo) by extension 'colcon_pkg'
[0.258s] Level 1:colcon.colcon_core.package_identification:_identify(turtlesim_ws/src/ros_gz_example_gazebo) by extensions ['colcon_meta']
[0.258s] Level 1:colcon.colcon_core.package_identification:_identify(turtlesim_ws/src/ros_gz_example_gazebo) by extension 'colcon_meta'
[0.258s] Level 1:colcon.colcon_core.package_identification:_identify(turtlesim_ws/src/ros_gz_example_gazebo) by extensions ['ros']
[0.258s] Level 1:colcon.colcon_core.package_identification:_identify(turtlesim_ws/src/ros_gz_example_gazebo) by extension 'ros'
[0.259s] DEBUG:colcon.colcon_core.package_identification:Package 'turtlesim_ws/src/ros_gz_example_gazebo' with type 'ros.ament_cmake' and name 'ros_gz_example_gazebo'
[0.259s] Level 1:colcon.colcon_core.package_discovery:discover_packages(recursive) using defaults
[0.259s] Level 1:colcon.colcon_core.package_discovery:discover_packages(ignore) discover
[0.259s] Level 1:colcon.colcon_core.package_discovery:discover_packages(ignore) using defaults
[0.259s] Level 1:colcon.colcon_core.package_discovery:discover_packages(path) discover
[0.259s] Level 1:colcon.colcon_core.package_discovery:discover_packages(path) using defaults
[0.280s] Level 5:colcon.colcon_core.verb:set package 'carter_navigation' build argument 'cmake_args' from command line to 'None'
[0.280s] Level 5:colcon.colcon_core.verb:set package 'carter_navigation' build argument 'cmake_target' from command line to 'None'
[0.281s] Level 5:colcon.colcon_core.verb:set package 'carter_navigation' build argument 'cmake_target_skip_unavailable' from command line to 'False'
[0.281s] Level 5:colcon.colcon_core.verb:set package 'carter_navigation' build argument 'cmake_clean_cache' from command line to 'False'
[0.281s] Level 5:colcon.colcon_core.verb:set package 'carter_navigation' build argument 'cmake_clean_first' from command line to 'False'
[0.281s] Level 5:colcon.colcon_core.verb:set package 'carter_navigation' build argument 'cmake_force_configure' from command line to 'False'
[0.281s] Level 5:colcon.colcon_core.verb:set package 'carter_navigation' build argument 'ament_cmake_args' from command line to 'None'
[0.281s] Level 5:colcon.colcon_core.verb:set package 'carter_navigation' build argument 'catkin_cmake_args' from command line to 'None'
[0.281s] Level 5:colcon.colcon_core.verb:set package 'carter_navigation' build argument 'catkin_skip_building_tests' from command line to 'False'
[0.281s] DEBUG:colcon.colcon_core.verb:Building package 'carter_navigation' with the following arguments: {'ament_cmake_args': None, 'build_base': '/workspaces/ros2-coding/build/carter_navigation', 'catkin_cmake_args': None, 'catkin_skip_building_tests': False, 'cmake_args': None, 'cmake_clean_cache': False, 'cmake_clean_first': False, 'cmake_force_configure': False, 'cmake_target': None, 'cmake_target_skip_unavailable': False, 'install_base': '/workspaces/ros2-coding/install/carter_navigation', 'merge_install': False, 'path': '/workspaces/ros2-coding/turtlesim_ws/src/navigation/carter_navigation', 'symlink_install': True, 'test_result_base': None}
[0.281s] Level 5:colcon.colcon_core.verb:set package 'cmdvel_to_ackermann' build argument 'cmake_args' from command line to 'None'
[0.281s] Level 5:colcon.colcon_core.verb:set package 'cmdvel_to_ackermann' build argument 'cmake_target' from command line to 'None'
[0.281s] Level 5:colcon.colcon_core.verb:set package 'cmdvel_to_ackermann' build argument 'cmake_target_skip_unavailable' from command line to 'False'
[0.281s] Level 5:colcon.colcon_core.verb:set package 'cmdvel_to_ackermann' build argument 'cmake_clean_cache' from command line to 'False'
[0.281s] Level 5:colcon.colcon_core.verb:set package 'cmdvel_to_ackermann' build argument 'cmake_clean_first' from command line to 'False'
[0.281s] Level 5:colcon.colcon_core.verb:set package 'cmdvel_to_ackermann' build argument 'cmake_force_configure' from command line to 'False'
[0.281s] Level 5:colcon.colcon_core.verb:set package 'cmdvel_to_ackermann' build argument 'ament_cmake_args' from command line to 'None'
[0.281s] Level 5:colcon.colcon_core.verb:set package 'cmdvel_to_ackermann' build argument 'catkin_cmake_args' from command line to 'None'
[0.281s] Level 5:colcon.colcon_core.verb:set package 'cmdvel_to_ackermann' build argument 'catkin_skip_building_tests' from command line to 'False'
[0.281s] DEBUG:colcon.colcon_core.verb:Building package 'cmdvel_to_ackermann' with the following arguments: {'ament_cmake_args': None, 'build_base': '/workspaces/ros2-coding/build/cmdvel_to_ackermann', 'catkin_cmake_args': None, 'catkin_skip_building_tests': False, 'cmake_args': None, 'cmake_clean_cache': False, 'cmake_clean_first': False, 'cmake_force_configure': False, 'cmake_target': None, 'cmake_target_skip_unavailable': False, 'install_base': '/workspaces/ros2-coding/install/cmdvel_to_ackermann', 'merge_install': False, 'path': '/workspaces/ros2-coding/turtlesim_ws/src/cmdvel_to_ackermann', 'symlink_install': True, 'test_result_base': None}
[0.282s] Level 5:colcon.colcon_core.verb:set package 'custom_message' build argument 'cmake_args' from command line to 'None'
[0.282s] Level 5:colcon.colcon_core.verb:set package 'custom_message' build argument 'cmake_target' from command line to 'None'
[0.282s] Level 5:colcon.colcon_core.verb:set package 'custom_message' build argument 'cmake_target_skip_unavailable' from command line to 'False'
[0.282s] Level 5:colcon.colcon_core.verb:set package 'custom_message' build argument 'cmake_clean_cache' from command line to 'False'
[0.282s] Level 5:colcon.colcon_core.verb:set package 'custom_message' build argument 'cmake_clean_first' from command line to 'False'
[0.282s] Level 5:colcon.colcon_core.verb:set package 'custom_message' build argument 'cmake_force_configure' from command line to 'False'
[0.282s] Level 5:colcon.colcon_core.verb:set package 'custom_message' build argument 'ament_cmake_args' from command line to 'None'
[0.282s] Level 5:colcon.colcon_core.verb:set package 'custom_message' build argument 'catkin_cmake_args' from command line to 'None'
[0.282s] Level 5:colcon.colcon_core.verb:set package 'custom_message' build argument 'catkin_skip_building_tests' from command line to 'False'
[0.282s] DEBUG:colcon.colcon_core.verb:Building package 'custom_message' with the following arguments: {'ament_cmake_args': None, 'build_base': '/workspaces/ros2-coding/build/custom_message', 'catkin_cmake_args': None, 'catkin_skip_building_tests': False, 'cmake_args': None, 'cmake_clean_cache': False, 'cmake_clean_first': False, 'cmake_force_configure': False, 'cmake_target': None, 'cmake_target_skip_unavailable': False, 'install_base': '/workspaces/ros2-coding/install/custom_message', 'merge_install': False, 'path': '/workspaces/ros2-coding/turtlesim_ws/src/custom_message', 'symlink_install': True, 'test_result_base': None}
[0.282s] Level 5:colcon.colcon_core.verb:set package 'diff_drive_mover' build argument 'cmake_args' from command line to 'None'
[0.282s] Level 5:colcon.colcon_core.verb:set package 'diff_drive_mover' build argument 'cmake_target' from command line to 'None'
[0.282s] Level 5:colcon.colcon_core.verb:set package 'diff_drive_mover' build argument 'cmake_target_skip_unavailable' from command line to 'False'
[0.282s] Level 5:colcon.colcon_core.verb:set package 'diff_drive_mover' build argument 'cmake_clean_cache' from command line to 'False'
[0.282s] Level 5:colcon.colcon_core.verb:set package 'diff_drive_mover' build argument 'cmake_clean_first' from command line to 'False'
[0.282s] Level 5:colcon.colcon_core.verb:set package 'diff_drive_mover' build argument 'cmake_force_configure' from command line to 'False'
[0.282s] Level 5:colcon.colcon_core.verb:set package 'diff_drive_mover' build argument 'ament_cmake_args' from command line to 'None'
[0.282s] Level 5:colcon.colcon_core.verb:set package 'diff_drive_mover' build argument 'catkin_cmake_args' from command line to 'None'
[0.282s] Level 5:colcon.colcon_core.verb:set package 'diff_drive_mover' build argument 'catkin_skip_building_tests' from command line to 'False'
[0.282s] DEBUG:colcon.colcon_core.verb:Building package 'diff_drive_mover' with the following arguments: {'ament_cmake_args': None, 'build_base': '/workspaces/ros2-coding/build/diff_drive_mover', 'catkin_cmake_args': None, 'catkin_skip_building_tests': False, 'cmake_args': None, 'cmake_clean_cache': False, 'cmake_clean_first': False, 'cmake_force_configure': False, 'cmake_target': None, 'cmake_target_skip_unavailable': False, 'install_base': '/workspaces/ros2-coding/install/diff_drive_mover', 'merge_install': False, 'path': '/workspaces/ros2-coding/turtlesim_ws/src/diff_drive_mover', 'symlink_install': True, 'test_result_base': None}
[0.283s] Level 5:colcon.colcon_core.verb:set package 'h1_fullbody_controller' build argument 'cmake_args' from command line to 'None'
[0.283s] Level 5:colcon.colcon_core.verb:set package 'h1_fullbody_controller' build argument 'cmake_target' from command line to 'None'
[0.283s] Level 5:colcon.colcon_core.verb:set package 'h1_fullbody_controller' build argument 'cmake_target_skip_unavailable' from command line to 'False'
[0.283s] Level 5:colcon.colcon_core.verb:set package 'h1_fullbody_controller' build argument 'cmake_clean_cache' from command line to 'False'
[0.283s] Level 5:colcon.colcon_core.verb:set package 'h1_fullbody_controller' build argument 'cmake_clean_first' from command line to 'False'
[0.283s] Level 5:colcon.colcon_core.verb:set package 'h1_fullbody_controller' build argument 'cmake_force_configure' from command line to 'False'
[0.283s] Level 5:colcon.colcon_core.verb:set package 'h1_fullbody_controller' build argument 'ament_cmake_args' from command line to 'None'
[0.283s] Level 5:colcon.colcon_core.verb:set package 'h1_fullbody_controller' build argument 'catkin_cmake_args' from command line to 'None'
[0.283s] Level 5:colcon.colcon_core.verb:set package 'h1_fullbody_controller' build argument 'catkin_skip_building_tests' from command line to 'False'
[0.283s] DEBUG:colcon.colcon_core.verb:Building package 'h1_fullbody_controller' with the following arguments: {'ament_cmake_args': None, 'build_base': '/workspaces/ros2-coding/build/h1_fullbody_controller', 'catkin_cmake_args': None, 'catkin_skip_building_tests': False, 'cmake_args': None, 'cmake_clean_cache': False, 'cmake_clean_first': False, 'cmake_force_configure': False, 'cmake_target': None, 'cmake_target_skip_unavailable': False, 'install_base': '/workspaces/ros2-coding/install/h1_fullbody_controller', 'merge_install': False, 'path': '/workspaces/ros2-coding/turtlesim_ws/src/humanoid_locomotion_policy_example/h1_fullbody_controller', 'symlink_install': True, 'test_result_base': None}
[0.283s] Level 5:colcon.colcon_core.verb:set package 'isaac_moveit' build argument 'cmake_args' from command line to 'None'
[0.283s] Level 5:colcon.colcon_core.verb:set package 'isaac_moveit' build argument 'cmake_target' from command line to 'None'
[0.283s] Level 5:colcon.colcon_core.verb:set package 'isaac_moveit' build argument 'cmake_target_skip_unavailable' from command line to 'False'
[0.283s] Level 5:colcon.colcon_core.verb:set package 'isaac_moveit' build argument 'cmake_clean_cache' from command line to 'False'
[0.283s] Level 5:colcon.colcon_core.verb:set package 'isaac_moveit' build argument 'cmake_clean_first' from command line to 'False'
[0.283s] Level 5:colcon.colcon_core.verb:set package 'isaac_moveit' build argument 'cmake_force_configure' from command line to 'False'
[0.283s] Level 5:colcon.colcon_core.verb:set package 'isaac_moveit' build argument 'ament_cmake_args' from command line to 'None'
[0.283s] Level 5:colcon.colcon_core.verb:set package 'isaac_moveit' build argument 'catkin_cmake_args' from command line to 'None'
[0.283s] Level 5:colcon.colcon_core.verb:set package 'isaac_moveit' build argument 'catkin_skip_building_tests' from command line to 'False'
[0.283s] DEBUG:colcon.colcon_core.verb:Building package 'isaac_moveit' with the following arguments: {'ament_cmake_args': None, 'build_base': '/workspaces/ros2-coding/build/isaac_moveit', 'catkin_cmake_args': None, 'catkin_skip_building_tests': False, 'cmake_args': None, 'cmake_clean_cache': False, 'cmake_clean_first': False, 'cmake_force_configure': False, 'cmake_target': None, 'cmake_target_skip_unavailable': False, 'install_base': '/workspaces/ros2-coding/install/isaac_moveit', 'merge_install': False, 'path': '/workspaces/ros2-coding/turtlesim_ws/src/moveit/isaac_moveit', 'symlink_install': True, 'test_result_base': None}
[0.284s] Level 5:colcon.colcon_core.verb:set package 'isaac_ros2_messages' build argument 'cmake_args' from command line to 'None'
[0.284s] Level 5:colcon.colcon_core.verb:set package 'isaac_ros2_messages' build argument 'cmake_target' from command line to 'None'
[0.284s] Level 5:colcon.colcon_core.verb:set package 'isaac_ros2_messages' build argument 'cmake_target_skip_unavailable' from command line to 'False'
[0.284s] Level 5:colcon.colcon_core.verb:set package 'isaac_ros2_messages' build argument 'cmake_clean_cache' from command line to 'False'
[0.284s] Level 5:colcon.colcon_core.verb:set package 'isaac_ros2_messages' build argument 'cmake_clean_first' from command line to 'False'
[0.284s] Level 5:colcon.colcon_core.verb:set package 'isaac_ros2_messages' build argument 'cmake_force_configure' from command line to 'False'
[0.284s] Level 5:colcon.colcon_core.verb:set package 'isaac_ros2_messages' build argument 'ament_cmake_args' from command line to 'None'
[0.284s] Level 5:colcon.colcon_core.verb:set package 'isaac_ros2_messages' build argument 'catkin_cmake_args' from command line to 'None'
[0.284s] Level 5:colcon.colcon_core.verb:set package 'isaac_ros2_messages' build argument 'catkin_skip_building_tests' from command line to 'False'
[0.284s] DEBUG:colcon.colcon_core.verb:Building package 'isaac_ros2_messages' with the following arguments: {'ament_cmake_args': None, 'build_base': '/workspaces/ros2-coding/build/isaac_ros2_messages', 'catkin_cmake_args': None, 'catkin_skip_building_tests': False, 'cmake_args': None, 'cmake_clean_cache': False, 'cmake_clean_first': False, 'cmake_force_configure': False, 'cmake_target': None, 'cmake_target_skip_unavailable': False, 'install_base': '/workspaces/ros2-coding/install/isaac_ros2_messages', 'merge_install': False, 'path': '/workspaces/ros2-coding/turtlesim_ws/src/isaac_ros2_messages', 'symlink_install': True, 'test_result_base': None}
[0.284s] Level 5:colcon.colcon_core.verb:set package 'isaac_ros_navigation_goal' build argument 'cmake_args' from command line to 'None'
[0.284s] Level 5:colcon.colcon_core.verb:set package 'isaac_ros_navigation_goal' build argument 'cmake_target' from command line to 'None'
[0.284s] Level 5:colcon.colcon_core.verb:set package 'isaac_ros_navigation_goal' build argument 'cmake_target_skip_unavailable' from command line to 'False'
[0.284s] Level 5:colcon.colcon_core.verb:set package 'isaac_ros_navigation_goal' build argument 'cmake_clean_cache' from command line to 'False'
[0.284s] Level 5:colcon.colcon_core.verb:set package 'isaac_ros_navigation_goal' build argument 'cmake_clean_first' from command line to 'False'
[0.284s] Level 5:colcon.colcon_core.verb:set package 'isaac_ros_navigation_goal' build argument 'cmake_force_configure' from command line to 'False'
[0.284s] Level 5:colcon.colcon_core.verb:set package 'isaac_ros_navigation_goal' build argument 'ament_cmake_args' from command line to 'None'
[0.284s] Level 5:colcon.colcon_core.verb:set package 'isaac_ros_navigation_goal' build argument 'catkin_cmake_args' from command line to 'None'
[0.284s] Level 5:colcon.colcon_core.verb:set package 'isaac_ros_navigation_goal' build argument 'catkin_skip_building_tests' from command line to 'False'
[0.284s] DEBUG:colcon.colcon_core.verb:Building package 'isaac_ros_navigation_goal' with the following arguments: {'ament_cmake_args': None, 'build_base': '/workspaces/ros2-coding/build/isaac_ros_navigation_goal', 'catkin_cmake_args': None, 'catkin_skip_building_tests': False, 'cmake_args': None, 'cmake_clean_cache': False, 'cmake_clean_first': False, 'cmake_force_configure': False, 'cmake_target': None, 'cmake_target_skip_unavailable': False, 'install_base': '/workspaces/ros2-coding/install/isaac_ros_navigation_goal', 'merge_install': False, 'path': '/workspaces/ros2-coding/turtlesim_ws/src/navigation/isaac_ros_navigation_goal', 'symlink_install': True, 'test_result_base': None}
[0.285s] Level 5:colcon.colcon_core.verb:set package 'isaac_tutorials' build argument 'cmake_args' from command line to 'None'
[0.285s] Level 5:colcon.colcon_core.verb:set package 'isaac_tutorials' build argument 'cmake_target' from command line to 'None'
[0.285s] Level 5:colcon.colcon_core.verb:set package 'isaac_tutorials' build argument 'cmake_target_skip_unavailable' from command line to 'False'
[0.285s] Level 5:colcon.colcon_core.verb:set package 'isaac_tutorials' build argument 'cmake_clean_cache' from command line to 'False'
[0.285s] Level 5:colcon.colcon_core.verb:set package 'isaac_tutorials' build argument 'cmake_clean_first' from command line to 'False'
[0.285s] Level 5:colcon.colcon_core.verb:set package 'isaac_tutorials' build argument 'cmake_force_configure' from command line to 'False'
[0.285s] Level 5:colcon.colcon_core.verb:set package 'isaac_tutorials' build argument 'ament_cmake_args' from command line to 'None'
[0.285s] Level 5:colcon.colcon_core.verb:set package 'isaac_tutorials' build argument 'catkin_cmake_args' from command line to 'None'
[0.285s] Level 5:colcon.colcon_core.verb:set package 'isaac_tutorials' build argument 'catkin_skip_building_tests' from command line to 'False'
[0.285s] DEBUG:colcon.colcon_core.verb:Building package 'isaac_tutorials' with the following arguments: {'ament_cmake_args': None, 'build_base': '/workspaces/ros2-coding/build/isaac_tutorials', 'catkin_cmake_args': None, 'catkin_skip_building_tests': False, 'cmake_args': None, 'cmake_clean_cache': False, 'cmake_clean_first': False, 'cmake_force_configure': False, 'cmake_target': None, 'cmake_target_skip_unavailable': False, 'install_base': '/workspaces/ros2-coding/install/isaac_tutorials', 'merge_install': False, 'path': '/workspaces/ros2-coding/turtlesim_ws/src/isaac_tutorials', 'symlink_install': True, 'test_result_base': None}
[0.285s] Level 5:colcon.colcon_core.verb:set package 'isaacsim' build argument 'cmake_args' from command line to 'None'
[0.285s] Level 5:colcon.colcon_core.verb:set package 'isaacsim' build argument 'cmake_target' from command line to 'None'
[0.285s] Level 5:colcon.colcon_core.verb:set package 'isaacsim' build argument 'cmake_target_skip_unavailable' from command line to 'False'
[0.285s] Level 5:colcon.colcon_core.verb:set package 'isaacsim' build argument 'cmake_clean_cache' from command line to 'False'
[0.285s] Level 5:colcon.colcon_core.verb:set package 'isaacsim' build argument 'cmake_clean_first' from command line to 'False'
[0.285s] Level 5:colcon.colcon_core.verb:set package 'isaacsim' build argument 'cmake_force_configure' from command line to 'False'
[0.285s] Level 5:colcon.colcon_core.verb:set package 'isaacsim' build argument 'ament_cmake_args' from command line to 'None'
[0.285s] Level 5:colcon.colcon_core.verb:set package 'isaacsim' build argument 'catkin_cmake_args' from command line to 'None'
[0.285s] Level 5:colcon.colcon_core.verb:set package 'isaacsim' build argument 'catkin_skip_building_tests' from command line to 'False'
[0.285s] DEBUG:colcon.colcon_core.verb:Building package 'isaacsim' with the following arguments: {'ament_cmake_args': None, 'build_base': '/workspaces/ros2-coding/build/isaacsim', 'catkin_cmake_args': None, 'catkin_skip_building_tests': False, 'cmake_args': None, 'cmake_clean_cache': False, 'cmake_clean_first': False, 'cmake_force_configure': False, 'cmake_target': None, 'cmake_target_skip_unavailable': False, 'install_base': '/workspaces/ros2-coding/install/isaacsim', 'merge_install': False, 'path': '/workspaces/ros2-coding/turtlesim_ws/src/isaacsim', 'symlink_install': True, 'test_result_base': None}
[0.286s] Level 5:colcon.colcon_core.verb:set package 'issac_sim' build argument 'cmake_args' from command line to 'None'
[0.286s] Level 5:colcon.colcon_core.verb:set package 'issac_sim' build argument 'cmake_target' from command line to 'None'
[0.286s] Level 5:colcon.colcon_core.verb:set package 'issac_sim' build argument 'cmake_target_skip_unavailable' from command line to 'False'
[0.286s] Level 5:colcon.colcon_core.verb:set package 'issac_sim' build argument 'cmake_clean_cache' from command line to 'False'
[0.286s] Level 5:colcon.colcon_core.verb:set package 'issac_sim' build argument 'cmake_clean_first' from command line to 'False'
[0.286s] Level 5:colcon.colcon_core.verb:set package 'issac_sim' build argument 'cmake_force_configure' from command line to 'False'
[0.286s] Level 5:colcon.colcon_core.verb:set package 'issac_sim' build argument 'ament_cmake_args' from command line to 'None'
[0.286s] Level 5:colcon.colcon_core.verb:set package 'issac_sim' build argument 'catkin_cmake_args' from command line to 'None'
[0.286s] Level 5:colcon.colcon_core.verb:set package 'issac_sim' build argument 'catkin_skip_building_tests' from command line to 'False'
[0.286s] DEBUG:colcon.colcon_core.verb:Building package 'issac_sim' with the following arguments: {'ament_cmake_args': None, 'build_base': '/workspaces/ros2-coding/build/issac_sim', 'catkin_cmake_args': None, 'catkin_skip_building_tests': False, 'cmake_args': None, 'cmake_clean_cache': False, 'cmake_clean_first': False, 'cmake_force_configure': False, 'cmake_target': None, 'cmake_target_skip_unavailable': False, 'install_base': '/workspaces/ros2-coding/install/issac_sim', 'merge_install': False, 'path': '/workspaces/ros2-coding/turtlesim_ws/src/issac_sim', 'symlink_install': True, 'test_result_base': None}
[0.286s] Level 5:colcon.colcon_core.verb:set package 'iw_hub_navigation' build argument 'cmake_args' from command line to 'None'
[0.286s] Level 5:colcon.colcon_core.verb:set package 'iw_hub_navigation' build argument 'cmake_target' from command line to 'None'
[0.286s] Level 5:colcon.colcon_core.verb:set package 'iw_hub_navigation' build argument 'cmake_target_skip_unavailable' from command line to 'False'
[0.286s] Level 5:colcon.colcon_core.verb:set package 'iw_hub_navigation' build argument 'cmake_clean_cache' from command line to 'False'
[0.286s] Level 5:colcon.colcon_core.verb:set package 'iw_hub_navigation' build argument 'cmake_clean_first' from command line to 'False'
[0.286s] Level 5:colcon.colcon_core.verb:set package 'iw_hub_navigation' build argument 'cmake_force_configure' from command line to 'False'
[0.286s] Level 5:colcon.colcon_core.verb:set package 'iw_hub_navigation' build argument 'ament_cmake_args' from command line to 'None'
[0.286s] Level 5:colcon.colcon_core.verb:set package 'iw_hub_navigation' build argument 'catkin_cmake_args' from command line to 'None'
[0.286s] Level 5:colcon.colcon_core.verb:set package 'iw_hub_navigation' build argument 'catkin_skip_building_tests' from command line to 'False'
[0.286s] DEBUG:colcon.colcon_core.verb:Building package 'iw_hub_navigation' with the following arguments: {'ament_cmake_args': None, 'build_base': '/workspaces/ros2-coding/build/iw_hub_navigation', 'catkin_cmake_args': None, 'catkin_skip_building_tests': False, 'cmake_args': None, 'cmake_clean_cache': False, 'cmake_clean_first': False, 'cmake_force_configure': False, 'cmake_target': None, 'cmake_target_skip_unavailable': False, 'install_base': '/workspaces/ros2-coding/install/iw_hub_navigation', 'merge_install': False, 'path': '/workspaces/ros2-coding/turtlesim_ws/src/navigation/iw_hub_navigation', 'symlink_install': True, 'test_result_base': None}
[0.287s] Level 5:colcon.colcon_core.verb:set package 'my_turtlesim' build argument 'cmake_args' from command line to 'None'
[0.287s] Level 5:colcon.colcon_core.verb:set package 'my_turtlesim' build argument 'cmake_target' from command line to 'None'
[0.287s] Level 5:colcon.colcon_core.verb:set package 'my_turtlesim' build argument 'cmake_target_skip_unavailable' from command line to 'False'
[0.287s] Level 5:colcon.colcon_core.verb:set package 'my_turtlesim' build argument 'cmake_clean_cache' from command line to 'False'
[0.287s] Level 5:colcon.colcon_core.verb:set package 'my_turtlesim' build argument 'cmake_clean_first' from command line to 'False'
[0.287s] Level 5:colcon.colcon_core.verb:set package 'my_turtlesim' build argument 'cmake_force_configure' from command line to 'False'
[0.287s] Level 5:colcon.colcon_core.verb:set package 'my_turtlesim' build argument 'ament_cmake_args' from command line to 'None'
[0.287s] Level 5:colcon.colcon_core.verb:set package 'my_turtlesim' build argument 'catkin_cmake_args' from command line to 'None'
[0.287s] Level 5:colcon.colcon_core.verb:set package 'my_turtlesim' build argument 'catkin_skip_building_tests' from command line to 'False'
[0.287s] DEBUG:colcon.colcon_core.verb:Building package 'my_turtlesim' with the following arguments: {'ament_cmake_args': None, 'build_base': '/workspaces/ros2-coding/build/my_turtlesim', 'catkin_cmake_args': None, 'catkin_skip_building_tests': False, 'cmake_args': None, 'cmake_clean_cache': False, 'cmake_clean_first': False, 'cmake_force_configure': False, 'cmake_target': None, 'cmake_target_skip_unavailable': False, 'install_base': '/workspaces/ros2-coding/install/my_turtlesim', 'merge_install': False, 'path': '/workspaces/ros2-coding/turtlesim_ws/src/my_turtlesim', 'symlink_install': True, 'test_result_base': None}
[0.287s] Level 5:colcon.colcon_core.verb:set package 'ros_gz_example_application' build argument 'cmake_args' from command line to 'None'
[0.287s] Level 5:colcon.colcon_core.verb:set package 'ros_gz_example_application' build argument 'cmake_target' from command line to 'None'
[0.287s] Level 5:colcon.colcon_core.verb:set package 'ros_gz_example_application' build argument 'cmake_target_skip_unavailable' from command line to 'False'
[0.287s] Level 5:colcon.colcon_core.verb:set package 'ros_gz_example_application' build argument 'cmake_clean_cache' from command line to 'False'
[0.287s] Level 5:colcon.colcon_core.verb:set package 'ros_gz_example_application' build argument 'cmake_clean_first' from command line to 'False'
[0.287s] Level 5:colcon.colcon_core.verb:set package 'ros_gz_example_application' build argument 'cmake_force_configure' from command line to 'False'
[0.287s] Level 5:colcon.colcon_core.verb:set package 'ros_gz_example_application' build argument 'ament_cmake_args' from command line to 'None'
[0.287s] Level 5:colcon.colcon_core.verb:set package 'ros_gz_example_application' build argument 'catkin_cmake_args' from command line to 'None'
[0.287s] Level 5:colcon.colcon_core.verb:set package 'ros_gz_example_application' build argument 'catkin_skip_building_tests' from command line to 'False'
[0.287s] DEBUG:colcon.colcon_core.verb:Building package 'ros_gz_example_application' with the following arguments: {'ament_cmake_args': None, 'build_base': '/workspaces/ros2-coding/build/ros_gz_example_application', 'catkin_cmake_args': None, 'catkin_skip_building_tests': False, 'cmake_args': None, 'cmake_clean_cache': False, 'cmake_clean_first': False, 'cmake_force_configure': False, 'cmake_target': None, 'cmake_target_skip_unavailable': False, 'install_base': '/workspaces/ros2-coding/install/ros_gz_example_application', 'merge_install': False, 'path': '/workspaces/ros2-coding/turtlesim_ws/src/ros_gz_example_application', 'symlink_install': True, 'test_result_base': None}
[0.287s] Level 5:colcon.colcon_core.verb:set package 'ros_gz_example_description' build argument 'cmake_args' from command line to 'None'
[0.288s] Level 5:colcon.colcon_core.verb:set package 'ros_gz_example_description' build argument 'cmake_target' from command line to 'None'
[0.288s] Level 5:colcon.colcon_core.verb:set package 'ros_gz_example_description' build argument 'cmake_target_skip_unavailable' from command line to 'False'
[0.288s] Level 5:colcon.colcon_core.verb:set package 'ros_gz_example_description' build argument 'cmake_clean_cache' from command line to 'False'
[0.288s] Level 5:colcon.colcon_core.verb:set package 'ros_gz_example_description' build argument 'cmake_clean_first' from command line to 'False'
[0.288s] Level 5:colcon.colcon_core.verb:set package 'ros_gz_example_description' build argument 'cmake_force_configure' from command line to 'False'
[0.288s] Level 5:colcon.colcon_core.verb:set package 'ros_gz_example_description' build argument 'ament_cmake_args' from command line to 'None'
[0.288s] Level 5:colcon.colcon_core.verb:set package 'ros_gz_example_description' build argument 'catkin_cmake_args' from command line to 'None'
[0.288s] Level 5:colcon.colcon_core.verb:set package 'ros_gz_example_description' build argument 'catkin_skip_building_tests' from command line to 'False'
[0.288s] DEBUG:colcon.colcon_core.verb:Building package 'ros_gz_example_description' with the following arguments: {'ament_cmake_args': None, 'build_base': '/workspaces/ros2-coding/build/ros_gz_example_description', 'catkin_cmake_args': None, 'catkin_skip_building_tests': False, 'cmake_args': None, 'cmake_clean_cache': False, 'cmake_clean_first': False, 'cmake_force_configure': False, 'cmake_target': None, 'cmake_target_skip_unavailable': False, 'install_base': '/workspaces/ros2-coding/install/ros_gz_example_description', 'merge_install': False, 'path': '/workspaces/ros2-coding/turtlesim_ws/src/ros_gz_example_description', 'symlink_install': True, 'test_result_base': None}
[0.288s] Level 5:colcon.colcon_core.verb:set package 'ros_gz_example_gazebo' build argument 'cmake_args' from command line to 'None'
[0.288s] Level 5:colcon.colcon_core.verb:set package 'ros_gz_example_gazebo' build argument 'cmake_target' from command line to 'None'
[0.288s] Level 5:colcon.colcon_core.verb:set package 'ros_gz_example_gazebo' build argument 'cmake_target_skip_unavailable' from command line to 'False'
[0.288s] Level 5:colcon.colcon_core.verb:set package 'ros_gz_example_gazebo' build argument 'cmake_clean_cache' from command line to 'False'
[0.288s] Level 5:colcon.colcon_core.verb:set package 'ros_gz_example_gazebo' build argument 'cmake_clean_first' from command line to 'False'
[0.288s] Level 5:colcon.colcon_core.verb:set package 'ros_gz_example_gazebo' build argument 'cmake_force_configure' from command line to 'False'
[0.288s] Level 5:colcon.colcon_core.verb:set package 'ros_gz_example_gazebo' build argument 'ament_cmake_args' from command line to 'None'
[0.288s] Level 5:colcon.colcon_core.verb:set package 'ros_gz_example_gazebo' build argument 'catkin_cmake_args' from command line to 'None'
[0.288s] Level 5:colcon.colcon_core.verb:set package 'ros_gz_example_gazebo' build argument 'catkin_skip_building_tests' from command line to 'False'
[0.288s] DEBUG:colcon.colcon_core.verb:Building package 'ros_gz_example_gazebo' with the following arguments: {'ament_cmake_args': None, 'build_base': '/workspaces/ros2-coding/build/ros_gz_example_gazebo', 'catkin_cmake_args': None, 'catkin_skip_building_tests': False, 'cmake_args': None, 'cmake_clean_cache': False, 'cmake_clean_first': False, 'cmake_force_configure': False, 'cmake_target': None, 'cmake_target_skip_unavailable': False, 'install_base': '/workspaces/ros2-coding/install/ros_gz_example_gazebo', 'merge_install': False, 'path': '/workspaces/ros2-coding/turtlesim_ws/src/ros_gz_example_gazebo', 'symlink_install': True, 'test_result_base': None}
[0.288s] Level 5:colcon.colcon_core.verb:set package 'ros_gz_example_bringup' build argument 'cmake_args' from command line to 'None'
[0.289s] Level 5:colcon.colcon_core.verb:set package 'ros_gz_example_bringup' build argument 'cmake_target' from command line to 'None'
[0.289s] Level 5:colcon.colcon_core.verb:set package 'ros_gz_example_bringup' build argument 'cmake_target_skip_unavailable' from command line to 'False'
[0.289s] Level 5:colcon.colcon_core.verb:set package 'ros_gz_example_bringup' build argument 'cmake_clean_cache' from command line to 'False'
[0.289s] Level 5:colcon.colcon_core.verb:set package 'ros_gz_example_bringup' build argument 'cmake_clean_first' from command line to 'False'
[0.289s] Level 5:colcon.colcon_core.verb:set package 'ros_gz_example_bringup' build argument 'cmake_force_configure' from command line to 'False'
[0.289s] Level 5:colcon.colcon_core.verb:set package 'ros_gz_example_bringup' build argument 'ament_cmake_args' from command line to 'None'
[0.289s] Level 5:colcon.colcon_core.verb:set package 'ros_gz_example_bringup' build argument 'catkin_cmake_args' from command line to 'None'
[0.289s] Level 5:colcon.colcon_core.verb:set package 'ros_gz_example_bringup' build argument 'catkin_skip_building_tests' from command line to 'False'
[0.289s] DEBUG:colcon.colcon_core.verb:Building package 'ros_gz_example_bringup' with the following arguments: {'ament_cmake_args': None, 'build_base': '/workspaces/ros2-coding/build/ros_gz_example_bringup', 'catkin_cmake_args': None, 'catkin_skip_building_tests': False, 'cmake_args': None, 'cmake_clean_cache': False, 'cmake_clean_first': False, 'cmake_force_configure': False, 'cmake_target': None, 'cmake_target_skip_unavailable': False, 'install_base': '/workspaces/ros2-coding/install/ros_gz_example_bringup', 'merge_install': False, 'path': '/workspaces/ros2-coding/turtlesim_ws/src/ros_gz_example_bringup', 'symlink_install': True, 'test_result_base': None}
[0.289s] INFO:colcon.colcon_core.executor:Executing jobs using 'parallel' executor
[0.290s] DEBUG:colcon.colcon_parallel_executor.executor.parallel:run_until_complete
[0.290s] INFO:colcon.colcon_ros.task.ament_cmake.build:Building ROS package in '/workspaces/ros2-coding/turtlesim_ws/src/ros_gz_example_description' with build type 'ament_cmake'
[0.290s] INFO:colcon.colcon_cmake.task.cmake.build:Building CMake package in '/workspaces/ros2-coding/turtlesim_ws/src/ros_gz_example_description'
[0.293s] INFO:colcon.colcon_core.plugin_system:Skipping extension 'colcon_core.shell.bat': Not used on non-Windows systems
[0.294s] INFO:colcon.colcon_core.shell:Skip shell extension 'powershell' for command environment: Not usable outside of PowerShell
[0.294s] DEBUG:colcon.colcon_core.shell:Skip shell extension 'dsv' for command environment
[0.307s] INFO:colcon.colcon_ros.task.ament_cmake.build:Building ROS package in '/workspaces/ros2-coding/turtlesim_ws/src/navigation/carter_navigation' with build type 'ament_cmake'
[0.307s] INFO:colcon.colcon_cmake.task.cmake.build:Building CMake package in '/workspaces/ros2-coding/turtlesim_ws/src/navigation/carter_navigation'
[0.307s] INFO:colcon.colcon_core.shell:Skip shell extension 'powershell' for command environment: Not usable outside of PowerShell
[0.307s] DEBUG:colcon.colcon_core.shell:Skip shell extension 'dsv' for command environment
[0.324s] INFO:colcon.colcon_ros.task.ament_cmake.build:Building ROS package in '/workspaces/ros2-coding/turtlesim_ws/src/cmdvel_to_ackermann' with build type 'ament_cmake'
[0.324s] INFO:colcon.colcon_cmake.task.cmake.build:Building CMake package in '/workspaces/ros2-coding/turtlesim_ws/src/cmdvel_to_ackermann'
[0.325s] INFO:colcon.colcon_core.shell:Skip shell extension 'powershell' for command environment: Not usable outside of PowerShell
[0.325s] DEBUG:colcon.colcon_core.shell:Skip shell extension 'dsv' for command environment
[0.343s] INFO:colcon.colcon_ros.task.ament_cmake.build:Building ROS package in '/workspaces/ros2-coding/turtlesim_ws/src/custom_message' with build type 'ament_cmake'
[0.343s] INFO:colcon.colcon_cmake.task.cmake.build:Building CMake package in '/workspaces/ros2-coding/turtlesim_ws/src/custom_message'
[0.343s] INFO:colcon.colcon_core.shell:Skip shell extension 'powershell' for command environment: Not usable outside of PowerShell
[0.344s] DEBUG:colcon.colcon_core.shell:Skip shell extension 'dsv' for command environment
[0.365s] DEBUG:colcon.colcon_core.event_handler.log_command:Invoking command in '/workspaces/ros2-coding/build/ros_gz_example_description': CMAKE_PREFIX_PATH=${CMAKE_PREFIX_PATH}:/workspaces/ros2-coding/install/rqt_joint_trajectory_controller:/workspaces/ros2-coding/install/rqt_controller_manager:/workspaces/ros2-coding/install/ros2controlcli:/workspaces/ros2-coding/install/ros2_controllers_test_nodes:/workspaces/ros2-coding/install/my_turtlesim:/workspaces/ros2-coding/install/issac_sim:/workspaces/ros2-coding/install/isaac_ros_navigation_goal:/opt/ros/jazzy /usr/bin/cmake --build /workspaces/ros2-coding/build/ros_gz_example_description -- -j4 -l4
[0.369s] DEBUG:colcon.colcon_core.event_handler.log_command:Invoking command in '/workspaces/ros2-coding/build/carter_navigation': CMAKE_PREFIX_PATH=${CMAKE_PREFIX_PATH}:/workspaces/ros2-coding/install/rqt_joint_trajectory_controller:/workspaces/ros2-coding/install/rqt_controller_manager:/workspaces/ros2-coding/install/ros2controlcli:/workspaces/ros2-coding/install/ros2_controllers_test_nodes:/workspaces/ros2-coding/install/my_turtlesim:/workspaces/ros2-coding/install/issac_sim:/workspaces/ros2-coding/install/isaac_ros_navigation_goal:/opt/ros/jazzy /usr/bin/cmake --build /workspaces/ros2-coding/build/carter_navigation -- -j4 -l4
[0.373s] DEBUG:colcon.colcon_core.event_handler.log_command:Invoking command in '/workspaces/ros2-coding/build/cmdvel_to_ackermann': CMAKE_PREFIX_PATH=${CMAKE_PREFIX_PATH}:/workspaces/ros2-coding/install/rqt_joint_trajectory_controller:/workspaces/ros2-coding/install/rqt_controller_manager:/workspaces/ros2-coding/install/ros2controlcli:/workspaces/ros2-coding/install/ros2_controllers_test_nodes:/workspaces/ros2-coding/install/my_turtlesim:/workspaces/ros2-coding/install/issac_sim:/workspaces/ros2-coding/install/isaac_ros_navigation_goal:/opt/ros/jazzy /usr/bin/cmake --build /workspaces/ros2-coding/build/cmdvel_to_ackermann -- -j4 -l4
[0.379s] DEBUG:colcon.colcon_core.event_handler.log_command:Invoking command in '/workspaces/ros2-coding/build/custom_message': CMAKE_PREFIX_PATH=${CMAKE_PREFIX_PATH}:/workspaces/ros2-coding/install/rqt_joint_trajectory_controller:/workspaces/ros2-coding/install/rqt_controller_manager:/workspaces/ros2-coding/install/ros2controlcli:/workspaces/ros2-coding/install/ros2_controllers_test_nodes:/workspaces/ros2-coding/install/my_turtlesim:/workspaces/ros2-coding/install/issac_sim:/workspaces/ros2-coding/install/isaac_ros_navigation_goal:/opt/ros/jazzy /usr/bin/cmake --build /workspaces/ros2-coding/build/custom_message -- -j4 -l4
[0.474s] DEBUG:colcon.colcon_core.event_handler.log_command:Invoked command in '/workspaces/ros2-coding/build/carter_navigation' returned '0': CMAKE_PREFIX_PATH=${CMAKE_PREFIX_PATH}:/workspaces/ros2-coding/install/rqt_joint_trajectory_controller:/workspaces/ros2-coding/install/rqt_controller_manager:/workspaces/ros2-coding/install/ros2controlcli:/workspaces/ros2-coding/install/ros2_controllers_test_nodes:/workspaces/ros2-coding/install/my_turtlesim:/workspaces/ros2-coding/install/issac_sim:/workspaces/ros2-coding/install/isaac_ros_navigation_goal:/opt/ros/jazzy /usr/bin/cmake --build /workspaces/ros2-coding/build/carter_navigation -- -j4 -l4
[0.499s] DEBUG:colcon.colcon_core.event_handler.log_command:Invoking command in '/workspaces/ros2-coding/build/carter_navigation': CMAKE_PREFIX_PATH=${CMAKE_PREFIX_PATH}:/workspaces/ros2-coding/install/rqt_joint_trajectory_controller:/workspaces/ros2-coding/install/rqt_controller_manager:/workspaces/ros2-coding/install/ros2controlcli:/workspaces/ros2-coding/install/ros2_controllers_test_nodes:/workspaces/ros2-coding/install/my_turtlesim:/workspaces/ros2-coding/install/issac_sim:/workspaces/ros2-coding/install/isaac_ros_navigation_goal:/opt/ros/jazzy /usr/bin/cmake --install /workspaces/ros2-coding/build/carter_navigation
[0.502s] DEBUG:colcon.colcon_core.event_handler.log_command:Invoked command in '/workspaces/ros2-coding/build/ros_gz_example_description' returned '0': CMAKE_PREFIX_PATH=${CMAKE_PREFIX_PATH}:/workspaces/ros2-coding/install/rqt_joint_trajectory_controller:/workspaces/ros2-coding/install/rqt_controller_manager:/workspaces/ros2-coding/install/ros2controlcli:/workspaces/ros2-coding/install/ros2_controllers_test_nodes:/workspaces/ros2-coding/install/my_turtlesim:/workspaces/ros2-coding/install/issac_sim:/workspaces/ros2-coding/install/isaac_ros_navigation_goal:/opt/ros/jazzy /usr/bin/cmake --build /workspaces/ros2-coding/build/ros_gz_example_description -- -j4 -l4
[0.502s] DEBUG:colcon.colcon_core.event_handler.log_command:Invoking command in '/workspaces/ros2-coding/build/ros_gz_example_description': CMAKE_PREFIX_PATH=${CMAKE_PREFIX_PATH}:/workspaces/ros2-coding/install/rqt_joint_trajectory_controller:/workspaces/ros2-coding/install/rqt_controller_manager:/workspaces/ros2-coding/install/ros2controlcli:/workspaces/ros2-coding/install/ros2_controllers_test_nodes:/workspaces/ros2-coding/install/my_turtlesim:/workspaces/ros2-coding/install/issac_sim:/workspaces/ros2-coding/install/isaac_ros_navigation_goal:/opt/ros/jazzy /usr/bin/cmake --install /workspaces/ros2-coding/build/ros_gz_example_description
[0.505s] DEBUG:colcon.colcon_core.event_handler.log_command:Invoked command in '/workspaces/ros2-coding/build/cmdvel_to_ackermann' returned '0': CMAKE_PREFIX_PATH=${CMAKE_PREFIX_PATH}:/workspaces/ros2-coding/install/rqt_joint_trajectory_controller:/workspaces/ros2-coding/install/rqt_controller_manager:/workspaces/ros2-coding/install/ros2controlcli:/workspaces/ros2-coding/install/ros2_controllers_test_nodes:/workspaces/ros2-coding/install/my_turtlesim:/workspaces/ros2-coding/install/issac_sim:/workspaces/ros2-coding/install/isaac_ros_navigation_goal:/opt/ros/jazzy /usr/bin/cmake --build /workspaces/ros2-coding/build/cmdvel_to_ackermann -- -j4 -l4
[0.506s] DEBUG:colcon.colcon_core.event_handler.log_command:Invoking command in '/workspaces/ros2-coding/build/cmdvel_to_ackermann': CMAKE_PREFIX_PATH=${CMAKE_PREFIX_PATH}:/workspaces/ros2-coding/install/rqt_joint_trajectory_controller:/workspaces/ros2-coding/install/rqt_controller_manager:/workspaces/ros2-coding/install/ros2controlcli:/workspaces/ros2-coding/install/ros2_controllers_test_nodes:/workspaces/ros2-coding/install/my_turtlesim:/workspaces/ros2-coding/install/issac_sim:/workspaces/ros2-coding/install/isaac_ros_navigation_goal:/opt/ros/jazzy /usr/bin/cmake --install /workspaces/ros2-coding/build/cmdvel_to_ackermann
[0.592s] Level 1:colcon.colcon_core.environment:create_environment_scripts_only(carter_navigation)
[0.594s] DEBUG:colcon.colcon_core.event_handler.log_command:Invoked command in '/workspaces/ros2-coding/build/carter_navigation' returned '0': CMAKE_PREFIX_PATH=${CMAKE_PREFIX_PATH}:/workspaces/ros2-coding/install/rqt_joint_trajectory_controller:/workspaces/ros2-coding/install/rqt_controller_manager:/workspaces/ros2-coding/install/ros2controlcli:/workspaces/ros2-coding/install/ros2_controllers_test_nodes:/workspaces/ros2-coding/install/my_turtlesim:/workspaces/ros2-coding/install/issac_sim:/workspaces/ros2-coding/install/isaac_ros_navigation_goal:/opt/ros/jazzy /usr/bin/cmake --install /workspaces/ros2-coding/build/carter_navigation
[0.598s] Level 1:colcon.colcon_core.environment:checking '/workspaces/ros2-coding/install/carter_navigation' for CMake module files
[0.602s] Level 1:colcon.colcon_core.environment:checking '/workspaces/ros2-coding/install/carter_navigation' for CMake config files
[0.606s] Level 1:colcon.colcon_core.shell:create_environment_hook('carter_navigation', 'cmake_prefix_path')
[0.606s] INFO:colcon.colcon_core.shell:Creating environment hook '/workspaces/ros2-coding/install/carter_navigation/share/carter_navigation/hook/cmake_prefix_path.ps1'
[0.608s] INFO:colcon.colcon_core.shell:Creating environment descriptor '/workspaces/ros2-coding/install/carter_navigation/share/carter_navigation/hook/cmake_prefix_path.dsv'
[0.610s] INFO:colcon.colcon_core.shell:Creating environment hook '/workspaces/ros2-coding/install/carter_navigation/share/carter_navigation/hook/cmake_prefix_path.sh'
[0.614s] Level 1:colcon.colcon_core.environment:checking '/workspaces/ros2-coding/install/carter_navigation/bin'
[0.614s] Level 1:colcon.colcon_core.environment:checking '/workspaces/ros2-coding/install/carter_navigation/lib/pkgconfig/carter_navigation.pc'
[0.625s] Level 1:colcon.colcon_core.environment:checking '/workspaces/ros2-coding/install/carter_navigation/lib/python3.12/site-packages'
[0.626s] Level 1:colcon.colcon_core.environment:checking '/workspaces/ros2-coding/install/carter_navigation/bin'
[0.627s] INFO:colcon.colcon_core.shell:Creating package script '/workspaces/ros2-coding/install/carter_navigation/share/carter_navigation/package.ps1'
[0.631s] INFO:colcon.colcon_core.shell:Creating package descriptor '/workspaces/ros2-coding/install/carter_navigation/share/carter_navigation/package.dsv'
[0.634s] INFO:colcon.colcon_core.shell:Creating package script '/workspaces/ros2-coding/install/carter_navigation/share/carter_navigation/package.sh'
[0.635s] INFO:colcon.colcon_core.shell:Creating package script '/workspaces/ros2-coding/install/carter_navigation/share/carter_navigation/package.bash'
[0.640s] INFO:colcon.colcon_core.shell:Creating package script '/workspaces/ros2-coding/install/carter_navigation/share/carter_navigation/package.zsh'
[0.643s] Level 1:colcon.colcon_core.environment:create_file_with_runtime_dependencies(/workspaces/ros2-coding/install/carter_navigation/share/colcon-core/packages/carter_navigation)
[0.644s] Level 1:colcon.colcon_core.environment:create_environment_scripts_only(carter_navigation)
[0.644s] Level 1:colcon.colcon_core.environment:checking '/workspaces/ros2-coding/install/carter_navigation' for CMake module files
[0.645s] Level 1:colcon.colcon_core.environment:checking '/workspaces/ros2-coding/install/carter_navigation' for CMake config files
[0.648s] Level 1:colcon.colcon_core.shell:create_environment_hook('carter_navigation', 'cmake_prefix_path')
[0.649s] INFO:colcon.colcon_core.shell:Creating environment hook '/workspaces/ros2-coding/install/carter_navigation/share/carter_navigation/hook/cmake_prefix_path.ps1'
[0.651s] INFO:colcon.colcon_core.shell:Creating environment descriptor '/workspaces/ros2-coding/install/carter_navigation/share/carter_navigation/hook/cmake_prefix_path.dsv'
[0.653s] INFO:colcon.colcon_core.shell:Creating environment hook '/workspaces/ros2-coding/install/carter_navigation/share/carter_navigation/hook/cmake_prefix_path.sh'
[0.657s] Level 1:colcon.colcon_core.environment:checking '/workspaces/ros2-coding/install/carter_navigation/bin'
[0.658s] Level 1:colcon.colcon_core.environment:checking '/workspaces/ros2-coding/install/carter_navigation/lib/pkgconfig/carter_navigation.pc'
[0.658s] Level 1:colcon.colcon_core.environment:checking '/workspaces/ros2-coding/install/carter_navigation/lib/python3.12/site-packages'
[0.660s] Level 1:colcon.colcon_core.environment:checking '/workspaces/ros2-coding/install/carter_navigation/bin'
[0.661s] INFO:colcon.colcon_core.shell:Creating package script '/workspaces/ros2-coding/install/carter_navigation/share/carter_navigation/package.ps1'
[0.661s] INFO:colcon.colcon_core.shell:Creating package descriptor '/workspaces/ros2-coding/install/carter_navigation/share/carter_navigation/package.dsv'
[0.663s] INFO:colcon.colcon_core.shell:Creating package script '/workspaces/ros2-coding/install/carter_navigation/share/carter_navigation/package.sh'
[0.664s] INFO:colcon.colcon_core.shell:Creating package script '/workspaces/ros2-coding/install/carter_navigation/share/carter_navigation/package.bash'
[0.665s] INFO:colcon.colcon_core.shell:Creating package script '/workspaces/ros2-coding/install/carter_navigation/share/carter_navigation/package.zsh'
[0.666s] Level 1:colcon.colcon_core.environment:create_file_with_runtime_dependencies(/workspaces/ros2-coding/install/carter_navigation/share/colcon-core/packages/carter_navigation)
[0.668s] INFO:colcon.colcon_ros.task.ament_cmake.build:Building ROS package in '/workspaces/ros2-coding/turtlesim_ws/src/diff_drive_mover' with build type 'ament_cmake'
[0.669s] INFO:colcon.colcon_cmake.task.cmake.build:Building CMake package in '/workspaces/ros2-coding/turtlesim_ws/src/diff_drive_mover'
[0.669s] INFO:colcon.colcon_core.shell:Skip shell extension 'powershell' for command environment: Not usable outside of PowerShell
[0.670s] DEBUG:colcon.colcon_core.shell:Skip shell extension 'dsv' for command environment
[0.722s] Level 1:colcon.colcon_core.environment:create_environment_scripts_only(ros_gz_example_description)
[0.722s] Level 1:colcon.colcon_core.environment:checking '/workspaces/ros2-coding/install/ros_gz_example_description' for CMake module files
[0.723s] Level 1:colcon.colcon_core.environment:checking '/workspaces/ros2-coding/install/ros_gz_example_description' for CMake config files
[0.724s] Level 1:colcon.colcon_core.shell:create_environment_hook('ros_gz_example_description', 'cmake_prefix_path')
[0.724s] INFO:colcon.colcon_core.shell:Creating environment hook '/workspaces/ros2-coding/install/ros_gz_example_description/share/ros_gz_example_description/hook/cmake_prefix_path.ps1'
[0.725s] INFO:colcon.colcon_core.shell:Creating environment descriptor '/workspaces/ros2-coding/install/ros_gz_example_description/share/ros_gz_example_description/hook/cmake_prefix_path.dsv'
[0.725s] INFO:colcon.colcon_core.shell:Creating environment hook '/workspaces/ros2-coding/install/ros_gz_example_description/share/ros_gz_example_description/hook/cmake_prefix_path.sh'
[0.730s] Level 1:colcon.colcon_core.environment:checking '/workspaces/ros2-coding/install/ros_gz_example_description/bin'
[0.730s] Level 1:colcon.colcon_core.environment:checking '/workspaces/ros2-coding/install/ros_gz_example_description/lib/pkgconfig/ros_gz_example_description.pc'
[0.731s] Level 1:colcon.colcon_core.environment:checking '/workspaces/ros2-coding/install/ros_gz_example_description/lib/python3.12/site-packages'
[0.731s] Level 1:colcon.colcon_core.environment:checking '/workspaces/ros2-coding/install/ros_gz_example_description/bin'
[0.731s] INFO:colcon.colcon_core.shell:Creating package script '/workspaces/ros2-coding/install/ros_gz_example_description/share/ros_gz_example_description/package.ps1'
[0.732s] DEBUG:colcon.colcon_core.event_handler.log_command:Invoked command in '/workspaces/ros2-coding/build/ros_gz_example_description' returned '0': CMAKE_PREFIX_PATH=${CMAKE_PREFIX_PATH}:/workspaces/ros2-coding/install/rqt_joint_trajectory_controller:/workspaces/ros2-coding/install/rqt_controller_manager:/workspaces/ros2-coding/install/ros2controlcli:/workspaces/ros2-coding/install/ros2_controllers_test_nodes:/workspaces/ros2-coding/install/my_turtlesim:/workspaces/ros2-coding/install/issac_sim:/workspaces/ros2-coding/install/isaac_ros_navigation_goal:/opt/ros/jazzy /usr/bin/cmake --install /workspaces/ros2-coding/build/ros_gz_example_description
[0.733s] INFO:colcon.colcon_core.shell:Creating package descriptor '/workspaces/ros2-coding/install/ros_gz_example_description/share/ros_gz_example_description/package.dsv'
[0.737s] INFO:colcon.colcon_core.shell:Creating package script '/workspaces/ros2-coding/install/ros_gz_example_description/share/ros_gz_example_description/package.sh'
[0.737s] INFO:colcon.colcon_core.shell:Creating package script '/workspaces/ros2-coding/install/ros_gz_example_description/share/ros_gz_example_description/package.bash'
[0.738s] INFO:colcon.colcon_core.shell:Creating package script '/workspaces/ros2-coding/install/ros_gz_example_description/share/ros_gz_example_description/package.zsh'
[0.739s] Level 1:colcon.colcon_core.environment:create_file_with_runtime_dependencies(/workspaces/ros2-coding/install/ros_gz_example_description/share/colcon-core/packages/ros_gz_example_description)
[0.739s] Level 1:colcon.colcon_core.environment:create_environment_scripts_only(ros_gz_example_description)
[0.740s] Level 1:colcon.colcon_core.environment:checking '/workspaces/ros2-coding/install/ros_gz_example_description' for CMake module files
[0.740s] Level 1:colcon.colcon_core.environment:checking '/workspaces/ros2-coding/install/ros_gz_example_description' for CMake config files
[0.745s] Level 1:colcon.colcon_core.shell:create_environment_hook('ros_gz_example_description', 'cmake_prefix_path')
[0.745s] INFO:colcon.colcon_core.shell:Creating environment hook '/workspaces/ros2-coding/install/ros_gz_example_description/share/ros_gz_example_description/hook/cmake_prefix_path.ps1'
[0.748s] INFO:colcon.colcon_core.shell:Creating environment descriptor '/workspaces/ros2-coding/install/ros_gz_example_description/share/ros_gz_example_description/hook/cmake_prefix_path.dsv'
[0.748s] INFO:colcon.colcon_core.shell:Creating environment hook '/workspaces/ros2-coding/install/ros_gz_example_description/share/ros_gz_example_description/hook/cmake_prefix_path.sh'
[0.749s] Level 1:colcon.colcon_core.environment:checking '/workspaces/ros2-coding/install/ros_gz_example_description/bin'
[0.751s] Level 1:colcon.colcon_core.environment:checking '/workspaces/ros2-coding/install/ros_gz_example_description/lib/pkgconfig/ros_gz_example_description.pc'
[0.751s] Level 1:colcon.colcon_core.environment:checking '/workspaces/ros2-coding/install/ros_gz_example_description/lib/python3.12/site-packages'
[0.751s] Level 1:colcon.colcon_core.environment:checking '/workspaces/ros2-coding/install/ros_gz_example_description/bin'
[0.752s] INFO:colcon.colcon_core.shell:Creating package script '/workspaces/ros2-coding/install/ros_gz_example_description/share/ros_gz_example_description/package.ps1'
[0.752s] INFO:colcon.colcon_core.shell:Creating package descriptor '/workspaces/ros2-coding/install/ros_gz_example_description/share/ros_gz_example_description/package.dsv'
[0.757s] INFO:colcon.colcon_core.shell:Creating package script '/workspaces/ros2-coding/install/ros_gz_example_description/share/ros_gz_example_description/package.sh'
[0.757s] INFO:colcon.colcon_core.shell:Creating package script '/workspaces/ros2-coding/install/ros_gz_example_description/share/ros_gz_example_description/package.bash'
[0.759s] INFO:colcon.colcon_core.shell:Creating package script '/workspaces/ros2-coding/install/ros_gz_example_description/share/ros_gz_example_description/package.zsh'
[0.761s] Level 1:colcon.colcon_core.environment:create_file_with_runtime_dependencies(/workspaces/ros2-coding/install/ros_gz_example_description/share/colcon-core/packages/ros_gz_example_description)
[0.767s] INFO:colcon.colcon_ros.task.ament_cmake.build:Building ROS package in '/workspaces/ros2-coding/turtlesim_ws/src/ros_gz_example_gazebo' with build type 'ament_cmake'
[0.767s] INFO:colcon.colcon_cmake.task.cmake.build:Building CMake package in '/workspaces/ros2-coding/turtlesim_ws/src/ros_gz_example_gazebo'
[0.768s] INFO:colcon.colcon_core.shell:Skip shell extension 'powershell' for command environment: Not usable outside of PowerShell
[0.768s] DEBUG:colcon.colcon_core.shell:Skip shell extension 'dsv' for command environment
[0.804s] Level 1:colcon.colcon_core.environment:create_environment_scripts_only(cmdvel_to_ackermann)
[0.804s] Level 1:colcon.colcon_core.environment:checking '/workspaces/ros2-coding/install/cmdvel_to_ackermann' for CMake module files
[0.805s] Level 1:colcon.colcon_core.environment:checking '/workspaces/ros2-coding/install/cmdvel_to_ackermann' for CMake config files
[0.806s] Level 1:colcon.colcon_core.shell:create_environment_hook('cmdvel_to_ackermann', 'cmake_prefix_path')
[0.806s] INFO:colcon.colcon_core.shell:Creating environment hook '/workspaces/ros2-coding/install/cmdvel_to_ackermann/share/cmdvel_to_ackermann/hook/cmake_prefix_path.ps1'
[0.812s] DEBUG:colcon.colcon_core.event_handler.log_command:Invoked command in '/workspaces/ros2-coding/build/cmdvel_to_ackermann' returned '0': CMAKE_PREFIX_PATH=${CMAKE_PREFIX_PATH}:/workspaces/ros2-coding/install/rqt_joint_trajectory_controller:/workspaces/ros2-coding/install/rqt_controller_manager:/workspaces/ros2-coding/install/ros2controlcli:/workspaces/ros2-coding/install/ros2_controllers_test_nodes:/workspaces/ros2-coding/install/my_turtlesim:/workspaces/ros2-coding/install/issac_sim:/workspaces/ros2-coding/install/isaac_ros_navigation_goal:/opt/ros/jazzy /usr/bin/cmake --install /workspaces/ros2-coding/build/cmdvel_to_ackermann
[0.816s] INFO:colcon.colcon_core.shell:Creating environment descriptor '/workspaces/ros2-coding/install/cmdvel_to_ackermann/share/cmdvel_to_ackermann/hook/cmake_prefix_path.dsv'
[0.816s] INFO:colcon.colcon_core.shell:Creating environment hook '/workspaces/ros2-coding/install/cmdvel_to_ackermann/share/cmdvel_to_ackermann/hook/cmake_prefix_path.sh'
[0.817s] Level 1:colcon.colcon_core.environment:checking '/workspaces/ros2-coding/install/cmdvel_to_ackermann/lib'
[0.817s] Level 1:colcon.colcon_core.environment:checking '/workspaces/ros2-coding/install/cmdvel_to_ackermann/bin'
[0.817s] Level 1:colcon.colcon_core.environment:checking '/workspaces/ros2-coding/install/cmdvel_to_ackermann/lib/pkgconfig/cmdvel_to_ackermann.pc'
[0.818s] Level 1:colcon.colcon_core.environment:checking '/workspaces/ros2-coding/install/cmdvel_to_ackermann/lib/python3.12/site-packages'
[0.818s] Level 1:colcon.colcon_core.environment:checking '/workspaces/ros2-coding/install/cmdvel_to_ackermann/bin'
[0.818s] INFO:colcon.colcon_core.shell:Creating package script '/workspaces/ros2-coding/install/cmdvel_to_ackermann/share/cmdvel_to_ackermann/package.ps1'
[0.825s] INFO:colcon.colcon_core.shell:Creating package descriptor '/workspaces/ros2-coding/install/cmdvel_to_ackermann/share/cmdvel_to_ackermann/package.dsv'
[0.829s] INFO:colcon.colcon_core.shell:Creating package script '/workspaces/ros2-coding/install/cmdvel_to_ackermann/share/cmdvel_to_ackermann/package.sh'
[0.832s] INFO:colcon.colcon_core.shell:Creating package script '/workspaces/ros2-coding/install/cmdvel_to_ackermann/share/cmdvel_to_ackermann/package.bash'
[0.832s] INFO:colcon.colcon_core.shell:Creating package script '/workspaces/ros2-coding/install/cmdvel_to_ackermann/share/cmdvel_to_ackermann/package.zsh'
[0.833s] Level 1:colcon.colcon_core.environment:create_file_with_runtime_dependencies(/workspaces/ros2-coding/install/cmdvel_to_ackermann/share/colcon-core/packages/cmdvel_to_ackermann)
[0.834s] Level 1:colcon.colcon_core.environment:create_environment_scripts_only(cmdvel_to_ackermann)
[0.836s] Level 1:colcon.colcon_core.environment:checking '/workspaces/ros2-coding/install/cmdvel_to_ackermann' for CMake module files
[0.840s] Level 1:colcon.colcon_core.environment:checking '/workspaces/ros2-coding/install/cmdvel_to_ackermann' for CMake config files
[0.841s] Level 1:colcon.colcon_core.shell:create_environment_hook('cmdvel_to_ackermann', 'cmake_prefix_path')
[0.841s] INFO:colcon.colcon_core.shell:Creating environment hook '/workspaces/ros2-coding/install/cmdvel_to_ackermann/share/cmdvel_to_ackermann/hook/cmake_prefix_path.ps1'
[0.842s] INFO:colcon.colcon_core.shell:Creating environment descriptor '/workspaces/ros2-coding/install/cmdvel_to_ackermann/share/cmdvel_to_ackermann/hook/cmake_prefix_path.dsv'
[0.842s] INFO:colcon.colcon_core.shell:Creating environment hook '/workspaces/ros2-coding/install/cmdvel_to_ackermann/share/cmdvel_to_ackermann/hook/cmake_prefix_path.sh'
[0.843s] Level 1:colcon.colcon_core.environment:checking '/workspaces/ros2-coding/install/cmdvel_to_ackermann/lib'
[0.843s] Level 1:colcon.colcon_core.environment:checking '/workspaces/ros2-coding/install/cmdvel_to_ackermann/bin'
[0.843s] Level 1:colcon.colcon_core.environment:checking '/workspaces/ros2-coding/install/cmdvel_to_ackermann/lib/pkgconfig/cmdvel_to_ackermann.pc'
[0.843s] Level 1:colcon.colcon_core.environment:checking '/workspaces/ros2-coding/install/cmdvel_to_ackermann/lib/python3.12/site-packages'
[0.844s] Level 1:colcon.colcon_core.environment:checking '/workspaces/ros2-coding/install/cmdvel_to_ackermann/bin'
[0.844s] INFO:colcon.colcon_core.shell:Creating package script '/workspaces/ros2-coding/install/cmdvel_to_ackermann/share/cmdvel_to_ackermann/package.ps1'
[0.845s] INFO:colcon.colcon_core.shell:Creating package descriptor '/workspaces/ros2-coding/install/cmdvel_to_ackermann/share/cmdvel_to_ackermann/package.dsv'
[0.845s] INFO:colcon.colcon_core.shell:Creating package script '/workspaces/ros2-coding/install/cmdvel_to_ackermann/share/cmdvel_to_ackermann/package.sh'
[0.846s] INFO:colcon.colcon_core.shell:Creating package script '/workspaces/ros2-coding/install/cmdvel_to_ackermann/share/cmdvel_to_ackermann/package.bash'
[0.847s] INFO:colcon.colcon_core.shell:Creating package script '/workspaces/ros2-coding/install/cmdvel_to_ackermann/share/cmdvel_to_ackermann/package.zsh'
[0.847s] Level 1:colcon.colcon_core.environment:create_file_with_runtime_dependencies(/workspaces/ros2-coding/install/cmdvel_to_ackermann/share/colcon-core/packages/cmdvel_to_ackermann)
[0.849s] INFO:colcon.colcon_ros.task.ament_cmake.build:Building ROS package in '/workspaces/ros2-coding/turtlesim_ws/src/humanoid_locomotion_policy_example/h1_fullbody_controller' with build type 'ament_cmake'
[0.849s] INFO:colcon.colcon_cmake.task.cmake.build:Building CMake package in '/workspaces/ros2-coding/turtlesim_ws/src/humanoid_locomotion_policy_example/h1_fullbody_controller'
[0.849s] INFO:colcon.colcon_core.shell:Skip shell extension 'powershell' for command environment: Not usable outside of PowerShell
[0.849s] DEBUG:colcon.colcon_core.shell:Skip shell extension 'dsv' for command environment
[0.873s] DEBUG:colcon.colcon_core.event_handler.log_command:Invoking command in '/workspaces/ros2-coding/build/diff_drive_mover': CMAKE_PREFIX_PATH=${CMAKE_PREFIX_PATH}:/workspaces/ros2-coding/install/rqt_joint_trajectory_controller:/workspaces/ros2-coding/install/rqt_controller_manager:/workspaces/ros2-coding/install/ros2controlcli:/workspaces/ros2-coding/install/ros2_controllers_test_nodes:/workspaces/ros2-coding/install/my_turtlesim:/workspaces/ros2-coding/install/issac_sim:/workspaces/ros2-coding/install/isaac_ros_navigation_goal:/opt/ros/jazzy /usr/bin/cmake --build /workspaces/ros2-coding/build/diff_drive_mover -- -j4 -l4
[0.882s] DEBUG:colcon.colcon_core.event_handler.log_command:Invoking command in '/workspaces/ros2-coding/build/ros_gz_example_gazebo': CMAKE_PREFIX_PATH=/workspaces/ros2-coding/install/ros_gz_example_description:/workspaces/ros2-coding/install/diff_drive_mover:/workspaces/ros2-coding/install/nao_gz_control:/workspaces/ros2-coding/install/ros2_controllers:/workspaces/ros2-coding/install/ros2_control_demos:/workspaces/ros2-coding/install/ros2_control_demo_example_3:/workspaces/ros2-coding/install/gz_ros2_control_demos:/workspaces/ros2-coding/install/velocity_controllers:/workspaces/ros2-coding/install/tricycle_steering_controller:/workspaces/ros2-coding/install/tricycle_controller:/workspaces/ros2-coding/install/ros2_control_demo_example_8:/workspaces/ros2-coding/install/ros2_control:/workspaces/ros2-coding/install/transmission_interface:/workspaces/ros2-coding/install/ros2_control_demo_example_11:/workspaces/ros2-coding/install/bicycle_steering_controller:/workspaces/ros2-coding/install/ackermann_steering_controller:/workspaces/ros2-coding/install/steering_controllers_library:/workspaces/ros2-coding/install/ros2_control_demo_example_17:/workspaces/ros2-coding/install/ros2_control_demo_example_15:/workspaces/ros2-coding/install/ros2_control_demo_example_1:/workspaces/ros2-coding/install/ros_gz_example_bringup:/workspaces/ros2-coding/install/ros_gz_example_gazebo:/workspaces/ros2-coding/install/ros_gz_example_application:/workspaces/ros2-coding/install/ros2_control_demo_example_9:/workspaces/ros2-coding/install/ros2_control_demo_example_7:/workspaces/ros2-coding/install/ros2_control_demo_example_6:/workspaces/ros2-coding/install/ros2_control_demo_example_13:/workspaces/ros2-coding/install/ros2_control_demo_example_5:/workspaces/ros2-coding/install/ros2_control_demo_example_4:/workspaces/ros2-coding/install/ros2_control_demo_example_2:/workspaces/ros2-coding/install/ros2_control_demo_example_16:/workspaces/ros2-coding/install/ros2_control_demo_example_14:/workspaces/ros2-coding/install/ros2_control_demo_example_12:/workspaces/ros2-coding/install/ros2_control_demo_example_10:/workspaces/ros2-coding/install/hardware_interface_testing:/workspaces/ros2-coding/install/gz_ros2_control:/workspaces/ros2-coding/install/controller_manager:/workspaces/ros2-coding/install/ros2_control_test_assets:/workspaces/ros2-coding/install/ros2_control_demo_description:/workspaces/ros2-coding/install/ros2_control_cmake:/workspaces/ros2-coding/install/range_sensor_broadcaster:/workspaces/ros2-coding/install/position_controllers:/workspaces/ros2-coding/install/pose_broadcaster:/workspaces/ros2-coding/install/pid_controller:/workspaces/ros2-coding/install/parallel_gripper_controller:/workspaces/ros2-coding/install/omni_wheel_drive_controller:/workspaces/ros2-coding/install/mecanum_drive_controller:/workspaces/ros2-coding/install/joint_trajectory_controller:/workspaces/ros2-coding/install/joint_state_topic_hardware_interface:/workspaces/ros2-coding/install/joint_state_broadcaster:/workspaces/ros2-coding/install/imu_sensor_broadcaster:/workspaces/ros2-coding/install/gripper_controllers:/workspaces/ros2-coding/install/gps_sensor_broadcaster:/workspaces/ros2-coding/install/gpio_controllers:/workspaces/ros2-coding/install/effort_controllers:/workspaces/ros2-coding/install/forward_command_controller:/workspaces/ros2-coding/install/force_torque_sensor_broadcaster:/workspaces/ros2-coding/install/diff_drive_controller:/workspaces/ros2-coding/install/chained_filter_controller:/workspaces/ros2-coding/install/admittance_controller:/workspaces/ros2-coding/install/controller_interface:/workspaces/ros2-coding/install/hardware_interface:/workspaces/ros2-coding/install/joint_limits:/workspaces/ros2-coding/install/control_toolbox:/workspaces/ros2-coding/install/realtime_tools:/workspaces/ros2-coding/install/kinematics_interface_kdl:/workspaces/ros2-coding/install/kinematics_interface:/workspaces/ros2-coding/install/iw_hub_navigation:/workspaces/ros2-coding/install/isaacsim:/workspaces/ros2-coding/install/isaac_tutorials:/workspaces/ros2-coding/install/isaac_ros2_messages:/workspaces/ros2-coding/install/isaac_moveit:/workspaces/ros2-coding/install/h1_fullbody_controller:/workspaces/ros2-coding/install/gz_ros2_control_tests:/workspaces/ros2-coding/install/custom_message:/workspaces/ros2-coding/install/controller_manager_msgs:/workspaces/ros2-coding/install/control_msgs:/workspaces/ros2-coding/install/cmdvel_to_ackermann:/workspaces/ros2-coding/install/carter_navigation:/opt/ros/jazzy/opt/gz_sim_vendor:/opt/ros/jazzy/opt/gz_sensors_vendor:/opt/ros/jazzy/opt/gz_physics_vendor:/opt/ros/jazzy/opt/sdformat_vendor:/opt/ros/jazzy/opt/gz_gui_vendor:/opt/ros/jazzy/opt/gz_transport_vendor:/opt/ros/jazzy/opt/gz_rendering_vendor:/opt/ros/jazzy/opt/gz_plugin_vendor:/opt/ros/jazzy/opt/gz_fuel_tools_vendor:/opt/ros/jazzy/opt/gz_msgs_vendor:/opt/ros/jazzy/opt/gz_common_vendor:/opt/ros/jazzy/opt/gz_math_vendor:/opt/ros/jazzy/opt/gz_utils_vendor:/opt/ros/jazzy/opt/gz_tools_vendor:/opt/ros/jazzy/opt/gz_ogre_next_vendor:/opt/ros/jazzy/opt/gz_dartsim_vendor:/opt/ros/jazzy/opt/gz_cmake_vendor:/workspaces/ros2-coding/install/rqt_joint_trajectory_controller:/workspaces/ros2-coding/install/rqt_controller_manager:/workspaces/ros2-coding/install/ros2controlcli:/workspaces/ros2-coding/install/ros2_controllers_test_nodes:/workspaces/ros2-coding/install/my_turtlesim:/workspaces/ros2-coding/install/issac_sim:/workspaces/ros2-coding/install/isaac_ros_navigation_goal:/opt/ros/jazzy GZ_SIM_RESOURCE_PATH=/workspaces/ros2-coding/install/ros_gz_example_description/share/ros_gz_example_description/models:${GZ_SIM_RESOURCE_PATH} /usr/bin/cmake --build /workspaces/ros2-coding/build/ros_gz_example_gazebo -- -j4 -l4
[0.895s] DEBUG:colcon.colcon_core.event_handler.log_command:Invoking command in '/workspaces/ros2-coding/build/h1_fullbody_controller': CMAKE_PREFIX_PATH=${CMAKE_PREFIX_PATH}:/workspaces/ros2-coding/install/rqt_joint_trajectory_controller:/workspaces/ros2-coding/install/rqt_controller_manager:/workspaces/ros2-coding/install/ros2controlcli:/workspaces/ros2-coding/install/ros2_controllers_test_nodes:/workspaces/ros2-coding/install/my_turtlesim:/workspaces/ros2-coding/install/issac_sim:/workspaces/ros2-coding/install/isaac_ros_navigation_goal:/opt/ros/jazzy /usr/bin/cmake --build /workspaces/ros2-coding/build/h1_fullbody_controller -- -j4 -l4
[1.084s] DEBUG:colcon.colcon_core.event_handler.log_command:Invoked command in '/workspaces/ros2-coding/build/diff_drive_mover' returned '0': CMAKE_PREFIX_PATH=${CMAKE_PREFIX_PATH}:/workspaces/ros2-coding/install/rqt_joint_trajectory_controller:/workspaces/ros2-coding/install/rqt_controller_manager:/workspaces/ros2-coding/install/ros2controlcli:/workspaces/ros2-coding/install/ros2_controllers_test_nodes:/workspaces/ros2-coding/install/my_turtlesim:/workspaces/ros2-coding/install/issac_sim:/workspaces/ros2-coding/install/isaac_ros_navigation_goal:/opt/ros/jazzy /usr/bin/cmake --build /workspaces/ros2-coding/build/diff_drive_mover -- -j4 -l4
[1.086s] DEBUG:colcon.colcon_core.event_handler.log_command:Invoking command in '/workspaces/ros2-coding/build/diff_drive_mover': CMAKE_PREFIX_PATH=${CMAKE_PREFIX_PATH}:/workspaces/ros2-coding/install/rqt_joint_trajectory_controller:/workspaces/ros2-coding/install/rqt_controller_manager:/workspaces/ros2-coding/install/ros2controlcli:/workspaces/ros2-coding/install/ros2_controllers_test_nodes:/workspaces/ros2-coding/install/my_turtlesim:/workspaces/ros2-coding/install/issac_sim:/workspaces/ros2-coding/install/isaac_ros_navigation_goal:/opt/ros/jazzy /usr/bin/cmake --install /workspaces/ros2-coding/build/diff_drive_mover
[1.107s] DEBUG:colcon.colcon_core.event_handler.log_command:Invoked command in '/workspaces/ros2-coding/build/h1_fullbody_controller' returned '0': CMAKE_PREFIX_PATH=${CMAKE_PREFIX_PATH}:/workspaces/ros2-coding/install/rqt_joint_trajectory_controller:/workspaces/ros2-coding/install/rqt_controller_manager:/workspaces/ros2-coding/install/ros2controlcli:/workspaces/ros2-coding/install/ros2_controllers_test_nodes:/workspaces/ros2-coding/install/my_turtlesim:/workspaces/ros2-coding/install/issac_sim:/workspaces/ros2-coding/install/isaac_ros_navigation_goal:/opt/ros/jazzy /usr/bin/cmake --build /workspaces/ros2-coding/build/h1_fullbody_controller -- -j4 -l4
[1.108s] DEBUG:colcon.colcon_core.event_handler.log_command:Invoking command in '/workspaces/ros2-coding/build/h1_fullbody_controller': CMAKE_PREFIX_PATH=${CMAKE_PREFIX_PATH}:/workspaces/ros2-coding/install/rqt_joint_trajectory_controller:/workspaces/ros2-coding/install/rqt_controller_manager:/workspaces/ros2-coding/install/ros2controlcli:/workspaces/ros2-coding/install/ros2_controllers_test_nodes:/workspaces/ros2-coding/install/my_turtlesim:/workspaces/ros2-coding/install/issac_sim:/workspaces/ros2-coding/install/isaac_ros_navigation_goal:/opt/ros/jazzy /usr/bin/cmake --install /workspaces/ros2-coding/build/h1_fullbody_controller
[1.204s] Level 1:colcon.colcon_core.environment:create_environment_scripts_only(diff_drive_mover)
[1.204s] Level 1:colcon.colcon_core.environment:checking '/workspaces/ros2-coding/install/diff_drive_mover' for CMake module files
[1.205s] Level 1:colcon.colcon_core.environment:checking '/workspaces/ros2-coding/install/diff_drive_mover' for CMake config files
[1.206s] Level 1:colcon.colcon_core.shell:create_environment_hook('diff_drive_mover', 'cmake_prefix_path')
[1.206s] INFO:colcon.colcon_core.shell:Creating environment hook '/workspaces/ros2-coding/install/diff_drive_mover/share/diff_drive_mover/hook/cmake_prefix_path.ps1'
[1.212s] DEBUG:colcon.colcon_core.event_handler.log_command:Invoked command in '/workspaces/ros2-coding/build/diff_drive_mover' returned '0': CMAKE_PREFIX_PATH=${CMAKE_PREFIX_PATH}:/workspaces/ros2-coding/install/rqt_joint_trajectory_controller:/workspaces/ros2-coding/install/rqt_controller_manager:/workspaces/ros2-coding/install/ros2controlcli:/workspaces/ros2-coding/install/ros2_controllers_test_nodes:/workspaces/ros2-coding/install/my_turtlesim:/workspaces/ros2-coding/install/issac_sim:/workspaces/ros2-coding/install/isaac_ros_navigation_goal:/opt/ros/jazzy /usr/bin/cmake --install /workspaces/ros2-coding/build/diff_drive_mover
[1.213s] INFO:colcon.colcon_core.shell:Creating environment descriptor '/workspaces/ros2-coding/install/diff_drive_mover/share/diff_drive_mover/hook/cmake_prefix_path.dsv'
[1.213s] INFO:colcon.colcon_core.shell:Creating environment hook '/workspaces/ros2-coding/install/diff_drive_mover/share/diff_drive_mover/hook/cmake_prefix_path.sh'
[1.215s] Level 1:colcon.colcon_core.environment:checking '/workspaces/ros2-coding/install/diff_drive_mover/bin'
[1.215s] Level 1:colcon.colcon_core.environment:checking '/workspaces/ros2-coding/install/diff_drive_mover/lib/pkgconfig/diff_drive_mover.pc'
[1.215s] Level 1:colcon.colcon_core.environment:checking '/workspaces/ros2-coding/install/diff_drive_mover/lib/python3.12/site-packages'
[1.217s] Level 1:colcon.colcon_core.environment:checking '/workspaces/ros2-coding/install/diff_drive_mover/bin'
[1.217s] INFO:colcon.colcon_core.shell:Creating package script '/workspaces/ros2-coding/install/diff_drive_mover/share/diff_drive_mover/package.ps1'
[1.226s] INFO:colcon.colcon_core.shell:Creating package descriptor '/workspaces/ros2-coding/install/diff_drive_mover/share/diff_drive_mover/package.dsv'
[1.227s] INFO:colcon.colcon_core.shell:Creating package script '/workspaces/ros2-coding/install/diff_drive_mover/share/diff_drive_mover/package.sh'
[1.230s] INFO:colcon.colcon_core.shell:Creating package script '/workspaces/ros2-coding/install/diff_drive_mover/share/diff_drive_mover/package.bash'
[1.234s] INFO:colcon.colcon_core.shell:Creating package script '/workspaces/ros2-coding/install/diff_drive_mover/share/diff_drive_mover/package.zsh'
[1.234s] Level 1:colcon.colcon_core.environment:create_file_with_runtime_dependencies(/workspaces/ros2-coding/install/diff_drive_mover/share/colcon-core/packages/diff_drive_mover)
[1.239s] Level 1:colcon.colcon_core.environment:create_environment_scripts_only(diff_drive_mover)
[1.240s] Level 1:colcon.colcon_core.environment:checking '/workspaces/ros2-coding/install/diff_drive_mover' for CMake module files
[1.240s] Level 1:colcon.colcon_core.environment:checking '/workspaces/ros2-coding/install/diff_drive_mover' for CMake config files
[1.241s] Level 1:colcon.colcon_core.shell:create_environment_hook('diff_drive_mover', 'cmake_prefix_path')
[1.241s] INFO:colcon.colcon_core.shell:Creating environment hook '/workspaces/ros2-coding/install/diff_drive_mover/share/diff_drive_mover/hook/cmake_prefix_path.ps1'
[1.248s] INFO:colcon.colcon_core.shell:Creating environment descriptor '/workspaces/ros2-coding/install/diff_drive_mover/share/diff_drive_mover/hook/cmake_prefix_path.dsv'
[1.248s] INFO:colcon.colcon_core.shell:Creating environment hook '/workspaces/ros2-coding/install/diff_drive_mover/share/diff_drive_mover/hook/cmake_prefix_path.sh'
[1.249s] Level 1:colcon.colcon_core.environment:checking '/workspaces/ros2-coding/install/diff_drive_mover/bin'
[1.249s] Level 1:colcon.colcon_core.environment:checking '/workspaces/ros2-coding/install/diff_drive_mover/lib/pkgconfig/diff_drive_mover.pc'
[1.249s] Level 1:colcon.colcon_core.environment:checking '/workspaces/ros2-coding/install/diff_drive_mover/lib/python3.12/site-packages'
[1.251s] Level 1:colcon.colcon_core.environment:checking '/workspaces/ros2-coding/install/diff_drive_mover/bin'
[1.255s] INFO:colcon.colcon_core.shell:Creating package script '/workspaces/ros2-coding/install/diff_drive_mover/share/diff_drive_mover/package.ps1'
[1.255s] INFO:colcon.colcon_core.shell:Creating package descriptor '/workspaces/ros2-coding/install/diff_drive_mover/share/diff_drive_mover/package.dsv'
[1.256s] INFO:colcon.colcon_core.shell:Creating package script '/workspaces/ros2-coding/install/diff_drive_mover/share/diff_drive_mover/package.sh'
[1.257s] INFO:colcon.colcon_core.shell:Creating package script '/workspaces/ros2-coding/install/diff_drive_mover/share/diff_drive_mover/package.bash'
[1.257s] INFO:colcon.colcon_core.shell:Creating package script '/workspaces/ros2-coding/install/diff_drive_mover/share/diff_drive_mover/package.zsh'
[1.265s] Level 1:colcon.colcon_core.environment:create_file_with_runtime_dependencies(/workspaces/ros2-coding/install/diff_drive_mover/share/colcon-core/packages/diff_drive_mover)
[1.267s] INFO:colcon.colcon_ros.task.ament_cmake.build:Building ROS package in '/workspaces/ros2-coding/turtlesim_ws/src/moveit/isaac_moveit' with build type 'ament_cmake'
[1.267s] INFO:colcon.colcon_cmake.task.cmake.build:Building CMake package in '/workspaces/ros2-coding/turtlesim_ws/src/moveit/isaac_moveit'
[1.268s] INFO:colcon.colcon_core.shell:Skip shell extension 'powershell' for command environment: Not usable outside of PowerShell
[1.268s] DEBUG:colcon.colcon_core.shell:Skip shell extension 'dsv' for command environment
[1.308s] Level 1:colcon.colcon_core.environment:create_environment_scripts_only(h1_fullbody_controller)
[1.309s] Level 1:colcon.colcon_core.environment:checking '/workspaces/ros2-coding/install/h1_fullbody_controller' for CMake module files
[1.310s] Level 1:colcon.colcon_core.environment:checking '/workspaces/ros2-coding/install/h1_fullbody_controller' for CMake config files
[1.311s] Level 1:colcon.colcon_core.shell:create_environment_hook('h1_fullbody_controller', 'cmake_prefix_path')
[1.314s] INFO:colcon.colcon_core.shell:Creating environment hook '/workspaces/ros2-coding/install/h1_fullbody_controller/share/h1_fullbody_controller/hook/cmake_prefix_path.ps1'
[1.314s] INFO:colcon.colcon_core.shell:Creating environment descriptor '/workspaces/ros2-coding/install/h1_fullbody_controller/share/h1_fullbody_controller/hook/cmake_prefix_path.dsv'
[1.315s] INFO:colcon.colcon_core.shell:Creating environment hook '/workspaces/ros2-coding/install/h1_fullbody_controller/share/h1_fullbody_controller/hook/cmake_prefix_path.sh'
[1.316s] Level 1:colcon.colcon_core.environment:checking '/workspaces/ros2-coding/install/h1_fullbody_controller/lib'
[1.316s] Level 1:colcon.colcon_core.environment:checking '/workspaces/ros2-coding/install/h1_fullbody_controller/bin'
[1.316s] Level 1:colcon.colcon_core.environment:checking '/workspaces/ros2-coding/install/h1_fullbody_controller/lib/pkgconfig/h1_fullbody_controller.pc'
[1.311s] DEBUG:colcon.colcon_core.event_handler.log_command:Invoked command in '/workspaces/ros2-coding/build/h1_fullbody_controller' returned '0': CMAKE_PREFIX_PATH=${CMAKE_PREFIX_PATH}:/workspaces/ros2-coding/install/rqt_joint_trajectory_controller:/workspaces/ros2-coding/install/rqt_controller_manager:/workspaces/ros2-coding/install/ros2controlcli:/workspaces/ros2-coding/install/ros2_controllers_test_nodes:/workspaces/ros2-coding/install/my_turtlesim:/workspaces/ros2-coding/install/issac_sim:/workspaces/ros2-coding/install/isaac_ros_navigation_goal:/opt/ros/jazzy /usr/bin/cmake --install /workspaces/ros2-coding/build/h1_fullbody_controller
[1.319s] Level 1:colcon.colcon_core.environment:checking '/workspaces/ros2-coding/install/h1_fullbody_controller/lib/python3.12/site-packages'
[1.319s] Level 1:colcon.colcon_core.environment:checking '/workspaces/ros2-coding/install/h1_fullbody_controller/bin'
[1.319s] INFO:colcon.colcon_core.shell:Creating package script '/workspaces/ros2-coding/install/h1_fullbody_controller/share/h1_fullbody_controller/package.ps1'
[1.321s] INFO:colcon.colcon_core.shell:Creating package descriptor '/workspaces/ros2-coding/install/h1_fullbody_controller/share/h1_fullbody_controller/package.dsv'
[1.325s] INFO:colcon.colcon_core.shell:Creating package script '/workspaces/ros2-coding/install/h1_fullbody_controller/share/h1_fullbody_controller/package.sh'
[1.328s] INFO:colcon.colcon_core.shell:Creating package script '/workspaces/ros2-coding/install/h1_fullbody_controller/share/h1_fullbody_controller/package.bash'
[1.332s] INFO:colcon.colcon_core.shell:Creating package script '/workspaces/ros2-coding/install/h1_fullbody_controller/share/h1_fullbody_controller/package.zsh'
[1.332s] Level 1:colcon.colcon_core.environment:create_file_with_runtime_dependencies(/workspaces/ros2-coding/install/h1_fullbody_controller/share/colcon-core/packages/h1_fullbody_controller)
[1.333s] Level 1:colcon.colcon_core.environment:create_environment_scripts_only(h1_fullbody_controller)
[1.333s] Level 1:colcon.colcon_core.environment:checking '/workspaces/ros2-coding/install/h1_fullbody_controller' for CMake module files
[1.334s] Level 1:colcon.colcon_core.environment:checking '/workspaces/ros2-coding/install/h1_fullbody_controller' for CMake config files
[1.337s] Level 1:colcon.colcon_core.shell:create_environment_hook('h1_fullbody_controller', 'cmake_prefix_path')
[1.339s] INFO:colcon.colcon_core.shell:Creating environment hook '/workspaces/ros2-coding/install/h1_fullbody_controller/share/h1_fullbody_controller/hook/cmake_prefix_path.ps1'
[1.340s] INFO:colcon.colcon_core.shell:Creating environment descriptor '/workspaces/ros2-coding/install/h1_fullbody_controller/share/h1_fullbody_controller/hook/cmake_prefix_path.dsv'
[1.340s] INFO:colcon.colcon_core.shell:Creating environment hook '/workspaces/ros2-coding/install/h1_fullbody_controller/share/h1_fullbody_controller/hook/cmake_prefix_path.sh'
[1.342s] Level 1:colcon.colcon_core.environment:checking '/workspaces/ros2-coding/install/h1_fullbody_controller/lib'
[1.342s] Level 1:colcon.colcon_core.environment:checking '/workspaces/ros2-coding/install/h1_fullbody_controller/bin'
[1.342s] Level 1:colcon.colcon_core.environment:checking '/workspaces/ros2-coding/install/h1_fullbody_controller/lib/pkgconfig/h1_fullbody_controller.pc'
[1.342s] Level 1:colcon.colcon_core.environment:checking '/workspaces/ros2-coding/install/h1_fullbody_controller/lib/python3.12/site-packages'
[1.343s] Level 1:colcon.colcon_core.environment:checking '/workspaces/ros2-coding/install/h1_fullbody_controller/bin'
[1.343s] INFO:colcon.colcon_core.shell:Creating package script '/workspaces/ros2-coding/install/h1_fullbody_controller/share/h1_fullbody_controller/package.ps1'
[1.344s] INFO:colcon.colcon_core.shell:Creating package descriptor '/workspaces/ros2-coding/install/h1_fullbody_controller/share/h1_fullbody_controller/package.dsv'
[1.345s] INFO:colcon.colcon_core.shell:Creating package script '/workspaces/ros2-coding/install/h1_fullbody_controller/share/h1_fullbody_controller/package.sh'
[1.346s] INFO:colcon.colcon_core.shell:Creating package script '/workspaces/ros2-coding/install/h1_fullbody_controller/share/h1_fullbody_controller/package.bash'
[1.346s] INFO:colcon.colcon_core.shell:Creating package script '/workspaces/ros2-coding/install/h1_fullbody_controller/share/h1_fullbody_controller/package.zsh'
[1.351s] Level 1:colcon.colcon_core.environment:create_file_with_runtime_dependencies(/workspaces/ros2-coding/install/h1_fullbody_controller/share/colcon-core/packages/h1_fullbody_controller)
[1.353s] DEBUG:colcon.colcon_core.event_handler.log_command:Invoked command in '/workspaces/ros2-coding/build/ros_gz_example_gazebo' returned '0': CMAKE_PREFIX_PATH=/workspaces/ros2-coding/install/ros_gz_example_description:/workspaces/ros2-coding/install/diff_drive_mover:/workspaces/ros2-coding/install/nao_gz_control:/workspaces/ros2-coding/install/ros2_controllers:/workspaces/ros2-coding/install/ros2_control_demos:/workspaces/ros2-coding/install/ros2_control_demo_example_3:/workspaces/ros2-coding/install/gz_ros2_control_demos:/workspaces/ros2-coding/install/velocity_controllers:/workspaces/ros2-coding/install/tricycle_steering_controller:/workspaces/ros2-coding/install/tricycle_controller:/workspaces/ros2-coding/install/ros2_control_demo_example_8:/workspaces/ros2-coding/install/ros2_control:/workspaces/ros2-coding/install/transmission_interface:/workspaces/ros2-coding/install/ros2_control_demo_example_11:/workspaces/ros2-coding/install/bicycle_steering_controller:/workspaces/ros2-coding/install/ackermann_steering_controller:/workspaces/ros2-coding/install/steering_controllers_library:/workspaces/ros2-coding/install/ros2_control_demo_example_17:/workspaces/ros2-coding/install/ros2_control_demo_example_15:/workspaces/ros2-coding/install/ros2_control_demo_example_1:/workspaces/ros2-coding/install/ros_gz_example_bringup:/workspaces/ros2-coding/install/ros_gz_example_gazebo:/workspaces/ros2-coding/install/ros_gz_example_application:/workspaces/ros2-coding/install/ros2_control_demo_example_9:/workspaces/ros2-coding/install/ros2_control_demo_example_7:/workspaces/ros2-coding/install/ros2_control_demo_example_6:/workspaces/ros2-coding/install/ros2_control_demo_example_13:/workspaces/ros2-coding/install/ros2_control_demo_example_5:/workspaces/ros2-coding/install/ros2_control_demo_example_4:/workspaces/ros2-coding/install/ros2_control_demo_example_2:/workspaces/ros2-coding/install/ros2_control_demo_example_16:/workspaces/ros2-coding/install/ros2_control_demo_example_14:/workspaces/ros2-coding/install/ros2_control_demo_example_12:/workspaces/ros2-coding/install/ros2_control_demo_example_10:/workspaces/ros2-coding/install/hardware_interface_testing:/workspaces/ros2-coding/install/gz_ros2_control:/workspaces/ros2-coding/install/controller_manager:/workspaces/ros2-coding/install/ros2_control_test_assets:/workspaces/ros2-coding/install/ros2_control_demo_description:/workspaces/ros2-coding/install/ros2_control_cmake:/workspaces/ros2-coding/install/range_sensor_broadcaster:/workspaces/ros2-coding/install/position_controllers:/workspaces/ros2-coding/install/pose_broadcaster:/workspaces/ros2-coding/install/pid_controller:/workspaces/ros2-coding/install/parallel_gripper_controller:/workspaces/ros2-coding/install/omni_wheel_drive_controller:/workspaces/ros2-coding/install/mecanum_drive_controller:/workspaces/ros2-coding/install/joint_trajectory_controller:/workspaces/ros2-coding/install/joint_state_topic_hardware_interface:/workspaces/ros2-coding/install/joint_state_broadcaster:/workspaces/ros2-coding/install/imu_sensor_broadcaster:/workspaces/ros2-coding/install/gripper_controllers:/workspaces/ros2-coding/install/gps_sensor_broadcaster:/workspaces/ros2-coding/install/gpio_controllers:/workspaces/ros2-coding/install/effort_controllers:/workspaces/ros2-coding/install/forward_command_controller:/workspaces/ros2-coding/install/force_torque_sensor_broadcaster:/workspaces/ros2-coding/install/diff_drive_controller:/workspaces/ros2-coding/install/chained_filter_controller:/workspaces/ros2-coding/install/admittance_controller:/workspaces/ros2-coding/install/controller_interface:/workspaces/ros2-coding/install/hardware_interface:/workspaces/ros2-coding/install/joint_limits:/workspaces/ros2-coding/install/control_toolbox:/workspaces/ros2-coding/install/realtime_tools:/workspaces/ros2-coding/install/kinematics_interface_kdl:/workspaces/ros2-coding/install/kinematics_interface:/workspaces/ros2-coding/install/iw_hub_navigation:/workspaces/ros2-coding/install/isaacsim:/workspaces/ros2-coding/install/isaac_tutorials:/workspaces/ros2-coding/install/isaac_ros2_messages:/workspaces/ros2-coding/install/isaac_moveit:/workspaces/ros2-coding/install/h1_fullbody_controller:/workspaces/ros2-coding/install/gz_ros2_control_tests:/workspaces/ros2-coding/install/custom_message:/workspaces/ros2-coding/install/controller_manager_msgs:/workspaces/ros2-coding/install/control_msgs:/workspaces/ros2-coding/install/cmdvel_to_ackermann:/workspaces/ros2-coding/install/carter_navigation:/opt/ros/jazzy/opt/gz_sim_vendor:/opt/ros/jazzy/opt/gz_sensors_vendor:/opt/ros/jazzy/opt/gz_physics_vendor:/opt/ros/jazzy/opt/sdformat_vendor:/opt/ros/jazzy/opt/gz_gui_vendor:/opt/ros/jazzy/opt/gz_transport_vendor:/opt/ros/jazzy/opt/gz_rendering_vendor:/opt/ros/jazzy/opt/gz_plugin_vendor:/opt/ros/jazzy/opt/gz_fuel_tools_vendor:/opt/ros/jazzy/opt/gz_msgs_vendor:/opt/ros/jazzy/opt/gz_common_vendor:/opt/ros/jazzy/opt/gz_math_vendor:/opt/ros/jazzy/opt/gz_utils_vendor:/opt/ros/jazzy/opt/gz_tools_vendor:/opt/ros/jazzy/opt/gz_ogre_next_vendor:/opt/ros/jazzy/opt/gz_dartsim_vendor:/opt/ros/jazzy/opt/gz_cmake_vendor:/workspaces/ros2-coding/install/rqt_joint_trajectory_controller:/workspaces/ros2-coding/install/rqt_controller_manager:/workspaces/ros2-coding/install/ros2controlcli:/workspaces/ros2-coding/install/ros2_controllers_test_nodes:/workspaces/ros2-coding/install/my_turtlesim:/workspaces/ros2-coding/install/issac_sim:/workspaces/ros2-coding/install/isaac_ros_navigation_goal:/opt/ros/jazzy GZ_SIM_RESOURCE_PATH=/workspaces/ros2-coding/install/ros_gz_example_description/share/ros_gz_example_description/models:${GZ_SIM_RESOURCE_PATH} /usr/bin/cmake --build /workspaces/ros2-coding/build/ros_gz_example_gazebo -- -j4 -l4
[1.354s] DEBUG:colcon.colcon_core.event_handler.log_command:Invoking command in '/workspaces/ros2-coding/build/ros_gz_example_gazebo': CMAKE_PREFIX_PATH=/workspaces/ros2-coding/install/ros_gz_example_description:/workspaces/ros2-coding/install/diff_drive_mover:/workspaces/ros2-coding/install/nao_gz_control:/workspaces/ros2-coding/install/ros2_controllers:/workspaces/ros2-coding/install/ros2_control_demos:/workspaces/ros2-coding/install/ros2_control_demo_example_3:/workspaces/ros2-coding/install/gz_ros2_control_demos:/workspaces/ros2-coding/install/velocity_controllers:/workspaces/ros2-coding/install/tricycle_steering_controller:/workspaces/ros2-coding/install/tricycle_controller:/workspaces/ros2-coding/install/ros2_control_demo_example_8:/workspaces/ros2-coding/install/ros2_control:/workspaces/ros2-coding/install/transmission_interface:/workspaces/ros2-coding/install/ros2_control_demo_example_11:/workspaces/ros2-coding/install/bicycle_steering_controller:/workspaces/ros2-coding/install/ackermann_steering_controller:/workspaces/ros2-coding/install/steering_controllers_library:/workspaces/ros2-coding/install/ros2_control_demo_example_17:/workspaces/ros2-coding/install/ros2_control_demo_example_15:/workspaces/ros2-coding/install/ros2_control_demo_example_1:/workspaces/ros2-coding/install/ros_gz_example_bringup:/workspaces/ros2-coding/install/ros_gz_example_gazebo:/workspaces/ros2-coding/install/ros_gz_example_application:/workspaces/ros2-coding/install/ros2_control_demo_example_9:/workspaces/ros2-coding/install/ros2_control_demo_example_7:/workspaces/ros2-coding/install/ros2_control_demo_example_6:/workspaces/ros2-coding/install/ros2_control_demo_example_13:/workspaces/ros2-coding/install/ros2_control_demo_example_5:/workspaces/ros2-coding/install/ros2_control_demo_example_4:/workspaces/ros2-coding/install/ros2_control_demo_example_2:/workspaces/ros2-coding/install/ros2_control_demo_example_16:/workspaces/ros2-coding/install/ros2_control_demo_example_14:/workspaces/ros2-coding/install/ros2_control_demo_example_12:/workspaces/ros2-coding/install/ros2_control_demo_example_10:/workspaces/ros2-coding/install/hardware_interface_testing:/workspaces/ros2-coding/install/gz_ros2_control:/workspaces/ros2-coding/install/controller_manager:/workspaces/ros2-coding/install/ros2_control_test_assets:/workspaces/ros2-coding/install/ros2_control_demo_description:/workspaces/ros2-coding/install/ros2_control_cmake:/workspaces/ros2-coding/install/range_sensor_broadcaster:/workspaces/ros2-coding/install/position_controllers:/workspaces/ros2-coding/install/pose_broadcaster:/workspaces/ros2-coding/install/pid_controller:/workspaces/ros2-coding/install/parallel_gripper_controller:/workspaces/ros2-coding/install/omni_wheel_drive_controller:/workspaces/ros2-coding/install/mecanum_drive_controller:/workspaces/ros2-coding/install/joint_trajectory_controller:/workspaces/ros2-coding/install/joint_state_topic_hardware_interface:/workspaces/ros2-coding/install/joint_state_broadcaster:/workspaces/ros2-coding/install/imu_sensor_broadcaster:/workspaces/ros2-coding/install/gripper_controllers:/workspaces/ros2-coding/install/gps_sensor_broadcaster:/workspaces/ros2-coding/install/gpio_controllers:/workspaces/ros2-coding/install/effort_controllers:/workspaces/ros2-coding/install/forward_command_controller:/workspaces/ros2-coding/install/force_torque_sensor_broadcaster:/workspaces/ros2-coding/install/diff_drive_controller:/workspaces/ros2-coding/install/chained_filter_controller:/workspaces/ros2-coding/install/admittance_controller:/workspaces/ros2-coding/install/controller_interface:/workspaces/ros2-coding/install/hardware_interface:/workspaces/ros2-coding/install/joint_limits:/workspaces/ros2-coding/install/control_toolbox:/workspaces/ros2-coding/install/realtime_tools:/workspaces/ros2-coding/install/kinematics_interface_kdl:/workspaces/ros2-coding/install/kinematics_interface:/workspaces/ros2-coding/install/iw_hub_navigation:/workspaces/ros2-coding/install/isaacsim:/workspaces/ros2-coding/install/isaac_tutorials:/workspaces/ros2-coding/install/isaac_ros2_messages:/workspaces/ros2-coding/install/isaac_moveit:/workspaces/ros2-coding/install/h1_fullbody_controller:/workspaces/ros2-coding/install/gz_ros2_control_tests:/workspaces/ros2-coding/install/custom_message:/workspaces/ros2-coding/install/controller_manager_msgs:/workspaces/ros2-coding/install/control_msgs:/workspaces/ros2-coding/install/cmdvel_to_ackermann:/workspaces/ros2-coding/install/carter_navigation:/opt/ros/jazzy/opt/gz_sim_vendor:/opt/ros/jazzy/opt/gz_sensors_vendor:/opt/ros/jazzy/opt/gz_physics_vendor:/opt/ros/jazzy/opt/sdformat_vendor:/opt/ros/jazzy/opt/gz_gui_vendor:/opt/ros/jazzy/opt/gz_transport_vendor:/opt/ros/jazzy/opt/gz_rendering_vendor:/opt/ros/jazzy/opt/gz_plugin_vendor:/opt/ros/jazzy/opt/gz_fuel_tools_vendor:/opt/ros/jazzy/opt/gz_msgs_vendor:/opt/ros/jazzy/opt/gz_common_vendor:/opt/ros/jazzy/opt/gz_math_vendor:/opt/ros/jazzy/opt/gz_utils_vendor:/opt/ros/jazzy/opt/gz_tools_vendor:/opt/ros/jazzy/opt/gz_ogre_next_vendor:/opt/ros/jazzy/opt/gz_dartsim_vendor:/opt/ros/jazzy/opt/gz_cmake_vendor:/workspaces/ros2-coding/install/rqt_joint_trajectory_controller:/workspaces/ros2-coding/install/rqt_controller_manager:/workspaces/ros2-coding/install/ros2controlcli:/workspaces/ros2-coding/install/ros2_controllers_test_nodes:/workspaces/ros2-coding/install/my_turtlesim:/workspaces/ros2-coding/install/issac_sim:/workspaces/ros2-coding/install/isaac_ros_navigation_goal:/opt/ros/jazzy GZ_SIM_RESOURCE_PATH=/workspaces/ros2-coding/install/ros_gz_example_description/share/ros_gz_example_description/models:${GZ_SIM_RESOURCE_PATH} /usr/bin/cmake --install /workspaces/ros2-coding/build/ros_gz_example_gazebo
[1.355s] INFO:colcon.colcon_ros.task.ament_cmake.build:Building ROS package in '/workspaces/ros2-coding/turtlesim_ws/src/isaac_ros2_messages' with build type 'ament_cmake'
[1.355s] INFO:colcon.colcon_cmake.task.cmake.build:Building CMake package in '/workspaces/ros2-coding/turtlesim_ws/src/isaac_ros2_messages'
[1.356s] INFO:colcon.colcon_core.shell:Skip shell extension 'powershell' for command environment: Not usable outside of PowerShell
[1.356s] DEBUG:colcon.colcon_core.shell:Skip shell extension 'dsv' for command environment
[1.387s] DEBUG:colcon.colcon_core.event_handler.log_command:Invoking command in '/workspaces/ros2-coding/build/isaac_moveit': CMAKE_PREFIX_PATH=${CMAKE_PREFIX_PATH}:/workspaces/ros2-coding/install/rqt_joint_trajectory_controller:/workspaces/ros2-coding/install/rqt_controller_manager:/workspaces/ros2-coding/install/ros2controlcli:/workspaces/ros2-coding/install/ros2_controllers_test_nodes:/workspaces/ros2-coding/install/my_turtlesim:/workspaces/ros2-coding/install/issac_sim:/workspaces/ros2-coding/install/isaac_ros_navigation_goal:/opt/ros/jazzy /usr/bin/cmake --build /workspaces/ros2-coding/build/isaac_moveit -- -j4 -l4
[1.394s] DEBUG:colcon.colcon_core.event_handler.log_command:Invoking command in '/workspaces/ros2-coding/build/isaac_ros2_messages': CMAKE_PREFIX_PATH=${CMAKE_PREFIX_PATH}:/workspaces/ros2-coding/install/rqt_joint_trajectory_controller:/workspaces/ros2-coding/install/rqt_controller_manager:/workspaces/ros2-coding/install/ros2controlcli:/workspaces/ros2-coding/install/ros2_controllers_test_nodes:/workspaces/ros2-coding/install/my_turtlesim:/workspaces/ros2-coding/install/issac_sim:/workspaces/ros2-coding/install/isaac_ros_navigation_goal:/opt/ros/jazzy /usr/bin/cmake --build /workspaces/ros2-coding/build/isaac_ros2_messages -- -j4 -l4
[1.443s] Level 1:colcon.colcon_core.environment:create_environment_scripts_only(ros_gz_example_gazebo)
[1.443s] Level 1:colcon.colcon_core.environment:checking '/workspaces/ros2-coding/install/ros_gz_example_gazebo' for CMake module files
[1.445s] Level 1:colcon.colcon_core.environment:checking '/workspaces/ros2-coding/install/ros_gz_example_gazebo' for CMake config files
[1.444s] DEBUG:colcon.colcon_core.event_handler.log_command:Invoked command in '/workspaces/ros2-coding/build/ros_gz_example_gazebo' returned '0': CMAKE_PREFIX_PATH=/workspaces/ros2-coding/install/ros_gz_example_description:/workspaces/ros2-coding/install/diff_drive_mover:/workspaces/ros2-coding/install/nao_gz_control:/workspaces/ros2-coding/install/ros2_controllers:/workspaces/ros2-coding/install/ros2_control_demos:/workspaces/ros2-coding/install/ros2_control_demo_example_3:/workspaces/ros2-coding/install/gz_ros2_control_demos:/workspaces/ros2-coding/install/velocity_controllers:/workspaces/ros2-coding/install/tricycle_steering_controller:/workspaces/ros2-coding/install/tricycle_controller:/workspaces/ros2-coding/install/ros2_control_demo_example_8:/workspaces/ros2-coding/install/ros2_control:/workspaces/ros2-coding/install/transmission_interface:/workspaces/ros2-coding/install/ros2_control_demo_example_11:/workspaces/ros2-coding/install/bicycle_steering_controller:/workspaces/ros2-coding/install/ackermann_steering_controller:/workspaces/ros2-coding/install/steering_controllers_library:/workspaces/ros2-coding/install/ros2_control_demo_example_17:/workspaces/ros2-coding/install/ros2_control_demo_example_15:/workspaces/ros2-coding/install/ros2_control_demo_example_1:/workspaces/ros2-coding/install/ros_gz_example_bringup:/workspaces/ros2-coding/install/ros_gz_example_gazebo:/workspaces/ros2-coding/install/ros_gz_example_application:/workspaces/ros2-coding/install/ros2_control_demo_example_9:/workspaces/ros2-coding/install/ros2_control_demo_example_7:/workspaces/ros2-coding/install/ros2_control_demo_example_6:/workspaces/ros2-coding/install/ros2_control_demo_example_13:/workspaces/ros2-coding/install/ros2_control_demo_example_5:/workspaces/ros2-coding/install/ros2_control_demo_example_4:/workspaces/ros2-coding/install/ros2_control_demo_example_2:/workspaces/ros2-coding/install/ros2_control_demo_example_16:/workspaces/ros2-coding/install/ros2_control_demo_example_14:/workspaces/ros2-coding/install/ros2_control_demo_example_12:/workspaces/ros2-coding/install/ros2_control_demo_example_10:/workspaces/ros2-coding/install/hardware_interface_testing:/workspaces/ros2-coding/install/gz_ros2_control:/workspaces/ros2-coding/install/controller_manager:/workspaces/ros2-coding/install/ros2_control_test_assets:/workspaces/ros2-coding/install/ros2_control_demo_description:/workspaces/ros2-coding/install/ros2_control_cmake:/workspaces/ros2-coding/install/range_sensor_broadcaster:/workspaces/ros2-coding/install/position_controllers:/workspaces/ros2-coding/install/pose_broadcaster:/workspaces/ros2-coding/install/pid_controller:/workspaces/ros2-coding/install/parallel_gripper_controller:/workspaces/ros2-coding/install/omni_wheel_drive_controller:/workspaces/ros2-coding/install/mecanum_drive_controller:/workspaces/ros2-coding/install/joint_trajectory_controller:/workspaces/ros2-coding/install/joint_state_topic_hardware_interface:/workspaces/ros2-coding/install/joint_state_broadcaster:/workspaces/ros2-coding/install/imu_sensor_broadcaster:/workspaces/ros2-coding/install/gripper_controllers:/workspaces/ros2-coding/install/gps_sensor_broadcaster:/workspaces/ros2-coding/install/gpio_controllers:/workspaces/ros2-coding/install/effort_controllers:/workspaces/ros2-coding/install/forward_command_controller:/workspaces/ros2-coding/install/force_torque_sensor_broadcaster:/workspaces/ros2-coding/install/diff_drive_controller:/workspaces/ros2-coding/install/chained_filter_controller:/workspaces/ros2-coding/install/admittance_controller:/workspaces/ros2-coding/install/controller_interface:/workspaces/ros2-coding/install/hardware_interface:/workspaces/ros2-coding/install/joint_limits:/workspaces/ros2-coding/install/control_toolbox:/workspaces/ros2-coding/install/realtime_tools:/workspaces/ros2-coding/install/kinematics_interface_kdl:/workspaces/ros2-coding/install/kinematics_interface:/workspaces/ros2-coding/install/iw_hub_navigation:/workspaces/ros2-coding/install/isaacsim:/workspaces/ros2-coding/install/isaac_tutorials:/workspaces/ros2-coding/install/isaac_ros2_messages:/workspaces/ros2-coding/install/isaac_moveit:/workspaces/ros2-coding/install/h1_fullbody_controller:/workspaces/ros2-coding/install/gz_ros2_control_tests:/workspaces/ros2-coding/install/custom_message:/workspaces/ros2-coding/install/controller_manager_msgs:/workspaces/ros2-coding/install/control_msgs:/workspaces/ros2-coding/install/cmdvel_to_ackermann:/workspaces/ros2-coding/install/carter_navigation:/opt/ros/jazzy/opt/gz_sim_vendor:/opt/ros/jazzy/opt/gz_sensors_vendor:/opt/ros/jazzy/opt/gz_physics_vendor:/opt/ros/jazzy/opt/sdformat_vendor:/opt/ros/jazzy/opt/gz_gui_vendor:/opt/ros/jazzy/opt/gz_transport_vendor:/opt/ros/jazzy/opt/gz_rendering_vendor:/opt/ros/jazzy/opt/gz_plugin_vendor:/opt/ros/jazzy/opt/gz_fuel_tools_vendor:/opt/ros/jazzy/opt/gz_msgs_vendor:/opt/ros/jazzy/opt/gz_common_vendor:/opt/ros/jazzy/opt/gz_math_vendor:/opt/ros/jazzy/opt/gz_utils_vendor:/opt/ros/jazzy/opt/gz_tools_vendor:/opt/ros/jazzy/opt/gz_ogre_next_vendor:/opt/ros/jazzy/opt/gz_dartsim_vendor:/opt/ros/jazzy/opt/gz_cmake_vendor:/workspaces/ros2-coding/install/rqt_joint_trajectory_controller:/workspaces/ros2-coding/install/rqt_controller_manager:/workspaces/ros2-coding/install/ros2controlcli:/workspaces/ros2-coding/install/ros2_controllers_test_nodes:/workspaces/ros2-coding/install/my_turtlesim:/workspaces/ros2-coding/install/issac_sim:/workspaces/ros2-coding/install/isaac_ros_navigation_goal:/opt/ros/jazzy GZ_SIM_RESOURCE_PATH=/workspaces/ros2-coding/install/ros_gz_example_description/share/ros_gz_example_description/models:${GZ_SIM_RESOURCE_PATH} /usr/bin/cmake --install /workspaces/ros2-coding/build/ros_gz_example_gazebo
[1.446s] Level 1:colcon.colcon_core.shell:create_environment_hook('ros_gz_example_gazebo', 'cmake_prefix_path')
[1.449s] INFO:colcon.colcon_core.shell:Creating environment hook '/workspaces/ros2-coding/install/ros_gz_example_gazebo/share/ros_gz_example_gazebo/hook/cmake_prefix_path.ps1'
[1.450s] INFO:colcon.colcon_core.shell:Creating environment descriptor '/workspaces/ros2-coding/install/ros_gz_example_gazebo/share/ros_gz_example_gazebo/hook/cmake_prefix_path.dsv'
[1.451s] INFO:colcon.colcon_core.shell:Creating environment hook '/workspaces/ros2-coding/install/ros_gz_example_gazebo/share/ros_gz_example_gazebo/hook/cmake_prefix_path.sh'
[1.452s] Level 1:colcon.colcon_core.environment:checking '/workspaces/ros2-coding/install/ros_gz_example_gazebo/lib'
[1.452s] Level 1:colcon.colcon_core.environment:checking '/workspaces/ros2-coding/install/ros_gz_example_gazebo/bin'
[1.453s] Level 1:colcon.colcon_core.environment:checking '/workspaces/ros2-coding/install/ros_gz_example_gazebo/lib/pkgconfig/ros_gz_example_gazebo.pc'
[1.453s] Level 1:colcon.colcon_core.environment:checking '/workspaces/ros2-coding/install/ros_gz_example_gazebo/lib/python3.12/site-packages'
[1.453s] Level 1:colcon.colcon_core.environment:checking '/workspaces/ros2-coding/install/ros_gz_example_gazebo/bin'
[1.454s] INFO:colcon.colcon_core.shell:Creating package script '/workspaces/ros2-coding/install/ros_gz_example_gazebo/share/ros_gz_example_gazebo/package.ps1'
[1.455s] INFO:colcon.colcon_core.shell:Creating package descriptor '/workspaces/ros2-coding/install/ros_gz_example_gazebo/share/ros_gz_example_gazebo/package.dsv'
[1.456s] INFO:colcon.colcon_core.shell:Creating package script '/workspaces/ros2-coding/install/ros_gz_example_gazebo/share/ros_gz_example_gazebo/package.sh'
[1.457s] INFO:colcon.colcon_core.shell:Creating package script '/workspaces/ros2-coding/install/ros_gz_example_gazebo/share/ros_gz_example_gazebo/package.bash'
[1.458s] INFO:colcon.colcon_core.shell:Creating package script '/workspaces/ros2-coding/install/ros_gz_example_gazebo/share/ros_gz_example_gazebo/package.zsh'
[1.458s] Level 1:colcon.colcon_core.environment:create_file_with_runtime_dependencies(/workspaces/ros2-coding/install/ros_gz_example_gazebo/share/colcon-core/packages/ros_gz_example_gazebo)
[1.459s] Level 1:colcon.colcon_core.environment:create_environment_scripts_only(ros_gz_example_gazebo)
[1.460s] Level 1:colcon.colcon_core.environment:checking '/workspaces/ros2-coding/install/ros_gz_example_gazebo' for CMake module files
[1.461s] Level 1:colcon.colcon_core.environment:checking '/workspaces/ros2-coding/install/ros_gz_example_gazebo' for CMake config files
[1.462s] Level 1:colcon.colcon_core.shell:create_environment_hook('ros_gz_example_gazebo', 'cmake_prefix_path')
[1.462s] INFO:colcon.colcon_core.shell:Creating environment hook '/workspaces/ros2-coding/install/ros_gz_example_gazebo/share/ros_gz_example_gazebo/hook/cmake_prefix_path.ps1'
[1.463s] INFO:colcon.colcon_core.shell:Creating environment descriptor '/workspaces/ros2-coding/install/ros_gz_example_gazebo/share/ros_gz_example_gazebo/hook/cmake_prefix_path.dsv'
[1.464s] INFO:colcon.colcon_core.shell:Creating environment hook '/workspaces/ros2-coding/install/ros_gz_example_gazebo/share/ros_gz_example_gazebo/hook/cmake_prefix_path.sh'
[1.465s] Level 1:colcon.colcon_core.environment:checking '/workspaces/ros2-coding/install/ros_gz_example_gazebo/lib'
[1.465s] Level 1:colcon.colcon_core.environment:checking '/workspaces/ros2-coding/install/ros_gz_example_gazebo/bin'
[1.466s] Level 1:colcon.colcon_core.environment:checking '/workspaces/ros2-coding/install/ros_gz_example_gazebo/lib/pkgconfig/ros_gz_example_gazebo.pc'
[1.466s] Level 1:colcon.colcon_core.environment:checking '/workspaces/ros2-coding/install/ros_gz_example_gazebo/lib/python3.12/site-packages'
[1.466s] Level 1:colcon.colcon_core.environment:checking '/workspaces/ros2-coding/install/ros_gz_example_gazebo/bin'
[1.467s] INFO:colcon.colcon_core.shell:Creating package script '/workspaces/ros2-coding/install/ros_gz_example_gazebo/share/ros_gz_example_gazebo/package.ps1'
[1.468s] INFO:colcon.colcon_core.shell:Creating package descriptor '/workspaces/ros2-coding/install/ros_gz_example_gazebo/share/ros_gz_example_gazebo/package.dsv'
[1.469s] INFO:colcon.colcon_core.shell:Creating package script '/workspaces/ros2-coding/install/ros_gz_example_gazebo/share/ros_gz_example_gazebo/package.sh'
[1.470s] INFO:colcon.colcon_core.shell:Creating package script '/workspaces/ros2-coding/install/ros_gz_example_gazebo/share/ros_gz_example_gazebo/package.bash'
[1.471s] INFO:colcon.colcon_core.shell:Creating package script '/workspaces/ros2-coding/install/ros_gz_example_gazebo/share/ros_gz_example_gazebo/package.zsh'
[1.472s] Level 1:colcon.colcon_core.environment:create_file_with_runtime_dependencies(/workspaces/ros2-coding/install/ros_gz_example_gazebo/share/colcon-core/packages/ros_gz_example_gazebo)
[1.474s] INFO:colcon.colcon_ros.task.ament_python.build:Building ROS package in '/workspaces/ros2-coding/turtlesim_ws/src/navigation/isaac_ros_navigation_goal' with build type 'ament_python'
[1.474s] Level 1:colcon.colcon_core.shell:create_environment_hook('isaac_ros_navigation_goal', 'ament_prefix_path')
[1.475s] INFO:colcon.colcon_core.shell:Creating environment hook '/workspaces/ros2-coding/install/isaac_ros_navigation_goal/share/isaac_ros_navigation_goal/hook/ament_prefix_path.ps1'
[1.476s] INFO:colcon.colcon_core.shell:Creating environment descriptor '/workspaces/ros2-coding/install/isaac_ros_navigation_goal/share/isaac_ros_navigation_goal/hook/ament_prefix_path.dsv'
[1.477s] INFO:colcon.colcon_core.shell:Creating environment hook '/workspaces/ros2-coding/install/isaac_ros_navigation_goal/share/isaac_ros_navigation_goal/hook/ament_prefix_path.sh'
[1.478s] INFO:colcon.colcon_core.shell:Skip shell extension 'powershell' for command environment: Not usable outside of PowerShell
[1.478s] DEBUG:colcon.colcon_core.shell:Skip shell extension 'dsv' for command environment
[2.045s] INFO:colcon.colcon_core.task.python.build:Building Python package in '/workspaces/ros2-coding/turtlesim_ws/src/navigation/isaac_ros_navigation_goal'
[2.046s] INFO:colcon.colcon_core.shell:Skip shell extension 'powershell' for command environment: Not usable outside of PowerShell
[2.046s] DEBUG:colcon.colcon_core.shell:Skip shell extension 'dsv' for command environment
[2.088s] DEBUG:colcon.colcon_core.event_handler.log_command:Invoked command in '/workspaces/ros2-coding/build/custom_message' returned '0': CMAKE_PREFIX_PATH=${CMAKE_PREFIX_PATH}:/workspaces/ros2-coding/install/rqt_joint_trajectory_controller:/workspaces/ros2-coding/install/rqt_controller_manager:/workspaces/ros2-coding/install/ros2controlcli:/workspaces/ros2-coding/install/ros2_controllers_test_nodes:/workspaces/ros2-coding/install/my_turtlesim:/workspaces/ros2-coding/install/issac_sim:/workspaces/ros2-coding/install/isaac_ros_navigation_goal:/opt/ros/jazzy /usr/bin/cmake --build /workspaces/ros2-coding/build/custom_message -- -j4 -l4
[2.088s] DEBUG:colcon.colcon_core.event_handler.log_command:Invoking command in '/workspaces/ros2-coding/build/custom_message': CMAKE_PREFIX_PATH=${CMAKE_PREFIX_PATH}:/workspaces/ros2-coding/install/rqt_joint_trajectory_controller:/workspaces/ros2-coding/install/rqt_controller_manager:/workspaces/ros2-coding/install/ros2controlcli:/workspaces/ros2-coding/install/ros2_controllers_test_nodes:/workspaces/ros2-coding/install/my_turtlesim:/workspaces/ros2-coding/install/issac_sim:/workspaces/ros2-coding/install/isaac_ros_navigation_goal:/opt/ros/jazzy /usr/bin/cmake --install /workspaces/ros2-coding/build/custom_message
[2.095s] DEBUG:colcon.colcon_core.event_handler.log_command:Invoked command in '/workspaces/ros2-coding/build/isaac_moveit' returned '0': CMAKE_PREFIX_PATH=${CMAKE_PREFIX_PATH}:/workspaces/ros2-coding/install/rqt_joint_trajectory_controller:/workspaces/ros2-coding/install/rqt_controller_manager:/workspaces/ros2-coding/install/ros2controlcli:/workspaces/ros2-coding/install/ros2_controllers_test_nodes:/workspaces/ros2-coding/install/my_turtlesim:/workspaces/ros2-coding/install/issac_sim:/workspaces/ros2-coding/install/isaac_ros_navigation_goal:/opt/ros/jazzy /usr/bin/cmake --build /workspaces/ros2-coding/build/isaac_moveit -- -j4 -l4
[2.095s] DEBUG:colcon.colcon_core.event_handler.log_command:Invoking command in '/workspaces/ros2-coding/build/isaac_moveit': CMAKE_PREFIX_PATH=${CMAKE_PREFIX_PATH}:/workspaces/ros2-coding/install/rqt_joint_trajectory_controller:/workspaces/ros2-coding/install/rqt_controller_manager:/workspaces/ros2-coding/install/ros2controlcli:/workspaces/ros2-coding/install/ros2_controllers_test_nodes:/workspaces/ros2-coding/install/my_turtlesim:/workspaces/ros2-coding/install/issac_sim:/workspaces/ros2-coding/install/isaac_ros_navigation_goal:/opt/ros/jazzy /usr/bin/cmake --install /workspaces/ros2-coding/build/isaac_moveit
[2.228s] Level 1:colcon.colcon_core.environment:create_environment_scripts_only(isaac_moveit)
[2.228s] Level 1:colcon.colcon_core.environment:checking '/workspaces/ros2-coding/install/isaac_moveit' for CMake module files
[2.228s] DEBUG:colcon.colcon_core.event_handler.log_command:Invoked command in '/workspaces/ros2-coding/build/isaac_moveit' returned '0': CMAKE_PREFIX_PATH=${CMAKE_PREFIX_PATH}:/workspaces/ros2-coding/install/rqt_joint_trajectory_controller:/workspaces/ros2-coding/install/rqt_controller_manager:/workspaces/ros2-coding/install/ros2controlcli:/workspaces/ros2-coding/install/ros2_controllers_test_nodes:/workspaces/ros2-coding/install/my_turtlesim:/workspaces/ros2-coding/install/issac_sim:/workspaces/ros2-coding/install/isaac_ros_navigation_goal:/opt/ros/jazzy /usr/bin/cmake --install /workspaces/ros2-coding/build/isaac_moveit
[2.233s] Level 1:colcon.colcon_core.environment:checking '/workspaces/ros2-coding/install/isaac_moveit' for CMake config files
[2.233s] Level 1:colcon.colcon_core.shell:create_environment_hook('isaac_moveit', 'cmake_prefix_path')
[2.234s] INFO:colcon.colcon_core.shell:Creating environment hook '/workspaces/ros2-coding/install/isaac_moveit/share/isaac_moveit/hook/cmake_prefix_path.ps1'
[2.234s] INFO:colcon.colcon_core.shell:Creating environment descriptor '/workspaces/ros2-coding/install/isaac_moveit/share/isaac_moveit/hook/cmake_prefix_path.dsv'
[2.235s] INFO:colcon.colcon_core.shell:Creating environment hook '/workspaces/ros2-coding/install/isaac_moveit/share/isaac_moveit/hook/cmake_prefix_path.sh'
[2.236s] Level 1:colcon.colcon_core.environment:checking '/workspaces/ros2-coding/install/isaac_moveit/lib'
[2.239s] Level 1:colcon.colcon_core.environment:checking '/workspaces/ros2-coding/install/isaac_moveit/bin'
[2.239s] Level 1:colcon.colcon_core.environment:checking '/workspaces/ros2-coding/install/isaac_moveit/lib/pkgconfig/isaac_moveit.pc'
[2.239s] Level 1:colcon.colcon_core.environment:checking '/workspaces/ros2-coding/install/isaac_moveit/lib/python3.12/site-packages'
[2.239s] Level 1:colcon.colcon_core.environment:checking '/workspaces/ros2-coding/install/isaac_moveit/bin'
[2.240s] INFO:colcon.colcon_core.shell:Creating package script '/workspaces/ros2-coding/install/isaac_moveit/share/isaac_moveit/package.ps1'
[2.240s] INFO:colcon.colcon_core.shell:Creating package descriptor '/workspaces/ros2-coding/install/isaac_moveit/share/isaac_moveit/package.dsv'
[2.241s] INFO:colcon.colcon_core.shell:Creating package script '/workspaces/ros2-coding/install/isaac_moveit/share/isaac_moveit/package.sh'
[2.244s] INFO:colcon.colcon_core.shell:Creating package script '/workspaces/ros2-coding/install/isaac_moveit/share/isaac_moveit/package.bash'
[2.244s] INFO:colcon.colcon_core.shell:Creating package script '/workspaces/ros2-coding/install/isaac_moveit/share/isaac_moveit/package.zsh'
[2.245s] Level 1:colcon.colcon_core.environment:create_file_with_runtime_dependencies(/workspaces/ros2-coding/install/isaac_moveit/share/colcon-core/packages/isaac_moveit)
[2.246s] Level 1:colcon.colcon_core.environment:create_environment_scripts_only(isaac_moveit)
[2.247s] Level 1:colcon.colcon_core.environment:checking '/workspaces/ros2-coding/install/isaac_moveit' for CMake module files
[2.248s] Level 1:colcon.colcon_core.environment:checking '/workspaces/ros2-coding/install/isaac_moveit' for CMake config files
[2.250s] Level 1:colcon.colcon_core.shell:create_environment_hook('isaac_moveit', 'cmake_prefix_path')
[2.251s] INFO:colcon.colcon_core.shell:Creating environment hook '/workspaces/ros2-coding/install/isaac_moveit/share/isaac_moveit/hook/cmake_prefix_path.ps1'
[2.253s] INFO:colcon.colcon_core.shell:Creating environment descriptor '/workspaces/ros2-coding/install/isaac_moveit/share/isaac_moveit/hook/cmake_prefix_path.dsv'
[2.255s] INFO:colcon.colcon_core.shell:Creating environment hook '/workspaces/ros2-coding/install/isaac_moveit/share/isaac_moveit/hook/cmake_prefix_path.sh'
[2.256s] Level 1:colcon.colcon_core.environment:checking '/workspaces/ros2-coding/install/isaac_moveit/lib'
[2.256s] Level 1:colcon.colcon_core.environment:checking '/workspaces/ros2-coding/install/isaac_moveit/bin'
[2.256s] Level 1:colcon.colcon_core.environment:checking '/workspaces/ros2-coding/install/isaac_moveit/lib/pkgconfig/isaac_moveit.pc'
[2.257s] Level 1:colcon.colcon_core.environment:checking '/workspaces/ros2-coding/install/isaac_moveit/lib/python3.12/site-packages'
[2.257s] Level 1:colcon.colcon_core.environment:checking '/workspaces/ros2-coding/install/isaac_moveit/bin'
[2.257s] INFO:colcon.colcon_core.shell:Creating package script '/workspaces/ros2-coding/install/isaac_moveit/share/isaac_moveit/package.ps1'
[2.263s] INFO:colcon.colcon_core.shell:Creating package descriptor '/workspaces/ros2-coding/install/isaac_moveit/share/isaac_moveit/package.dsv'
[2.264s] INFO:colcon.colcon_core.shell:Creating package script '/workspaces/ros2-coding/install/isaac_moveit/share/isaac_moveit/package.sh'
[2.264s] INFO:colcon.colcon_core.shell:Creating package script '/workspaces/ros2-coding/install/isaac_moveit/share/isaac_moveit/package.bash'
[2.267s] INFO:colcon.colcon_core.shell:Creating package script '/workspaces/ros2-coding/install/isaac_moveit/share/isaac_moveit/package.zsh'
[2.267s] Level 1:colcon.colcon_core.environment:create_file_with_runtime_dependencies(/workspaces/ros2-coding/install/isaac_moveit/share/colcon-core/packages/isaac_moveit)
[2.270s] INFO:colcon.colcon_ros.task.ament_cmake.build:Building ROS package in '/workspaces/ros2-coding/turtlesim_ws/src/isaac_tutorials' with build type 'ament_cmake'
[2.270s] INFO:colcon.colcon_cmake.task.cmake.build:Building CMake package in '/workspaces/ros2-coding/turtlesim_ws/src/isaac_tutorials'
[2.270s] INFO:colcon.colcon_core.shell:Skip shell extension 'powershell' for command environment: Not usable outside of PowerShell
[2.270s] DEBUG:colcon.colcon_core.shell:Skip shell extension 'dsv' for command environment
[2.328s] DEBUG:colcon.colcon_core.event_handler.log_command:Invoking command in '/workspaces/ros2-coding/build/isaac_tutorials': CMAKE_PREFIX_PATH=${CMAKE_PREFIX_PATH}:/workspaces/ros2-coding/install/rqt_joint_trajectory_controller:/workspaces/ros2-coding/install/rqt_controller_manager:/workspaces/ros2-coding/install/ros2controlcli:/workspaces/ros2-coding/install/ros2_controllers_test_nodes:/workspaces/ros2-coding/install/my_turtlesim:/workspaces/ros2-coding/install/issac_sim:/workspaces/ros2-coding/install/isaac_ros_navigation_goal:/opt/ros/jazzy /usr/bin/cmake --build /workspaces/ros2-coding/build/isaac_tutorials -- -j4 -l4
[2.470s] Level 1:colcon.colcon_core.environment:create_environment_scripts_only(custom_message)
[2.470s] Level 1:colcon.colcon_core.environment:checking '/workspaces/ros2-coding/install/custom_message' for CMake module files
[2.471s] Level 1:colcon.colcon_core.environment:checking '/workspaces/ros2-coding/install/custom_message' for CMake config files
[2.473s] DEBUG:colcon.colcon_core.event_handler.log_command:Invoked command in '/workspaces/ros2-coding/build/custom_message' returned '0': CMAKE_PREFIX_PATH=${CMAKE_PREFIX_PATH}:/workspaces/ros2-coding/install/rqt_joint_trajectory_controller:/workspaces/ros2-coding/install/rqt_controller_manager:/workspaces/ros2-coding/install/ros2controlcli:/workspaces/ros2-coding/install/ros2_controllers_test_nodes:/workspaces/ros2-coding/install/my_turtlesim:/workspaces/ros2-coding/install/issac_sim:/workspaces/ros2-coding/install/isaac_ros_navigation_goal:/opt/ros/jazzy /usr/bin/cmake --install /workspaces/ros2-coding/build/custom_message
[2.483s] Level 1:colcon.colcon_core.shell:create_environment_hook('custom_message', 'cmake_prefix_path')
[2.483s] INFO:colcon.colcon_core.shell:Creating environment hook '/workspaces/ros2-coding/install/custom_message/share/custom_message/hook/cmake_prefix_path.ps1'
[2.484s] INFO:colcon.colcon_core.shell:Creating environment descriptor '/workspaces/ros2-coding/install/custom_message/share/custom_message/hook/cmake_prefix_path.dsv'
[2.485s] INFO:colcon.colcon_core.shell:Creating environment hook '/workspaces/ros2-coding/install/custom_message/share/custom_message/hook/cmake_prefix_path.sh'
[2.485s] Level 1:colcon.colcon_core.environment:checking '/workspaces/ros2-coding/install/custom_message/lib'
[2.485s] Level 1:colcon.colcon_core.shell:create_environment_hook('custom_message', 'ld_library_path_lib')
[2.494s] INFO:colcon.colcon_core.shell:Creating environment hook '/workspaces/ros2-coding/install/custom_message/share/custom_message/hook/ld_library_path_lib.ps1'
[2.494s] INFO:colcon.colcon_core.shell:Creating environment descriptor '/workspaces/ros2-coding/install/custom_message/share/custom_message/hook/ld_library_path_lib.dsv'
[2.495s] INFO:colcon.colcon_core.shell:Creating environment hook '/workspaces/ros2-coding/install/custom_message/share/custom_message/hook/ld_library_path_lib.sh'
[2.495s] Level 1:colcon.colcon_core.environment:checking '/workspaces/ros2-coding/install/custom_message/bin'
[2.495s] Level 1:colcon.colcon_core.environment:checking '/workspaces/ros2-coding/install/custom_message/lib/pkgconfig/custom_message.pc'
[2.496s] Level 1:colcon.colcon_core.environment:checking '/workspaces/ros2-coding/install/custom_message/lib/python3.12/site-packages'
[2.496s] Level 1:colcon.colcon_core.shell:create_environment_hook('custom_message', 'pythonpath')
[2.496s] INFO:colcon.colcon_core.shell:Creating environment hook '/workspaces/ros2-coding/install/custom_message/share/custom_message/hook/pythonpath.ps1'
[2.503s] INFO:colcon.colcon_core.shell:Creating environment descriptor '/workspaces/ros2-coding/install/custom_message/share/custom_message/hook/pythonpath.dsv'
[2.503s] INFO:colcon.colcon_core.shell:Creating environment hook '/workspaces/ros2-coding/install/custom_message/share/custom_message/hook/pythonpath.sh'
[2.504s] Level 1:colcon.colcon_core.environment:checking '/workspaces/ros2-coding/install/custom_message/bin'
[2.504s] INFO:colcon.colcon_core.shell:Creating package script '/workspaces/ros2-coding/install/custom_message/share/custom_message/package.ps1'
[2.505s] INFO:colcon.colcon_core.shell:Creating package descriptor '/workspaces/ros2-coding/install/custom_message/share/custom_message/package.dsv'
[2.512s] INFO:colcon.colcon_core.shell:Creating package script '/workspaces/ros2-coding/install/custom_message/share/custom_message/package.sh'
[2.512s] INFO:colcon.colcon_core.shell:Creating package script '/workspaces/ros2-coding/install/custom_message/share/custom_message/package.bash'
[2.516s] INFO:colcon.colcon_core.shell:Creating package script '/workspaces/ros2-coding/install/custom_message/share/custom_message/package.zsh'
[2.516s] Level 1:colcon.colcon_core.environment:create_file_with_runtime_dependencies(/workspaces/ros2-coding/install/custom_message/share/colcon-core/packages/custom_message)
[2.517s] Level 1:colcon.colcon_core.environment:create_environment_scripts_only(custom_message)
[2.517s] Level 1:colcon.colcon_core.environment:checking '/workspaces/ros2-coding/install/custom_message' for CMake module files
[2.518s] Level 1:colcon.colcon_core.environment:checking '/workspaces/ros2-coding/install/custom_message' for CMake config files
[2.522s] Level 1:colcon.colcon_core.shell:create_environment_hook('custom_message', 'cmake_prefix_path')
[2.523s] INFO:colcon.colcon_core.shell:Creating environment hook '/workspaces/ros2-coding/install/custom_message/share/custom_message/hook/cmake_prefix_path.ps1'
[2.523s] INFO:colcon.colcon_core.shell:Creating environment descriptor '/workspaces/ros2-coding/install/custom_message/share/custom_message/hook/cmake_prefix_path.dsv'
[2.527s] INFO:colcon.colcon_core.shell:Creating environment hook '/workspaces/ros2-coding/install/custom_message/share/custom_message/hook/cmake_prefix_path.sh'
[2.528s] Level 1:colcon.colcon_core.environment:checking '/workspaces/ros2-coding/install/custom_message/lib'
[2.528s] Level 1:colcon.colcon_core.shell:create_environment_hook('custom_message', 'ld_library_path_lib')
[2.528s] INFO:colcon.colcon_core.shell:Creating environment hook '/workspaces/ros2-coding/install/custom_message/share/custom_message/hook/ld_library_path_lib.ps1'
[2.530s] INFO:colcon.colcon_core.shell:Creating environment descriptor '/workspaces/ros2-coding/install/custom_message/share/custom_message/hook/ld_library_path_lib.dsv'
[2.534s] INFO:colcon.colcon_core.shell:Creating environment hook '/workspaces/ros2-coding/install/custom_message/share/custom_message/hook/ld_library_path_lib.sh'
[2.535s] Level 1:colcon.colcon_core.environment:checking '/workspaces/ros2-coding/install/custom_message/bin'
[2.535s] Level 1:colcon.colcon_core.environment:checking '/workspaces/ros2-coding/install/custom_message/lib/pkgconfig/custom_message.pc'
[2.535s] Level 1:colcon.colcon_core.environment:checking '/workspaces/ros2-coding/install/custom_message/lib/python3.12/site-packages'
[2.535s] Level 1:colcon.colcon_core.shell:create_environment_hook('custom_message', 'pythonpath')
[2.535s] INFO:colcon.colcon_core.shell:Creating environment hook '/workspaces/ros2-coding/install/custom_message/share/custom_message/hook/pythonpath.ps1'
[2.536s] INFO:colcon.colcon_core.shell:Creating environment descriptor '/workspaces/ros2-coding/install/custom_message/share/custom_message/hook/pythonpath.dsv'
[2.537s] INFO:colcon.colcon_core.shell:Creating environment hook '/workspaces/ros2-coding/install/custom_message/share/custom_message/hook/pythonpath.sh'
[2.537s] Level 1:colcon.colcon_core.environment:checking '/workspaces/ros2-coding/install/custom_message/bin'
[2.538s] INFO:colcon.colcon_core.shell:Creating package script '/workspaces/ros2-coding/install/custom_message/share/custom_message/package.ps1'
[2.542s] INFO:colcon.colcon_core.shell:Creating package descriptor '/workspaces/ros2-coding/install/custom_message/share/custom_message/package.dsv'
[2.542s] INFO:colcon.colcon_core.shell:Creating package script '/workspaces/ros2-coding/install/custom_message/share/custom_message/package.sh'
[2.546s] INFO:colcon.colcon_core.shell:Creating package script '/workspaces/ros2-coding/install/custom_message/share/custom_message/package.bash'
[2.547s] INFO:colcon.colcon_core.shell:Creating package script '/workspaces/ros2-coding/install/custom_message/share/custom_message/package.zsh'
[2.547s] Level 1:colcon.colcon_core.environment:create_file_with_runtime_dependencies(/workspaces/ros2-coding/install/custom_message/share/colcon-core/packages/custom_message)
[2.548s] INFO:colcon.colcon_ros.task.ament_cmake.build:Building ROS package in '/workspaces/ros2-coding/turtlesim_ws/src/isaacsim' with build type 'ament_cmake'
[2.549s] INFO:colcon.colcon_cmake.task.cmake.build:Building CMake package in '/workspaces/ros2-coding/turtlesim_ws/src/isaacsim'
[2.549s] INFO:colcon.colcon_core.shell:Skip shell extension 'powershell' for command environment: Not usable outside of PowerShell
[2.549s] DEBUG:colcon.colcon_core.shell:Skip shell extension 'dsv' for command environment
[2.591s] DEBUG:colcon.colcon_core.event_handler.log_command:Invoked command in '/workspaces/ros2-coding/build/isaac_tutorials' returned '0': CMAKE_PREFIX_PATH=${CMAKE_PREFIX_PATH}:/workspaces/ros2-coding/install/rqt_joint_trajectory_controller:/workspaces/ros2-coding/install/rqt_controller_manager:/workspaces/ros2-coding/install/ros2controlcli:/workspaces/ros2-coding/install/ros2_controllers_test_nodes:/workspaces/ros2-coding/install/my_turtlesim:/workspaces/ros2-coding/install/issac_sim:/workspaces/ros2-coding/install/isaac_ros_navigation_goal:/opt/ros/jazzy /usr/bin/cmake --build /workspaces/ros2-coding/build/isaac_tutorials -- -j4 -l4
[2.592s] DEBUG:colcon.colcon_core.event_handler.log_command:Invoking command in '/workspaces/ros2-coding/build/isaac_tutorials': CMAKE_PREFIX_PATH=${CMAKE_PREFIX_PATH}:/workspaces/ros2-coding/install/rqt_joint_trajectory_controller:/workspaces/ros2-coding/install/rqt_controller_manager:/workspaces/ros2-coding/install/ros2controlcli:/workspaces/ros2-coding/install/ros2_controllers_test_nodes:/workspaces/ros2-coding/install/my_turtlesim:/workspaces/ros2-coding/install/issac_sim:/workspaces/ros2-coding/install/isaac_ros_navigation_goal:/opt/ros/jazzy /usr/bin/cmake --install /workspaces/ros2-coding/build/isaac_tutorials
[2.600s] DEBUG:colcon.colcon_core.event_handler.log_command:Invoking command in '/workspaces/ros2-coding/build/isaacsim': CMAKE_PREFIX_PATH=${CMAKE_PREFIX_PATH}:/workspaces/ros2-coding/install/rqt_joint_trajectory_controller:/workspaces/ros2-coding/install/rqt_controller_manager:/workspaces/ros2-coding/install/ros2controlcli:/workspaces/ros2-coding/install/ros2_controllers_test_nodes:/workspaces/ros2-coding/install/my_turtlesim:/workspaces/ros2-coding/install/issac_sim:/workspaces/ros2-coding/install/isaac_ros_navigation_goal:/opt/ros/jazzy /usr/bin/cmake --build /workspaces/ros2-coding/build/isaacsim -- -j4 -l4
[2.706s] Level 1:colcon.colcon_core.environment:create_environment_scripts_only(isaac_tutorials)
[2.706s] Level 1:colcon.colcon_core.environment:checking '/workspaces/ros2-coding/install/isaac_tutorials' for CMake module files
[2.707s] Level 1:colcon.colcon_core.environment:checking '/workspaces/ros2-coding/install/isaac_tutorials' for CMake config files
[2.709s] Level 1:colcon.colcon_core.shell:create_environment_hook('isaac_tutorials', 'cmake_prefix_path')
[2.709s] DEBUG:colcon.colcon_core.event_handler.log_command:Invoked command in '/workspaces/ros2-coding/build/isaac_tutorials' returned '0': CMAKE_PREFIX_PATH=${CMAKE_PREFIX_PATH}:/workspaces/ros2-coding/install/rqt_joint_trajectory_controller:/workspaces/ros2-coding/install/rqt_controller_manager:/workspaces/ros2-coding/install/ros2controlcli:/workspaces/ros2-coding/install/ros2_controllers_test_nodes:/workspaces/ros2-coding/install/my_turtlesim:/workspaces/ros2-coding/install/issac_sim:/workspaces/ros2-coding/install/isaac_ros_navigation_goal:/opt/ros/jazzy /usr/bin/cmake --install /workspaces/ros2-coding/build/isaac_tutorials
[2.709s] INFO:colcon.colcon_core.shell:Creating environment hook '/workspaces/ros2-coding/install/isaac_tutorials/share/isaac_tutorials/hook/cmake_prefix_path.ps1'
[2.710s] INFO:colcon.colcon_core.shell:Creating environment descriptor '/workspaces/ros2-coding/install/isaac_tutorials/share/isaac_tutorials/hook/cmake_prefix_path.dsv'
[2.711s] INFO:colcon.colcon_core.shell:Creating environment hook '/workspaces/ros2-coding/install/isaac_tutorials/share/isaac_tutorials/hook/cmake_prefix_path.sh'
[2.712s] Level 1:colcon.colcon_core.environment:checking '/workspaces/ros2-coding/install/isaac_tutorials/lib'
[2.713s] Level 1:colcon.colcon_core.environment:checking '/workspaces/ros2-coding/install/isaac_tutorials/bin'
[2.713s] Level 1:colcon.colcon_core.environment:checking '/workspaces/ros2-coding/install/isaac_tutorials/lib/pkgconfig/isaac_tutorials.pc'
[2.713s] Level 1:colcon.colcon_core.environment:checking '/workspaces/ros2-coding/install/isaac_tutorials/lib/python3.12/site-packages'
[2.714s] Level 1:colcon.colcon_core.environment:checking '/workspaces/ros2-coding/install/isaac_tutorials/bin'
[2.714s] INFO:colcon.colcon_core.shell:Creating package script '/workspaces/ros2-coding/install/isaac_tutorials/share/isaac_tutorials/package.ps1'
[2.715s] INFO:colcon.colcon_core.shell:Creating package descriptor '/workspaces/ros2-coding/install/isaac_tutorials/share/isaac_tutorials/package.dsv'
[2.716s] INFO:colcon.colcon_core.shell:Creating package script '/workspaces/ros2-coding/install/isaac_tutorials/share/isaac_tutorials/package.sh'
[2.717s] INFO:colcon.colcon_core.shell:Creating package script '/workspaces/ros2-coding/install/isaac_tutorials/share/isaac_tutorials/package.bash'
[2.718s] INFO:colcon.colcon_core.shell:Creating package script '/workspaces/ros2-coding/install/isaac_tutorials/share/isaac_tutorials/package.zsh'
[2.719s] Level 1:colcon.colcon_core.environment:create_file_with_runtime_dependencies(/workspaces/ros2-coding/install/isaac_tutorials/share/colcon-core/packages/isaac_tutorials)
[2.720s] Level 1:colcon.colcon_core.environment:create_environment_scripts_only(isaac_tutorials)
[2.720s] Level 1:colcon.colcon_core.environment:checking '/workspaces/ros2-coding/install/isaac_tutorials' for CMake module files
[2.721s] Level 1:colcon.colcon_core.environment:checking '/workspaces/ros2-coding/install/isaac_tutorials' for CMake config files
[2.722s] Level 1:colcon.colcon_core.shell:create_environment_hook('isaac_tutorials', 'cmake_prefix_path')
[2.723s] INFO:colcon.colcon_core.shell:Creating environment hook '/workspaces/ros2-coding/install/isaac_tutorials/share/isaac_tutorials/hook/cmake_prefix_path.ps1'
[2.724s] INFO:colcon.colcon_core.shell:Creating environment descriptor '/workspaces/ros2-coding/install/isaac_tutorials/share/isaac_tutorials/hook/cmake_prefix_path.dsv'
[2.724s] INFO:colcon.colcon_core.shell:Creating environment hook '/workspaces/ros2-coding/install/isaac_tutorials/share/isaac_tutorials/hook/cmake_prefix_path.sh'
[2.725s] Level 1:colcon.colcon_core.environment:checking '/workspaces/ros2-coding/install/isaac_tutorials/lib'
[2.726s] Level 1:colcon.colcon_core.environment:checking '/workspaces/ros2-coding/install/isaac_tutorials/bin'
[2.726s] Level 1:colcon.colcon_core.environment:checking '/workspaces/ros2-coding/install/isaac_tutorials/lib/pkgconfig/isaac_tutorials.pc'
[2.726s] Level 1:colcon.colcon_core.environment:checking '/workspaces/ros2-coding/install/isaac_tutorials/lib/python3.12/site-packages'
[2.727s] Level 1:colcon.colcon_core.environment:checking '/workspaces/ros2-coding/install/isaac_tutorials/bin'
[2.727s] INFO:colcon.colcon_core.shell:Creating package script '/workspaces/ros2-coding/install/isaac_tutorials/share/isaac_tutorials/package.ps1'
[2.728s] INFO:colcon.colcon_core.shell:Creating package descriptor '/workspaces/ros2-coding/install/isaac_tutorials/share/isaac_tutorials/package.dsv'
[2.729s] INFO:colcon.colcon_core.shell:Creating package script '/workspaces/ros2-coding/install/isaac_tutorials/share/isaac_tutorials/package.sh'
[2.731s] INFO:colcon.colcon_core.shell:Creating package script '/workspaces/ros2-coding/install/isaac_tutorials/share/isaac_tutorials/package.bash'
[2.732s] INFO:colcon.colcon_core.shell:Creating package script '/workspaces/ros2-coding/install/isaac_tutorials/share/isaac_tutorials/package.zsh'
[2.733s] Level 1:colcon.colcon_core.environment:create_file_with_runtime_dependencies(/workspaces/ros2-coding/install/isaac_tutorials/share/colcon-core/packages/isaac_tutorials)
[2.734s] INFO:colcon.colcon_ros.task.ament_python.build:Building ROS package in '/workspaces/ros2-coding/turtlesim_ws/src/issac_sim' with build type 'ament_python'
[2.734s] Level 1:colcon.colcon_core.shell:create_environment_hook('issac_sim', 'ament_prefix_path')
[2.735s] INFO:colcon.colcon_core.shell:Creating environment hook '/workspaces/ros2-coding/install/issac_sim/share/issac_sim/hook/ament_prefix_path.ps1'
[2.736s] INFO:colcon.colcon_core.shell:Creating environment descriptor '/workspaces/ros2-coding/install/issac_sim/share/issac_sim/hook/ament_prefix_path.dsv'
[2.737s] INFO:colcon.colcon_core.shell:Creating environment hook '/workspaces/ros2-coding/install/issac_sim/share/issac_sim/hook/ament_prefix_path.sh'
[2.738s] INFO:colcon.colcon_core.shell:Skip shell extension 'powershell' for command environment: Not usable outside of PowerShell
[2.739s] DEBUG:colcon.colcon_core.shell:Skip shell extension 'dsv' for command environment
[2.774s] DEBUG:colcon.colcon_core.event_handler.log_command:Invoked command in '/workspaces/ros2-coding/build/isaacsim' returned '0': CMAKE_PREFIX_PATH=${CMAKE_PREFIX_PATH}:/workspaces/ros2-coding/install/rqt_joint_trajectory_controller:/workspaces/ros2-coding/install/rqt_controller_manager:/workspaces/ros2-coding/install/ros2controlcli:/workspaces/ros2-coding/install/ros2_controllers_test_nodes:/workspaces/ros2-coding/install/my_turtlesim:/workspaces/ros2-coding/install/issac_sim:/workspaces/ros2-coding/install/isaac_ros_navigation_goal:/opt/ros/jazzy /usr/bin/cmake --build /workspaces/ros2-coding/build/isaacsim -- -j4 -l4
[2.774s] DEBUG:colcon.colcon_core.event_handler.log_command:Invoking command in '/workspaces/ros2-coding/build/isaacsim': CMAKE_PREFIX_PATH=${CMAKE_PREFIX_PATH}:/workspaces/ros2-coding/install/rqt_joint_trajectory_controller:/workspaces/ros2-coding/install/rqt_controller_manager:/workspaces/ros2-coding/install/ros2controlcli:/workspaces/ros2-coding/install/ros2_controllers_test_nodes:/workspaces/ros2-coding/install/my_turtlesim:/workspaces/ros2-coding/install/issac_sim:/workspaces/ros2-coding/install/isaac_ros_navigation_goal:/opt/ros/jazzy /usr/bin/cmake --install /workspaces/ros2-coding/build/isaacsim
[3.176s] INFO:colcon.colcon_core.task.python.build:Building Python package in '/workspaces/ros2-coding/turtlesim_ws/src/issac_sim'
[3.176s] INFO:colcon.colcon_core.shell:Skip shell extension 'powershell' for command environment: Not usable outside of PowerShell
[3.176s] DEBUG:colcon.colcon_core.shell:Skip shell extension 'dsv' for command environment
[3.211s] DEBUG:colcon.colcon_core.event_handler.log_command:Invoked command in '/workspaces/ros2-coding/build/isaac_ros2_messages' returned '0': CMAKE_PREFIX_PATH=${CMAKE_PREFIX_PATH}:/workspaces/ros2-coding/install/rqt_joint_trajectory_controller:/workspaces/ros2-coding/install/rqt_controller_manager:/workspaces/ros2-coding/install/ros2controlcli:/workspaces/ros2-coding/install/ros2_controllers_test_nodes:/workspaces/ros2-coding/install/my_turtlesim:/workspaces/ros2-coding/install/issac_sim:/workspaces/ros2-coding/install/isaac_ros_navigation_goal:/opt/ros/jazzy /usr/bin/cmake --build /workspaces/ros2-coding/build/isaac_ros2_messages -- -j4 -l4
[3.211s] DEBUG:colcon.colcon_core.event_handler.log_command:Invoking command in '/workspaces/ros2-coding/build/isaac_ros2_messages': CMAKE_PREFIX_PATH=${CMAKE_PREFIX_PATH}:/workspaces/ros2-coding/install/rqt_joint_trajectory_controller:/workspaces/ros2-coding/install/rqt_controller_manager:/workspaces/ros2-coding/install/ros2controlcli:/workspaces/ros2-coding/install/ros2_controllers_test_nodes:/workspaces/ros2-coding/install/my_turtlesim:/workspaces/ros2-coding/install/issac_sim:/workspaces/ros2-coding/install/isaac_ros_navigation_goal:/opt/ros/jazzy /usr/bin/cmake --install /workspaces/ros2-coding/build/isaac_ros2_messages
[3.212s] Level 1:colcon.colcon_core.environment:create_environment_scripts_only(isaacsim)
[3.213s] Level 1:colcon.colcon_core.environment:checking '/workspaces/ros2-coding/install/isaacsim' for CMake module files
[3.213s] DEBUG:colcon.colcon_core.event_handler.log_command:Invoked command in '/workspaces/ros2-coding/build/isaacsim' returned '0': CMAKE_PREFIX_PATH=${CMAKE_PREFIX_PATH}:/workspaces/ros2-coding/install/rqt_joint_trajectory_controller:/workspaces/ros2-coding/install/rqt_controller_manager:/workspaces/ros2-coding/install/ros2controlcli:/workspaces/ros2-coding/install/ros2_controllers_test_nodes:/workspaces/ros2-coding/install/my_turtlesim:/workspaces/ros2-coding/install/issac_sim:/workspaces/ros2-coding/install/isaac_ros_navigation_goal:/opt/ros/jazzy /usr/bin/cmake --install /workspaces/ros2-coding/build/isaacsim
[3.214s] Level 1:colcon.colcon_core.environment:checking '/workspaces/ros2-coding/install/isaacsim' for CMake config files
[3.215s] Level 1:colcon.colcon_core.shell:create_environment_hook('isaacsim', 'cmake_prefix_path')
[3.215s] INFO:colcon.colcon_core.shell:Creating environment hook '/workspaces/ros2-coding/install/isaacsim/share/isaacsim/hook/cmake_prefix_path.ps1'
[3.216s] INFO:colcon.colcon_core.shell:Creating environment descriptor '/workspaces/ros2-coding/install/isaacsim/share/isaacsim/hook/cmake_prefix_path.dsv'
[3.216s] INFO:colcon.colcon_core.shell:Creating environment hook '/workspaces/ros2-coding/install/isaacsim/share/isaacsim/hook/cmake_prefix_path.sh'
[3.217s] Level 1:colcon.colcon_core.environment:checking '/workspaces/ros2-coding/install/isaacsim/lib'
[3.217s] Level 1:colcon.colcon_core.environment:checking '/workspaces/ros2-coding/install/isaacsim/bin'
[3.217s] Level 1:colcon.colcon_core.environment:checking '/workspaces/ros2-coding/install/isaacsim/lib/pkgconfig/isaacsim.pc'
[3.218s] Level 1:colcon.colcon_core.environment:checking '/workspaces/ros2-coding/install/isaacsim/lib/python3.12/site-packages'
[3.218s] Level 1:colcon.colcon_core.environment:checking '/workspaces/ros2-coding/install/isaacsim/bin'
[3.218s] INFO:colcon.colcon_core.shell:Creating package script '/workspaces/ros2-coding/install/isaacsim/share/isaacsim/package.ps1'
[3.219s] INFO:colcon.colcon_core.shell:Creating package descriptor '/workspaces/ros2-coding/install/isaacsim/share/isaacsim/package.dsv'
[3.220s] INFO:colcon.colcon_core.shell:Creating package script '/workspaces/ros2-coding/install/isaacsim/share/isaacsim/package.sh'
[3.220s] INFO:colcon.colcon_core.shell:Creating package script '/workspaces/ros2-coding/install/isaacsim/share/isaacsim/package.bash'
[3.221s] INFO:colcon.colcon_core.shell:Creating package script '/workspaces/ros2-coding/install/isaacsim/share/isaacsim/package.zsh'
[3.222s] Level 1:colcon.colcon_core.environment:create_file_with_runtime_dependencies(/workspaces/ros2-coding/install/isaacsim/share/colcon-core/packages/isaacsim)
[3.222s] Level 1:colcon.colcon_core.environment:create_environment_scripts_only(isaacsim)
[3.223s] Level 1:colcon.colcon_core.environment:checking '/workspaces/ros2-coding/install/isaacsim' for CMake module files
[3.224s] Level 1:colcon.colcon_core.environment:checking '/workspaces/ros2-coding/install/isaacsim' for CMake config files
[3.224s] Level 1:colcon.colcon_core.shell:create_environment_hook('isaacsim', 'cmake_prefix_path')
[3.224s] INFO:colcon.colcon_core.shell:Creating environment hook '/workspaces/ros2-coding/install/isaacsim/share/isaacsim/hook/cmake_prefix_path.ps1'
[3.225s] INFO:colcon.colcon_core.shell:Creating environment descriptor '/workspaces/ros2-coding/install/isaacsim/share/isaacsim/hook/cmake_prefix_path.dsv'
[3.225s] INFO:colcon.colcon_core.shell:Creating environment hook '/workspaces/ros2-coding/install/isaacsim/share/isaacsim/hook/cmake_prefix_path.sh'
[3.226s] Level 1:colcon.colcon_core.environment:checking '/workspaces/ros2-coding/install/isaacsim/lib'
[3.226s] Level 1:colcon.colcon_core.environment:checking '/workspaces/ros2-coding/install/isaacsim/bin'
[3.229s] Level 1:colcon.colcon_core.environment:checking '/workspaces/ros2-coding/install/isaacsim/lib/pkgconfig/isaacsim.pc'
[3.229s] Level 1:colcon.colcon_core.environment:checking '/workspaces/ros2-coding/install/isaacsim/lib/python3.12/site-packages'
[3.230s] Level 1:colcon.colcon_core.environment:checking '/workspaces/ros2-coding/install/isaacsim/bin'
[3.230s] INFO:colcon.colcon_core.shell:Creating package script '/workspaces/ros2-coding/install/isaacsim/share/isaacsim/package.ps1'
[3.231s] INFO:colcon.colcon_core.shell:Creating package descriptor '/workspaces/ros2-coding/install/isaacsim/share/isaacsim/package.dsv'
[3.236s] INFO:colcon.colcon_core.shell:Creating package script '/workspaces/ros2-coding/install/isaacsim/share/isaacsim/package.sh'
[3.243s] INFO:colcon.colcon_core.shell:Creating package script '/workspaces/ros2-coding/install/isaacsim/share/isaacsim/package.bash'
[3.244s] INFO:colcon.colcon_core.shell:Creating package script '/workspaces/ros2-coding/install/isaacsim/share/isaacsim/package.zsh'
[3.250s] Level 1:colcon.colcon_core.environment:create_file_with_runtime_dependencies(/workspaces/ros2-coding/install/isaacsim/share/colcon-core/packages/isaacsim)
[3.251s] INFO:colcon.colcon_ros.task.ament_cmake.build:Building ROS package in '/workspaces/ros2-coding/turtlesim_ws/src/navigation/iw_hub_navigation' with build type 'ament_cmake'
[3.251s] INFO:colcon.colcon_cmake.task.cmake.build:Building CMake package in '/workspaces/ros2-coding/turtlesim_ws/src/navigation/iw_hub_navigation'
[3.251s] INFO:colcon.colcon_core.shell:Skip shell extension 'powershell' for command environment: Not usable outside of PowerShell
[3.251s] DEBUG:colcon.colcon_core.shell:Skip shell extension 'dsv' for command environment
[3.309s] DEBUG:colcon.colcon_core.event_handler.log_command:Invoking command in '/workspaces/ros2-coding/build/iw_hub_navigation': CMAKE_PREFIX_PATH=${CMAKE_PREFIX_PATH}:/workspaces/ros2-coding/install/rqt_joint_trajectory_controller:/workspaces/ros2-coding/install/rqt_controller_manager:/workspaces/ros2-coding/install/ros2controlcli:/workspaces/ros2-coding/install/ros2_controllers_test_nodes:/workspaces/ros2-coding/install/my_turtlesim:/workspaces/ros2-coding/install/issac_sim:/workspaces/ros2-coding/install/isaac_ros_navigation_goal:/opt/ros/jazzy /usr/bin/cmake --build /workspaces/ros2-coding/build/iw_hub_navigation -- -j4 -l4
[3.462s] DEBUG:colcon.colcon_core.event_handler.log_command:Invoking command in '/workspaces/ros2-coding/build/isaac_ros_navigation_goal': PYTHONPATH=/workspaces/ros2-coding/build/isaac_ros_navigation_goal/prefix_override:/usr/lib/python3/dist-packages/colcon_core/task/python/colcon_distutils_commands:/workspaces/ros2-coding/install/isaac_ros_navigation_goal/lib/python3.12/site-packages:${PYTHONPATH} /usr/bin/python3 -W ignore:setup.py install is deprecated -W ignore:easy_install command is deprecated setup.py develop --editable --build-directory /workspaces/ros2-coding/build/isaac_ros_navigation_goal/build --no-deps symlink_data
[3.489s] Level 1:colcon.colcon_core.environment:create_environment_scripts_only(isaac_ros2_messages)
[3.490s] Level 1:colcon.colcon_core.environment:checking '/workspaces/ros2-coding/install/isaac_ros2_messages' for CMake module files
[3.491s] Level 1:colcon.colcon_core.environment:checking '/workspaces/ros2-coding/install/isaac_ros2_messages' for CMake config files
[3.492s] DEBUG:colcon.colcon_core.event_handler.log_command:Invoked command in '/workspaces/ros2-coding/build/isaac_ros2_messages' returned '0': CMAKE_PREFIX_PATH=${CMAKE_PREFIX_PATH}:/workspaces/ros2-coding/install/rqt_joint_trajectory_controller:/workspaces/ros2-coding/install/rqt_controller_manager:/workspaces/ros2-coding/install/ros2controlcli:/workspaces/ros2-coding/install/ros2_controllers_test_nodes:/workspaces/ros2-coding/install/my_turtlesim:/workspaces/ros2-coding/install/issac_sim:/workspaces/ros2-coding/install/isaac_ros_navigation_goal:/opt/ros/jazzy /usr/bin/cmake --install /workspaces/ros2-coding/build/isaac_ros2_messages
[3.494s] Level 1:colcon.colcon_core.shell:create_environment_hook('isaac_ros2_messages', 'cmake_prefix_path')
[3.494s] INFO:colcon.colcon_core.shell:Creating environment hook '/workspaces/ros2-coding/install/isaac_ros2_messages/share/isaac_ros2_messages/hook/cmake_prefix_path.ps1'
[3.495s] INFO:colcon.colcon_core.shell:Creating environment descriptor '/workspaces/ros2-coding/install/isaac_ros2_messages/share/isaac_ros2_messages/hook/cmake_prefix_path.dsv'
[3.496s] INFO:colcon.colcon_core.shell:Creating environment hook '/workspaces/ros2-coding/install/isaac_ros2_messages/share/isaac_ros2_messages/hook/cmake_prefix_path.sh'
[3.497s] Level 1:colcon.colcon_core.environment:checking '/workspaces/ros2-coding/install/isaac_ros2_messages/lib'
[3.498s] Level 1:colcon.colcon_core.shell:create_environment_hook('isaac_ros2_messages', 'ld_library_path_lib')
[3.498s] INFO:colcon.colcon_core.shell:Creating environment hook '/workspaces/ros2-coding/install/isaac_ros2_messages/share/isaac_ros2_messages/hook/ld_library_path_lib.ps1'
[3.499s] INFO:colcon.colcon_core.shell:Creating environment descriptor '/workspaces/ros2-coding/install/isaac_ros2_messages/share/isaac_ros2_messages/hook/ld_library_path_lib.dsv'
[3.500s] INFO:colcon.colcon_core.shell:Creating environment hook '/workspaces/ros2-coding/install/isaac_ros2_messages/share/isaac_ros2_messages/hook/ld_library_path_lib.sh'
[3.501s] Level 1:colcon.colcon_core.environment:checking '/workspaces/ros2-coding/install/isaac_ros2_messages/bin'
[3.501s] Level 1:colcon.colcon_core.environment:checking '/workspaces/ros2-coding/install/isaac_ros2_messages/lib/pkgconfig/isaac_ros2_messages.pc'
[3.501s] Level 1:colcon.colcon_core.environment:checking '/workspaces/ros2-coding/install/isaac_ros2_messages/lib/python3.12/site-packages'
[3.501s] Level 1:colcon.colcon_core.shell:create_environment_hook('isaac_ros2_messages', 'pythonpath')
[3.502s] INFO:colcon.colcon_core.shell:Creating environment hook '/workspaces/ros2-coding/install/isaac_ros2_messages/share/isaac_ros2_messages/hook/pythonpath.ps1'
[3.502s] INFO:colcon.colcon_core.shell:Creating environment descriptor '/workspaces/ros2-coding/install/isaac_ros2_messages/share/isaac_ros2_messages/hook/pythonpath.dsv'
[3.503s] INFO:colcon.colcon_core.shell:Creating environment hook '/workspaces/ros2-coding/install/isaac_ros2_messages/share/isaac_ros2_messages/hook/pythonpath.sh'
[3.504s] Level 1:colcon.colcon_core.environment:checking '/workspaces/ros2-coding/install/isaac_ros2_messages/bin'
[3.504s] INFO:colcon.colcon_core.shell:Creating package script '/workspaces/ros2-coding/install/isaac_ros2_messages/share/isaac_ros2_messages/package.ps1'
[3.505s] INFO:colcon.colcon_core.shell:Creating package descriptor '/workspaces/ros2-coding/install/isaac_ros2_messages/share/isaac_ros2_messages/package.dsv'
[3.507s] INFO:colcon.colcon_core.shell:Creating package script '/workspaces/ros2-coding/install/isaac_ros2_messages/share/isaac_ros2_messages/package.sh'
[3.508s] INFO:colcon.colcon_core.shell:Creating package script '/workspaces/ros2-coding/install/isaac_ros2_messages/share/isaac_ros2_messages/package.bash'
[3.508s] INFO:colcon.colcon_core.shell:Creating package script '/workspaces/ros2-coding/install/isaac_ros2_messages/share/isaac_ros2_messages/package.zsh'
[3.509s] Level 1:colcon.colcon_core.environment:create_file_with_runtime_dependencies(/workspaces/ros2-coding/install/isaac_ros2_messages/share/colcon-core/packages/isaac_ros2_messages)
[3.510s] Level 1:colcon.colcon_core.environment:create_environment_scripts_only(isaac_ros2_messages)
[3.510s] Level 1:colcon.colcon_core.environment:checking '/workspaces/ros2-coding/install/isaac_ros2_messages' for CMake module files
[3.514s] Level 1:colcon.colcon_core.environment:checking '/workspaces/ros2-coding/install/isaac_ros2_messages' for CMake config files
[3.516s] Level 1:colcon.colcon_core.shell:create_environment_hook('isaac_ros2_messages', 'cmake_prefix_path')
[3.519s] INFO:colcon.colcon_core.shell:Creating environment hook '/workspaces/ros2-coding/install/isaac_ros2_messages/share/isaac_ros2_messages/hook/cmake_prefix_path.ps1'
[3.520s] INFO:colcon.colcon_core.shell:Creating environment descriptor '/workspaces/ros2-coding/install/isaac_ros2_messages/share/isaac_ros2_messages/hook/cmake_prefix_path.dsv'
[3.520s] INFO:colcon.colcon_core.shell:Creating environment hook '/workspaces/ros2-coding/install/isaac_ros2_messages/share/isaac_ros2_messages/hook/cmake_prefix_path.sh'
[3.521s] Level 1:colcon.colcon_core.environment:checking '/workspaces/ros2-coding/install/isaac_ros2_messages/lib'
[3.521s] Level 1:colcon.colcon_core.shell:create_environment_hook('isaac_ros2_messages', 'ld_library_path_lib')
[3.521s] INFO:colcon.colcon_core.shell:Creating environment hook '/workspaces/ros2-coding/install/isaac_ros2_messages/share/isaac_ros2_messages/hook/ld_library_path_lib.ps1'
[3.523s] INFO:colcon.colcon_core.shell:Creating environment descriptor '/workspaces/ros2-coding/install/isaac_ros2_messages/share/isaac_ros2_messages/hook/ld_library_path_lib.dsv'
[3.524s] INFO:colcon.colcon_core.shell:Creating environment hook '/workspaces/ros2-coding/install/isaac_ros2_messages/share/isaac_ros2_messages/hook/ld_library_path_lib.sh'
[3.527s] Level 1:colcon.colcon_core.environment:checking '/workspaces/ros2-coding/install/isaac_ros2_messages/bin'
[3.527s] Level 1:colcon.colcon_core.environment:checking '/workspaces/ros2-coding/install/isaac_ros2_messages/lib/pkgconfig/isaac_ros2_messages.pc'
[3.527s] Level 1:colcon.colcon_core.environment:checking '/workspaces/ros2-coding/install/isaac_ros2_messages/lib/python3.12/site-packages'
[3.527s] Level 1:colcon.colcon_core.shell:create_environment_hook('isaac_ros2_messages', 'pythonpath')
[3.528s] INFO:colcon.colcon_core.shell:Creating environment hook '/workspaces/ros2-coding/install/isaac_ros2_messages/share/isaac_ros2_messages/hook/pythonpath.ps1'
[3.528s] INFO:colcon.colcon_core.shell:Creating environment descriptor '/workspaces/ros2-coding/install/isaac_ros2_messages/share/isaac_ros2_messages/hook/pythonpath.dsv'
[3.529s] INFO:colcon.colcon_core.shell:Creating environment hook '/workspaces/ros2-coding/install/isaac_ros2_messages/share/isaac_ros2_messages/hook/pythonpath.sh'
[3.530s] Level 1:colcon.colcon_core.environment:checking '/workspaces/ros2-coding/install/isaac_ros2_messages/bin'
[3.530s] INFO:colcon.colcon_core.shell:Creating package script '/workspaces/ros2-coding/install/isaac_ros2_messages/share/isaac_ros2_messages/package.ps1'
[3.531s] INFO:colcon.colcon_core.shell:Creating package descriptor '/workspaces/ros2-coding/install/isaac_ros2_messages/share/isaac_ros2_messages/package.dsv'
[3.532s] INFO:colcon.colcon_core.shell:Creating package script '/workspaces/ros2-coding/install/isaac_ros2_messages/share/isaac_ros2_messages/package.sh'
[3.533s] INFO:colcon.colcon_core.shell:Creating package script '/workspaces/ros2-coding/install/isaac_ros2_messages/share/isaac_ros2_messages/package.bash'
[3.534s] INFO:colcon.colcon_core.shell:Creating package script '/workspaces/ros2-coding/install/isaac_ros2_messages/share/isaac_ros2_messages/package.zsh'
[3.535s] Level 1:colcon.colcon_core.environment:create_file_with_runtime_dependencies(/workspaces/ros2-coding/install/isaac_ros2_messages/share/colcon-core/packages/isaac_ros2_messages)
[3.539s] INFO:colcon.colcon_ros.task.ament_python.build:Building ROS package in '/workspaces/ros2-coding/turtlesim_ws/src/my_turtlesim' with build type 'ament_python'
[3.539s] Level 1:colcon.colcon_core.shell:create_environment_hook('my_turtlesim', 'ament_prefix_path')
[3.539s] INFO:colcon.colcon_core.shell:Creating environment hook '/workspaces/ros2-coding/install/my_turtlesim/share/my_turtlesim/hook/ament_prefix_path.ps1'
[3.541s] INFO:colcon.colcon_core.shell:Creating environment descriptor '/workspaces/ros2-coding/install/my_turtlesim/share/my_turtlesim/hook/ament_prefix_path.dsv'
[3.542s] INFO:colcon.colcon_core.shell:Creating environment hook '/workspaces/ros2-coding/install/my_turtlesim/share/my_turtlesim/hook/ament_prefix_path.sh'
[3.542s] INFO:colcon.colcon_core.shell:Skip shell extension 'powershell' for command environment: Not usable outside of PowerShell
[3.542s] DEBUG:colcon.colcon_core.shell:Skip shell extension 'dsv' for command environment
[3.567s] DEBUG:colcon.colcon_core.event_handler.log_command:Invoked command in '/workspaces/ros2-coding/build/iw_hub_navigation' returned '0': CMAKE_PREFIX_PATH=${CMAKE_PREFIX_PATH}:/workspaces/ros2-coding/install/rqt_joint_trajectory_controller:/workspaces/ros2-coding/install/rqt_controller_manager:/workspaces/ros2-coding/install/ros2controlcli:/workspaces/ros2-coding/install/ros2_controllers_test_nodes:/workspaces/ros2-coding/install/my_turtlesim:/workspaces/ros2-coding/install/issac_sim:/workspaces/ros2-coding/install/isaac_ros_navigation_goal:/opt/ros/jazzy /usr/bin/cmake --build /workspaces/ros2-coding/build/iw_hub_navigation -- -j4 -l4
[3.567s] DEBUG:colcon.colcon_core.event_handler.log_command:Invoking command in '/workspaces/ros2-coding/build/iw_hub_navigation': CMAKE_PREFIX_PATH=${CMAKE_PREFIX_PATH}:/workspaces/ros2-coding/install/rqt_joint_trajectory_controller:/workspaces/ros2-coding/install/rqt_controller_manager:/workspaces/ros2-coding/install/ros2controlcli:/workspaces/ros2-coding/install/ros2_controllers_test_nodes:/workspaces/ros2-coding/install/my_turtlesim:/workspaces/ros2-coding/install/issac_sim:/workspaces/ros2-coding/install/isaac_ros_navigation_goal:/opt/ros/jazzy /usr/bin/cmake --install /workspaces/ros2-coding/build/iw_hub_navigation
[3.995s] INFO:colcon.colcon_core.task.python.build:Building Python package in '/workspaces/ros2-coding/turtlesim_ws/src/my_turtlesim'
[3.995s] INFO:colcon.colcon_core.shell:Skip shell extension 'powershell' for command environment: Not usable outside of PowerShell
[3.995s] DEBUG:colcon.colcon_core.shell:Skip shell extension 'dsv' for command environment
[4.018s] Level 1:colcon.colcon_core.environment:create_environment_scripts_only(iw_hub_navigation)
[4.018s] Level 1:colcon.colcon_core.environment:checking '/workspaces/ros2-coding/install/iw_hub_navigation' for CMake module files
[4.019s] Level 1:colcon.colcon_core.environment:checking '/workspaces/ros2-coding/install/iw_hub_navigation' for CMake config files
[4.020s] DEBUG:colcon.colcon_core.event_handler.log_command:Invoked command in '/workspaces/ros2-coding/build/iw_hub_navigation' returned '0': CMAKE_PREFIX_PATH=${CMAKE_PREFIX_PATH}:/workspaces/ros2-coding/install/rqt_joint_trajectory_controller:/workspaces/ros2-coding/install/rqt_controller_manager:/workspaces/ros2-coding/install/ros2controlcli:/workspaces/ros2-coding/install/ros2_controllers_test_nodes:/workspaces/ros2-coding/install/my_turtlesim:/workspaces/ros2-coding/install/issac_sim:/workspaces/ros2-coding/install/isaac_ros_navigation_goal:/opt/ros/jazzy /usr/bin/cmake --install /workspaces/ros2-coding/build/iw_hub_navigation
[4.021s] Level 1:colcon.colcon_core.shell:create_environment_hook('iw_hub_navigation', 'cmake_prefix_path')
[4.022s] INFO:colcon.colcon_core.shell:Creating environment hook '/workspaces/ros2-coding/install/iw_hub_navigation/share/iw_hub_navigation/hook/cmake_prefix_path.ps1'
[4.024s] INFO:colcon.colcon_core.shell:Creating environment descriptor '/workspaces/ros2-coding/install/iw_hub_navigation/share/iw_hub_navigation/hook/cmake_prefix_path.dsv'
[4.025s] INFO:colcon.colcon_core.shell:Creating environment hook '/workspaces/ros2-coding/install/iw_hub_navigation/share/iw_hub_navigation/hook/cmake_prefix_path.sh'
[4.026s] Level 1:colcon.colcon_core.environment:checking '/workspaces/ros2-coding/install/iw_hub_navigation/bin'
[4.026s] Level 1:colcon.colcon_core.environment:checking '/workspaces/ros2-coding/install/iw_hub_navigation/lib/pkgconfig/iw_hub_navigation.pc'
[4.027s] Level 1:colcon.colcon_core.environment:checking '/workspaces/ros2-coding/install/iw_hub_navigation/lib/python3.12/site-packages'
[4.027s] Level 1:colcon.colcon_core.environment:checking '/workspaces/ros2-coding/install/iw_hub_navigation/bin'
[4.031s] INFO:colcon.colcon_core.shell:Creating package script '/workspaces/ros2-coding/install/iw_hub_navigation/share/iw_hub_navigation/package.ps1'
[4.032s] INFO:colcon.colcon_core.shell:Creating package descriptor '/workspaces/ros2-coding/install/iw_hub_navigation/share/iw_hub_navigation/package.dsv'
[4.033s] INFO:colcon.colcon_core.shell:Creating package script '/workspaces/ros2-coding/install/iw_hub_navigation/share/iw_hub_navigation/package.sh'
[4.033s] INFO:colcon.colcon_core.shell:Creating package script '/workspaces/ros2-coding/install/iw_hub_navigation/share/iw_hub_navigation/package.bash'
[4.034s] INFO:colcon.colcon_core.shell:Creating package script '/workspaces/ros2-coding/install/iw_hub_navigation/share/iw_hub_navigation/package.zsh'
[4.034s] Level 1:colcon.colcon_core.environment:create_file_with_runtime_dependencies(/workspaces/ros2-coding/install/iw_hub_navigation/share/colcon-core/packages/iw_hub_navigation)
[4.035s] Level 1:colcon.colcon_core.environment:create_environment_scripts_only(iw_hub_navigation)
[4.035s] Level 1:colcon.colcon_core.environment:checking '/workspaces/ros2-coding/install/iw_hub_navigation' for CMake module files
[4.036s] Level 1:colcon.colcon_core.environment:checking '/workspaces/ros2-coding/install/iw_hub_navigation' for CMake config files
[4.037s] Level 1:colcon.colcon_core.shell:create_environment_hook('iw_hub_navigation', 'cmake_prefix_path')
[4.037s] INFO:colcon.colcon_core.shell:Creating environment hook '/workspaces/ros2-coding/install/iw_hub_navigation/share/iw_hub_navigation/hook/cmake_prefix_path.ps1'
[4.038s] INFO:colcon.colcon_core.shell:Creating environment descriptor '/workspaces/ros2-coding/install/iw_hub_navigation/share/iw_hub_navigation/hook/cmake_prefix_path.dsv'
[4.038s] INFO:colcon.colcon_core.shell:Creating environment hook '/workspaces/ros2-coding/install/iw_hub_navigation/share/iw_hub_navigation/hook/cmake_prefix_path.sh'
[4.039s] Level 1:colcon.colcon_core.environment:checking '/workspaces/ros2-coding/install/iw_hub_navigation/bin'
[4.039s] Level 1:colcon.colcon_core.environment:checking '/workspaces/ros2-coding/install/iw_hub_navigation/lib/pkgconfig/iw_hub_navigation.pc'
[4.039s] Level 1:colcon.colcon_core.environment:checking '/workspaces/ros2-coding/install/iw_hub_navigation/lib/python3.12/site-packages'
[4.040s] Level 1:colcon.colcon_core.environment:checking '/workspaces/ros2-coding/install/iw_hub_navigation/bin'
[4.040s] INFO:colcon.colcon_core.shell:Creating package script '/workspaces/ros2-coding/install/iw_hub_navigation/share/iw_hub_navigation/package.ps1'
[4.041s] INFO:colcon.colcon_core.shell:Creating package descriptor '/workspaces/ros2-coding/install/iw_hub_navigation/share/iw_hub_navigation/package.dsv'
[4.041s] INFO:colcon.colcon_core.shell:Creating package script '/workspaces/ros2-coding/install/iw_hub_navigation/share/iw_hub_navigation/package.sh'
[4.042s] INFO:colcon.colcon_core.shell:Creating package script '/workspaces/ros2-coding/install/iw_hub_navigation/share/iw_hub_navigation/package.bash'
[4.043s] INFO:colcon.colcon_core.shell:Creating package script '/workspaces/ros2-coding/install/iw_hub_navigation/share/iw_hub_navigation/package.zsh'
[4.043s] Level 1:colcon.colcon_core.environment:create_file_with_runtime_dependencies(/workspaces/ros2-coding/install/iw_hub_navigation/share/colcon-core/packages/iw_hub_navigation)
[4.046s] INFO:colcon.colcon_ros.task.ament_cmake.build:Building ROS package in '/workspaces/ros2-coding/turtlesim_ws/src/ros_gz_example_application' with build type 'ament_cmake'
[4.047s] INFO:colcon.colcon_cmake.task.cmake.build:Building CMake package in '/workspaces/ros2-coding/turtlesim_ws/src/ros_gz_example_application'
[4.047s] INFO:colcon.colcon_core.shell:Skip shell extension 'powershell' for command environment: Not usable outside of PowerShell
[4.047s] DEBUG:colcon.colcon_core.shell:Skip shell extension 'dsv' for command environment
[4.081s] DEBUG:colcon.colcon_core.event_handler.log_command:Invoking command in '/workspaces/ros2-coding/build/ros_gz_example_application': CMAKE_PREFIX_PATH=${CMAKE_PREFIX_PATH}:/workspaces/ros2-coding/install/rqt_joint_trajectory_controller:/workspaces/ros2-coding/install/rqt_controller_manager:/workspaces/ros2-coding/install/ros2controlcli:/workspaces/ros2-coding/install/ros2_controllers_test_nodes:/workspaces/ros2-coding/install/my_turtlesim:/workspaces/ros2-coding/install/issac_sim:/workspaces/ros2-coding/install/isaac_ros_navigation_goal:/opt/ros/jazzy /usr/bin/cmake --build /workspaces/ros2-coding/build/ros_gz_example_application -- -j4 -l4
[4.389s] DEBUG:colcon.colcon_core.event_handler.log_command:Invoked command in '/workspaces/ros2-coding/build/ros_gz_example_application' returned '0': CMAKE_PREFIX_PATH=${CMAKE_PREFIX_PATH}:/workspaces/ros2-coding/install/rqt_joint_trajectory_controller:/workspaces/ros2-coding/install/rqt_controller_manager:/workspaces/ros2-coding/install/ros2controlcli:/workspaces/ros2-coding/install/ros2_controllers_test_nodes:/workspaces/ros2-coding/install/my_turtlesim:/workspaces/ros2-coding/install/issac_sim:/workspaces/ros2-coding/install/isaac_ros_navigation_goal:/opt/ros/jazzy /usr/bin/cmake --build /workspaces/ros2-coding/build/ros_gz_example_application -- -j4 -l4
[4.391s] DEBUG:colcon.colcon_core.event_handler.log_command:Invoking command in '/workspaces/ros2-coding/build/ros_gz_example_application': CMAKE_PREFIX_PATH=${CMAKE_PREFIX_PATH}:/workspaces/ros2-coding/install/rqt_joint_trajectory_controller:/workspaces/ros2-coding/install/rqt_controller_manager:/workspaces/ros2-coding/install/ros2controlcli:/workspaces/ros2-coding/install/ros2_controllers_test_nodes:/workspaces/ros2-coding/install/my_turtlesim:/workspaces/ros2-coding/install/issac_sim:/workspaces/ros2-coding/install/isaac_ros_navigation_goal:/opt/ros/jazzy /usr/bin/cmake --install /workspaces/ros2-coding/build/ros_gz_example_application
[4.525s] Level 1:colcon.colcon_core.environment:create_environment_scripts_only(ros_gz_example_application)
[4.525s] Level 1:colcon.colcon_core.environment:checking '/workspaces/ros2-coding/install/ros_gz_example_application' for CMake module files
[4.526s] Level 1:colcon.colcon_core.environment:checking '/workspaces/ros2-coding/install/ros_gz_example_application' for CMake config files
[4.527s] Level 1:colcon.colcon_core.shell:create_environment_hook('ros_gz_example_application', 'cmake_prefix_path')
[4.527s] INFO:colcon.colcon_core.shell:Creating environment hook '/workspaces/ros2-coding/install/ros_gz_example_application/share/ros_gz_example_application/hook/cmake_prefix_path.ps1'
[4.531s] INFO:colcon.colcon_core.shell:Creating environment descriptor '/workspaces/ros2-coding/install/ros_gz_example_application/share/ros_gz_example_application/hook/cmake_prefix_path.dsv'
[4.531s] INFO:colcon.colcon_core.shell:Creating environment hook '/workspaces/ros2-coding/install/ros_gz_example_application/share/ros_gz_example_application/hook/cmake_prefix_path.sh'
[4.532s] Level 1:colcon.colcon_core.environment:checking '/workspaces/ros2-coding/install/ros_gz_example_application/bin'
[4.532s] Level 1:colcon.colcon_core.environment:checking '/workspaces/ros2-coding/install/ros_gz_example_application/lib/pkgconfig/ros_gz_example_application.pc'
[4.533s] Level 1:colcon.colcon_core.environment:checking '/workspaces/ros2-coding/install/ros_gz_example_application/lib/python3.12/site-packages'
[4.533s] Level 1:colcon.colcon_core.environment:checking '/workspaces/ros2-coding/install/ros_gz_example_application/bin'
[4.533s] INFO:colcon.colcon_core.shell:Creating package script '/workspaces/ros2-coding/install/ros_gz_example_application/share/ros_gz_example_application/package.ps1'
[4.537s] DEBUG:colcon.colcon_core.event_handler.log_command:Invoked command in '/workspaces/ros2-coding/build/ros_gz_example_application' returned '0': CMAKE_PREFIX_PATH=${CMAKE_PREFIX_PATH}:/workspaces/ros2-coding/install/rqt_joint_trajectory_controller:/workspaces/ros2-coding/install/rqt_controller_manager:/workspaces/ros2-coding/install/ros2controlcli:/workspaces/ros2-coding/install/ros2_controllers_test_nodes:/workspaces/ros2-coding/install/my_turtlesim:/workspaces/ros2-coding/install/issac_sim:/workspaces/ros2-coding/install/isaac_ros_navigation_goal:/opt/ros/jazzy /usr/bin/cmake --install /workspaces/ros2-coding/build/ros_gz_example_application
[4.538s] INFO:colcon.colcon_core.shell:Creating package descriptor '/workspaces/ros2-coding/install/ros_gz_example_application/share/ros_gz_example_application/package.dsv'
[4.538s] INFO:colcon.colcon_core.shell:Creating package script '/workspaces/ros2-coding/install/ros_gz_example_application/share/ros_gz_example_application/package.sh'
[4.539s] INFO:colcon.colcon_core.shell:Creating package script '/workspaces/ros2-coding/install/ros_gz_example_application/share/ros_gz_example_application/package.bash'
[4.540s] INFO:colcon.colcon_core.shell:Creating package script '/workspaces/ros2-coding/install/ros_gz_example_application/share/ros_gz_example_application/package.zsh'
[4.540s] Level 1:colcon.colcon_core.environment:create_file_with_runtime_dependencies(/workspaces/ros2-coding/install/ros_gz_example_application/share/colcon-core/packages/ros_gz_example_application)
[4.544s] Level 1:colcon.colcon_core.environment:create_environment_scripts_only(ros_gz_example_application)
[4.544s] Level 1:colcon.colcon_core.environment:checking '/workspaces/ros2-coding/install/ros_gz_example_application' for CMake module files
[4.545s] Level 1:colcon.colcon_core.environment:checking '/workspaces/ros2-coding/install/ros_gz_example_application' for CMake config files
[4.549s] Level 1:colcon.colcon_core.shell:create_environment_hook('ros_gz_example_application', 'cmake_prefix_path')
[4.549s] INFO:colcon.colcon_core.shell:Creating environment hook '/workspaces/ros2-coding/install/ros_gz_example_application/share/ros_gz_example_application/hook/cmake_prefix_path.ps1'
[4.550s] INFO:colcon.colcon_core.shell:Creating environment descriptor '/workspaces/ros2-coding/install/ros_gz_example_application/share/ros_gz_example_application/hook/cmake_prefix_path.dsv'
[4.550s] INFO:colcon.colcon_core.shell:Creating environment hook '/workspaces/ros2-coding/install/ros_gz_example_application/share/ros_gz_example_application/hook/cmake_prefix_path.sh'
[4.551s] Level 1:colcon.colcon_core.environment:checking '/workspaces/ros2-coding/install/ros_gz_example_application/bin'
[4.551s] Level 1:colcon.colcon_core.environment:checking '/workspaces/ros2-coding/install/ros_gz_example_application/lib/pkgconfig/ros_gz_example_application.pc'
[4.551s] Level 1:colcon.colcon_core.environment:checking '/workspaces/ros2-coding/install/ros_gz_example_application/lib/python3.12/site-packages'
[4.552s] Level 1:colcon.colcon_core.environment:checking '/workspaces/ros2-coding/install/ros_gz_example_application/bin'
[4.552s] INFO:colcon.colcon_core.shell:Creating package script '/workspaces/ros2-coding/install/ros_gz_example_application/share/ros_gz_example_application/package.ps1'
[4.556s] INFO:colcon.colcon_core.shell:Creating package descriptor '/workspaces/ros2-coding/install/ros_gz_example_application/share/ros_gz_example_application/package.dsv'
[4.557s] INFO:colcon.colcon_core.shell:Creating package script '/workspaces/ros2-coding/install/ros_gz_example_application/share/ros_gz_example_application/package.sh'
[4.557s] INFO:colcon.colcon_core.shell:Creating package script '/workspaces/ros2-coding/install/ros_gz_example_application/share/ros_gz_example_application/package.bash'
[4.558s] INFO:colcon.colcon_core.shell:Creating package script '/workspaces/ros2-coding/install/ros_gz_example_application/share/ros_gz_example_application/package.zsh'
[4.561s] Level 1:colcon.colcon_core.environment:create_file_with_runtime_dependencies(/workspaces/ros2-coding/install/ros_gz_example_application/share/colcon-core/packages/ros_gz_example_application)
[4.562s] INFO:colcon.colcon_ros.task.ament_cmake.build:Building ROS package in '/workspaces/ros2-coding/turtlesim_ws/src/ros_gz_example_bringup' with build type 'ament_cmake'
[4.562s] INFO:colcon.colcon_cmake.task.cmake.build:Building CMake package in '/workspaces/ros2-coding/turtlesim_ws/src/ros_gz_example_bringup'
[4.563s] INFO:colcon.colcon_core.shell:Skip shell extension 'powershell' for command environment: Not usable outside of PowerShell
[4.563s] DEBUG:colcon.colcon_core.shell:Skip shell extension 'dsv' for command environment
[4.623s] DEBUG:colcon.colcon_core.event_handler.log_command:Invoking command in '/workspaces/ros2-coding/build/ros_gz_example_bringup': CMAKE_PREFIX_PATH=/workspaces/ros2-coding/install/ros_gz_example_gazebo:/workspaces/ros2-coding/install/ros_gz_example_description:/workspaces/ros2-coding/install/diff_drive_mover:/workspaces/ros2-coding/install/nao_gz_control:/workspaces/ros2-coding/install/ros2_controllers:/workspaces/ros2-coding/install/ros2_control_demos:/workspaces/ros2-coding/install/ros2_control_demo_example_3:/workspaces/ros2-coding/install/gz_ros2_control_demos:/workspaces/ros2-coding/install/velocity_controllers:/workspaces/ros2-coding/install/tricycle_steering_controller:/workspaces/ros2-coding/install/tricycle_controller:/workspaces/ros2-coding/install/ros2_control_demo_example_8:/workspaces/ros2-coding/install/ros2_control:/workspaces/ros2-coding/install/transmission_interface:/workspaces/ros2-coding/install/ros2_control_demo_example_11:/workspaces/ros2-coding/install/bicycle_steering_controller:/workspaces/ros2-coding/install/ackermann_steering_controller:/workspaces/ros2-coding/install/steering_controllers_library:/workspaces/ros2-coding/install/ros2_control_demo_example_17:/workspaces/ros2-coding/install/ros2_control_demo_example_15:/workspaces/ros2-coding/install/ros2_control_demo_example_1:/workspaces/ros2-coding/install/ros_gz_example_bringup:/workspaces/ros2-coding/install/ros_gz_example_application:/workspaces/ros2-coding/install/ros2_control_demo_example_9:/workspaces/ros2-coding/install/ros2_control_demo_example_7:/workspaces/ros2-coding/install/ros2_control_demo_example_6:/workspaces/ros2-coding/install/ros2_control_demo_example_13:/workspaces/ros2-coding/install/ros2_control_demo_example_5:/workspaces/ros2-coding/install/ros2_control_demo_example_4:/workspaces/ros2-coding/install/ros2_control_demo_example_2:/workspaces/ros2-coding/install/ros2_control_demo_example_16:/workspaces/ros2-coding/install/ros2_control_demo_example_14:/workspaces/ros2-coding/install/ros2_control_demo_example_12:/workspaces/ros2-coding/install/ros2_control_demo_example_10:/workspaces/ros2-coding/install/hardware_interface_testing:/workspaces/ros2-coding/install/gz_ros2_control:/workspaces/ros2-coding/install/controller_manager:/workspaces/ros2-coding/install/ros2_control_test_assets:/workspaces/ros2-coding/install/ros2_control_demo_description:/workspaces/ros2-coding/install/ros2_control_cmake:/workspaces/ros2-coding/install/range_sensor_broadcaster:/workspaces/ros2-coding/install/position_controllers:/workspaces/ros2-coding/install/pose_broadcaster:/workspaces/ros2-coding/install/pid_controller:/workspaces/ros2-coding/install/parallel_gripper_controller:/workspaces/ros2-coding/install/omni_wheel_drive_controller:/workspaces/ros2-coding/install/mecanum_drive_controller:/workspaces/ros2-coding/install/joint_trajectory_controller:/workspaces/ros2-coding/install/joint_state_topic_hardware_interface:/workspaces/ros2-coding/install/joint_state_broadcaster:/workspaces/ros2-coding/install/imu_sensor_broadcaster:/workspaces/ros2-coding/install/gripper_controllers:/workspaces/ros2-coding/install/gps_sensor_broadcaster:/workspaces/ros2-coding/install/gpio_controllers:/workspaces/ros2-coding/install/effort_controllers:/workspaces/ros2-coding/install/forward_command_controller:/workspaces/ros2-coding/install/force_torque_sensor_broadcaster:/workspaces/ros2-coding/install/diff_drive_controller:/workspaces/ros2-coding/install/chained_filter_controller:/workspaces/ros2-coding/install/admittance_controller:/workspaces/ros2-coding/install/controller_interface:/workspaces/ros2-coding/install/hardware_interface:/workspaces/ros2-coding/install/joint_limits:/workspaces/ros2-coding/install/control_toolbox:/workspaces/ros2-coding/install/realtime_tools:/workspaces/ros2-coding/install/kinematics_interface_kdl:/workspaces/ros2-coding/install/kinematics_interface:/workspaces/ros2-coding/install/iw_hub_navigation:/workspaces/ros2-coding/install/isaacsim:/workspaces/ros2-coding/install/isaac_tutorials:/workspaces/ros2-coding/install/isaac_ros2_messages:/workspaces/ros2-coding/install/isaac_moveit:/workspaces/ros2-coding/install/h1_fullbody_controller:/workspaces/ros2-coding/install/gz_ros2_control_tests:/workspaces/ros2-coding/install/custom_message:/workspaces/ros2-coding/install/controller_manager_msgs:/workspaces/ros2-coding/install/control_msgs:/workspaces/ros2-coding/install/cmdvel_to_ackermann:/workspaces/ros2-coding/install/carter_navigation:/opt/ros/jazzy/opt/gz_sim_vendor:/opt/ros/jazzy/opt/gz_sensors_vendor:/opt/ros/jazzy/opt/gz_physics_vendor:/opt/ros/jazzy/opt/sdformat_vendor:/opt/ros/jazzy/opt/gz_gui_vendor:/opt/ros/jazzy/opt/gz_transport_vendor:/opt/ros/jazzy/opt/gz_rendering_vendor:/opt/ros/jazzy/opt/gz_plugin_vendor:/opt/ros/jazzy/opt/gz_fuel_tools_vendor:/opt/ros/jazzy/opt/gz_msgs_vendor:/opt/ros/jazzy/opt/gz_common_vendor:/opt/ros/jazzy/opt/gz_math_vendor:/opt/ros/jazzy/opt/gz_utils_vendor:/opt/ros/jazzy/opt/gz_tools_vendor:/opt/ros/jazzy/opt/gz_ogre_next_vendor:/opt/ros/jazzy/opt/gz_dartsim_vendor:/opt/ros/jazzy/opt/gz_cmake_vendor:/workspaces/ros2-coding/install/rqt_joint_trajectory_controller:/workspaces/ros2-coding/install/rqt_controller_manager:/workspaces/ros2-coding/install/ros2controlcli:/workspaces/ros2-coding/install/ros2_controllers_test_nodes:/workspaces/ros2-coding/install/my_turtlesim:/workspaces/ros2-coding/install/issac_sim:/workspaces/ros2-coding/install/isaac_ros_navigation_goal:/opt/ros/jazzy GZ_SIM_PLUGIN_PATH=/workspaces/ros2-coding/install/ros_gz_example_gazebo/lib/ros_gz_example_gazebo GZ_SIM_RESOURCE_PATH=/workspaces/ros2-coding/install/ros_gz_example_description/share/ros_gz_example_description/models:${GZ_SIM_RESOURCE_PATH} /usr/bin/cmake --build /workspaces/ros2-coding/build/ros_gz_example_bringup -- -j4 -l4
[4.780s] DEBUG:colcon.colcon_core.event_handler.log_command:Invoked command in '/workspaces/ros2-coding/build/ros_gz_example_bringup' returned '0': CMAKE_PREFIX_PATH=/workspaces/ros2-coding/install/ros_gz_example_gazebo:/workspaces/ros2-coding/install/ros_gz_example_description:/workspaces/ros2-coding/install/diff_drive_mover:/workspaces/ros2-coding/install/nao_gz_control:/workspaces/ros2-coding/install/ros2_controllers:/workspaces/ros2-coding/install/ros2_control_demos:/workspaces/ros2-coding/install/ros2_control_demo_example_3:/workspaces/ros2-coding/install/gz_ros2_control_demos:/workspaces/ros2-coding/install/velocity_controllers:/workspaces/ros2-coding/install/tricycle_steering_controller:/workspaces/ros2-coding/install/tricycle_controller:/workspaces/ros2-coding/install/ros2_control_demo_example_8:/workspaces/ros2-coding/install/ros2_control:/workspaces/ros2-coding/install/transmission_interface:/workspaces/ros2-coding/install/ros2_control_demo_example_11:/workspaces/ros2-coding/install/bicycle_steering_controller:/workspaces/ros2-coding/install/ackermann_steering_controller:/workspaces/ros2-coding/install/steering_controllers_library:/workspaces/ros2-coding/install/ros2_control_demo_example_17:/workspaces/ros2-coding/install/ros2_control_demo_example_15:/workspaces/ros2-coding/install/ros2_control_demo_example_1:/workspaces/ros2-coding/install/ros_gz_example_bringup:/workspaces/ros2-coding/install/ros_gz_example_application:/workspaces/ros2-coding/install/ros2_control_demo_example_9:/workspaces/ros2-coding/install/ros2_control_demo_example_7:/workspaces/ros2-coding/install/ros2_control_demo_example_6:/workspaces/ros2-coding/install/ros2_control_demo_example_13:/workspaces/ros2-coding/install/ros2_control_demo_example_5:/workspaces/ros2-coding/install/ros2_control_demo_example_4:/workspaces/ros2-coding/install/ros2_control_demo_example_2:/workspaces/ros2-coding/install/ros2_control_demo_example_16:/workspaces/ros2-coding/install/ros2_control_demo_example_14:/workspaces/ros2-coding/install/ros2_control_demo_example_12:/workspaces/ros2-coding/install/ros2_control_demo_example_10:/workspaces/ros2-coding/install/hardware_interface_testing:/workspaces/ros2-coding/install/gz_ros2_control:/workspaces/ros2-coding/install/controller_manager:/workspaces/ros2-coding/install/ros2_control_test_assets:/workspaces/ros2-coding/install/ros2_control_demo_description:/workspaces/ros2-coding/install/ros2_control_cmake:/workspaces/ros2-coding/install/range_sensor_broadcaster:/workspaces/ros2-coding/install/position_controllers:/workspaces/ros2-coding/install/pose_broadcaster:/workspaces/ros2-coding/install/pid_controller:/workspaces/ros2-coding/install/parallel_gripper_controller:/workspaces/ros2-coding/install/omni_wheel_drive_controller:/workspaces/ros2-coding/install/mecanum_drive_controller:/workspaces/ros2-coding/install/joint_trajectory_controller:/workspaces/ros2-coding/install/joint_state_topic_hardware_interface:/workspaces/ros2-coding/install/joint_state_broadcaster:/workspaces/ros2-coding/install/imu_sensor_broadcaster:/workspaces/ros2-coding/install/gripper_controllers:/workspaces/ros2-coding/install/gps_sensor_broadcaster:/workspaces/ros2-coding/install/gpio_controllers:/workspaces/ros2-coding/install/effort_controllers:/workspaces/ros2-coding/install/forward_command_controller:/workspaces/ros2-coding/install/force_torque_sensor_broadcaster:/workspaces/ros2-coding/install/diff_drive_controller:/workspaces/ros2-coding/install/chained_filter_controller:/workspaces/ros2-coding/install/admittance_controller:/workspaces/ros2-coding/install/controller_interface:/workspaces/ros2-coding/install/hardware_interface:/workspaces/ros2-coding/install/joint_limits:/workspaces/ros2-coding/install/control_toolbox:/workspaces/ros2-coding/install/realtime_tools:/workspaces/ros2-coding/install/kinematics_interface_kdl:/workspaces/ros2-coding/install/kinematics_interface:/workspaces/ros2-coding/install/iw_hub_navigation:/workspaces/ros2-coding/install/isaacsim:/workspaces/ros2-coding/install/isaac_tutorials:/workspaces/ros2-coding/install/isaac_ros2_messages:/workspaces/ros2-coding/install/isaac_moveit:/workspaces/ros2-coding/install/h1_fullbody_controller:/workspaces/ros2-coding/install/gz_ros2_control_tests:/workspaces/ros2-coding/install/custom_message:/workspaces/ros2-coding/install/controller_manager_msgs:/workspaces/ros2-coding/install/control_msgs:/workspaces/ros2-coding/install/cmdvel_to_ackermann:/workspaces/ros2-coding/install/carter_navigation:/opt/ros/jazzy/opt/gz_sim_vendor:/opt/ros/jazzy/opt/gz_sensors_vendor:/opt/ros/jazzy/opt/gz_physics_vendor:/opt/ros/jazzy/opt/sdformat_vendor:/opt/ros/jazzy/opt/gz_gui_vendor:/opt/ros/jazzy/opt/gz_transport_vendor:/opt/ros/jazzy/opt/gz_rendering_vendor:/opt/ros/jazzy/opt/gz_plugin_vendor:/opt/ros/jazzy/opt/gz_fuel_tools_vendor:/opt/ros/jazzy/opt/gz_msgs_vendor:/opt/ros/jazzy/opt/gz_common_vendor:/opt/ros/jazzy/opt/gz_math_vendor:/opt/ros/jazzy/opt/gz_utils_vendor:/opt/ros/jazzy/opt/gz_tools_vendor:/opt/ros/jazzy/opt/gz_ogre_next_vendor:/opt/ros/jazzy/opt/gz_dartsim_vendor:/opt/ros/jazzy/opt/gz_cmake_vendor:/workspaces/ros2-coding/install/rqt_joint_trajectory_controller:/workspaces/ros2-coding/install/rqt_controller_manager:/workspaces/ros2-coding/install/ros2controlcli:/workspaces/ros2-coding/install/ros2_controllers_test_nodes:/workspaces/ros2-coding/install/my_turtlesim:/workspaces/ros2-coding/install/issac_sim:/workspaces/ros2-coding/install/isaac_ros_navigation_goal:/opt/ros/jazzy GZ_SIM_PLUGIN_PATH=/workspaces/ros2-coding/install/ros_gz_example_gazebo/lib/ros_gz_example_gazebo GZ_SIM_RESOURCE_PATH=/workspaces/ros2-coding/install/ros_gz_example_description/share/ros_gz_example_description/models:${GZ_SIM_RESOURCE_PATH} /usr/bin/cmake --build /workspaces/ros2-coding/build/ros_gz_example_bringup -- -j4 -l4
[4.781s] DEBUG:colcon.colcon_core.event_handler.log_command:Invoking command in '/workspaces/ros2-coding/build/ros_gz_example_bringup': CMAKE_PREFIX_PATH=/workspaces/ros2-coding/install/ros_gz_example_gazebo:/workspaces/ros2-coding/install/ros_gz_example_description:/workspaces/ros2-coding/install/diff_drive_mover:/workspaces/ros2-coding/install/nao_gz_control:/workspaces/ros2-coding/install/ros2_controllers:/workspaces/ros2-coding/install/ros2_control_demos:/workspaces/ros2-coding/install/ros2_control_demo_example_3:/workspaces/ros2-coding/install/gz_ros2_control_demos:/workspaces/ros2-coding/install/velocity_controllers:/workspaces/ros2-coding/install/tricycle_steering_controller:/workspaces/ros2-coding/install/tricycle_controller:/workspaces/ros2-coding/install/ros2_control_demo_example_8:/workspaces/ros2-coding/install/ros2_control:/workspaces/ros2-coding/install/transmission_interface:/workspaces/ros2-coding/install/ros2_control_demo_example_11:/workspaces/ros2-coding/install/bicycle_steering_controller:/workspaces/ros2-coding/install/ackermann_steering_controller:/workspaces/ros2-coding/install/steering_controllers_library:/workspaces/ros2-coding/install/ros2_control_demo_example_17:/workspaces/ros2-coding/install/ros2_control_demo_example_15:/workspaces/ros2-coding/install/ros2_control_demo_example_1:/workspaces/ros2-coding/install/ros_gz_example_bringup:/workspaces/ros2-coding/install/ros_gz_example_application:/workspaces/ros2-coding/install/ros2_control_demo_example_9:/workspaces/ros2-coding/install/ros2_control_demo_example_7:/workspaces/ros2-coding/install/ros2_control_demo_example_6:/workspaces/ros2-coding/install/ros2_control_demo_example_13:/workspaces/ros2-coding/install/ros2_control_demo_example_5:/workspaces/ros2-coding/install/ros2_control_demo_example_4:/workspaces/ros2-coding/install/ros2_control_demo_example_2:/workspaces/ros2-coding/install/ros2_control_demo_example_16:/workspaces/ros2-coding/install/ros2_control_demo_example_14:/workspaces/ros2-coding/install/ros2_control_demo_example_12:/workspaces/ros2-coding/install/ros2_control_demo_example_10:/workspaces/ros2-coding/install/hardware_interface_testing:/workspaces/ros2-coding/install/gz_ros2_control:/workspaces/ros2-coding/install/controller_manager:/workspaces/ros2-coding/install/ros2_control_test_assets:/workspaces/ros2-coding/install/ros2_control_demo_description:/workspaces/ros2-coding/install/ros2_control_cmake:/workspaces/ros2-coding/install/range_sensor_broadcaster:/workspaces/ros2-coding/install/position_controllers:/workspaces/ros2-coding/install/pose_broadcaster:/workspaces/ros2-coding/install/pid_controller:/workspaces/ros2-coding/install/parallel_gripper_controller:/workspaces/ros2-coding/install/omni_wheel_drive_controller:/workspaces/ros2-coding/install/mecanum_drive_controller:/workspaces/ros2-coding/install/joint_trajectory_controller:/workspaces/ros2-coding/install/joint_state_topic_hardware_interface:/workspaces/ros2-coding/install/joint_state_broadcaster:/workspaces/ros2-coding/install/imu_sensor_broadcaster:/workspaces/ros2-coding/install/gripper_controllers:/workspaces/ros2-coding/install/gps_sensor_broadcaster:/workspaces/ros2-coding/install/gpio_controllers:/workspaces/ros2-coding/install/effort_controllers:/workspaces/ros2-coding/install/forward_command_controller:/workspaces/ros2-coding/install/force_torque_sensor_broadcaster:/workspaces/ros2-coding/install/diff_drive_controller:/workspaces/ros2-coding/install/chained_filter_controller:/workspaces/ros2-coding/install/admittance_controller:/workspaces/ros2-coding/install/controller_interface:/workspaces/ros2-coding/install/hardware_interface:/workspaces/ros2-coding/install/joint_limits:/workspaces/ros2-coding/install/control_toolbox:/workspaces/ros2-coding/install/realtime_tools:/workspaces/ros2-coding/install/kinematics_interface_kdl:/workspaces/ros2-coding/install/kinematics_interface:/workspaces/ros2-coding/install/iw_hub_navigation:/workspaces/ros2-coding/install/isaacsim:/workspaces/ros2-coding/install/isaac_tutorials:/workspaces/ros2-coding/install/isaac_ros2_messages:/workspaces/ros2-coding/install/isaac_moveit:/workspaces/ros2-coding/install/h1_fullbody_controller:/workspaces/ros2-coding/install/gz_ros2_control_tests:/workspaces/ros2-coding/install/custom_message:/workspaces/ros2-coding/install/controller_manager_msgs:/workspaces/ros2-coding/install/control_msgs:/workspaces/ros2-coding/install/cmdvel_to_ackermann:/workspaces/ros2-coding/install/carter_navigation:/opt/ros/jazzy/opt/gz_sim_vendor:/opt/ros/jazzy/opt/gz_sensors_vendor:/opt/ros/jazzy/opt/gz_physics_vendor:/opt/ros/jazzy/opt/sdformat_vendor:/opt/ros/jazzy/opt/gz_gui_vendor:/opt/ros/jazzy/opt/gz_transport_vendor:/opt/ros/jazzy/opt/gz_rendering_vendor:/opt/ros/jazzy/opt/gz_plugin_vendor:/opt/ros/jazzy/opt/gz_fuel_tools_vendor:/opt/ros/jazzy/opt/gz_msgs_vendor:/opt/ros/jazzy/opt/gz_common_vendor:/opt/ros/jazzy/opt/gz_math_vendor:/opt/ros/jazzy/opt/gz_utils_vendor:/opt/ros/jazzy/opt/gz_tools_vendor:/opt/ros/jazzy/opt/gz_ogre_next_vendor:/opt/ros/jazzy/opt/gz_dartsim_vendor:/opt/ros/jazzy/opt/gz_cmake_vendor:/workspaces/ros2-coding/install/rqt_joint_trajectory_controller:/workspaces/ros2-coding/install/rqt_controller_manager:/workspaces/ros2-coding/install/ros2controlcli:/workspaces/ros2-coding/install/ros2_controllers_test_nodes:/workspaces/ros2-coding/install/my_turtlesim:/workspaces/ros2-coding/install/issac_sim:/workspaces/ros2-coding/install/isaac_ros_navigation_goal:/opt/ros/jazzy GZ_SIM_PLUGIN_PATH=/workspaces/ros2-coding/install/ros_gz_example_gazebo/lib/ros_gz_example_gazebo GZ_SIM_RESOURCE_PATH=/workspaces/ros2-coding/install/ros_gz_example_description/share/ros_gz_example_description/models:${GZ_SIM_RESOURCE_PATH} /usr/bin/cmake --install /workspaces/ros2-coding/build/ros_gz_example_bringup
[4.874s] DEBUG:colcon.colcon_core.event_handler.log_command:Invoking command in '/workspaces/ros2-coding/build/issac_sim': PYTHONPATH=/workspaces/ros2-coding/build/issac_sim/prefix_override:/usr/lib/python3/dist-packages/colcon_core/task/python/colcon_distutils_commands:/workspaces/ros2-coding/install/issac_sim/lib/python3.12/site-packages:${PYTHONPATH} /usr/bin/python3 -W ignore:setup.py install is deprecated -W ignore:easy_install command is deprecated setup.py develop --editable --build-directory /workspaces/ros2-coding/build/issac_sim/build --no-deps symlink_data
[4.939s] Level 1:colcon.colcon_core.environment:create_environment_scripts_only(ros_gz_example_bringup)
[4.939s] Level 1:colcon.colcon_core.environment:checking '/workspaces/ros2-coding/install/ros_gz_example_bringup' for CMake module files
[4.940s] Level 1:colcon.colcon_core.environment:checking '/workspaces/ros2-coding/install/ros_gz_example_bringup' for CMake config files
[4.946s] Level 1:colcon.colcon_core.shell:create_environment_hook('ros_gz_example_bringup', 'cmake_prefix_path')
[4.941s] DEBUG:colcon.colcon_core.event_handler.log_command:Invoked command in '/workspaces/ros2-coding/build/ros_gz_example_bringup' returned '0': CMAKE_PREFIX_PATH=/workspaces/ros2-coding/install/ros_gz_example_gazebo:/workspaces/ros2-coding/install/ros_gz_example_description:/workspaces/ros2-coding/install/diff_drive_mover:/workspaces/ros2-coding/install/nao_gz_control:/workspaces/ros2-coding/install/ros2_controllers:/workspaces/ros2-coding/install/ros2_control_demos:/workspaces/ros2-coding/install/ros2_control_demo_example_3:/workspaces/ros2-coding/install/gz_ros2_control_demos:/workspaces/ros2-coding/install/velocity_controllers:/workspaces/ros2-coding/install/tricycle_steering_controller:/workspaces/ros2-coding/install/tricycle_controller:/workspaces/ros2-coding/install/ros2_control_demo_example_8:/workspaces/ros2-coding/install/ros2_control:/workspaces/ros2-coding/install/transmission_interface:/workspaces/ros2-coding/install/ros2_control_demo_example_11:/workspaces/ros2-coding/install/bicycle_steering_controller:/workspaces/ros2-coding/install/ackermann_steering_controller:/workspaces/ros2-coding/install/steering_controllers_library:/workspaces/ros2-coding/install/ros2_control_demo_example_17:/workspaces/ros2-coding/install/ros2_control_demo_example_15:/workspaces/ros2-coding/install/ros2_control_demo_example_1:/workspaces/ros2-coding/install/ros_gz_example_bringup:/workspaces/ros2-coding/install/ros_gz_example_application:/workspaces/ros2-coding/install/ros2_control_demo_example_9:/workspaces/ros2-coding/install/ros2_control_demo_example_7:/workspaces/ros2-coding/install/ros2_control_demo_example_6:/workspaces/ros2-coding/install/ros2_control_demo_example_13:/workspaces/ros2-coding/install/ros2_control_demo_example_5:/workspaces/ros2-coding/install/ros2_control_demo_example_4:/workspaces/ros2-coding/install/ros2_control_demo_example_2:/workspaces/ros2-coding/install/ros2_control_demo_example_16:/workspaces/ros2-coding/install/ros2_control_demo_example_14:/workspaces/ros2-coding/install/ros2_control_demo_example_12:/workspaces/ros2-coding/install/ros2_control_demo_example_10:/workspaces/ros2-coding/install/hardware_interface_testing:/workspaces/ros2-coding/install/gz_ros2_control:/workspaces/ros2-coding/install/controller_manager:/workspaces/ros2-coding/install/ros2_control_test_assets:/workspaces/ros2-coding/install/ros2_control_demo_description:/workspaces/ros2-coding/install/ros2_control_cmake:/workspaces/ros2-coding/install/range_sensor_broadcaster:/workspaces/ros2-coding/install/position_controllers:/workspaces/ros2-coding/install/pose_broadcaster:/workspaces/ros2-coding/install/pid_controller:/workspaces/ros2-coding/install/parallel_gripper_controller:/workspaces/ros2-coding/install/omni_wheel_drive_controller:/workspaces/ros2-coding/install/mecanum_drive_controller:/workspaces/ros2-coding/install/joint_trajectory_controller:/workspaces/ros2-coding/install/joint_state_topic_hardware_interface:/workspaces/ros2-coding/install/joint_state_broadcaster:/workspaces/ros2-coding/install/imu_sensor_broadcaster:/workspaces/ros2-coding/install/gripper_controllers:/workspaces/ros2-coding/install/gps_sensor_broadcaster:/workspaces/ros2-coding/install/gpio_controllers:/workspaces/ros2-coding/install/effort_controllers:/workspaces/ros2-coding/install/forward_command_controller:/workspaces/ros2-coding/install/force_torque_sensor_broadcaster:/workspaces/ros2-coding/install/diff_drive_controller:/workspaces/ros2-coding/install/chained_filter_controller:/workspaces/ros2-coding/install/admittance_controller:/workspaces/ros2-coding/install/controller_interface:/workspaces/ros2-coding/install/hardware_interface:/workspaces/ros2-coding/install/joint_limits:/workspaces/ros2-coding/install/control_toolbox:/workspaces/ros2-coding/install/realtime_tools:/workspaces/ros2-coding/install/kinematics_interface_kdl:/workspaces/ros2-coding/install/kinematics_interface:/workspaces/ros2-coding/install/iw_hub_navigation:/workspaces/ros2-coding/install/isaacsim:/workspaces/ros2-coding/install/isaac_tutorials:/workspaces/ros2-coding/install/isaac_ros2_messages:/workspaces/ros2-coding/install/isaac_moveit:/workspaces/ros2-coding/install/h1_fullbody_controller:/workspaces/ros2-coding/install/gz_ros2_control_tests:/workspaces/ros2-coding/install/custom_message:/workspaces/ros2-coding/install/controller_manager_msgs:/workspaces/ros2-coding/install/control_msgs:/workspaces/ros2-coding/install/cmdvel_to_ackermann:/workspaces/ros2-coding/install/carter_navigation:/opt/ros/jazzy/opt/gz_sim_vendor:/opt/ros/jazzy/opt/gz_sensors_vendor:/opt/ros/jazzy/opt/gz_physics_vendor:/opt/ros/jazzy/opt/sdformat_vendor:/opt/ros/jazzy/opt/gz_gui_vendor:/opt/ros/jazzy/opt/gz_transport_vendor:/opt/ros/jazzy/opt/gz_rendering_vendor:/opt/ros/jazzy/opt/gz_plugin_vendor:/opt/ros/jazzy/opt/gz_fuel_tools_vendor:/opt/ros/jazzy/opt/gz_msgs_vendor:/opt/ros/jazzy/opt/gz_common_vendor:/opt/ros/jazzy/opt/gz_math_vendor:/opt/ros/jazzy/opt/gz_utils_vendor:/opt/ros/jazzy/opt/gz_tools_vendor:/opt/ros/jazzy/opt/gz_ogre_next_vendor:/opt/ros/jazzy/opt/gz_dartsim_vendor:/opt/ros/jazzy/opt/gz_cmake_vendor:/workspaces/ros2-coding/install/rqt_joint_trajectory_controller:/workspaces/ros2-coding/install/rqt_controller_manager:/workspaces/ros2-coding/install/ros2controlcli:/workspaces/ros2-coding/install/ros2_controllers_test_nodes:/workspaces/ros2-coding/install/my_turtlesim:/workspaces/ros2-coding/install/issac_sim:/workspaces/ros2-coding/install/isaac_ros_navigation_goal:/opt/ros/jazzy GZ_SIM_PLUGIN_PATH=/workspaces/ros2-coding/install/ros_gz_example_gazebo/lib/ros_gz_example_gazebo GZ_SIM_RESOURCE_PATH=/workspaces/ros2-coding/install/ros_gz_example_description/share/ros_gz_example_description/models:${GZ_SIM_RESOURCE_PATH} /usr/bin/cmake --install /workspaces/ros2-coding/build/ros_gz_example_bringup
[4.947s] INFO:colcon.colcon_core.shell:Creating environment hook '/workspaces/ros2-coding/install/ros_gz_example_bringup/share/ros_gz_example_bringup/hook/cmake_prefix_path.ps1'
[4.949s] INFO:colcon.colcon_core.shell:Creating environment descriptor '/workspaces/ros2-coding/install/ros_gz_example_bringup/share/ros_gz_example_bringup/hook/cmake_prefix_path.dsv'
[4.953s] INFO:colcon.colcon_core.shell:Creating environment hook '/workspaces/ros2-coding/install/ros_gz_example_bringup/share/ros_gz_example_bringup/hook/cmake_prefix_path.sh'
[4.955s] Level 1:colcon.colcon_core.environment:checking '/workspaces/ros2-coding/install/ros_gz_example_bringup/bin'
[4.959s] Level 1:colcon.colcon_core.environment:checking '/workspaces/ros2-coding/install/ros_gz_example_bringup/lib/pkgconfig/ros_gz_example_bringup.pc'
[4.960s] Level 1:colcon.colcon_core.environment:checking '/workspaces/ros2-coding/install/ros_gz_example_bringup/lib/python3.12/site-packages'
[4.960s] Level 1:colcon.colcon_core.environment:checking '/workspaces/ros2-coding/install/ros_gz_example_bringup/bin'
[4.960s] INFO:colcon.colcon_core.shell:Creating package script '/workspaces/ros2-coding/install/ros_gz_example_bringup/share/ros_gz_example_bringup/package.ps1'
[4.965s] INFO:colcon.colcon_core.shell:Creating package descriptor '/workspaces/ros2-coding/install/ros_gz_example_bringup/share/ros_gz_example_bringup/package.dsv'
[4.965s] INFO:colcon.colcon_core.shell:Creating package script '/workspaces/ros2-coding/install/ros_gz_example_bringup/share/ros_gz_example_bringup/package.sh'
[4.966s] INFO:colcon.colcon_core.shell:Creating package script '/workspaces/ros2-coding/install/ros_gz_example_bringup/share/ros_gz_example_bringup/package.bash'
[4.967s] INFO:colcon.colcon_core.shell:Creating package script '/workspaces/ros2-coding/install/ros_gz_example_bringup/share/ros_gz_example_bringup/package.zsh'
[4.967s] Level 1:colcon.colcon_core.environment:create_file_with_runtime_dependencies(/workspaces/ros2-coding/install/ros_gz_example_bringup/share/colcon-core/packages/ros_gz_example_bringup)
[4.971s] Level 1:colcon.colcon_core.environment:create_environment_scripts_only(ros_gz_example_bringup)
[4.971s] Level 1:colcon.colcon_core.environment:checking '/workspaces/ros2-coding/install/ros_gz_example_bringup' for CMake module files
[4.972s] Level 1:colcon.colcon_core.environment:checking '/workspaces/ros2-coding/install/ros_gz_example_bringup' for CMake config files
[4.973s] Level 1:colcon.colcon_core.shell:create_environment_hook('ros_gz_example_bringup', 'cmake_prefix_path')
[4.973s] INFO:colcon.colcon_core.shell:Creating environment hook '/workspaces/ros2-coding/install/ros_gz_example_bringup/share/ros_gz_example_bringup/hook/cmake_prefix_path.ps1'
[4.974s] INFO:colcon.colcon_core.shell:Creating environment descriptor '/workspaces/ros2-coding/install/ros_gz_example_bringup/share/ros_gz_example_bringup/hook/cmake_prefix_path.dsv'
[4.976s] INFO:colcon.colcon_core.shell:Creating environment hook '/workspaces/ros2-coding/install/ros_gz_example_bringup/share/ros_gz_example_bringup/hook/cmake_prefix_path.sh'
[4.977s] Level 1:colcon.colcon_core.environment:checking '/workspaces/ros2-coding/install/ros_gz_example_bringup/bin'
[4.977s] Level 1:colcon.colcon_core.environment:checking '/workspaces/ros2-coding/install/ros_gz_example_bringup/lib/pkgconfig/ros_gz_example_bringup.pc'
[4.977s] Level 1:colcon.colcon_core.environment:checking '/workspaces/ros2-coding/install/ros_gz_example_bringup/lib/python3.12/site-packages'
[4.977s] Level 1:colcon.colcon_core.environment:checking '/workspaces/ros2-coding/install/ros_gz_example_bringup/bin'
[4.979s] INFO:colcon.colcon_core.shell:Creating package script '/workspaces/ros2-coding/install/ros_gz_example_bringup/share/ros_gz_example_bringup/package.ps1'
[4.980s] INFO:colcon.colcon_core.shell:Creating package descriptor '/workspaces/ros2-coding/install/ros_gz_example_bringup/share/ros_gz_example_bringup/package.dsv'
[4.983s] INFO:colcon.colcon_core.shell:Creating package script '/workspaces/ros2-coding/install/ros_gz_example_bringup/share/ros_gz_example_bringup/package.sh'
[4.983s] INFO:colcon.colcon_core.shell:Creating package script '/workspaces/ros2-coding/install/ros_gz_example_bringup/share/ros_gz_example_bringup/package.bash'
[4.984s] INFO:colcon.colcon_core.shell:Creating package script '/workspaces/ros2-coding/install/ros_gz_example_bringup/share/ros_gz_example_bringup/package.zsh'
[4.985s] Level 1:colcon.colcon_core.environment:create_file_with_runtime_dependencies(/workspaces/ros2-coding/install/ros_gz_example_bringup/share/colcon-core/packages/ros_gz_example_bringup)
[5.012s] Level 1:colcon.colcon_core.shell:create_environment_hook('isaac_ros_navigation_goal', 'pythonpath_develop')
[5.012s] DEBUG:colcon.colcon_core.event_handler.log_command:Invoked command in '/workspaces/ros2-coding/build/isaac_ros_navigation_goal' returned '0': PYTHONPATH=/workspaces/ros2-coding/build/isaac_ros_navigation_goal/prefix_override:/usr/lib/python3/dist-packages/colcon_core/task/python/colcon_distutils_commands:/workspaces/ros2-coding/install/isaac_ros_navigation_goal/lib/python3.12/site-packages:${PYTHONPATH} /usr/bin/python3 -W ignore:setup.py install is deprecated -W ignore:easy_install command is deprecated setup.py develop --editable --build-directory /workspaces/ros2-coding/build/isaac_ros_navigation_goal/build --no-deps symlink_data
[5.013s] INFO:colcon.colcon_core.shell:Creating environment hook '/workspaces/ros2-coding/build/isaac_ros_navigation_goal/share/isaac_ros_navigation_goal/hook/pythonpath_develop.ps1'
[5.013s] INFO:colcon.colcon_core.shell:Creating environment descriptor '/workspaces/ros2-coding/build/isaac_ros_navigation_goal/share/isaac_ros_navigation_goal/hook/pythonpath_develop.dsv'
[5.014s] INFO:colcon.colcon_core.shell:Creating environment hook '/workspaces/ros2-coding/build/isaac_ros_navigation_goal/share/isaac_ros_navigation_goal/hook/pythonpath_develop.sh'
[5.015s] Level 1:colcon.colcon_core.environment:checking '/workspaces/ros2-coding/install/isaac_ros_navigation_goal' for CMake module files
[5.016s] Level 1:colcon.colcon_core.environment:checking '/workspaces/ros2-coding/install/isaac_ros_navigation_goal' for CMake config files
[5.016s] Level 1:colcon.colcon_core.environment:checking '/workspaces/ros2-coding/install/isaac_ros_navigation_goal/lib'
[5.017s] Level 1:colcon.colcon_core.environment:checking '/workspaces/ros2-coding/install/isaac_ros_navigation_goal/bin'
[5.017s] Level 1:colcon.colcon_core.environment:checking '/workspaces/ros2-coding/install/isaac_ros_navigation_goal/lib/pkgconfig/isaac_ros_navigation_goal.pc'
[5.017s] Level 1:colcon.colcon_core.environment:checking '/workspaces/ros2-coding/install/isaac_ros_navigation_goal/lib/python3.12/site-packages'
[5.017s] Level 1:colcon.colcon_core.shell:create_environment_hook('isaac_ros_navigation_goal', 'pythonpath')
[5.017s] INFO:colcon.colcon_core.shell:Creating environment hook '/workspaces/ros2-coding/install/isaac_ros_navigation_goal/share/isaac_ros_navigation_goal/hook/pythonpath.ps1'
[5.019s] INFO:colcon.colcon_core.shell:Creating environment descriptor '/workspaces/ros2-coding/install/isaac_ros_navigation_goal/share/isaac_ros_navigation_goal/hook/pythonpath.dsv'
[5.019s] INFO:colcon.colcon_core.shell:Creating environment hook '/workspaces/ros2-coding/install/isaac_ros_navigation_goal/share/isaac_ros_navigation_goal/hook/pythonpath.sh'
[5.021s] Level 1:colcon.colcon_core.environment:checking '/workspaces/ros2-coding/install/isaac_ros_navigation_goal/bin'
[5.021s] Level 1:colcon.colcon_core.environment:create_environment_scripts_only(isaac_ros_navigation_goal)
[5.021s] INFO:colcon.colcon_core.shell:Creating package script '/workspaces/ros2-coding/install/isaac_ros_navigation_goal/share/isaac_ros_navigation_goal/package.ps1'
[5.022s] INFO:colcon.colcon_core.shell:Creating package descriptor '/workspaces/ros2-coding/install/isaac_ros_navigation_goal/share/isaac_ros_navigation_goal/package.dsv'
[5.023s] INFO:colcon.colcon_core.shell:Creating package script '/workspaces/ros2-coding/install/isaac_ros_navigation_goal/share/isaac_ros_navigation_goal/package.sh'
[5.023s] INFO:colcon.colcon_core.shell:Creating package script '/workspaces/ros2-coding/install/isaac_ros_navigation_goal/share/isaac_ros_navigation_goal/package.bash'
[5.024s] INFO:colcon.colcon_core.shell:Creating package script '/workspaces/ros2-coding/install/isaac_ros_navigation_goal/share/isaac_ros_navigation_goal/package.zsh'
[5.024s] Level 1:colcon.colcon_core.environment:create_file_with_runtime_dependencies(/workspaces/ros2-coding/install/isaac_ros_navigation_goal/share/colcon-core/packages/isaac_ros_navigation_goal)
[5.797s] DEBUG:colcon.colcon_core.event_handler.log_command:Invoking command in '/workspaces/ros2-coding/build/my_turtlesim': PYTHONPATH=/workspaces/ros2-coding/build/my_turtlesim/prefix_override:/usr/lib/python3/dist-packages/colcon_core/task/python/colcon_distutils_commands:/workspaces/ros2-coding/install/my_turtlesim/lib/python3.12/site-packages:${PYTHONPATH} /usr/bin/python3 -W ignore:setup.py install is deprecated -W ignore:easy_install command is deprecated setup.py develop --editable --build-directory /workspaces/ros2-coding/build/my_turtlesim/build --no-deps symlink_data
[6.777s] Level 1:colcon.colcon_core.shell:create_environment_hook('issac_sim', 'pythonpath_develop')
[6.777s] INFO:colcon.colcon_core.shell:Creating environment hook '/workspaces/ros2-coding/build/issac_sim/share/issac_sim/hook/pythonpath_develop.ps1'
[6.778s] INFO:colcon.colcon_core.shell:Creating environment descriptor '/workspaces/ros2-coding/build/issac_sim/share/issac_sim/hook/pythonpath_develop.dsv'
[6.778s] INFO:colcon.colcon_core.shell:Creating environment hook '/workspaces/ros2-coding/build/issac_sim/share/issac_sim/hook/pythonpath_develop.sh'
[6.779s] Level 1:colcon.colcon_core.environment:checking '/workspaces/ros2-coding/install/issac_sim' for CMake module files
[6.783s] DEBUG:colcon.colcon_core.event_handler.log_command:Invoked command in '/workspaces/ros2-coding/build/issac_sim' returned '0': PYTHONPATH=/workspaces/ros2-coding/build/issac_sim/prefix_override:/usr/lib/python3/dist-packages/colcon_core/task/python/colcon_distutils_commands:/workspaces/ros2-coding/install/issac_sim/lib/python3.12/site-packages:${PYTHONPATH} /usr/bin/python3 -W ignore:setup.py install is deprecated -W ignore:easy_install command is deprecated setup.py develop --editable --build-directory /workspaces/ros2-coding/build/issac_sim/build --no-deps symlink_data
[6.784s] Level 1:colcon.colcon_core.environment:checking '/workspaces/ros2-coding/install/issac_sim' for CMake config files
[6.784s] Level 1:colcon.colcon_core.environment:checking '/workspaces/ros2-coding/install/issac_sim/lib'
[6.784s] Level 1:colcon.colcon_core.environment:checking '/workspaces/ros2-coding/install/issac_sim/bin'
[6.785s] Level 1:colcon.colcon_core.environment:checking '/workspaces/ros2-coding/install/issac_sim/lib/pkgconfig/issac_sim.pc'
[6.785s] Level 1:colcon.colcon_core.environment:checking '/workspaces/ros2-coding/install/issac_sim/lib/python3.12/site-packages'
[6.785s] Level 1:colcon.colcon_core.shell:create_environment_hook('issac_sim', 'pythonpath')
[6.785s] INFO:colcon.colcon_core.shell:Creating environment hook '/workspaces/ros2-coding/install/issac_sim/share/issac_sim/hook/pythonpath.ps1'
[6.788s] INFO:colcon.colcon_core.shell:Creating environment descriptor '/workspaces/ros2-coding/install/issac_sim/share/issac_sim/hook/pythonpath.dsv'
[6.789s] INFO:colcon.colcon_core.shell:Creating environment hook '/workspaces/ros2-coding/install/issac_sim/share/issac_sim/hook/pythonpath.sh'
[6.792s] Level 1:colcon.colcon_core.environment:checking '/workspaces/ros2-coding/install/issac_sim/bin'
[6.792s] Level 1:colcon.colcon_core.environment:create_environment_scripts_only(issac_sim)
[6.793s] INFO:colcon.colcon_core.shell:Creating package script '/workspaces/ros2-coding/install/issac_sim/share/issac_sim/package.ps1'
[6.796s] INFO:colcon.colcon_core.shell:Creating package descriptor '/workspaces/ros2-coding/install/issac_sim/share/issac_sim/package.dsv'
[6.798s] INFO:colcon.colcon_core.shell:Creating package script '/workspaces/ros2-coding/install/issac_sim/share/issac_sim/package.sh'
[6.801s] INFO:colcon.colcon_core.shell:Creating package script '/workspaces/ros2-coding/install/issac_sim/share/issac_sim/package.bash'
[6.806s] INFO:colcon.colcon_core.shell:Creating package script '/workspaces/ros2-coding/install/issac_sim/share/issac_sim/package.zsh'
[6.807s] Level 1:colcon.colcon_core.environment:create_file_with_runtime_dependencies(/workspaces/ros2-coding/install/issac_sim/share/colcon-core/packages/issac_sim)
[7.193s] Level 1:colcon.colcon_core.shell:create_environment_hook('my_turtlesim', 'pythonpath_develop')
[7.194s] INFO:colcon.colcon_core.shell:Creating environment hook '/workspaces/ros2-coding/build/my_turtlesim/share/my_turtlesim/hook/pythonpath_develop.ps1'
[7.194s] DEBUG:colcon.colcon_core.event_handler.log_command:Invoked command in '/workspaces/ros2-coding/build/my_turtlesim' returned '0': PYTHONPATH=/workspaces/ros2-coding/build/my_turtlesim/prefix_override:/usr/lib/python3/dist-packages/colcon_core/task/python/colcon_distutils_commands:/workspaces/ros2-coding/install/my_turtlesim/lib/python3.12/site-packages:${PYTHONPATH} /usr/bin/python3 -W ignore:setup.py install is deprecated -W ignore:easy_install command is deprecated setup.py develop --editable --build-directory /workspaces/ros2-coding/build/my_turtlesim/build --no-deps symlink_data
[7.196s] INFO:colcon.colcon_core.shell:Creating environment descriptor '/workspaces/ros2-coding/build/my_turtlesim/share/my_turtlesim/hook/pythonpath_develop.dsv'
[7.196s] INFO:colcon.colcon_core.shell:Creating environment hook '/workspaces/ros2-coding/build/my_turtlesim/share/my_turtlesim/hook/pythonpath_develop.sh'
[7.198s] Level 1:colcon.colcon_core.environment:checking '/workspaces/ros2-coding/install/my_turtlesim' for CMake module files
[7.201s] Level 1:colcon.colcon_core.environment:checking '/workspaces/ros2-coding/install/my_turtlesim' for CMake config files
[7.202s] Level 1:colcon.colcon_core.environment:checking '/workspaces/ros2-coding/install/my_turtlesim/lib'
[7.205s] Level 1:colcon.colcon_core.environment:checking '/workspaces/ros2-coding/install/my_turtlesim/bin'
[7.205s] Level 1:colcon.colcon_core.environment:checking '/workspaces/ros2-coding/install/my_turtlesim/lib/pkgconfig/my_turtlesim.pc'
[7.205s] Level 1:colcon.colcon_core.environment:checking '/workspaces/ros2-coding/install/my_turtlesim/lib/python3.12/site-packages'
[7.205s] Level 1:colcon.colcon_core.shell:create_environment_hook('my_turtlesim', 'pythonpath')
[7.206s] INFO:colcon.colcon_core.shell:Creating environment hook '/workspaces/ros2-coding/install/my_turtlesim/share/my_turtlesim/hook/pythonpath.ps1'
[7.206s] INFO:colcon.colcon_core.shell:Creating environment descriptor '/workspaces/ros2-coding/install/my_turtlesim/share/my_turtlesim/hook/pythonpath.dsv'
[7.209s] INFO:colcon.colcon_core.shell:Creating environment hook '/workspaces/ros2-coding/install/my_turtlesim/share/my_turtlesim/hook/pythonpath.sh'
[7.210s] Level 1:colcon.colcon_core.environment:checking '/workspaces/ros2-coding/install/my_turtlesim/bin'
[7.210s] Level 1:colcon.colcon_core.environment:create_environment_scripts_only(my_turtlesim)
[7.210s] INFO:colcon.colcon_core.shell:Creating package script '/workspaces/ros2-coding/install/my_turtlesim/share/my_turtlesim/package.ps1'
[7.211s] INFO:colcon.colcon_core.shell:Creating package descriptor '/workspaces/ros2-coding/install/my_turtlesim/share/my_turtlesim/package.dsv'
[7.212s] INFO:colcon.colcon_core.shell:Creating package script '/workspaces/ros2-coding/install/my_turtlesim/share/my_turtlesim/package.sh'
[7.213s] INFO:colcon.colcon_core.shell:Creating package script '/workspaces/ros2-coding/install/my_turtlesim/share/my_turtlesim/package.bash'
[7.213s] INFO:colcon.colcon_core.shell:Creating package script '/workspaces/ros2-coding/install/my_turtlesim/share/my_turtlesim/package.zsh'
[7.214s] Level 1:colcon.colcon_core.environment:create_file_with_runtime_dependencies(/workspaces/ros2-coding/install/my_turtlesim/share/colcon-core/packages/my_turtlesim)
[7.214s] DEBUG:colcon.colcon_parallel_executor.executor.parallel:closing loop
[7.215s] DEBUG:colcon.colcon_parallel_executor.executor.parallel:loop closed
[7.216s] DEBUG:colcon.colcon_parallel_executor.executor.parallel:run_until_complete finished with '0'
[7.216s] DEBUG:colcon.colcon_core.event_reactor:joining thread
[7.228s] INFO:colcon.colcon_core.plugin_system:Skipping extension 'colcon_notification.desktop_notification.notify_send': Could not find 'notify-send'
[7.228s] INFO:colcon.colcon_core.plugin_system:Skipping extension 'colcon_notification.desktop_notification.terminal_notifier': Not used on non-Darwin systems
[7.229s] INFO:colcon.colcon_core.plugin_system:Skipping extension 'colcon_notification.desktop_notification.win32': Not used on non-Windows systems
[7.229s] INFO:colcon.colcon_notification.desktop_notification:Sending desktop notification using 'notify2'
[7.241s] DEBUG:colcon.colcon_notification.desktop_notification.notify2:Failed to initialize notify2: org.freedesktop.DBus.Error.ServiceUnknown: The name org.freedesktop.Notifications was not provided by any .service files
[7.241s] DEBUG:colcon.colcon_core.event_reactor:joined thread
[7.242s] INFO:colcon.colcon_core.shell:Creating prefix script '/workspaces/ros2-coding/install/local_setup.ps1'
[7.244s] INFO:colcon.colcon_core.shell:Creating prefix util module '/workspaces/ros2-coding/install/_local_setup_util_ps1.py'
[7.246s] INFO:colcon.colcon_core.shell:Creating prefix chain script '/workspaces/ros2-coding/install/setup.ps1'
[7.255s] INFO:colcon.colcon_core.shell:Creating prefix script '/workspaces/ros2-coding/install/local_setup.sh'
[7.256s] INFO:colcon.colcon_core.shell:Creating prefix util module '/workspaces/ros2-coding/install/_local_setup_util_sh.py'
[7.257s] INFO:colcon.colcon_core.shell:Creating prefix chain script '/workspaces/ros2-coding/install/setup.sh'
[7.266s] INFO:colcon.colcon_core.shell:Creating prefix script '/workspaces/ros2-coding/install/local_setup.bash'
[7.267s] INFO:colcon.colcon_core.shell:Creating prefix chain script '/workspaces/ros2-coding/install/setup.bash'
[7.276s] INFO:colcon.colcon_core.shell:Creating prefix script '/workspaces/ros2-coding/install/local_setup.zsh'
[7.277s] INFO:colcon.colcon_core.shell:Creating prefix chain script '/workspaces/ros2-coding/install/setup.zsh'
