[0.126s] DEBUG:colcon:Command line arguments: ['/usr/bin/colcon', 'build', '--symlink-install']
[0.126s] DEBUG:colcon:Parsed command line arguments: Namespace(log_base=None, log_level=None, verb_name='build', build_base='build', install_base='install', merge_install=False, symlink_install=True, test_result_base=None, continue_on_error=False, executor='parallel', parallel_workers=4, event_handlers=None, ignore_user_meta=False, metas=['./colcon.meta'], base_paths=['.'], packages_ignore=None, packages_ignore_regex=None, paths=None, packages_up_to=None, packages_up_to_regex=None, packages_above=None, packages_above_and_dependencies=None, packages_above_depth=None, packages_select_by_dep=None, packages_skip_by_dep=None, packages_skip_up_to=None, packages_select_build_failed=False, packages_skip_build_finished=False, packages_select_test_failures=False, packages_skip_test_passed=False, packages_select=None, packages_skip=None, packages_select_regex=None, packages_skip_regex=None, packages_start=None, packages_end=None, cmake_args=None, cmake_target=None, cmake_target_skip_unavailable=False, cmake_clean_cache=False, cmake_clean_first=False, cmake_force_configure=False, ament_cmake_args=None, catkin_cmake_args=None, catkin_skip_building_tests=False, mixin_files=None, mixin=None, verb_parser=<colcon_mixin.mixin.mixin_argument.MixinArgumentDecorator object at 0x7ddec84b3f20>, verb_extension=<colcon_core.verb.build.BuildVerb object at 0x7ddec84dc500>, main=<bound method BuildVerb.main of <colcon_core.verb.build.BuildVerb object at 0x7ddec84dc500>>, mixin_verb=('build',))
[0.168s] Level 1:colcon.colcon_core.package_discovery:discover_packages(colcon_meta) check parameters
[0.169s] INFO:colcon.colcon_metadata.package_discovery.colcon_meta:Using configuration from '/root/.colcon/metadata/default/Gazebo.meta'
[0.169s] INFO:colcon.colcon_metadata.package_discovery.colcon_meta:Using configuration from '/root/.colcon/metadata/default/fastdds.meta'
[0.169s] INFO:colcon.colcon_metadata.package_discovery.colcon_meta:Using configuration from '/root/.colcon/metadata/default/fastrtps.meta'
[0.169s] Level 1:colcon.colcon_core.package_discovery:discover_packages(recursive) check parameters
[0.169s] Level 1:colcon.colcon_core.package_discovery:discover_packages(ignore) check parameters
[0.170s] Level 1:colcon.colcon_core.package_discovery:discover_packages(path) check parameters
[0.170s] Level 1:colcon.colcon_core.package_discovery:discover_packages(colcon_meta) discover
[0.170s] Level 1:colcon.colcon_core.package_discovery:discover_packages(recursive) discover
[0.170s] INFO:colcon.colcon_core.package_discovery:Crawling recursively for packages in '/workspaces/ros2-coding'
[0.170s] Level 1:colcon.colcon_core.package_identification:_identify(.) by extensions ['ignore', 'ignore_ament_install']
[0.170s] Level 1:colcon.colcon_core.package_identification:_identify(.) by extension 'ignore'
[0.170s] Level 1:colcon.colcon_core.package_identification:_identify(.) by extension 'ignore_ament_install'
[0.170s] Level 1:colcon.colcon_core.package_identification:_identify(.) by extensions ['colcon_pkg']
[0.170s] Level 1:colcon.colcon_core.package_identification:_identify(.) by extension 'colcon_pkg'
[0.170s] Level 1:colcon.colcon_core.package_identification:_identify(.) by extensions ['colcon_meta']
[0.170s] Level 1:colcon.colcon_core.package_identification:_identify(.) by extension 'colcon_meta'
[0.170s] Level 1:colcon.colcon_core.package_identification:_identify(.) by extensions ['ros']
[0.170s] Level 1:colcon.colcon_core.package_identification:_identify(.) by extension 'ros'
[0.196s] Level 1:colcon.colcon_core.package_identification:_identify(.) by extensions ['cmake', 'python']
[0.196s] Level 1:colcon.colcon_core.package_identification:_identify(.) by extension 'cmake'
[0.196s] Level 1:colcon.colcon_core.package_identification:_identify(.) by extension 'python'
[0.196s] Level 1:colcon.colcon_core.package_identification:_identify(.) by extensions ['python_setup_py']
[0.196s] Level 1:colcon.colcon_core.package_identification:_identify(.) by extension 'python_setup_py'
[0.197s] Level 1:colcon.colcon_core.package_identification:_identify(build) by extensions ['ignore', 'ignore_ament_install']
[0.197s] Level 1:colcon.colcon_core.package_identification:_identify(build) by extension 'ignore'
[0.197s] Level 1:colcon.colcon_core.package_identification:_identify(build) ignored
[0.197s] Level 1:colcon.colcon_core.package_identification:_identify(docker) by extensions ['ignore', 'ignore_ament_install']
[0.197s] Level 1:colcon.colcon_core.package_identification:_identify(docker) by extension 'ignore'
[0.197s] Level 1:colcon.colcon_core.package_identification:_identify(docker) by extension 'ignore_ament_install'
[0.197s] Level 1:colcon.colcon_core.package_identification:_identify(docker) by extensions ['colcon_pkg']
[0.197s] Level 1:colcon.colcon_core.package_identification:_identify(docker) by extension 'colcon_pkg'
[0.197s] Level 1:colcon.colcon_core.package_identification:_identify(docker) by extensions ['colcon_meta']
[0.197s] Level 1:colcon.colcon_core.package_identification:_identify(docker) by extension 'colcon_meta'
[0.197s] Level 1:colcon.colcon_core.package_identification:_identify(docker) by extensions ['ros']
[0.197s] Level 1:colcon.colcon_core.package_identification:_identify(docker) by extension 'ros'
[0.198s] Level 1:colcon.colcon_core.package_identification:_identify(docker) by extensions ['cmake', 'python']
[0.198s] Level 1:colcon.colcon_core.package_identification:_identify(docker) by extension 'cmake'
[0.198s] Level 1:colcon.colcon_core.package_identification:_identify(docker) by extension 'python'
[0.198s] Level 1:colcon.colcon_core.package_identification:_identify(docker) by extensions ['python_setup_py']
[0.198s] Level 1:colcon.colcon_core.package_identification:_identify(docker) by extension 'python_setup_py'
[0.198s] Level 1:colcon.colcon_core.package_identification:_identify(install) by extensions ['ignore', 'ignore_ament_install']
[0.198s] Level 1:colcon.colcon_core.package_identification:_identify(install) by extension 'ignore'
[0.198s] Level 1:colcon.colcon_core.package_identification:_identify(install) ignored
[0.198s] Level 1:colcon.colcon_core.package_identification:_identify(log) by extensions ['ignore', 'ignore_ament_install']
[0.198s] Level 1:colcon.colcon_core.package_identification:_identify(log) by extension 'ignore'
[0.199s] Level 1:colcon.colcon_core.package_identification:_identify(log) ignored
[0.199s] Level 1:colcon.colcon_core.package_identification:_identify(squashfs-root) by extensions ['ignore', 'ignore_ament_install']
[0.199s] Level 1:colcon.colcon_core.package_identification:_identify(squashfs-root) by extension 'ignore'
[0.199s] Level 1:colcon.colcon_core.package_identification:_identify(squashfs-root) by extension 'ignore_ament_install'
[0.199s] Level 1:colcon.colcon_core.package_identification:_identify(squashfs-root) by extensions ['colcon_pkg']
[0.199s] Level 1:colcon.colcon_core.package_identification:_identify(squashfs-root) by extension 'colcon_pkg'
[0.199s] Level 1:colcon.colcon_core.package_identification:_identify(squashfs-root) by extensions ['colcon_meta']
[0.199s] Level 1:colcon.colcon_core.package_identification:_identify(squashfs-root) by extension 'colcon_meta'
[0.199s] Level 1:colcon.colcon_core.package_identification:_identify(squashfs-root) by extensions ['ros']
[0.199s] Level 1:colcon.colcon_core.package_identification:_identify(squashfs-root) by extension 'ros'
[0.199s] Level 1:colcon.colcon_core.package_identification:_identify(squashfs-root) by extensions ['cmake', 'python']
[0.199s] Level 1:colcon.colcon_core.package_identification:_identify(squashfs-root) by extension 'cmake'
[0.200s] Level 1:colcon.colcon_core.package_identification:_identify(squashfs-root) by extension 'python'
[0.200s] Level 1:colcon.colcon_core.package_identification:_identify(squashfs-root) by extensions ['python_setup_py']
[0.200s] Level 1:colcon.colcon_core.package_identification:_identify(squashfs-root) by extension 'python_setup_py'
[0.200s] Level 1:colcon.colcon_core.package_identification:_identify(squashfs-root/locales) by extensions ['ignore', 'ignore_ament_install']
[0.200s] Level 1:colcon.colcon_core.package_identification:_identify(squashfs-root/locales) by extension 'ignore'
[0.200s] Level 1:colcon.colcon_core.package_identification:_identify(squashfs-root/locales) by extension 'ignore_ament_install'
[0.200s] Level 1:colcon.colcon_core.package_identification:_identify(squashfs-root/locales) by extensions ['colcon_pkg']
[0.200s] Level 1:colcon.colcon_core.package_identification:_identify(squashfs-root/locales) by extension 'colcon_pkg'
[0.200s] Level 1:colcon.colcon_core.package_identification:_identify(squashfs-root/locales) by extensions ['colcon_meta']
[0.200s] Level 1:colcon.colcon_core.package_identification:_identify(squashfs-root/locales) by extension 'colcon_meta'
[0.200s] Level 1:colcon.colcon_core.package_identification:_identify(squashfs-root/locales) by extensions ['ros']
[0.200s] Level 1:colcon.colcon_core.package_identification:_identify(squashfs-root/locales) by extension 'ros'
[0.200s] Level 1:colcon.colcon_core.package_identification:_identify(squashfs-root/locales) by extensions ['cmake', 'python']
[0.201s] Level 1:colcon.colcon_core.package_identification:_identify(squashfs-root/locales) by extension 'cmake'
[0.201s] Level 1:colcon.colcon_core.package_identification:_identify(squashfs-root/locales) by extension 'python'
[0.201s] Level 1:colcon.colcon_core.package_identification:_identify(squashfs-root/locales) by extensions ['python_setup_py']
[0.201s] Level 1:colcon.colcon_core.package_identification:_identify(squashfs-root/locales) by extension 'python_setup_py'
[0.201s] Level 1:colcon.colcon_core.package_identification:_identify(squashfs-root/resources) by extensions ['ignore', 'ignore_ament_install']
[0.201s] Level 1:colcon.colcon_core.package_identification:_identify(squashfs-root/resources) by extension 'ignore'
[0.201s] Level 1:colcon.colcon_core.package_identification:_identify(squashfs-root/resources) by extension 'ignore_ament_install'
[0.201s] Level 1:colcon.colcon_core.package_identification:_identify(squashfs-root/resources) by extensions ['colcon_pkg']
[0.201s] Level 1:colcon.colcon_core.package_identification:_identify(squashfs-root/resources) by extension 'colcon_pkg'
[0.201s] Level 1:colcon.colcon_core.package_identification:_identify(squashfs-root/resources) by extensions ['colcon_meta']
[0.201s] Level 1:colcon.colcon_core.package_identification:_identify(squashfs-root/resources) by extension 'colcon_meta'
[0.201s] Level 1:colcon.colcon_core.package_identification:_identify(squashfs-root/resources) by extensions ['ros']
[0.201s] Level 1:colcon.colcon_core.package_identification:_identify(squashfs-root/resources) by extension 'ros'
[0.202s] Level 1:colcon.colcon_core.package_identification:_identify(squashfs-root/resources) by extensions ['cmake', 'python']
[0.202s] Level 1:colcon.colcon_core.package_identification:_identify(squashfs-root/resources) by extension 'cmake'
[0.202s] Level 1:colcon.colcon_core.package_identification:_identify(squashfs-root/resources) by extension 'python'
[0.202s] Level 1:colcon.colcon_core.package_identification:_identify(squashfs-root/resources) by extensions ['python_setup_py']
[0.202s] Level 1:colcon.colcon_core.package_identification:_identify(squashfs-root/resources) by extension 'python_setup_py'
[0.202s] Level 1:colcon.colcon_core.package_identification:_identify(squashfs-root/usr) by extensions ['ignore', 'ignore_ament_install']
[0.202s] Level 1:colcon.colcon_core.package_identification:_identify(squashfs-root/usr) by extension 'ignore'
[0.202s] Level 1:colcon.colcon_core.package_identification:_identify(squashfs-root/usr) by extension 'ignore_ament_install'
[0.202s] Level 1:colcon.colcon_core.package_identification:_identify(squashfs-root/usr) by extensions ['colcon_pkg']
[0.202s] Level 1:colcon.colcon_core.package_identification:_identify(squashfs-root/usr) by extension 'colcon_pkg'
[0.202s] Level 1:colcon.colcon_core.package_identification:_identify(squashfs-root/usr) by extensions ['colcon_meta']
[0.202s] Level 1:colcon.colcon_core.package_identification:_identify(squashfs-root/usr) by extension 'colcon_meta'
[0.202s] Level 1:colcon.colcon_core.package_identification:_identify(squashfs-root/usr) by extensions ['ros']
[0.203s] Level 1:colcon.colcon_core.package_identification:_identify(squashfs-root/usr) by extension 'ros'
[0.203s] Level 1:colcon.colcon_core.package_identification:_identify(squashfs-root/usr) by extensions ['cmake', 'python']
[0.203s] Level 1:colcon.colcon_core.package_identification:_identify(squashfs-root/usr) by extension 'cmake'
[0.203s] Level 1:colcon.colcon_core.package_identification:_identify(squashfs-root/usr) by extension 'python'
[0.203s] Level 1:colcon.colcon_core.package_identification:_identify(squashfs-root/usr) by extensions ['python_setup_py']
[0.203s] Level 1:colcon.colcon_core.package_identification:_identify(squashfs-root/usr) by extension 'python_setup_py'
[0.203s] Level 1:colcon.colcon_core.package_identification:_identify(squashfs-root/usr/lib) by extensions ['ignore', 'ignore_ament_install']
[0.203s] Level 1:colcon.colcon_core.package_identification:_identify(squashfs-root/usr/lib) by extension 'ignore'
[0.203s] Level 1:colcon.colcon_core.package_identification:_identify(squashfs-root/usr/lib) by extension 'ignore_ament_install'
[0.203s] Level 1:colcon.colcon_core.package_identification:_identify(squashfs-root/usr/lib) by extensions ['colcon_pkg']
[0.203s] Level 1:colcon.colcon_core.package_identification:_identify(squashfs-root/usr/lib) by extension 'colcon_pkg'
[0.204s] Level 1:colcon.colcon_core.package_identification:_identify(squashfs-root/usr/lib) by extensions ['colcon_meta']
[0.204s] Level 1:colcon.colcon_core.package_identification:_identify(squashfs-root/usr/lib) by extension 'colcon_meta'
[0.204s] Level 1:colcon.colcon_core.package_identification:_identify(squashfs-root/usr/lib) by extensions ['ros']
[0.204s] Level 1:colcon.colcon_core.package_identification:_identify(squashfs-root/usr/lib) by extension 'ros'
[0.204s] Level 1:colcon.colcon_core.package_identification:_identify(squashfs-root/usr/lib) by extensions ['cmake', 'python']
[0.204s] Level 1:colcon.colcon_core.package_identification:_identify(squashfs-root/usr/lib) by extension 'cmake'
[0.204s] Level 1:colcon.colcon_core.package_identification:_identify(squashfs-root/usr/lib) by extension 'python'
[0.204s] Level 1:colcon.colcon_core.package_identification:_identify(squashfs-root/usr/lib) by extensions ['python_setup_py']
[0.204s] Level 1:colcon.colcon_core.package_identification:_identify(squashfs-root/usr/lib) by extension 'python_setup_py'
[0.204s] Level 1:colcon.colcon_core.package_identification:_identify(squashfs-root/usr/share) by extensions ['ignore', 'ignore_ament_install']
[0.204s] Level 1:colcon.colcon_core.package_identification:_identify(squashfs-root/usr/share) by extension 'ignore'
[0.204s] Level 1:colcon.colcon_core.package_identification:_identify(squashfs-root/usr/share) by extension 'ignore_ament_install'
[0.205s] Level 1:colcon.colcon_core.package_identification:_identify(squashfs-root/usr/share) by extensions ['colcon_pkg']
[0.205s] Level 1:colcon.colcon_core.package_identification:_identify(squashfs-root/usr/share) by extension 'colcon_pkg'
[0.205s] Level 1:colcon.colcon_core.package_identification:_identify(squashfs-root/usr/share) by extensions ['colcon_meta']
[0.205s] Level 1:colcon.colcon_core.package_identification:_identify(squashfs-root/usr/share) by extension 'colcon_meta'
[0.205s] Level 1:colcon.colcon_core.package_identification:_identify(squashfs-root/usr/share) by extensions ['ros']
[0.205s] Level 1:colcon.colcon_core.package_identification:_identify(squashfs-root/usr/share) by extension 'ros'
[0.205s] Level 1:colcon.colcon_core.package_identification:_identify(squashfs-root/usr/share) by extensions ['cmake', 'python']
[0.205s] Level 1:colcon.colcon_core.package_identification:_identify(squashfs-root/usr/share) by extension 'cmake'
[0.205s] Level 1:colcon.colcon_core.package_identification:_identify(squashfs-root/usr/share) by extension 'python'
[0.205s] Level 1:colcon.colcon_core.package_identification:_identify(squashfs-root/usr/share) by extensions ['python_setup_py']
[0.205s] Level 1:colcon.colcon_core.package_identification:_identify(squashfs-root/usr/share) by extension 'python_setup_py'
[0.205s] Level 1:colcon.colcon_core.package_identification:_identify(squashfs-root/usr/share/icons) by extensions ['ignore', 'ignore_ament_install']
[0.206s] Level 1:colcon.colcon_core.package_identification:_identify(squashfs-root/usr/share/icons) by extension 'ignore'
[0.206s] Level 1:colcon.colcon_core.package_identification:_identify(squashfs-root/usr/share/icons) by extension 'ignore_ament_install'
[0.206s] Level 1:colcon.colcon_core.package_identification:_identify(squashfs-root/usr/share/icons) by extensions ['colcon_pkg']
[0.206s] Level 1:colcon.colcon_core.package_identification:_identify(squashfs-root/usr/share/icons) by extension 'colcon_pkg'
[0.206s] Level 1:colcon.colcon_core.package_identification:_identify(squashfs-root/usr/share/icons) by extensions ['colcon_meta']
[0.206s] Level 1:colcon.colcon_core.package_identification:_identify(squashfs-root/usr/share/icons) by extension 'colcon_meta'
[0.206s] Level 1:colcon.colcon_core.package_identification:_identify(squashfs-root/usr/share/icons) by extensions ['ros']
[0.206s] Level 1:colcon.colcon_core.package_identification:_identify(squashfs-root/usr/share/icons) by extension 'ros'
[0.206s] Level 1:colcon.colcon_core.package_identification:_identify(squashfs-root/usr/share/icons) by extensions ['cmake', 'python']
[0.206s] Level 1:colcon.colcon_core.package_identification:_identify(squashfs-root/usr/share/icons) by extension 'cmake'
[0.206s] Level 1:colcon.colcon_core.package_identification:_identify(squashfs-root/usr/share/icons) by extension 'python'
[0.206s] Level 1:colcon.colcon_core.package_identification:_identify(squashfs-root/usr/share/icons) by extensions ['python_setup_py']
[0.206s] Level 1:colcon.colcon_core.package_identification:_identify(squashfs-root/usr/share/icons) by extension 'python_setup_py'
[0.207s] Level 1:colcon.colcon_core.package_identification:_identify(squashfs-root/usr/share/icons/hicolor) by extensions ['ignore', 'ignore_ament_install']
[0.207s] Level 1:colcon.colcon_core.package_identification:_identify(squashfs-root/usr/share/icons/hicolor) by extension 'ignore'
[0.207s] Level 1:colcon.colcon_core.package_identification:_identify(squashfs-root/usr/share/icons/hicolor) by extension 'ignore_ament_install'
[0.207s] Level 1:colcon.colcon_core.package_identification:_identify(squashfs-root/usr/share/icons/hicolor) by extensions ['colcon_pkg']
[0.207s] Level 1:colcon.colcon_core.package_identification:_identify(squashfs-root/usr/share/icons/hicolor) by extension 'colcon_pkg'
[0.207s] Level 1:colcon.colcon_core.package_identification:_identify(squashfs-root/usr/share/icons/hicolor) by extensions ['colcon_meta']
[0.207s] Level 1:colcon.colcon_core.package_identification:_identify(squashfs-root/usr/share/icons/hicolor) by extension 'colcon_meta'
[0.207s] Level 1:colcon.colcon_core.package_identification:_identify(squashfs-root/usr/share/icons/hicolor) by extensions ['ros']
[0.207s] Level 1:colcon.colcon_core.package_identification:_identify(squashfs-root/usr/share/icons/hicolor) by extension 'ros'
[0.207s] Level 1:colcon.colcon_core.package_identification:_identify(squashfs-root/usr/share/icons/hicolor) by extensions ['cmake', 'python']
[0.207s] Level 1:colcon.colcon_core.package_identification:_identify(squashfs-root/usr/share/icons/hicolor) by extension 'cmake'
[0.207s] Level 1:colcon.colcon_core.package_identification:_identify(squashfs-root/usr/share/icons/hicolor) by extension 'python'
[0.208s] Level 1:colcon.colcon_core.package_identification:_identify(squashfs-root/usr/share/icons/hicolor) by extensions ['python_setup_py']
[0.208s] Level 1:colcon.colcon_core.package_identification:_identify(squashfs-root/usr/share/icons/hicolor) by extension 'python_setup_py'
[0.208s] Level 1:colcon.colcon_core.package_identification:_identify(squashfs-root/usr/share/icons/hicolor/128x128) by extensions ['ignore', 'ignore_ament_install']
[0.208s] Level 1:colcon.colcon_core.package_identification:_identify(squashfs-root/usr/share/icons/hicolor/128x128) by extension 'ignore'
[0.208s] Level 1:colcon.colcon_core.package_identification:_identify(squashfs-root/usr/share/icons/hicolor/128x128) by extension 'ignore_ament_install'
[0.208s] Level 1:colcon.colcon_core.package_identification:_identify(squashfs-root/usr/share/icons/hicolor/128x128) by extensions ['colcon_pkg']
[0.208s] Level 1:colcon.colcon_core.package_identification:_identify(squashfs-root/usr/share/icons/hicolor/128x128) by extension 'colcon_pkg'
[0.208s] Level 1:colcon.colcon_core.package_identification:_identify(squashfs-root/usr/share/icons/hicolor/128x128) by extensions ['colcon_meta']
[0.208s] Level 1:colcon.colcon_core.package_identification:_identify(squashfs-root/usr/share/icons/hicolor/128x128) by extension 'colcon_meta'
[0.208s] Level 1:colcon.colcon_core.package_identification:_identify(squashfs-root/usr/share/icons/hicolor/128x128) by extensions ['ros']
[0.208s] Level 1:colcon.colcon_core.package_identification:_identify(squashfs-root/usr/share/icons/hicolor/128x128) by extension 'ros'
[0.209s] Level 1:colcon.colcon_core.package_identification:_identify(squashfs-root/usr/share/icons/hicolor/128x128) by extensions ['cmake', 'python']
[0.209s] Level 1:colcon.colcon_core.package_identification:_identify(squashfs-root/usr/share/icons/hicolor/128x128) by extension 'cmake'
[0.209s] Level 1:colcon.colcon_core.package_identification:_identify(squashfs-root/usr/share/icons/hicolor/128x128) by extension 'python'
[0.209s] Level 1:colcon.colcon_core.package_identification:_identify(squashfs-root/usr/share/icons/hicolor/128x128) by extensions ['python_setup_py']
[0.209s] Level 1:colcon.colcon_core.package_identification:_identify(squashfs-root/usr/share/icons/hicolor/128x128) by extension 'python_setup_py'
[0.209s] Level 1:colcon.colcon_core.package_identification:_identify(squashfs-root/usr/share/icons/hicolor/128x128/apps) by extensions ['ignore', 'ignore_ament_install']
[0.209s] Level 1:colcon.colcon_core.package_identification:_identify(squashfs-root/usr/share/icons/hicolor/128x128/apps) by extension 'ignore'
[0.209s] Level 1:colcon.colcon_core.package_identification:_identify(squashfs-root/usr/share/icons/hicolor/128x128/apps) by extension 'ignore_ament_install'
[0.209s] Level 1:colcon.colcon_core.package_identification:_identify(squashfs-root/usr/share/icons/hicolor/128x128/apps) by extensions ['colcon_pkg']
[0.209s] Level 1:colcon.colcon_core.package_identification:_identify(squashfs-root/usr/share/icons/hicolor/128x128/apps) by extension 'colcon_pkg'
[0.209s] Level 1:colcon.colcon_core.package_identification:_identify(squashfs-root/usr/share/icons/hicolor/128x128/apps) by extensions ['colcon_meta']
[0.210s] Level 1:colcon.colcon_core.package_identification:_identify(squashfs-root/usr/share/icons/hicolor/128x128/apps) by extension 'colcon_meta'
[0.210s] Level 1:colcon.colcon_core.package_identification:_identify(squashfs-root/usr/share/icons/hicolor/128x128/apps) by extensions ['ros']
[0.210s] Level 1:colcon.colcon_core.package_identification:_identify(squashfs-root/usr/share/icons/hicolor/128x128/apps) by extension 'ros'
[0.210s] Level 1:colcon.colcon_core.package_identification:_identify(squashfs-root/usr/share/icons/hicolor/128x128/apps) by extensions ['cmake', 'python']
[0.210s] Level 1:colcon.colcon_core.package_identification:_identify(squashfs-root/usr/share/icons/hicolor/128x128/apps) by extension 'cmake'
[0.210s] Level 1:colcon.colcon_core.package_identification:_identify(squashfs-root/usr/share/icons/hicolor/128x128/apps) by extension 'python'
[0.210s] Level 1:colcon.colcon_core.package_identification:_identify(squashfs-root/usr/share/icons/hicolor/128x128/apps) by extensions ['python_setup_py']
[0.210s] Level 1:colcon.colcon_core.package_identification:_identify(squashfs-root/usr/share/icons/hicolor/128x128/apps) by extension 'python_setup_py'
[0.210s] Level 1:colcon.colcon_core.package_identification:_identify(squashfs-root/usr/share/icons/hicolor/16x16) by extensions ['ignore', 'ignore_ament_install']
[0.210s] Level 1:colcon.colcon_core.package_identification:_identify(squashfs-root/usr/share/icons/hicolor/16x16) by extension 'ignore'
[0.210s] Level 1:colcon.colcon_core.package_identification:_identify(squashfs-root/usr/share/icons/hicolor/16x16) by extension 'ignore_ament_install'
[0.211s] Level 1:colcon.colcon_core.package_identification:_identify(squashfs-root/usr/share/icons/hicolor/16x16) by extensions ['colcon_pkg']
[0.211s] Level 1:colcon.colcon_core.package_identification:_identify(squashfs-root/usr/share/icons/hicolor/16x16) by extension 'colcon_pkg'
[0.211s] Level 1:colcon.colcon_core.package_identification:_identify(squashfs-root/usr/share/icons/hicolor/16x16) by extensions ['colcon_meta']
[0.211s] Level 1:colcon.colcon_core.package_identification:_identify(squashfs-root/usr/share/icons/hicolor/16x16) by extension 'colcon_meta'
[0.211s] Level 1:colcon.colcon_core.package_identification:_identify(squashfs-root/usr/share/icons/hicolor/16x16) by extensions ['ros']
[0.211s] Level 1:colcon.colcon_core.package_identification:_identify(squashfs-root/usr/share/icons/hicolor/16x16) by extension 'ros'
[0.211s] Level 1:colcon.colcon_core.package_identification:_identify(squashfs-root/usr/share/icons/hicolor/16x16) by extensions ['cmake', 'python']
[0.211s] Level 1:colcon.colcon_core.package_identification:_identify(squashfs-root/usr/share/icons/hicolor/16x16) by extension 'cmake'
[0.211s] Level 1:colcon.colcon_core.package_identification:_identify(squashfs-root/usr/share/icons/hicolor/16x16) by extension 'python'
[0.211s] Level 1:colcon.colcon_core.package_identification:_identify(squashfs-root/usr/share/icons/hicolor/16x16) by extensions ['python_setup_py']
[0.211s] Level 1:colcon.colcon_core.package_identification:_identify(squashfs-root/usr/share/icons/hicolor/16x16) by extension 'python_setup_py'
[0.211s] Level 1:colcon.colcon_core.package_identification:_identify(squashfs-root/usr/share/icons/hicolor/16x16/apps) by extensions ['ignore', 'ignore_ament_install']
[0.212s] Level 1:colcon.colcon_core.package_identification:_identify(squashfs-root/usr/share/icons/hicolor/16x16/apps) by extension 'ignore'
[0.212s] Level 1:colcon.colcon_core.package_identification:_identify(squashfs-root/usr/share/icons/hicolor/16x16/apps) by extension 'ignore_ament_install'
[0.212s] Level 1:colcon.colcon_core.package_identification:_identify(squashfs-root/usr/share/icons/hicolor/16x16/apps) by extensions ['colcon_pkg']
[0.212s] Level 1:colcon.colcon_core.package_identification:_identify(squashfs-root/usr/share/icons/hicolor/16x16/apps) by extension 'colcon_pkg'
[0.212s] Level 1:colcon.colcon_core.package_identification:_identify(squashfs-root/usr/share/icons/hicolor/16x16/apps) by extensions ['colcon_meta']
[0.212s] Level 1:colcon.colcon_core.package_identification:_identify(squashfs-root/usr/share/icons/hicolor/16x16/apps) by extension 'colcon_meta'
[0.212s] Level 1:colcon.colcon_core.package_identification:_identify(squashfs-root/usr/share/icons/hicolor/16x16/apps) by extensions ['ros']
[0.212s] Level 1:colcon.colcon_core.package_identification:_identify(squashfs-root/usr/share/icons/hicolor/16x16/apps) by extension 'ros'
[0.212s] Level 1:colcon.colcon_core.package_identification:_identify(squashfs-root/usr/share/icons/hicolor/16x16/apps) by extensions ['cmake', 'python']
[0.212s] Level 1:colcon.colcon_core.package_identification:_identify(squashfs-root/usr/share/icons/hicolor/16x16/apps) by extension 'cmake'
[0.212s] Level 1:colcon.colcon_core.package_identification:_identify(squashfs-root/usr/share/icons/hicolor/16x16/apps) by extension 'python'
[0.212s] Level 1:colcon.colcon_core.package_identification:_identify(squashfs-root/usr/share/icons/hicolor/16x16/apps) by extensions ['python_setup_py']
[0.212s] Level 1:colcon.colcon_core.package_identification:_identify(squashfs-root/usr/share/icons/hicolor/16x16/apps) by extension 'python_setup_py'
[0.213s] Level 1:colcon.colcon_core.package_identification:_identify(squashfs-root/usr/share/icons/hicolor/256x256) by extensions ['ignore', 'ignore_ament_install']
[0.213s] Level 1:colcon.colcon_core.package_identification:_identify(squashfs-root/usr/share/icons/hicolor/256x256) by extension 'ignore'
[0.213s] Level 1:colcon.colcon_core.package_identification:_identify(squashfs-root/usr/share/icons/hicolor/256x256) by extension 'ignore_ament_install'
[0.213s] Level 1:colcon.colcon_core.package_identification:_identify(squashfs-root/usr/share/icons/hicolor/256x256) by extensions ['colcon_pkg']
[0.213s] Level 1:colcon.colcon_core.package_identification:_identify(squashfs-root/usr/share/icons/hicolor/256x256) by extension 'colcon_pkg'
[0.213s] Level 1:colcon.colcon_core.package_identification:_identify(squashfs-root/usr/share/icons/hicolor/256x256) by extensions ['colcon_meta']
[0.213s] Level 1:colcon.colcon_core.package_identification:_identify(squashfs-root/usr/share/icons/hicolor/256x256) by extension 'colcon_meta'
[0.213s] Level 1:colcon.colcon_core.package_identification:_identify(squashfs-root/usr/share/icons/hicolor/256x256) by extensions ['ros']
[0.213s] Level 1:colcon.colcon_core.package_identification:_identify(squashfs-root/usr/share/icons/hicolor/256x256) by extension 'ros'
[0.213s] Level 1:colcon.colcon_core.package_identification:_identify(squashfs-root/usr/share/icons/hicolor/256x256) by extensions ['cmake', 'python']
[0.213s] Level 1:colcon.colcon_core.package_identification:_identify(squashfs-root/usr/share/icons/hicolor/256x256) by extension 'cmake'
[0.214s] Level 1:colcon.colcon_core.package_identification:_identify(squashfs-root/usr/share/icons/hicolor/256x256) by extension 'python'
[0.214s] Level 1:colcon.colcon_core.package_identification:_identify(squashfs-root/usr/share/icons/hicolor/256x256) by extensions ['python_setup_py']
[0.214s] Level 1:colcon.colcon_core.package_identification:_identify(squashfs-root/usr/share/icons/hicolor/256x256) by extension 'python_setup_py'
[0.214s] Level 1:colcon.colcon_core.package_identification:_identify(squashfs-root/usr/share/icons/hicolor/256x256/apps) by extensions ['ignore', 'ignore_ament_install']
[0.214s] Level 1:colcon.colcon_core.package_identification:_identify(squashfs-root/usr/share/icons/hicolor/256x256/apps) by extension 'ignore'
[0.214s] Level 1:colcon.colcon_core.package_identification:_identify(squashfs-root/usr/share/icons/hicolor/256x256/apps) by extension 'ignore_ament_install'
[0.214s] Level 1:colcon.colcon_core.package_identification:_identify(squashfs-root/usr/share/icons/hicolor/256x256/apps) by extensions ['colcon_pkg']
[0.214s] Level 1:colcon.colcon_core.package_identification:_identify(squashfs-root/usr/share/icons/hicolor/256x256/apps) by extension 'colcon_pkg'
[0.214s] Level 1:colcon.colcon_core.package_identification:_identify(squashfs-root/usr/share/icons/hicolor/256x256/apps) by extensions ['colcon_meta']
[0.214s] Level 1:colcon.colcon_core.package_identification:_identify(squashfs-root/usr/share/icons/hicolor/256x256/apps) by extension 'colcon_meta'
[0.214s] Level 1:colcon.colcon_core.package_identification:_identify(squashfs-root/usr/share/icons/hicolor/256x256/apps) by extensions ['ros']
[0.214s] Level 1:colcon.colcon_core.package_identification:_identify(squashfs-root/usr/share/icons/hicolor/256x256/apps) by extension 'ros'
[0.215s] Level 1:colcon.colcon_core.package_identification:_identify(squashfs-root/usr/share/icons/hicolor/256x256/apps) by extensions ['cmake', 'python']
[0.215s] Level 1:colcon.colcon_core.package_identification:_identify(squashfs-root/usr/share/icons/hicolor/256x256/apps) by extension 'cmake'
[0.215s] Level 1:colcon.colcon_core.package_identification:_identify(squashfs-root/usr/share/icons/hicolor/256x256/apps) by extension 'python'
[0.215s] Level 1:colcon.colcon_core.package_identification:_identify(squashfs-root/usr/share/icons/hicolor/256x256/apps) by extensions ['python_setup_py']
[0.215s] Level 1:colcon.colcon_core.package_identification:_identify(squashfs-root/usr/share/icons/hicolor/256x256/apps) by extension 'python_setup_py'
[0.215s] Level 1:colcon.colcon_core.package_identification:_identify(squashfs-root/usr/share/icons/hicolor/32x32) by extensions ['ignore', 'ignore_ament_install']
[0.215s] Level 1:colcon.colcon_core.package_identification:_identify(squashfs-root/usr/share/icons/hicolor/32x32) by extension 'ignore'
[0.215s] Level 1:colcon.colcon_core.package_identification:_identify(squashfs-root/usr/share/icons/hicolor/32x32) by extension 'ignore_ament_install'
[0.215s] Level 1:colcon.colcon_core.package_identification:_identify(squashfs-root/usr/share/icons/hicolor/32x32) by extensions ['colcon_pkg']
[0.215s] Level 1:colcon.colcon_core.package_identification:_identify(squashfs-root/usr/share/icons/hicolor/32x32) by extension 'colcon_pkg'
[0.216s] Level 1:colcon.colcon_core.package_identification:_identify(squashfs-root/usr/share/icons/hicolor/32x32) by extensions ['colcon_meta']
[0.216s] Level 1:colcon.colcon_core.package_identification:_identify(squashfs-root/usr/share/icons/hicolor/32x32) by extension 'colcon_meta'
[0.216s] Level 1:colcon.colcon_core.package_identification:_identify(squashfs-root/usr/share/icons/hicolor/32x32) by extensions ['ros']
[0.216s] Level 1:colcon.colcon_core.package_identification:_identify(squashfs-root/usr/share/icons/hicolor/32x32) by extension 'ros'
[0.216s] Level 1:colcon.colcon_core.package_identification:_identify(squashfs-root/usr/share/icons/hicolor/32x32) by extensions ['cmake', 'python']
[0.216s] Level 1:colcon.colcon_core.package_identification:_identify(squashfs-root/usr/share/icons/hicolor/32x32) by extension 'cmake'
[0.216s] Level 1:colcon.colcon_core.package_identification:_identify(squashfs-root/usr/share/icons/hicolor/32x32) by extension 'python'
[0.216s] Level 1:colcon.colcon_core.package_identification:_identify(squashfs-root/usr/share/icons/hicolor/32x32) by extensions ['python_setup_py']
[0.216s] Level 1:colcon.colcon_core.package_identification:_identify(squashfs-root/usr/share/icons/hicolor/32x32) by extension 'python_setup_py'
[0.216s] Level 1:colcon.colcon_core.package_identification:_identify(squashfs-root/usr/share/icons/hicolor/32x32/apps) by extensions ['ignore', 'ignore_ament_install']
[0.216s] Level 1:colcon.colcon_core.package_identification:_identify(squashfs-root/usr/share/icons/hicolor/32x32/apps) by extension 'ignore'
[0.216s] Level 1:colcon.colcon_core.package_identification:_identify(squashfs-root/usr/share/icons/hicolor/32x32/apps) by extension 'ignore_ament_install'
[0.217s] Level 1:colcon.colcon_core.package_identification:_identify(squashfs-root/usr/share/icons/hicolor/32x32/apps) by extensions ['colcon_pkg']
[0.217s] Level 1:colcon.colcon_core.package_identification:_identify(squashfs-root/usr/share/icons/hicolor/32x32/apps) by extension 'colcon_pkg'
[0.217s] Level 1:colcon.colcon_core.package_identification:_identify(squashfs-root/usr/share/icons/hicolor/32x32/apps) by extensions ['colcon_meta']
[0.217s] Level 1:colcon.colcon_core.package_identification:_identify(squashfs-root/usr/share/icons/hicolor/32x32/apps) by extension 'colcon_meta'
[0.217s] Level 1:colcon.colcon_core.package_identification:_identify(squashfs-root/usr/share/icons/hicolor/32x32/apps) by extensions ['ros']
[0.217s] Level 1:colcon.colcon_core.package_identification:_identify(squashfs-root/usr/share/icons/hicolor/32x32/apps) by extension 'ros'
[0.217s] Level 1:colcon.colcon_core.package_identification:_identify(squashfs-root/usr/share/icons/hicolor/32x32/apps) by extensions ['cmake', 'python']
[0.217s] Level 1:colcon.colcon_core.package_identification:_identify(squashfs-root/usr/share/icons/hicolor/32x32/apps) by extension 'cmake'
[0.217s] Level 1:colcon.colcon_core.package_identification:_identify(squashfs-root/usr/share/icons/hicolor/32x32/apps) by extension 'python'
[0.217s] Level 1:colcon.colcon_core.package_identification:_identify(squashfs-root/usr/share/icons/hicolor/32x32/apps) by extensions ['python_setup_py']
[0.217s] Level 1:colcon.colcon_core.package_identification:_identify(squashfs-root/usr/share/icons/hicolor/32x32/apps) by extension 'python_setup_py'
[0.217s] Level 1:colcon.colcon_core.package_identification:_identify(squashfs-root/usr/share/icons/hicolor/48x48) by extensions ['ignore', 'ignore_ament_install']
[0.218s] Level 1:colcon.colcon_core.package_identification:_identify(squashfs-root/usr/share/icons/hicolor/48x48) by extension 'ignore'
[0.218s] Level 1:colcon.colcon_core.package_identification:_identify(squashfs-root/usr/share/icons/hicolor/48x48) by extension 'ignore_ament_install'
[0.218s] Level 1:colcon.colcon_core.package_identification:_identify(squashfs-root/usr/share/icons/hicolor/48x48) by extensions ['colcon_pkg']
[0.218s] Level 1:colcon.colcon_core.package_identification:_identify(squashfs-root/usr/share/icons/hicolor/48x48) by extension 'colcon_pkg'
[0.218s] Level 1:colcon.colcon_core.package_identification:_identify(squashfs-root/usr/share/icons/hicolor/48x48) by extensions ['colcon_meta']
[0.218s] Level 1:colcon.colcon_core.package_identification:_identify(squashfs-root/usr/share/icons/hicolor/48x48) by extension 'colcon_meta'
[0.218s] Level 1:colcon.colcon_core.package_identification:_identify(squashfs-root/usr/share/icons/hicolor/48x48) by extensions ['ros']
[0.218s] Level 1:colcon.colcon_core.package_identification:_identify(squashfs-root/usr/share/icons/hicolor/48x48) by extension 'ros'
[0.218s] Level 1:colcon.colcon_core.package_identification:_identify(squashfs-root/usr/share/icons/hicolor/48x48) by extensions ['cmake', 'python']
[0.218s] Level 1:colcon.colcon_core.package_identification:_identify(squashfs-root/usr/share/icons/hicolor/48x48) by extension 'cmake'
[0.218s] Level 1:colcon.colcon_core.package_identification:_identify(squashfs-root/usr/share/icons/hicolor/48x48) by extension 'python'
[0.218s] Level 1:colcon.colcon_core.package_identification:_identify(squashfs-root/usr/share/icons/hicolor/48x48) by extensions ['python_setup_py']
[0.218s] Level 1:colcon.colcon_core.package_identification:_identify(squashfs-root/usr/share/icons/hicolor/48x48) by extension 'python_setup_py'
[0.219s] Level 1:colcon.colcon_core.package_identification:_identify(squashfs-root/usr/share/icons/hicolor/48x48/apps) by extensions ['ignore', 'ignore_ament_install']
[0.219s] Level 1:colcon.colcon_core.package_identification:_identify(squashfs-root/usr/share/icons/hicolor/48x48/apps) by extension 'ignore'
[0.219s] Level 1:colcon.colcon_core.package_identification:_identify(squashfs-root/usr/share/icons/hicolor/48x48/apps) by extension 'ignore_ament_install'
[0.219s] Level 1:colcon.colcon_core.package_identification:_identify(squashfs-root/usr/share/icons/hicolor/48x48/apps) by extensions ['colcon_pkg']
[0.219s] Level 1:colcon.colcon_core.package_identification:_identify(squashfs-root/usr/share/icons/hicolor/48x48/apps) by extension 'colcon_pkg'
[0.219s] Level 1:colcon.colcon_core.package_identification:_identify(squashfs-root/usr/share/icons/hicolor/48x48/apps) by extensions ['colcon_meta']
[0.219s] Level 1:colcon.colcon_core.package_identification:_identify(squashfs-root/usr/share/icons/hicolor/48x48/apps) by extension 'colcon_meta'
[0.219s] Level 1:colcon.colcon_core.package_identification:_identify(squashfs-root/usr/share/icons/hicolor/48x48/apps) by extensions ['ros']
[0.219s] Level 1:colcon.colcon_core.package_identification:_identify(squashfs-root/usr/share/icons/hicolor/48x48/apps) by extension 'ros'
[0.219s] Level 1:colcon.colcon_core.package_identification:_identify(squashfs-root/usr/share/icons/hicolor/48x48/apps) by extensions ['cmake', 'python']
[0.219s] Level 1:colcon.colcon_core.package_identification:_identify(squashfs-root/usr/share/icons/hicolor/48x48/apps) by extension 'cmake'
[0.219s] Level 1:colcon.colcon_core.package_identification:_identify(squashfs-root/usr/share/icons/hicolor/48x48/apps) by extension 'python'
[0.219s] Level 1:colcon.colcon_core.package_identification:_identify(squashfs-root/usr/share/icons/hicolor/48x48/apps) by extensions ['python_setup_py']
[0.220s] Level 1:colcon.colcon_core.package_identification:_identify(squashfs-root/usr/share/icons/hicolor/48x48/apps) by extension 'python_setup_py'
[0.220s] Level 1:colcon.colcon_core.package_identification:_identify(squashfs-root/usr/share/icons/hicolor/64x64) by extensions ['ignore', 'ignore_ament_install']
[0.220s] Level 1:colcon.colcon_core.package_identification:_identify(squashfs-root/usr/share/icons/hicolor/64x64) by extension 'ignore'
[0.220s] Level 1:colcon.colcon_core.package_identification:_identify(squashfs-root/usr/share/icons/hicolor/64x64) by extension 'ignore_ament_install'
[0.220s] Level 1:colcon.colcon_core.package_identification:_identify(squashfs-root/usr/share/icons/hicolor/64x64) by extensions ['colcon_pkg']
[0.220s] Level 1:colcon.colcon_core.package_identification:_identify(squashfs-root/usr/share/icons/hicolor/64x64) by extension 'colcon_pkg'
[0.220s] Level 1:colcon.colcon_core.package_identification:_identify(squashfs-root/usr/share/icons/hicolor/64x64) by extensions ['colcon_meta']
[0.220s] Level 1:colcon.colcon_core.package_identification:_identify(squashfs-root/usr/share/icons/hicolor/64x64) by extension 'colcon_meta'
[0.220s] Level 1:colcon.colcon_core.package_identification:_identify(squashfs-root/usr/share/icons/hicolor/64x64) by extensions ['ros']
[0.220s] Level 1:colcon.colcon_core.package_identification:_identify(squashfs-root/usr/share/icons/hicolor/64x64) by extension 'ros'
[0.220s] Level 1:colcon.colcon_core.package_identification:_identify(squashfs-root/usr/share/icons/hicolor/64x64) by extensions ['cmake', 'python']
[0.220s] Level 1:colcon.colcon_core.package_identification:_identify(squashfs-root/usr/share/icons/hicolor/64x64) by extension 'cmake'
[0.220s] Level 1:colcon.colcon_core.package_identification:_identify(squashfs-root/usr/share/icons/hicolor/64x64) by extension 'python'
[0.221s] Level 1:colcon.colcon_core.package_identification:_identify(squashfs-root/usr/share/icons/hicolor/64x64) by extensions ['python_setup_py']
[0.221s] Level 1:colcon.colcon_core.package_identification:_identify(squashfs-root/usr/share/icons/hicolor/64x64) by extension 'python_setup_py'
[0.221s] Level 1:colcon.colcon_core.package_identification:_identify(squashfs-root/usr/share/icons/hicolor/64x64/apps) by extensions ['ignore', 'ignore_ament_install']
[0.221s] Level 1:colcon.colcon_core.package_identification:_identify(squashfs-root/usr/share/icons/hicolor/64x64/apps) by extension 'ignore'
[0.221s] Level 1:colcon.colcon_core.package_identification:_identify(squashfs-root/usr/share/icons/hicolor/64x64/apps) by extension 'ignore_ament_install'
[0.221s] Level 1:colcon.colcon_core.package_identification:_identify(squashfs-root/usr/share/icons/hicolor/64x64/apps) by extensions ['colcon_pkg']
[0.221s] Level 1:colcon.colcon_core.package_identification:_identify(squashfs-root/usr/share/icons/hicolor/64x64/apps) by extension 'colcon_pkg'
[0.221s] Level 1:colcon.colcon_core.package_identification:_identify(squashfs-root/usr/share/icons/hicolor/64x64/apps) by extensions ['colcon_meta']
[0.221s] Level 1:colcon.colcon_core.package_identification:_identify(squashfs-root/usr/share/icons/hicolor/64x64/apps) by extension 'colcon_meta'
[0.221s] Level 1:colcon.colcon_core.package_identification:_identify(squashfs-root/usr/share/icons/hicolor/64x64/apps) by extensions ['ros']
[0.221s] Level 1:colcon.colcon_core.package_identification:_identify(squashfs-root/usr/share/icons/hicolor/64x64/apps) by extension 'ros'
[0.221s] Level 1:colcon.colcon_core.package_identification:_identify(squashfs-root/usr/share/icons/hicolor/64x64/apps) by extensions ['cmake', 'python']
[0.222s] Level 1:colcon.colcon_core.package_identification:_identify(squashfs-root/usr/share/icons/hicolor/64x64/apps) by extension 'cmake'
[0.222s] Level 1:colcon.colcon_core.package_identification:_identify(squashfs-root/usr/share/icons/hicolor/64x64/apps) by extension 'python'
[0.222s] Level 1:colcon.colcon_core.package_identification:_identify(squashfs-root/usr/share/icons/hicolor/64x64/apps) by extensions ['python_setup_py']
[0.222s] Level 1:colcon.colcon_core.package_identification:_identify(squashfs-root/usr/share/icons/hicolor/64x64/apps) by extension 'python_setup_py'
[0.222s] Level 1:colcon.colcon_core.package_identification:_identify(turtlesim_ws) by extensions ['ignore', 'ignore_ament_install']
[0.222s] Level 1:colcon.colcon_core.package_identification:_identify(turtlesim_ws) by extension 'ignore'
[0.222s] Level 1:colcon.colcon_core.package_identification:_identify(turtlesim_ws) by extension 'ignore_ament_install'
[0.222s] Level 1:colcon.colcon_core.package_identification:_identify(turtlesim_ws) by extensions ['colcon_pkg']
[0.222s] Level 1:colcon.colcon_core.package_identification:_identify(turtlesim_ws) by extension 'colcon_pkg'
[0.222s] Level 1:colcon.colcon_core.package_identification:_identify(turtlesim_ws) by extensions ['colcon_meta']
[0.222s] Level 1:colcon.colcon_core.package_identification:_identify(turtlesim_ws) by extension 'colcon_meta'
[0.222s] Level 1:colcon.colcon_core.package_identification:_identify(turtlesim_ws) by extensions ['ros']
[0.222s] Level 1:colcon.colcon_core.package_identification:_identify(turtlesim_ws) by extension 'ros'
[0.222s] Level 1:colcon.colcon_core.package_identification:_identify(turtlesim_ws) by extensions ['cmake', 'python']
[0.223s] Level 1:colcon.colcon_core.package_identification:_identify(turtlesim_ws) by extension 'cmake'
[0.223s] Level 1:colcon.colcon_core.package_identification:_identify(turtlesim_ws) by extension 'python'
[0.223s] Level 1:colcon.colcon_core.package_identification:_identify(turtlesim_ws) by extensions ['python_setup_py']
[0.223s] Level 1:colcon.colcon_core.package_identification:_identify(turtlesim_ws) by extension 'python_setup_py'
[0.223s] Level 1:colcon.colcon_core.package_identification:_identify(turtlesim_ws/src) by extensions ['ignore', 'ignore_ament_install']
[0.223s] Level 1:colcon.colcon_core.package_identification:_identify(turtlesim_ws/src) by extension 'ignore'
[0.223s] Level 1:colcon.colcon_core.package_identification:_identify(turtlesim_ws/src) by extension 'ignore_ament_install'
[0.223s] Level 1:colcon.colcon_core.package_identification:_identify(turtlesim_ws/src) by extensions ['colcon_pkg']
[0.223s] Level 1:colcon.colcon_core.package_identification:_identify(turtlesim_ws/src) by extension 'colcon_pkg'
[0.223s] Level 1:colcon.colcon_core.package_identification:_identify(turtlesim_ws/src) by extensions ['colcon_meta']
[0.223s] Level 1:colcon.colcon_core.package_identification:_identify(turtlesim_ws/src) by extension 'colcon_meta'
[0.223s] Level 1:colcon.colcon_core.package_identification:_identify(turtlesim_ws/src) by extensions ['ros']
[0.223s] Level 1:colcon.colcon_core.package_identification:_identify(turtlesim_ws/src) by extension 'ros'
[0.224s] Level 1:colcon.colcon_core.package_identification:_identify(turtlesim_ws/src) by extensions ['cmake', 'python']
[0.224s] Level 1:colcon.colcon_core.package_identification:_identify(turtlesim_ws/src) by extension 'cmake'
[0.224s] Level 1:colcon.colcon_core.package_identification:_identify(turtlesim_ws/src) by extension 'python'
[0.224s] Level 1:colcon.colcon_core.package_identification:_identify(turtlesim_ws/src) by extensions ['python_setup_py']
[0.224s] Level 1:colcon.colcon_core.package_identification:_identify(turtlesim_ws/src) by extension 'python_setup_py'
[0.224s] Level 1:colcon.colcon_core.package_identification:_identify(turtlesim_ws/src/cmdvel_to_ackermann) by extensions ['ignore', 'ignore_ament_install']
[0.224s] Level 1:colcon.colcon_core.package_identification:_identify(turtlesim_ws/src/cmdvel_to_ackermann) by extension 'ignore'
[0.224s] Level 1:colcon.colcon_core.package_identification:_identify(turtlesim_ws/src/cmdvel_to_ackermann) by extension 'ignore_ament_install'
[0.224s] Level 1:colcon.colcon_core.package_identification:_identify(turtlesim_ws/src/cmdvel_to_ackermann) by extensions ['colcon_pkg']
[0.224s] Level 1:colcon.colcon_core.package_identification:_identify(turtlesim_ws/src/cmdvel_to_ackermann) by extension 'colcon_pkg'
[0.224s] Level 1:colcon.colcon_core.package_identification:_identify(turtlesim_ws/src/cmdvel_to_ackermann) by extensions ['colcon_meta']
[0.224s] Level 1:colcon.colcon_core.package_identification:_identify(turtlesim_ws/src/cmdvel_to_ackermann) by extension 'colcon_meta'
[0.224s] Level 1:colcon.colcon_core.package_identification:_identify(turtlesim_ws/src/cmdvel_to_ackermann) by extensions ['ros']
[0.224s] Level 1:colcon.colcon_core.package_identification:_identify(turtlesim_ws/src/cmdvel_to_ackermann) by extension 'ros'
[0.227s] DEBUG:colcon.colcon_core.package_identification:Package 'turtlesim_ws/src/cmdvel_to_ackermann' with type 'ros.ament_cmake' and name 'cmdvel_to_ackermann'
[0.227s] Level 1:colcon.colcon_core.package_identification:_identify(turtlesim_ws/src/custom_message) by extensions ['ignore', 'ignore_ament_install']
[0.227s] Level 1:colcon.colcon_core.package_identification:_identify(turtlesim_ws/src/custom_message) by extension 'ignore'
[0.227s] Level 1:colcon.colcon_core.package_identification:_identify(turtlesim_ws/src/custom_message) by extension 'ignore_ament_install'
[0.227s] Level 1:colcon.colcon_core.package_identification:_identify(turtlesim_ws/src/custom_message) by extensions ['colcon_pkg']
[0.227s] Level 1:colcon.colcon_core.package_identification:_identify(turtlesim_ws/src/custom_message) by extension 'colcon_pkg'
[0.227s] Level 1:colcon.colcon_core.package_identification:_identify(turtlesim_ws/src/custom_message) by extensions ['colcon_meta']
[0.227s] Level 1:colcon.colcon_core.package_identification:_identify(turtlesim_ws/src/custom_message) by extension 'colcon_meta'
[0.227s] Level 1:colcon.colcon_core.package_identification:_identify(turtlesim_ws/src/custom_message) by extensions ['ros']
[0.227s] Level 1:colcon.colcon_core.package_identification:_identify(turtlesim_ws/src/custom_message) by extension 'ros'
[0.228s] DEBUG:colcon.colcon_core.package_identification:Package 'turtlesim_ws/src/custom_message' with type 'ros.ament_cmake' and name 'custom_message'
[0.228s] Level 1:colcon.colcon_core.package_identification:_identify(turtlesim_ws/src/diff_drive_mover) by extensions ['ignore', 'ignore_ament_install']
[0.228s] Level 1:colcon.colcon_core.package_identification:_identify(turtlesim_ws/src/diff_drive_mover) by extension 'ignore'
[0.228s] Level 1:colcon.colcon_core.package_identification:_identify(turtlesim_ws/src/diff_drive_mover) by extension 'ignore_ament_install'
[0.228s] Level 1:colcon.colcon_core.package_identification:_identify(turtlesim_ws/src/diff_drive_mover) by extensions ['colcon_pkg']
[0.229s] Level 1:colcon.colcon_core.package_identification:_identify(turtlesim_ws/src/diff_drive_mover) by extension 'colcon_pkg'
[0.229s] Level 1:colcon.colcon_core.package_identification:_identify(turtlesim_ws/src/diff_drive_mover) by extensions ['colcon_meta']
[0.229s] Level 1:colcon.colcon_core.package_identification:_identify(turtlesim_ws/src/diff_drive_mover) by extension 'colcon_meta'
[0.229s] Level 1:colcon.colcon_core.package_identification:_identify(turtlesim_ws/src/diff_drive_mover) by extensions ['ros']
[0.229s] Level 1:colcon.colcon_core.package_identification:_identify(turtlesim_ws/src/diff_drive_mover) by extension 'ros'
[0.229s] DEBUG:colcon.colcon_core.package_identification:Package 'turtlesim_ws/src/diff_drive_mover' with type 'ros.ament_cmake' and name 'diff_drive_mover'
[0.229s] Level 1:colcon.colcon_core.package_identification:_identify(turtlesim_ws/src/humanoid_locomotion_policy_example) by extensions ['ignore', 'ignore_ament_install']
[0.229s] Level 1:colcon.colcon_core.package_identification:_identify(turtlesim_ws/src/humanoid_locomotion_policy_example) by extension 'ignore'
[0.230s] Level 1:colcon.colcon_core.package_identification:_identify(turtlesim_ws/src/humanoid_locomotion_policy_example) by extension 'ignore_ament_install'
[0.230s] Level 1:colcon.colcon_core.package_identification:_identify(turtlesim_ws/src/humanoid_locomotion_policy_example) by extensions ['colcon_pkg']
[0.230s] Level 1:colcon.colcon_core.package_identification:_identify(turtlesim_ws/src/humanoid_locomotion_policy_example) by extension 'colcon_pkg'
[0.230s] Level 1:colcon.colcon_core.package_identification:_identify(turtlesim_ws/src/humanoid_locomotion_policy_example) by extensions ['colcon_meta']
[0.230s] Level 1:colcon.colcon_core.package_identification:_identify(turtlesim_ws/src/humanoid_locomotion_policy_example) by extension 'colcon_meta'
[0.230s] Level 1:colcon.colcon_core.package_identification:_identify(turtlesim_ws/src/humanoid_locomotion_policy_example) by extensions ['ros']
[0.230s] Level 1:colcon.colcon_core.package_identification:_identify(turtlesim_ws/src/humanoid_locomotion_policy_example) by extension 'ros'
[0.230s] Level 1:colcon.colcon_core.package_identification:_identify(turtlesim_ws/src/humanoid_locomotion_policy_example) by extensions ['cmake', 'python']
[0.230s] Level 1:colcon.colcon_core.package_identification:_identify(turtlesim_ws/src/humanoid_locomotion_policy_example) by extension 'cmake'
[0.230s] Level 1:colcon.colcon_core.package_identification:_identify(turtlesim_ws/src/humanoid_locomotion_policy_example) by extension 'python'
[0.230s] Level 1:colcon.colcon_core.package_identification:_identify(turtlesim_ws/src/humanoid_locomotion_policy_example) by extensions ['python_setup_py']
[0.230s] Level 1:colcon.colcon_core.package_identification:_identify(turtlesim_ws/src/humanoid_locomotion_policy_example) by extension 'python_setup_py'
[0.230s] Level 1:colcon.colcon_core.package_identification:_identify(turtlesim_ws/src/humanoid_locomotion_policy_example/h1_fullbody_controller) by extensions ['ignore', 'ignore_ament_install']
[0.231s] Level 1:colcon.colcon_core.package_identification:_identify(turtlesim_ws/src/humanoid_locomotion_policy_example/h1_fullbody_controller) by extension 'ignore'
[0.231s] Level 1:colcon.colcon_core.package_identification:_identify(turtlesim_ws/src/humanoid_locomotion_policy_example/h1_fullbody_controller) by extension 'ignore_ament_install'
[0.231s] Level 1:colcon.colcon_core.package_identification:_identify(turtlesim_ws/src/humanoid_locomotion_policy_example/h1_fullbody_controller) by extensions ['colcon_pkg']
[0.231s] Level 1:colcon.colcon_core.package_identification:_identify(turtlesim_ws/src/humanoid_locomotion_policy_example/h1_fullbody_controller) by extension 'colcon_pkg'
[0.231s] Level 1:colcon.colcon_core.package_identification:_identify(turtlesim_ws/src/humanoid_locomotion_policy_example/h1_fullbody_controller) by extensions ['colcon_meta']
[0.231s] Level 1:colcon.colcon_core.package_identification:_identify(turtlesim_ws/src/humanoid_locomotion_policy_example/h1_fullbody_controller) by extension 'colcon_meta'
[0.231s] Level 1:colcon.colcon_core.package_identification:_identify(turtlesim_ws/src/humanoid_locomotion_policy_example/h1_fullbody_controller) by extensions ['ros']
[0.231s] Level 1:colcon.colcon_core.package_identification:_identify(turtlesim_ws/src/humanoid_locomotion_policy_example/h1_fullbody_controller) by extension 'ros'
[0.232s] DEBUG:colcon.colcon_core.package_identification:Package 'turtlesim_ws/src/humanoid_locomotion_policy_example/h1_fullbody_controller' with type 'ros.ament_cmake' and name 'h1_fullbody_controller'
[0.232s] Level 1:colcon.colcon_core.package_identification:_identify(turtlesim_ws/src/isaac_ros2_messages) by extensions ['ignore', 'ignore_ament_install']
[0.232s] Level 1:colcon.colcon_core.package_identification:_identify(turtlesim_ws/src/isaac_ros2_messages) by extension 'ignore'
[0.232s] Level 1:colcon.colcon_core.package_identification:_identify(turtlesim_ws/src/isaac_ros2_messages) by extension 'ignore_ament_install'
[0.232s] Level 1:colcon.colcon_core.package_identification:_identify(turtlesim_ws/src/isaac_ros2_messages) by extensions ['colcon_pkg']
[0.232s] Level 1:colcon.colcon_core.package_identification:_identify(turtlesim_ws/src/isaac_ros2_messages) by extension 'colcon_pkg'
[0.232s] Level 1:colcon.colcon_core.package_identification:_identify(turtlesim_ws/src/isaac_ros2_messages) by extensions ['colcon_meta']
[0.232s] Level 1:colcon.colcon_core.package_identification:_identify(turtlesim_ws/src/isaac_ros2_messages) by extension 'colcon_meta'
[0.232s] Level 1:colcon.colcon_core.package_identification:_identify(turtlesim_ws/src/isaac_ros2_messages) by extensions ['ros']
[0.232s] Level 1:colcon.colcon_core.package_identification:_identify(turtlesim_ws/src/isaac_ros2_messages) by extension 'ros'
[0.233s] DEBUG:colcon.colcon_core.package_identification:Package 'turtlesim_ws/src/isaac_ros2_messages' with type 'ros.ament_cmake' and name 'isaac_ros2_messages'
[0.233s] Level 1:colcon.colcon_core.package_identification:_identify(turtlesim_ws/src/isaac_tutorials) by extensions ['ignore', 'ignore_ament_install']
[0.233s] Level 1:colcon.colcon_core.package_identification:_identify(turtlesim_ws/src/isaac_tutorials) by extension 'ignore'
[0.233s] Level 1:colcon.colcon_core.package_identification:_identify(turtlesim_ws/src/isaac_tutorials) by extension 'ignore_ament_install'
[0.233s] Level 1:colcon.colcon_core.package_identification:_identify(turtlesim_ws/src/isaac_tutorials) by extensions ['colcon_pkg']
[0.233s] Level 1:colcon.colcon_core.package_identification:_identify(turtlesim_ws/src/isaac_tutorials) by extension 'colcon_pkg'
[0.233s] Level 1:colcon.colcon_core.package_identification:_identify(turtlesim_ws/src/isaac_tutorials) by extensions ['colcon_meta']
[0.233s] Level 1:colcon.colcon_core.package_identification:_identify(turtlesim_ws/src/isaac_tutorials) by extension 'colcon_meta'
[0.234s] Level 1:colcon.colcon_core.package_identification:_identify(turtlesim_ws/src/isaac_tutorials) by extensions ['ros']
[0.234s] Level 1:colcon.colcon_core.package_identification:_identify(turtlesim_ws/src/isaac_tutorials) by extension 'ros'
[0.234s] DEBUG:colcon.colcon_core.package_identification:Package 'turtlesim_ws/src/isaac_tutorials' with type 'ros.ament_cmake' and name 'isaac_tutorials'
[0.234s] Level 1:colcon.colcon_core.package_identification:_identify(turtlesim_ws/src/isaacsim) by extensions ['ignore', 'ignore_ament_install']
[0.234s] Level 1:colcon.colcon_core.package_identification:_identify(turtlesim_ws/src/isaacsim) by extension 'ignore'
[0.234s] Level 1:colcon.colcon_core.package_identification:_identify(turtlesim_ws/src/isaacsim) by extension 'ignore_ament_install'
[0.234s] Level 1:colcon.colcon_core.package_identification:_identify(turtlesim_ws/src/isaacsim) by extensions ['colcon_pkg']
[0.235s] Level 1:colcon.colcon_core.package_identification:_identify(turtlesim_ws/src/isaacsim) by extension 'colcon_pkg'
[0.235s] Level 1:colcon.colcon_core.package_identification:_identify(turtlesim_ws/src/isaacsim) by extensions ['colcon_meta']
[0.235s] Level 1:colcon.colcon_core.package_identification:_identify(turtlesim_ws/src/isaacsim) by extension 'colcon_meta'
[0.235s] Level 1:colcon.colcon_core.package_identification:_identify(turtlesim_ws/src/isaacsim) by extensions ['ros']
[0.235s] Level 1:colcon.colcon_core.package_identification:_identify(turtlesim_ws/src/isaacsim) by extension 'ros'
[0.235s] DEBUG:colcon.colcon_core.package_identification:Package 'turtlesim_ws/src/isaacsim' with type 'ros.ament_cmake' and name 'isaacsim'
[0.235s] Level 1:colcon.colcon_core.package_identification:_identify(turtlesim_ws/src/issac_sim) by extensions ['ignore', 'ignore_ament_install']
[0.235s] Level 1:colcon.colcon_core.package_identification:_identify(turtlesim_ws/src/issac_sim) by extension 'ignore'
[0.236s] Level 1:colcon.colcon_core.package_identification:_identify(turtlesim_ws/src/issac_sim) by extension 'ignore_ament_install'
[0.236s] Level 1:colcon.colcon_core.package_identification:_identify(turtlesim_ws/src/issac_sim) by extensions ['colcon_pkg']
[0.236s] Level 1:colcon.colcon_core.package_identification:_identify(turtlesim_ws/src/issac_sim) by extension 'colcon_pkg'
[0.236s] Level 1:colcon.colcon_core.package_identification:_identify(turtlesim_ws/src/issac_sim) by extensions ['colcon_meta']
[0.236s] Level 1:colcon.colcon_core.package_identification:_identify(turtlesim_ws/src/issac_sim) by extension 'colcon_meta'
[0.236s] Level 1:colcon.colcon_core.package_identification:_identify(turtlesim_ws/src/issac_sim) by extensions ['ros']
[0.236s] Level 1:colcon.colcon_core.package_identification:_identify(turtlesim_ws/src/issac_sim) by extension 'ros'
[0.236s] DEBUG:colcon.colcon_core.package_identification:Package 'turtlesim_ws/src/issac_sim' with type 'ros.ament_python' and name 'issac_sim'
[0.236s] Level 1:colcon.colcon_core.package_identification:_identify(turtlesim_ws/src/moveit) by extensions ['ignore', 'ignore_ament_install']
[0.237s] Level 1:colcon.colcon_core.package_identification:_identify(turtlesim_ws/src/moveit) by extension 'ignore'
[0.237s] Level 1:colcon.colcon_core.package_identification:_identify(turtlesim_ws/src/moveit) by extension 'ignore_ament_install'
[0.237s] Level 1:colcon.colcon_core.package_identification:_identify(turtlesim_ws/src/moveit) by extensions ['colcon_pkg']
[0.237s] Level 1:colcon.colcon_core.package_identification:_identify(turtlesim_ws/src/moveit) by extension 'colcon_pkg'
[0.237s] Level 1:colcon.colcon_core.package_identification:_identify(turtlesim_ws/src/moveit) by extensions ['colcon_meta']
[0.237s] Level 1:colcon.colcon_core.package_identification:_identify(turtlesim_ws/src/moveit) by extension 'colcon_meta'
[0.237s] Level 1:colcon.colcon_core.package_identification:_identify(turtlesim_ws/src/moveit) by extensions ['ros']
[0.237s] Level 1:colcon.colcon_core.package_identification:_identify(turtlesim_ws/src/moveit) by extension 'ros'
[0.237s] Level 1:colcon.colcon_core.package_identification:_identify(turtlesim_ws/src/moveit) by extensions ['cmake', 'python']
[0.237s] Level 1:colcon.colcon_core.package_identification:_identify(turtlesim_ws/src/moveit) by extension 'cmake'
[0.237s] Level 1:colcon.colcon_core.package_identification:_identify(turtlesim_ws/src/moveit) by extension 'python'
[0.237s] Level 1:colcon.colcon_core.package_identification:_identify(turtlesim_ws/src/moveit) by extensions ['python_setup_py']
[0.237s] Level 1:colcon.colcon_core.package_identification:_identify(turtlesim_ws/src/moveit) by extension 'python_setup_py'
[0.238s] Level 1:colcon.colcon_core.package_identification:_identify(turtlesim_ws/src/moveit/isaac_moveit) by extensions ['ignore', 'ignore_ament_install']
[0.238s] Level 1:colcon.colcon_core.package_identification:_identify(turtlesim_ws/src/moveit/isaac_moveit) by extension 'ignore'
[0.238s] Level 1:colcon.colcon_core.package_identification:_identify(turtlesim_ws/src/moveit/isaac_moveit) by extension 'ignore_ament_install'
[0.238s] Level 1:colcon.colcon_core.package_identification:_identify(turtlesim_ws/src/moveit/isaac_moveit) by extensions ['colcon_pkg']
[0.238s] Level 1:colcon.colcon_core.package_identification:_identify(turtlesim_ws/src/moveit/isaac_moveit) by extension 'colcon_pkg'
[0.238s] Level 1:colcon.colcon_core.package_identification:_identify(turtlesim_ws/src/moveit/isaac_moveit) by extensions ['colcon_meta']
[0.238s] Level 1:colcon.colcon_core.package_identification:_identify(turtlesim_ws/src/moveit/isaac_moveit) by extension 'colcon_meta'
[0.238s] Level 1:colcon.colcon_core.package_identification:_identify(turtlesim_ws/src/moveit/isaac_moveit) by extensions ['ros']
[0.238s] Level 1:colcon.colcon_core.package_identification:_identify(turtlesim_ws/src/moveit/isaac_moveit) by extension 'ros'
[0.239s] DEBUG:colcon.colcon_core.package_identification:Package 'turtlesim_ws/src/moveit/isaac_moveit' with type 'ros.ament_cmake' and name 'isaac_moveit'
[0.239s] Level 1:colcon.colcon_core.package_identification:_identify(turtlesim_ws/src/my_turtlesim) by extensions ['ignore', 'ignore_ament_install']
[0.239s] Level 1:colcon.colcon_core.package_identification:_identify(turtlesim_ws/src/my_turtlesim) by extension 'ignore'
[0.239s] Level 1:colcon.colcon_core.package_identification:_identify(turtlesim_ws/src/my_turtlesim) by extension 'ignore_ament_install'
[0.239s] Level 1:colcon.colcon_core.package_identification:_identify(turtlesim_ws/src/my_turtlesim) by extensions ['colcon_pkg']
[0.239s] Level 1:colcon.colcon_core.package_identification:_identify(turtlesim_ws/src/my_turtlesim) by extension 'colcon_pkg'
[0.239s] Level 1:colcon.colcon_core.package_identification:_identify(turtlesim_ws/src/my_turtlesim) by extensions ['colcon_meta']
[0.239s] Level 1:colcon.colcon_core.package_identification:_identify(turtlesim_ws/src/my_turtlesim) by extension 'colcon_meta'
[0.239s] Level 1:colcon.colcon_core.package_identification:_identify(turtlesim_ws/src/my_turtlesim) by extensions ['ros']
[0.239s] Level 1:colcon.colcon_core.package_identification:_identify(turtlesim_ws/src/my_turtlesim) by extension 'ros'
[0.240s] DEBUG:colcon.colcon_core.package_identification:Package 'turtlesim_ws/src/my_turtlesim' with type 'ros.ament_python' and name 'my_turtlesim'
[0.240s] Level 1:colcon.colcon_core.package_identification:_identify(turtlesim_ws/src/navigation) by extensions ['ignore', 'ignore_ament_install']
[0.240s] Level 1:colcon.colcon_core.package_identification:_identify(turtlesim_ws/src/navigation) by extension 'ignore'
[0.240s] Level 1:colcon.colcon_core.package_identification:_identify(turtlesim_ws/src/navigation) by extension 'ignore_ament_install'
[0.240s] Level 1:colcon.colcon_core.package_identification:_identify(turtlesim_ws/src/navigation) by extensions ['colcon_pkg']
[0.240s] Level 1:colcon.colcon_core.package_identification:_identify(turtlesim_ws/src/navigation) by extension 'colcon_pkg'
[0.240s] Level 1:colcon.colcon_core.package_identification:_identify(turtlesim_ws/src/navigation) by extensions ['colcon_meta']
[0.240s] Level 1:colcon.colcon_core.package_identification:_identify(turtlesim_ws/src/navigation) by extension 'colcon_meta'
[0.240s] Level 1:colcon.colcon_core.package_identification:_identify(turtlesim_ws/src/navigation) by extensions ['ros']
[0.241s] Level 1:colcon.colcon_core.package_identification:_identify(turtlesim_ws/src/navigation) by extension 'ros'
[0.241s] Level 1:colcon.colcon_core.package_identification:_identify(turtlesim_ws/src/navigation) by extensions ['cmake', 'python']
[0.241s] Level 1:colcon.colcon_core.package_identification:_identify(turtlesim_ws/src/navigation) by extension 'cmake'
[0.241s] Level 1:colcon.colcon_core.package_identification:_identify(turtlesim_ws/src/navigation) by extension 'python'
[0.241s] Level 1:colcon.colcon_core.package_identification:_identify(turtlesim_ws/src/navigation) by extensions ['python_setup_py']
[0.241s] Level 1:colcon.colcon_core.package_identification:_identify(turtlesim_ws/src/navigation) by extension 'python_setup_py'
[0.241s] Level 1:colcon.colcon_core.package_identification:_identify(turtlesim_ws/src/navigation/carter_navigation) by extensions ['ignore', 'ignore_ament_install']
[0.241s] Level 1:colcon.colcon_core.package_identification:_identify(turtlesim_ws/src/navigation/carter_navigation) by extension 'ignore'
[0.241s] Level 1:colcon.colcon_core.package_identification:_identify(turtlesim_ws/src/navigation/carter_navigation) by extension 'ignore_ament_install'
[0.241s] Level 1:colcon.colcon_core.package_identification:_identify(turtlesim_ws/src/navigation/carter_navigation) by extensions ['colcon_pkg']
[0.241s] Level 1:colcon.colcon_core.package_identification:_identify(turtlesim_ws/src/navigation/carter_navigation) by extension 'colcon_pkg'
[0.241s] Level 1:colcon.colcon_core.package_identification:_identify(turtlesim_ws/src/navigation/carter_navigation) by extensions ['colcon_meta']
[0.241s] Level 1:colcon.colcon_core.package_identification:_identify(turtlesim_ws/src/navigation/carter_navigation) by extension 'colcon_meta'
[0.242s] Level 1:colcon.colcon_core.package_identification:_identify(turtlesim_ws/src/navigation/carter_navigation) by extensions ['ros']
[0.242s] Level 1:colcon.colcon_core.package_identification:_identify(turtlesim_ws/src/navigation/carter_navigation) by extension 'ros'
[0.242s] DEBUG:colcon.colcon_core.package_identification:Package 'turtlesim_ws/src/navigation/carter_navigation' with type 'ros.ament_cmake' and name 'carter_navigation'
[0.242s] Level 1:colcon.colcon_core.package_identification:_identify(turtlesim_ws/src/navigation/isaac_ros_navigation_goal) by extensions ['ignore', 'ignore_ament_install']
[0.242s] Level 1:colcon.colcon_core.package_identification:_identify(turtlesim_ws/src/navigation/isaac_ros_navigation_goal) by extension 'ignore'
[0.243s] Level 1:colcon.colcon_core.package_identification:_identify(turtlesim_ws/src/navigation/isaac_ros_navigation_goal) by extension 'ignore_ament_install'
[0.243s] Level 1:colcon.colcon_core.package_identification:_identify(turtlesim_ws/src/navigation/isaac_ros_navigation_goal) by extensions ['colcon_pkg']
[0.243s] Level 1:colcon.colcon_core.package_identification:_identify(turtlesim_ws/src/navigation/isaac_ros_navigation_goal) by extension 'colcon_pkg'
[0.243s] Level 1:colcon.colcon_core.package_identification:_identify(turtlesim_ws/src/navigation/isaac_ros_navigation_goal) by extensions ['colcon_meta']
[0.243s] Level 1:colcon.colcon_core.package_identification:_identify(turtlesim_ws/src/navigation/isaac_ros_navigation_goal) by extension 'colcon_meta'
[0.243s] Level 1:colcon.colcon_core.package_identification:_identify(turtlesim_ws/src/navigation/isaac_ros_navigation_goal) by extensions ['ros']
[0.243s] Level 1:colcon.colcon_core.package_identification:_identify(turtlesim_ws/src/navigation/isaac_ros_navigation_goal) by extension 'ros'
[0.243s] DEBUG:colcon.colcon_core.package_identification:Package 'turtlesim_ws/src/navigation/isaac_ros_navigation_goal' with type 'ros.ament_python' and name 'isaac_ros_navigation_goal'
[0.244s] Level 1:colcon.colcon_core.package_identification:_identify(turtlesim_ws/src/navigation/iw_hub_navigation) by extensions ['ignore', 'ignore_ament_install']
[0.244s] Level 1:colcon.colcon_core.package_identification:_identify(turtlesim_ws/src/navigation/iw_hub_navigation) by extension 'ignore'
[0.244s] Level 1:colcon.colcon_core.package_identification:_identify(turtlesim_ws/src/navigation/iw_hub_navigation) by extension 'ignore_ament_install'
[0.244s] Level 1:colcon.colcon_core.package_identification:_identify(turtlesim_ws/src/navigation/iw_hub_navigation) by extensions ['colcon_pkg']
[0.244s] Level 1:colcon.colcon_core.package_identification:_identify(turtlesim_ws/src/navigation/iw_hub_navigation) by extension 'colcon_pkg'
[0.244s] Level 1:colcon.colcon_core.package_identification:_identify(turtlesim_ws/src/navigation/iw_hub_navigation) by extensions ['colcon_meta']
[0.244s] Level 1:colcon.colcon_core.package_identification:_identify(turtlesim_ws/src/navigation/iw_hub_navigation) by extension 'colcon_meta'
[0.244s] Level 1:colcon.colcon_core.package_identification:_identify(turtlesim_ws/src/navigation/iw_hub_navigation) by extensions ['ros']
[0.244s] Level 1:colcon.colcon_core.package_identification:_identify(turtlesim_ws/src/navigation/iw_hub_navigation) by extension 'ros'
[0.245s] DEBUG:colcon.colcon_core.package_identification:Package 'turtlesim_ws/src/navigation/iw_hub_navigation' with type 'ros.ament_cmake' and name 'iw_hub_navigation'
[0.245s] Level 1:colcon.colcon_core.package_identification:_identify(turtlesim_ws/src/ros-controls) by extensions ['ignore', 'ignore_ament_install']
[0.245s] Level 1:colcon.colcon_core.package_identification:_identify(turtlesim_ws/src/ros-controls) by extension 'ignore'
[0.245s] Level 1:colcon.colcon_core.package_identification:_identify(turtlesim_ws/src/ros-controls) by extension 'ignore_ament_install'
[0.245s] Level 1:colcon.colcon_core.package_identification:_identify(turtlesim_ws/src/ros-controls) by extensions ['colcon_pkg']
[0.245s] Level 1:colcon.colcon_core.package_identification:_identify(turtlesim_ws/src/ros-controls) by extension 'colcon_pkg'
[0.245s] Level 1:colcon.colcon_core.package_identification:_identify(turtlesim_ws/src/ros-controls) by extensions ['colcon_meta']
[0.245s] Level 1:colcon.colcon_core.package_identification:_identify(turtlesim_ws/src/ros-controls) by extension 'colcon_meta'
[0.245s] Level 1:colcon.colcon_core.package_identification:_identify(turtlesim_ws/src/ros-controls) by extensions ['ros']
[0.246s] Level 1:colcon.colcon_core.package_identification:_identify(turtlesim_ws/src/ros-controls) by extension 'ros'
[0.246s] Level 1:colcon.colcon_core.package_identification:_identify(turtlesim_ws/src/ros-controls) by extensions ['cmake', 'python']
[0.246s] Level 1:colcon.colcon_core.package_identification:_identify(turtlesim_ws/src/ros-controls) by extension 'cmake'
[0.246s] Level 1:colcon.colcon_core.package_identification:_identify(turtlesim_ws/src/ros-controls) by extension 'python'
[0.246s] Level 1:colcon.colcon_core.package_identification:_identify(turtlesim_ws/src/ros-controls) by extensions ['python_setup_py']
[0.246s] Level 1:colcon.colcon_core.package_identification:_identify(turtlesim_ws/src/ros-controls) by extension 'python_setup_py'
[0.246s] Level 1:colcon.colcon_core.package_identification:_identify(turtlesim_ws/src/ros-controls/control_msgs) by extensions ['ignore', 'ignore_ament_install']
[0.246s] Level 1:colcon.colcon_core.package_identification:_identify(turtlesim_ws/src/ros-controls/control_msgs) by extension 'ignore'
[0.246s] Level 1:colcon.colcon_core.package_identification:_identify(turtlesim_ws/src/ros-controls/control_msgs) by extension 'ignore_ament_install'
[0.246s] Level 1:colcon.colcon_core.package_identification:_identify(turtlesim_ws/src/ros-controls/control_msgs) by extensions ['colcon_pkg']
[0.246s] Level 1:colcon.colcon_core.package_identification:_identify(turtlesim_ws/src/ros-controls/control_msgs) by extension 'colcon_pkg'
[0.246s] Level 1:colcon.colcon_core.package_identification:_identify(turtlesim_ws/src/ros-controls/control_msgs) by extensions ['colcon_meta']
[0.246s] Level 1:colcon.colcon_core.package_identification:_identify(turtlesim_ws/src/ros-controls/control_msgs) by extension 'colcon_meta'
[0.247s] Level 1:colcon.colcon_core.package_identification:_identify(turtlesim_ws/src/ros-controls/control_msgs) by extensions ['ros']
[0.247s] Level 1:colcon.colcon_core.package_identification:_identify(turtlesim_ws/src/ros-controls/control_msgs) by extension 'ros'
[0.247s] Level 1:colcon.colcon_core.package_identification:_identify(turtlesim_ws/src/ros-controls/control_msgs) by extensions ['cmake', 'python']
[0.247s] Level 1:colcon.colcon_core.package_identification:_identify(turtlesim_ws/src/ros-controls/control_msgs) by extension 'cmake'
[0.247s] Level 1:colcon.colcon_core.package_identification:_identify(turtlesim_ws/src/ros-controls/control_msgs) by extension 'python'
[0.247s] Level 1:colcon.colcon_core.package_identification:_identify(turtlesim_ws/src/ros-controls/control_msgs) by extensions ['python_setup_py']
[0.247s] Level 1:colcon.colcon_core.package_identification:_identify(turtlesim_ws/src/ros-controls/control_msgs) by extension 'python_setup_py'
[0.247s] Level 1:colcon.colcon_core.package_identification:_identify(turtlesim_ws/src/ros-controls/control_toolbox) by extensions ['ignore', 'ignore_ament_install']
[0.247s] Level 1:colcon.colcon_core.package_identification:_identify(turtlesim_ws/src/ros-controls/control_toolbox) by extension 'ignore'
[0.247s] Level 1:colcon.colcon_core.package_identification:_identify(turtlesim_ws/src/ros-controls/control_toolbox) by extension 'ignore_ament_install'
[0.247s] Level 1:colcon.colcon_core.package_identification:_identify(turtlesim_ws/src/ros-controls/control_toolbox) by extensions ['colcon_pkg']
[0.247s] Level 1:colcon.colcon_core.package_identification:_identify(turtlesim_ws/src/ros-controls/control_toolbox) by extension 'colcon_pkg'
[0.248s] Level 1:colcon.colcon_core.package_identification:_identify(turtlesim_ws/src/ros-controls/control_toolbox) by extensions ['colcon_meta']
[0.248s] Level 1:colcon.colcon_core.package_identification:_identify(turtlesim_ws/src/ros-controls/control_toolbox) by extension 'colcon_meta'
[0.248s] Level 1:colcon.colcon_core.package_identification:_identify(turtlesim_ws/src/ros-controls/control_toolbox) by extensions ['ros']
[0.248s] Level 1:colcon.colcon_core.package_identification:_identify(turtlesim_ws/src/ros-controls/control_toolbox) by extension 'ros'
[0.248s] Level 1:colcon.colcon_core.package_identification:_identify(turtlesim_ws/src/ros-controls/control_toolbox) by extensions ['cmake', 'python']
[0.248s] Level 1:colcon.colcon_core.package_identification:_identify(turtlesim_ws/src/ros-controls/control_toolbox) by extension 'cmake'
[0.248s] Level 1:colcon.colcon_core.package_identification:_identify(turtlesim_ws/src/ros-controls/control_toolbox) by extension 'python'
[0.248s] Level 1:colcon.colcon_core.package_identification:_identify(turtlesim_ws/src/ros-controls/control_toolbox) by extensions ['python_setup_py']
[0.248s] Level 1:colcon.colcon_core.package_identification:_identify(turtlesim_ws/src/ros-controls/control_toolbox) by extension 'python_setup_py'
[0.248s] Level 1:colcon.colcon_core.package_identification:_identify(turtlesim_ws/src/ros-controls/gz_ros2_control) by extensions ['ignore', 'ignore_ament_install']
[0.248s] Level 1:colcon.colcon_core.package_identification:_identify(turtlesim_ws/src/ros-controls/gz_ros2_control) by extension 'ignore'
[0.248s] Level 1:colcon.colcon_core.package_identification:_identify(turtlesim_ws/src/ros-controls/gz_ros2_control) by extension 'ignore_ament_install'
[0.248s] Level 1:colcon.colcon_core.package_identification:_identify(turtlesim_ws/src/ros-controls/gz_ros2_control) by extensions ['colcon_pkg']
[0.248s] Level 1:colcon.colcon_core.package_identification:_identify(turtlesim_ws/src/ros-controls/gz_ros2_control) by extension 'colcon_pkg'
[0.249s] Level 1:colcon.colcon_core.package_identification:_identify(turtlesim_ws/src/ros-controls/gz_ros2_control) by extensions ['colcon_meta']
[0.249s] Level 1:colcon.colcon_core.package_identification:_identify(turtlesim_ws/src/ros-controls/gz_ros2_control) by extension 'colcon_meta'
[0.249s] Level 1:colcon.colcon_core.package_identification:_identify(turtlesim_ws/src/ros-controls/gz_ros2_control) by extensions ['ros']
[0.249s] Level 1:colcon.colcon_core.package_identification:_identify(turtlesim_ws/src/ros-controls/gz_ros2_control) by extension 'ros'
[0.249s] Level 1:colcon.colcon_core.package_identification:_identify(turtlesim_ws/src/ros-controls/gz_ros2_control) by extensions ['cmake', 'python']
[0.249s] Level 1:colcon.colcon_core.package_identification:_identify(turtlesim_ws/src/ros-controls/gz_ros2_control) by extension 'cmake'
[0.249s] Level 1:colcon.colcon_core.package_identification:_identify(turtlesim_ws/src/ros-controls/gz_ros2_control) by extension 'python'
[0.249s] Level 1:colcon.colcon_core.package_identification:_identify(turtlesim_ws/src/ros-controls/gz_ros2_control) by extensions ['python_setup_py']
[0.249s] Level 1:colcon.colcon_core.package_identification:_identify(turtlesim_ws/src/ros-controls/gz_ros2_control) by extension 'python_setup_py'
[0.249s] Level 1:colcon.colcon_core.package_identification:_identify(turtlesim_ws/src/ros-controls/kinematics_interface) by extensions ['ignore', 'ignore_ament_install']
[0.249s] Level 1:colcon.colcon_core.package_identification:_identify(turtlesim_ws/src/ros-controls/kinematics_interface) by extension 'ignore'
[0.249s] Level 1:colcon.colcon_core.package_identification:_identify(turtlesim_ws/src/ros-controls/kinematics_interface) by extension 'ignore_ament_install'
[0.250s] Level 1:colcon.colcon_core.package_identification:_identify(turtlesim_ws/src/ros-controls/kinematics_interface) by extensions ['colcon_pkg']
[0.250s] Level 1:colcon.colcon_core.package_identification:_identify(turtlesim_ws/src/ros-controls/kinematics_interface) by extension 'colcon_pkg'
[0.250s] Level 1:colcon.colcon_core.package_identification:_identify(turtlesim_ws/src/ros-controls/kinematics_interface) by extensions ['colcon_meta']
[0.250s] Level 1:colcon.colcon_core.package_identification:_identify(turtlesim_ws/src/ros-controls/kinematics_interface) by extension 'colcon_meta'
[0.250s] Level 1:colcon.colcon_core.package_identification:_identify(turtlesim_ws/src/ros-controls/kinematics_interface) by extensions ['ros']
[0.250s] Level 1:colcon.colcon_core.package_identification:_identify(turtlesim_ws/src/ros-controls/kinematics_interface) by extension 'ros'
[0.250s] Level 1:colcon.colcon_core.package_identification:_identify(turtlesim_ws/src/ros-controls/kinematics_interface) by extensions ['cmake', 'python']
[0.250s] Level 1:colcon.colcon_core.package_identification:_identify(turtlesim_ws/src/ros-controls/kinematics_interface) by extension 'cmake'
[0.250s] Level 1:colcon.colcon_core.package_identification:_identify(turtlesim_ws/src/ros-controls/kinematics_interface) by extension 'python'
[0.250s] Level 1:colcon.colcon_core.package_identification:_identify(turtlesim_ws/src/ros-controls/kinematics_interface) by extensions ['python_setup_py']
[0.250s] Level 1:colcon.colcon_core.package_identification:_identify(turtlesim_ws/src/ros-controls/kinematics_interface) by extension 'python_setup_py'
[0.250s] Level 1:colcon.colcon_core.package_identification:_identify(turtlesim_ws/src/ros-controls/realtime_tools) by extensions ['ignore', 'ignore_ament_install']
[0.251s] Level 1:colcon.colcon_core.package_identification:_identify(turtlesim_ws/src/ros-controls/realtime_tools) by extension 'ignore'
[0.251s] Level 1:colcon.colcon_core.package_identification:_identify(turtlesim_ws/src/ros-controls/realtime_tools) by extension 'ignore_ament_install'
[0.251s] Level 1:colcon.colcon_core.package_identification:_identify(turtlesim_ws/src/ros-controls/realtime_tools) by extensions ['colcon_pkg']
[0.251s] Level 1:colcon.colcon_core.package_identification:_identify(turtlesim_ws/src/ros-controls/realtime_tools) by extension 'colcon_pkg'
[0.251s] Level 1:colcon.colcon_core.package_identification:_identify(turtlesim_ws/src/ros-controls/realtime_tools) by extensions ['colcon_meta']
[0.251s] Level 1:colcon.colcon_core.package_identification:_identify(turtlesim_ws/src/ros-controls/realtime_tools) by extension 'colcon_meta'
[0.251s] Level 1:colcon.colcon_core.package_identification:_identify(turtlesim_ws/src/ros-controls/realtime_tools) by extensions ['ros']
[0.251s] Level 1:colcon.colcon_core.package_identification:_identify(turtlesim_ws/src/ros-controls/realtime_tools) by extension 'ros'
[0.251s] Level 1:colcon.colcon_core.package_identification:_identify(turtlesim_ws/src/ros-controls/realtime_tools) by extensions ['cmake', 'python']
[0.251s] Level 1:colcon.colcon_core.package_identification:_identify(turtlesim_ws/src/ros-controls/realtime_tools) by extension 'cmake'
[0.251s] Level 1:colcon.colcon_core.package_identification:_identify(turtlesim_ws/src/ros-controls/realtime_tools) by extension 'python'
[0.251s] Level 1:colcon.colcon_core.package_identification:_identify(turtlesim_ws/src/ros-controls/realtime_tools) by extensions ['python_setup_py']
[0.251s] Level 1:colcon.colcon_core.package_identification:_identify(turtlesim_ws/src/ros-controls/realtime_tools) by extension 'python_setup_py'
[0.252s] Level 1:colcon.colcon_core.package_identification:_identify(turtlesim_ws/src/ros-controls/ros2_control) by extensions ['ignore', 'ignore_ament_install']
[0.252s] Level 1:colcon.colcon_core.package_identification:_identify(turtlesim_ws/src/ros-controls/ros2_control) by extension 'ignore'
[0.252s] Level 1:colcon.colcon_core.package_identification:_identify(turtlesim_ws/src/ros-controls/ros2_control) by extension 'ignore_ament_install'
[0.252s] Level 1:colcon.colcon_core.package_identification:_identify(turtlesim_ws/src/ros-controls/ros2_control) by extensions ['colcon_pkg']
[0.252s] Level 1:colcon.colcon_core.package_identification:_identify(turtlesim_ws/src/ros-controls/ros2_control) by extension 'colcon_pkg'
[0.252s] Level 1:colcon.colcon_core.package_identification:_identify(turtlesim_ws/src/ros-controls/ros2_control) by extensions ['colcon_meta']
[0.252s] Level 1:colcon.colcon_core.package_identification:_identify(turtlesim_ws/src/ros-controls/ros2_control) by extension 'colcon_meta'
[0.252s] Level 1:colcon.colcon_core.package_identification:_identify(turtlesim_ws/src/ros-controls/ros2_control) by extensions ['ros']
[0.252s] Level 1:colcon.colcon_core.package_identification:_identify(turtlesim_ws/src/ros-controls/ros2_control) by extension 'ros'
[0.252s] Level 1:colcon.colcon_core.package_identification:_identify(turtlesim_ws/src/ros-controls/ros2_control) by extensions ['cmake', 'python']
[0.252s] Level 1:colcon.colcon_core.package_identification:_identify(turtlesim_ws/src/ros-controls/ros2_control) by extension 'cmake'
[0.252s] Level 1:colcon.colcon_core.package_identification:_identify(turtlesim_ws/src/ros-controls/ros2_control) by extension 'python'
[0.253s] Level 1:colcon.colcon_core.package_identification:_identify(turtlesim_ws/src/ros-controls/ros2_control) by extensions ['python_setup_py']
[0.253s] Level 1:colcon.colcon_core.package_identification:_identify(turtlesim_ws/src/ros-controls/ros2_control) by extension 'python_setup_py'
[0.253s] Level 1:colcon.colcon_core.package_identification:_identify(turtlesim_ws/src/ros-controls/ros2_control_cmake) by extensions ['ignore', 'ignore_ament_install']
[0.253s] Level 1:colcon.colcon_core.package_identification:_identify(turtlesim_ws/src/ros-controls/ros2_control_cmake) by extension 'ignore'
[0.253s] Level 1:colcon.colcon_core.package_identification:_identify(turtlesim_ws/src/ros-controls/ros2_control_cmake) by extension 'ignore_ament_install'
[0.253s] Level 1:colcon.colcon_core.package_identification:_identify(turtlesim_ws/src/ros-controls/ros2_control_cmake) by extensions ['colcon_pkg']
[0.253s] Level 1:colcon.colcon_core.package_identification:_identify(turtlesim_ws/src/ros-controls/ros2_control_cmake) by extension 'colcon_pkg'
[0.253s] Level 1:colcon.colcon_core.package_identification:_identify(turtlesim_ws/src/ros-controls/ros2_control_cmake) by extensions ['colcon_meta']
[0.253s] Level 1:colcon.colcon_core.package_identification:_identify(turtlesim_ws/src/ros-controls/ros2_control_cmake) by extension 'colcon_meta'
[0.253s] Level 1:colcon.colcon_core.package_identification:_identify(turtlesim_ws/src/ros-controls/ros2_control_cmake) by extensions ['ros']
[0.253s] Level 1:colcon.colcon_core.package_identification:_identify(turtlesim_ws/src/ros-controls/ros2_control_cmake) by extension 'ros'
[0.253s] Level 1:colcon.colcon_core.package_identification:_identify(turtlesim_ws/src/ros-controls/ros2_control_cmake) by extensions ['cmake', 'python']
[0.254s] Level 1:colcon.colcon_core.package_identification:_identify(turtlesim_ws/src/ros-controls/ros2_control_cmake) by extension 'cmake'
[0.254s] Level 1:colcon.colcon_core.package_identification:_identify(turtlesim_ws/src/ros-controls/ros2_control_cmake) by extension 'python'
[0.254s] Level 1:colcon.colcon_core.package_identification:_identify(turtlesim_ws/src/ros-controls/ros2_control_cmake) by extensions ['python_setup_py']
[0.254s] Level 1:colcon.colcon_core.package_identification:_identify(turtlesim_ws/src/ros-controls/ros2_control_cmake) by extension 'python_setup_py'
[0.254s] Level 1:colcon.colcon_core.package_identification:_identify(turtlesim_ws/src/ros-controls/ros2_control_demos) by extensions ['ignore', 'ignore_ament_install']
[0.254s] Level 1:colcon.colcon_core.package_identification:_identify(turtlesim_ws/src/ros-controls/ros2_control_demos) by extension 'ignore'
[0.254s] Level 1:colcon.colcon_core.package_identification:_identify(turtlesim_ws/src/ros-controls/ros2_control_demos) by extension 'ignore_ament_install'
[0.254s] Level 1:colcon.colcon_core.package_identification:_identify(turtlesim_ws/src/ros-controls/ros2_control_demos) by extensions ['colcon_pkg']
[0.254s] Level 1:colcon.colcon_core.package_identification:_identify(turtlesim_ws/src/ros-controls/ros2_control_demos) by extension 'colcon_pkg'
[0.254s] Level 1:colcon.colcon_core.package_identification:_identify(turtlesim_ws/src/ros-controls/ros2_control_demos) by extensions ['colcon_meta']
[0.254s] Level 1:colcon.colcon_core.package_identification:_identify(turtlesim_ws/src/ros-controls/ros2_control_demos) by extension 'colcon_meta'
[0.255s] Level 1:colcon.colcon_core.package_identification:_identify(turtlesim_ws/src/ros-controls/ros2_control_demos) by extensions ['ros']
[0.255s] Level 1:colcon.colcon_core.package_identification:_identify(turtlesim_ws/src/ros-controls/ros2_control_demos) by extension 'ros'
[0.255s] Level 1:colcon.colcon_core.package_identification:_identify(turtlesim_ws/src/ros-controls/ros2_control_demos) by extensions ['cmake', 'python']
[0.255s] Level 1:colcon.colcon_core.package_identification:_identify(turtlesim_ws/src/ros-controls/ros2_control_demos) by extension 'cmake'
[0.255s] Level 1:colcon.colcon_core.package_identification:_identify(turtlesim_ws/src/ros-controls/ros2_control_demos) by extension 'python'
[0.255s] Level 1:colcon.colcon_core.package_identification:_identify(turtlesim_ws/src/ros-controls/ros2_control_demos) by extensions ['python_setup_py']
[0.255s] Level 1:colcon.colcon_core.package_identification:_identify(turtlesim_ws/src/ros-controls/ros2_control_demos) by extension 'python_setup_py'
[0.255s] Level 1:colcon.colcon_core.package_identification:_identify(turtlesim_ws/src/ros-controls/ros2_controllers) by extensions ['ignore', 'ignore_ament_install']
[0.255s] Level 1:colcon.colcon_core.package_identification:_identify(turtlesim_ws/src/ros-controls/ros2_controllers) by extension 'ignore'
[0.255s] Level 1:colcon.colcon_core.package_identification:_identify(turtlesim_ws/src/ros-controls/ros2_controllers) by extension 'ignore_ament_install'
[0.255s] Level 1:colcon.colcon_core.package_identification:_identify(turtlesim_ws/src/ros-controls/ros2_controllers) by extensions ['colcon_pkg']
[0.255s] Level 1:colcon.colcon_core.package_identification:_identify(turtlesim_ws/src/ros-controls/ros2_controllers) by extension 'colcon_pkg'
[0.256s] Level 1:colcon.colcon_core.package_identification:_identify(turtlesim_ws/src/ros-controls/ros2_controllers) by extensions ['colcon_meta']
[0.256s] Level 1:colcon.colcon_core.package_identification:_identify(turtlesim_ws/src/ros-controls/ros2_controllers) by extension 'colcon_meta'
[0.256s] Level 1:colcon.colcon_core.package_identification:_identify(turtlesim_ws/src/ros-controls/ros2_controllers) by extensions ['ros']
[0.256s] Level 1:colcon.colcon_core.package_identification:_identify(turtlesim_ws/src/ros-controls/ros2_controllers) by extension 'ros'
[0.256s] Level 1:colcon.colcon_core.package_identification:_identify(turtlesim_ws/src/ros-controls/ros2_controllers) by extensions ['cmake', 'python']
[0.256s] Level 1:colcon.colcon_core.package_identification:_identify(turtlesim_ws/src/ros-controls/ros2_controllers) by extension 'cmake'
[0.256s] Level 1:colcon.colcon_core.package_identification:_identify(turtlesim_ws/src/ros-controls/ros2_controllers) by extension 'python'
[0.256s] Level 1:colcon.colcon_core.package_identification:_identify(turtlesim_ws/src/ros-controls/ros2_controllers) by extensions ['python_setup_py']
[0.256s] Level 1:colcon.colcon_core.package_identification:_identify(turtlesim_ws/src/ros-controls/ros2_controllers) by extension 'python_setup_py'
[0.256s] Level 1:colcon.colcon_core.package_identification:_identify(turtlesim_ws/src/ros-controls/topic_based_hardware_interfaces) by extensions ['ignore', 'ignore_ament_install']
[0.256s] Level 1:colcon.colcon_core.package_identification:_identify(turtlesim_ws/src/ros-controls/topic_based_hardware_interfaces) by extension 'ignore'
[0.257s] Level 1:colcon.colcon_core.package_identification:_identify(turtlesim_ws/src/ros-controls/topic_based_hardware_interfaces) by extension 'ignore_ament_install'
[0.257s] Level 1:colcon.colcon_core.package_identification:_identify(turtlesim_ws/src/ros-controls/topic_based_hardware_interfaces) by extensions ['colcon_pkg']
[0.257s] Level 1:colcon.colcon_core.package_identification:_identify(turtlesim_ws/src/ros-controls/topic_based_hardware_interfaces) by extension 'colcon_pkg'
[0.257s] Level 1:colcon.colcon_core.package_identification:_identify(turtlesim_ws/src/ros-controls/topic_based_hardware_interfaces) by extensions ['colcon_meta']
[0.257s] Level 1:colcon.colcon_core.package_identification:_identify(turtlesim_ws/src/ros-controls/topic_based_hardware_interfaces) by extension 'colcon_meta'
[0.257s] Level 1:colcon.colcon_core.package_identification:_identify(turtlesim_ws/src/ros-controls/topic_based_hardware_interfaces) by extensions ['ros']
[0.257s] Level 1:colcon.colcon_core.package_identification:_identify(turtlesim_ws/src/ros-controls/topic_based_hardware_interfaces) by extension 'ros'
[0.257s] Level 1:colcon.colcon_core.package_identification:_identify(turtlesim_ws/src/ros-controls/topic_based_hardware_interfaces) by extensions ['cmake', 'python']
[0.257s] Level 1:colcon.colcon_core.package_identification:_identify(turtlesim_ws/src/ros-controls/topic_based_hardware_interfaces) by extension 'cmake'
[0.257s] Level 1:colcon.colcon_core.package_identification:_identify(turtlesim_ws/src/ros-controls/topic_based_hardware_interfaces) by extension 'python'
[0.257s] Level 1:colcon.colcon_core.package_identification:_identify(turtlesim_ws/src/ros-controls/topic_based_hardware_interfaces) by extensions ['python_setup_py']
[0.257s] Level 1:colcon.colcon_core.package_identification:_identify(turtlesim_ws/src/ros-controls/topic_based_hardware_interfaces) by extension 'python_setup_py'
[0.257s] Level 1:colcon.colcon_core.package_identification:_identify(turtlesim_ws/src/ros_gz_example_application) by extensions ['ignore', 'ignore_ament_install']
[0.258s] Level 1:colcon.colcon_core.package_identification:_identify(turtlesim_ws/src/ros_gz_example_application) by extension 'ignore'
[0.258s] Level 1:colcon.colcon_core.package_identification:_identify(turtlesim_ws/src/ros_gz_example_application) by extension 'ignore_ament_install'
[0.258s] Level 1:colcon.colcon_core.package_identification:_identify(turtlesim_ws/src/ros_gz_example_application) by extensions ['colcon_pkg']
[0.258s] Level 1:colcon.colcon_core.package_identification:_identify(turtlesim_ws/src/ros_gz_example_application) by extension 'colcon_pkg'
[0.258s] Level 1:colcon.colcon_core.package_identification:_identify(turtlesim_ws/src/ros_gz_example_application) by extensions ['colcon_meta']
[0.258s] Level 1:colcon.colcon_core.package_identification:_identify(turtlesim_ws/src/ros_gz_example_application) by extension 'colcon_meta'
[0.258s] Level 1:colcon.colcon_core.package_identification:_identify(turtlesim_ws/src/ros_gz_example_application) by extensions ['ros']
[0.258s] Level 1:colcon.colcon_core.package_identification:_identify(turtlesim_ws/src/ros_gz_example_application) by extension 'ros'
[0.258s] DEBUG:colcon.colcon_core.package_identification:Package 'turtlesim_ws/src/ros_gz_example_application' with type 'ros.ament_cmake' and name 'ros_gz_example_application'
[0.259s] Level 1:colcon.colcon_core.package_identification:_identify(turtlesim_ws/src/ros_gz_example_bringup) by extensions ['ignore', 'ignore_ament_install']
[0.259s] Level 1:colcon.colcon_core.package_identification:_identify(turtlesim_ws/src/ros_gz_example_bringup) by extension 'ignore'
[0.259s] Level 1:colcon.colcon_core.package_identification:_identify(turtlesim_ws/src/ros_gz_example_bringup) by extension 'ignore_ament_install'
[0.259s] Level 1:colcon.colcon_core.package_identification:_identify(turtlesim_ws/src/ros_gz_example_bringup) by extensions ['colcon_pkg']
[0.259s] Level 1:colcon.colcon_core.package_identification:_identify(turtlesim_ws/src/ros_gz_example_bringup) by extension 'colcon_pkg'
[0.259s] Level 1:colcon.colcon_core.package_identification:_identify(turtlesim_ws/src/ros_gz_example_bringup) by extensions ['colcon_meta']
[0.259s] Level 1:colcon.colcon_core.package_identification:_identify(turtlesim_ws/src/ros_gz_example_bringup) by extension 'colcon_meta'
[0.259s] Level 1:colcon.colcon_core.package_identification:_identify(turtlesim_ws/src/ros_gz_example_bringup) by extensions ['ros']
[0.259s] Level 1:colcon.colcon_core.package_identification:_identify(turtlesim_ws/src/ros_gz_example_bringup) by extension 'ros'
[0.260s] DEBUG:colcon.colcon_core.package_identification:Package 'turtlesim_ws/src/ros_gz_example_bringup' with type 'ros.ament_cmake' and name 'ros_gz_example_bringup'
[0.260s] Level 1:colcon.colcon_core.package_identification:_identify(turtlesim_ws/src/ros_gz_example_description) by extensions ['ignore', 'ignore_ament_install']
[0.260s] Level 1:colcon.colcon_core.package_identification:_identify(turtlesim_ws/src/ros_gz_example_description) by extension 'ignore'
[0.260s] Level 1:colcon.colcon_core.package_identification:_identify(turtlesim_ws/src/ros_gz_example_description) by extension 'ignore_ament_install'
[0.260s] Level 1:colcon.colcon_core.package_identification:_identify(turtlesim_ws/src/ros_gz_example_description) by extensions ['colcon_pkg']
[0.260s] Level 1:colcon.colcon_core.package_identification:_identify(turtlesim_ws/src/ros_gz_example_description) by extension 'colcon_pkg'
[0.260s] Level 1:colcon.colcon_core.package_identification:_identify(turtlesim_ws/src/ros_gz_example_description) by extensions ['colcon_meta']
[0.261s] Level 1:colcon.colcon_core.package_identification:_identify(turtlesim_ws/src/ros_gz_example_description) by extension 'colcon_meta'
[0.261s] Level 1:colcon.colcon_core.package_identification:_identify(turtlesim_ws/src/ros_gz_example_description) by extensions ['ros']
[0.261s] Level 1:colcon.colcon_core.package_identification:_identify(turtlesim_ws/src/ros_gz_example_description) by extension 'ros'
[0.261s] DEBUG:colcon.colcon_core.package_identification:Package 'turtlesim_ws/src/ros_gz_example_description' with type 'ros.ament_cmake' and name 'ros_gz_example_description'
[0.261s] Level 1:colcon.colcon_core.package_identification:_identify(turtlesim_ws/src/ros_gz_example_gazebo) by extensions ['ignore', 'ignore_ament_install']
[0.261s] Level 1:colcon.colcon_core.package_identification:_identify(turtlesim_ws/src/ros_gz_example_gazebo) by extension 'ignore'
[0.261s] Level 1:colcon.colcon_core.package_identification:_identify(turtlesim_ws/src/ros_gz_example_gazebo) by extension 'ignore_ament_install'
[0.262s] Level 1:colcon.colcon_core.package_identification:_identify(turtlesim_ws/src/ros_gz_example_gazebo) by extensions ['colcon_pkg']
[0.262s] Level 1:colcon.colcon_core.package_identification:_identify(turtlesim_ws/src/ros_gz_example_gazebo) by extension 'colcon_pkg'
[0.262s] Level 1:colcon.colcon_core.package_identification:_identify(turtlesim_ws/src/ros_gz_example_gazebo) by extensions ['colcon_meta']
[0.262s] Level 1:colcon.colcon_core.package_identification:_identify(turtlesim_ws/src/ros_gz_example_gazebo) by extension 'colcon_meta'
[0.262s] Level 1:colcon.colcon_core.package_identification:_identify(turtlesim_ws/src/ros_gz_example_gazebo) by extensions ['ros']
[0.262s] Level 1:colcon.colcon_core.package_identification:_identify(turtlesim_ws/src/ros_gz_example_gazebo) by extension 'ros'
[0.262s] DEBUG:colcon.colcon_core.package_identification:Package 'turtlesim_ws/src/ros_gz_example_gazebo' with type 'ros.ament_cmake' and name 'ros_gz_example_gazebo'
[0.262s] Level 1:colcon.colcon_core.package_discovery:discover_packages(recursive) using defaults
[0.262s] Level 1:colcon.colcon_core.package_discovery:discover_packages(ignore) discover
[0.263s] Level 1:colcon.colcon_core.package_discovery:discover_packages(ignore) using defaults
[0.263s] Level 1:colcon.colcon_core.package_discovery:discover_packages(path) discover
[0.263s] Level 1:colcon.colcon_core.package_discovery:discover_packages(path) using defaults
[0.285s] Level 5:colcon.colcon_core.verb:set package 'carter_navigation' build argument 'cmake_args' from command line to 'None'
[0.285s] Level 5:colcon.colcon_core.verb:set package 'carter_navigation' build argument 'cmake_target' from command line to 'None'
[0.285s] Level 5:colcon.colcon_core.verb:set package 'carter_navigation' build argument 'cmake_target_skip_unavailable' from command line to 'False'
[0.285s] Level 5:colcon.colcon_core.verb:set package 'carter_navigation' build argument 'cmake_clean_cache' from command line to 'False'
[0.285s] Level 5:colcon.colcon_core.verb:set package 'carter_navigation' build argument 'cmake_clean_first' from command line to 'False'
[0.285s] Level 5:colcon.colcon_core.verb:set package 'carter_navigation' build argument 'cmake_force_configure' from command line to 'False'
[0.285s] Level 5:colcon.colcon_core.verb:set package 'carter_navigation' build argument 'ament_cmake_args' from command line to 'None'
[0.285s] Level 5:colcon.colcon_core.verb:set package 'carter_navigation' build argument 'catkin_cmake_args' from command line to 'None'
[0.285s] Level 5:colcon.colcon_core.verb:set package 'carter_navigation' build argument 'catkin_skip_building_tests' from command line to 'False'
[0.285s] DEBUG:colcon.colcon_core.verb:Building package 'carter_navigation' with the following arguments: {'ament_cmake_args': None, 'build_base': '/workspaces/ros2-coding/build/carter_navigation', 'catkin_cmake_args': None, 'catkin_skip_building_tests': False, 'cmake_args': None, 'cmake_clean_cache': False, 'cmake_clean_first': False, 'cmake_force_configure': False, 'cmake_target': None, 'cmake_target_skip_unavailable': False, 'install_base': '/workspaces/ros2-coding/install/carter_navigation', 'merge_install': False, 'path': '/workspaces/ros2-coding/turtlesim_ws/src/navigation/carter_navigation', 'symlink_install': True, 'test_result_base': None}
[0.285s] Level 5:colcon.colcon_core.verb:set package 'cmdvel_to_ackermann' build argument 'cmake_args' from command line to 'None'
[0.285s] Level 5:colcon.colcon_core.verb:set package 'cmdvel_to_ackermann' build argument 'cmake_target' from command line to 'None'
[0.285s] Level 5:colcon.colcon_core.verb:set package 'cmdvel_to_ackermann' build argument 'cmake_target_skip_unavailable' from command line to 'False'
[0.285s] Level 5:colcon.colcon_core.verb:set package 'cmdvel_to_ackermann' build argument 'cmake_clean_cache' from command line to 'False'
[0.285s] Level 5:colcon.colcon_core.verb:set package 'cmdvel_to_ackermann' build argument 'cmake_clean_first' from command line to 'False'
[0.285s] Level 5:colcon.colcon_core.verb:set package 'cmdvel_to_ackermann' build argument 'cmake_force_configure' from command line to 'False'
[0.286s] Level 5:colcon.colcon_core.verb:set package 'cmdvel_to_ackermann' build argument 'ament_cmake_args' from command line to 'None'
[0.286s] Level 5:colcon.colcon_core.verb:set package 'cmdvel_to_ackermann' build argument 'catkin_cmake_args' from command line to 'None'
[0.286s] Level 5:colcon.colcon_core.verb:set package 'cmdvel_to_ackermann' build argument 'catkin_skip_building_tests' from command line to 'False'
[0.286s] DEBUG:colcon.colcon_core.verb:Building package 'cmdvel_to_ackermann' with the following arguments: {'ament_cmake_args': None, 'build_base': '/workspaces/ros2-coding/build/cmdvel_to_ackermann', 'catkin_cmake_args': None, 'catkin_skip_building_tests': False, 'cmake_args': None, 'cmake_clean_cache': False, 'cmake_clean_first': False, 'cmake_force_configure': False, 'cmake_target': None, 'cmake_target_skip_unavailable': False, 'install_base': '/workspaces/ros2-coding/install/cmdvel_to_ackermann', 'merge_install': False, 'path': '/workspaces/ros2-coding/turtlesim_ws/src/cmdvel_to_ackermann', 'symlink_install': True, 'test_result_base': None}
[0.286s] Level 5:colcon.colcon_core.verb:set package 'custom_message' build argument 'cmake_args' from command line to 'None'
[0.286s] Level 5:colcon.colcon_core.verb:set package 'custom_message' build argument 'cmake_target' from command line to 'None'
[0.286s] Level 5:colcon.colcon_core.verb:set package 'custom_message' build argument 'cmake_target_skip_unavailable' from command line to 'False'
[0.286s] Level 5:colcon.colcon_core.verb:set package 'custom_message' build argument 'cmake_clean_cache' from command line to 'False'
[0.286s] Level 5:colcon.colcon_core.verb:set package 'custom_message' build argument 'cmake_clean_first' from command line to 'False'
[0.286s] Level 5:colcon.colcon_core.verb:set package 'custom_message' build argument 'cmake_force_configure' from command line to 'False'
[0.286s] Level 5:colcon.colcon_core.verb:set package 'custom_message' build argument 'ament_cmake_args' from command line to 'None'
[0.286s] Level 5:colcon.colcon_core.verb:set package 'custom_message' build argument 'catkin_cmake_args' from command line to 'None'
[0.286s] Level 5:colcon.colcon_core.verb:set package 'custom_message' build argument 'catkin_skip_building_tests' from command line to 'False'
[0.286s] DEBUG:colcon.colcon_core.verb:Building package 'custom_message' with the following arguments: {'ament_cmake_args': None, 'build_base': '/workspaces/ros2-coding/build/custom_message', 'catkin_cmake_args': None, 'catkin_skip_building_tests': False, 'cmake_args': None, 'cmake_clean_cache': False, 'cmake_clean_first': False, 'cmake_force_configure': False, 'cmake_target': None, 'cmake_target_skip_unavailable': False, 'install_base': '/workspaces/ros2-coding/install/custom_message', 'merge_install': False, 'path': '/workspaces/ros2-coding/turtlesim_ws/src/custom_message', 'symlink_install': True, 'test_result_base': None}
[0.287s] Level 5:colcon.colcon_core.verb:set package 'diff_drive_mover' build argument 'cmake_args' from command line to 'None'
[0.287s] Level 5:colcon.colcon_core.verb:set package 'diff_drive_mover' build argument 'cmake_target' from command line to 'None'
[0.287s] Level 5:colcon.colcon_core.verb:set package 'diff_drive_mover' build argument 'cmake_target_skip_unavailable' from command line to 'False'
[0.287s] Level 5:colcon.colcon_core.verb:set package 'diff_drive_mover' build argument 'cmake_clean_cache' from command line to 'False'
[0.287s] Level 5:colcon.colcon_core.verb:set package 'diff_drive_mover' build argument 'cmake_clean_first' from command line to 'False'
[0.287s] Level 5:colcon.colcon_core.verb:set package 'diff_drive_mover' build argument 'cmake_force_configure' from command line to 'False'
[0.287s] Level 5:colcon.colcon_core.verb:set package 'diff_drive_mover' build argument 'ament_cmake_args' from command line to 'None'
[0.287s] Level 5:colcon.colcon_core.verb:set package 'diff_drive_mover' build argument 'catkin_cmake_args' from command line to 'None'
[0.287s] Level 5:colcon.colcon_core.verb:set package 'diff_drive_mover' build argument 'catkin_skip_building_tests' from command line to 'False'
[0.287s] DEBUG:colcon.colcon_core.verb:Building package 'diff_drive_mover' with the following arguments: {'ament_cmake_args': None, 'build_base': '/workspaces/ros2-coding/build/diff_drive_mover', 'catkin_cmake_args': None, 'catkin_skip_building_tests': False, 'cmake_args': None, 'cmake_clean_cache': False, 'cmake_clean_first': False, 'cmake_force_configure': False, 'cmake_target': None, 'cmake_target_skip_unavailable': False, 'install_base': '/workspaces/ros2-coding/install/diff_drive_mover', 'merge_install': False, 'path': '/workspaces/ros2-coding/turtlesim_ws/src/diff_drive_mover', 'symlink_install': True, 'test_result_base': None}
[0.287s] Level 5:colcon.colcon_core.verb:set package 'h1_fullbody_controller' build argument 'cmake_args' from command line to 'None'
[0.287s] Level 5:colcon.colcon_core.verb:set package 'h1_fullbody_controller' build argument 'cmake_target' from command line to 'None'
[0.287s] Level 5:colcon.colcon_core.verb:set package 'h1_fullbody_controller' build argument 'cmake_target_skip_unavailable' from command line to 'False'
[0.287s] Level 5:colcon.colcon_core.verb:set package 'h1_fullbody_controller' build argument 'cmake_clean_cache' from command line to 'False'
[0.287s] Level 5:colcon.colcon_core.verb:set package 'h1_fullbody_controller' build argument 'cmake_clean_first' from command line to 'False'
[0.287s] Level 5:colcon.colcon_core.verb:set package 'h1_fullbody_controller' build argument 'cmake_force_configure' from command line to 'False'
[0.287s] Level 5:colcon.colcon_core.verb:set package 'h1_fullbody_controller' build argument 'ament_cmake_args' from command line to 'None'
[0.288s] Level 5:colcon.colcon_core.verb:set package 'h1_fullbody_controller' build argument 'catkin_cmake_args' from command line to 'None'
[0.288s] Level 5:colcon.colcon_core.verb:set package 'h1_fullbody_controller' build argument 'catkin_skip_building_tests' from command line to 'False'
[0.288s] DEBUG:colcon.colcon_core.verb:Building package 'h1_fullbody_controller' with the following arguments: {'ament_cmake_args': None, 'build_base': '/workspaces/ros2-coding/build/h1_fullbody_controller', 'catkin_cmake_args': None, 'catkin_skip_building_tests': False, 'cmake_args': None, 'cmake_clean_cache': False, 'cmake_clean_first': False, 'cmake_force_configure': False, 'cmake_target': None, 'cmake_target_skip_unavailable': False, 'install_base': '/workspaces/ros2-coding/install/h1_fullbody_controller', 'merge_install': False, 'path': '/workspaces/ros2-coding/turtlesim_ws/src/humanoid_locomotion_policy_example/h1_fullbody_controller', 'symlink_install': True, 'test_result_base': None}
[0.288s] Level 5:colcon.colcon_core.verb:set package 'isaac_moveit' build argument 'cmake_args' from command line to 'None'
[0.288s] Level 5:colcon.colcon_core.verb:set package 'isaac_moveit' build argument 'cmake_target' from command line to 'None'
[0.288s] Level 5:colcon.colcon_core.verb:set package 'isaac_moveit' build argument 'cmake_target_skip_unavailable' from command line to 'False'
[0.288s] Level 5:colcon.colcon_core.verb:set package 'isaac_moveit' build argument 'cmake_clean_cache' from command line to 'False'
[0.288s] Level 5:colcon.colcon_core.verb:set package 'isaac_moveit' build argument 'cmake_clean_first' from command line to 'False'
[0.288s] Level 5:colcon.colcon_core.verb:set package 'isaac_moveit' build argument 'cmake_force_configure' from command line to 'False'
[0.288s] Level 5:colcon.colcon_core.verb:set package 'isaac_moveit' build argument 'ament_cmake_args' from command line to 'None'
[0.288s] Level 5:colcon.colcon_core.verb:set package 'isaac_moveit' build argument 'catkin_cmake_args' from command line to 'None'
[0.288s] Level 5:colcon.colcon_core.verb:set package 'isaac_moveit' build argument 'catkin_skip_building_tests' from command line to 'False'
[0.288s] DEBUG:colcon.colcon_core.verb:Building package 'isaac_moveit' with the following arguments: {'ament_cmake_args': None, 'build_base': '/workspaces/ros2-coding/build/isaac_moveit', 'catkin_cmake_args': None, 'catkin_skip_building_tests': False, 'cmake_args': None, 'cmake_clean_cache': False, 'cmake_clean_first': False, 'cmake_force_configure': False, 'cmake_target': None, 'cmake_target_skip_unavailable': False, 'install_base': '/workspaces/ros2-coding/install/isaac_moveit', 'merge_install': False, 'path': '/workspaces/ros2-coding/turtlesim_ws/src/moveit/isaac_moveit', 'symlink_install': True, 'test_result_base': None}
[0.288s] Level 5:colcon.colcon_core.verb:set package 'isaac_ros2_messages' build argument 'cmake_args' from command line to 'None'
[0.289s] Level 5:colcon.colcon_core.verb:set package 'isaac_ros2_messages' build argument 'cmake_target' from command line to 'None'
[0.289s] Level 5:colcon.colcon_core.verb:set package 'isaac_ros2_messages' build argument 'cmake_target_skip_unavailable' from command line to 'False'
[0.289s] Level 5:colcon.colcon_core.verb:set package 'isaac_ros2_messages' build argument 'cmake_clean_cache' from command line to 'False'
[0.289s] Level 5:colcon.colcon_core.verb:set package 'isaac_ros2_messages' build argument 'cmake_clean_first' from command line to 'False'
[0.289s] Level 5:colcon.colcon_core.verb:set package 'isaac_ros2_messages' build argument 'cmake_force_configure' from command line to 'False'
[0.289s] Level 5:colcon.colcon_core.verb:set package 'isaac_ros2_messages' build argument 'ament_cmake_args' from command line to 'None'
[0.289s] Level 5:colcon.colcon_core.verb:set package 'isaac_ros2_messages' build argument 'catkin_cmake_args' from command line to 'None'
[0.289s] Level 5:colcon.colcon_core.verb:set package 'isaac_ros2_messages' build argument 'catkin_skip_building_tests' from command line to 'False'
[0.289s] DEBUG:colcon.colcon_core.verb:Building package 'isaac_ros2_messages' with the following arguments: {'ament_cmake_args': None, 'build_base': '/workspaces/ros2-coding/build/isaac_ros2_messages', 'catkin_cmake_args': None, 'catkin_skip_building_tests': False, 'cmake_args': None, 'cmake_clean_cache': False, 'cmake_clean_first': False, 'cmake_force_configure': False, 'cmake_target': None, 'cmake_target_skip_unavailable': False, 'install_base': '/workspaces/ros2-coding/install/isaac_ros2_messages', 'merge_install': False, 'path': '/workspaces/ros2-coding/turtlesim_ws/src/isaac_ros2_messages', 'symlink_install': True, 'test_result_base': None}
[0.289s] Level 5:colcon.colcon_core.verb:set package 'isaac_ros_navigation_goal' build argument 'cmake_args' from command line to 'None'
[0.289s] Level 5:colcon.colcon_core.verb:set package 'isaac_ros_navigation_goal' build argument 'cmake_target' from command line to 'None'
[0.289s] Level 5:colcon.colcon_core.verb:set package 'isaac_ros_navigation_goal' build argument 'cmake_target_skip_unavailable' from command line to 'False'
[0.289s] Level 5:colcon.colcon_core.verb:set package 'isaac_ros_navigation_goal' build argument 'cmake_clean_cache' from command line to 'False'
[0.289s] Level 5:colcon.colcon_core.verb:set package 'isaac_ros_navigation_goal' build argument 'cmake_clean_first' from command line to 'False'
[0.289s] Level 5:colcon.colcon_core.verb:set package 'isaac_ros_navigation_goal' build argument 'cmake_force_configure' from command line to 'False'
[0.289s] Level 5:colcon.colcon_core.verb:set package 'isaac_ros_navigation_goal' build argument 'ament_cmake_args' from command line to 'None'
[0.289s] Level 5:colcon.colcon_core.verb:set package 'isaac_ros_navigation_goal' build argument 'catkin_cmake_args' from command line to 'None'
[0.289s] Level 5:colcon.colcon_core.verb:set package 'isaac_ros_navigation_goal' build argument 'catkin_skip_building_tests' from command line to 'False'
[0.289s] DEBUG:colcon.colcon_core.verb:Building package 'isaac_ros_navigation_goal' with the following arguments: {'ament_cmake_args': None, 'build_base': '/workspaces/ros2-coding/build/isaac_ros_navigation_goal', 'catkin_cmake_args': None, 'catkin_skip_building_tests': False, 'cmake_args': None, 'cmake_clean_cache': False, 'cmake_clean_first': False, 'cmake_force_configure': False, 'cmake_target': None, 'cmake_target_skip_unavailable': False, 'install_base': '/workspaces/ros2-coding/install/isaac_ros_navigation_goal', 'merge_install': False, 'path': '/workspaces/ros2-coding/turtlesim_ws/src/navigation/isaac_ros_navigation_goal', 'symlink_install': True, 'test_result_base': None}
[0.290s] Level 5:colcon.colcon_core.verb:set package 'isaac_tutorials' build argument 'cmake_args' from command line to 'None'
[0.290s] Level 5:colcon.colcon_core.verb:set package 'isaac_tutorials' build argument 'cmake_target' from command line to 'None'
[0.290s] Level 5:colcon.colcon_core.verb:set package 'isaac_tutorials' build argument 'cmake_target_skip_unavailable' from command line to 'False'
[0.290s] Level 5:colcon.colcon_core.verb:set package 'isaac_tutorials' build argument 'cmake_clean_cache' from command line to 'False'
[0.290s] Level 5:colcon.colcon_core.verb:set package 'isaac_tutorials' build argument 'cmake_clean_first' from command line to 'False'
[0.290s] Level 5:colcon.colcon_core.verb:set package 'isaac_tutorials' build argument 'cmake_force_configure' from command line to 'False'
[0.290s] Level 5:colcon.colcon_core.verb:set package 'isaac_tutorials' build argument 'ament_cmake_args' from command line to 'None'
[0.290s] Level 5:colcon.colcon_core.verb:set package 'isaac_tutorials' build argument 'catkin_cmake_args' from command line to 'None'
[0.290s] Level 5:colcon.colcon_core.verb:set package 'isaac_tutorials' build argument 'catkin_skip_building_tests' from command line to 'False'
[0.290s] DEBUG:colcon.colcon_core.verb:Building package 'isaac_tutorials' with the following arguments: {'ament_cmake_args': None, 'build_base': '/workspaces/ros2-coding/build/isaac_tutorials', 'catkin_cmake_args': None, 'catkin_skip_building_tests': False, 'cmake_args': None, 'cmake_clean_cache': False, 'cmake_clean_first': False, 'cmake_force_configure': False, 'cmake_target': None, 'cmake_target_skip_unavailable': False, 'install_base': '/workspaces/ros2-coding/install/isaac_tutorials', 'merge_install': False, 'path': '/workspaces/ros2-coding/turtlesim_ws/src/isaac_tutorials', 'symlink_install': True, 'test_result_base': None}
[0.290s] Level 5:colcon.colcon_core.verb:set package 'isaacsim' build argument 'cmake_args' from command line to 'None'
[0.290s] Level 5:colcon.colcon_core.verb:set package 'isaacsim' build argument 'cmake_target' from command line to 'None'
[0.290s] Level 5:colcon.colcon_core.verb:set package 'isaacsim' build argument 'cmake_target_skip_unavailable' from command line to 'False'
[0.290s] Level 5:colcon.colcon_core.verb:set package 'isaacsim' build argument 'cmake_clean_cache' from command line to 'False'
[0.290s] Level 5:colcon.colcon_core.verb:set package 'isaacsim' build argument 'cmake_clean_first' from command line to 'False'
[0.290s] Level 5:colcon.colcon_core.verb:set package 'isaacsim' build argument 'cmake_force_configure' from command line to 'False'
[0.291s] Level 5:colcon.colcon_core.verb:set package 'isaacsim' build argument 'ament_cmake_args' from command line to 'None'
[0.291s] Level 5:colcon.colcon_core.verb:set package 'isaacsim' build argument 'catkin_cmake_args' from command line to 'None'
[0.291s] Level 5:colcon.colcon_core.verb:set package 'isaacsim' build argument 'catkin_skip_building_tests' from command line to 'False'
[0.291s] DEBUG:colcon.colcon_core.verb:Building package 'isaacsim' with the following arguments: {'ament_cmake_args': None, 'build_base': '/workspaces/ros2-coding/build/isaacsim', 'catkin_cmake_args': None, 'catkin_skip_building_tests': False, 'cmake_args': None, 'cmake_clean_cache': False, 'cmake_clean_first': False, 'cmake_force_configure': False, 'cmake_target': None, 'cmake_target_skip_unavailable': False, 'install_base': '/workspaces/ros2-coding/install/isaacsim', 'merge_install': False, 'path': '/workspaces/ros2-coding/turtlesim_ws/src/isaacsim', 'symlink_install': True, 'test_result_base': None}
[0.291s] Level 5:colcon.colcon_core.verb:set package 'issac_sim' build argument 'cmake_args' from command line to 'None'
[0.291s] Level 5:colcon.colcon_core.verb:set package 'issac_sim' build argument 'cmake_target' from command line to 'None'
[0.291s] Level 5:colcon.colcon_core.verb:set package 'issac_sim' build argument 'cmake_target_skip_unavailable' from command line to 'False'
[0.291s] Level 5:colcon.colcon_core.verb:set package 'issac_sim' build argument 'cmake_clean_cache' from command line to 'False'
[0.291s] Level 5:colcon.colcon_core.verb:set package 'issac_sim' build argument 'cmake_clean_first' from command line to 'False'
[0.291s] Level 5:colcon.colcon_core.verb:set package 'issac_sim' build argument 'cmake_force_configure' from command line to 'False'
[0.291s] Level 5:colcon.colcon_core.verb:set package 'issac_sim' build argument 'ament_cmake_args' from command line to 'None'
[0.291s] Level 5:colcon.colcon_core.verb:set package 'issac_sim' build argument 'catkin_cmake_args' from command line to 'None'
[0.291s] Level 5:colcon.colcon_core.verb:set package 'issac_sim' build argument 'catkin_skip_building_tests' from command line to 'False'
[0.291s] DEBUG:colcon.colcon_core.verb:Building package 'issac_sim' with the following arguments: {'ament_cmake_args': None, 'build_base': '/workspaces/ros2-coding/build/issac_sim', 'catkin_cmake_args': None, 'catkin_skip_building_tests': False, 'cmake_args': None, 'cmake_clean_cache': False, 'cmake_clean_first': False, 'cmake_force_configure': False, 'cmake_target': None, 'cmake_target_skip_unavailable': False, 'install_base': '/workspaces/ros2-coding/install/issac_sim', 'merge_install': False, 'path': '/workspaces/ros2-coding/turtlesim_ws/src/issac_sim', 'symlink_install': True, 'test_result_base': None}
[0.292s] Level 5:colcon.colcon_core.verb:set package 'iw_hub_navigation' build argument 'cmake_args' from command line to 'None'
[0.292s] Level 5:colcon.colcon_core.verb:set package 'iw_hub_navigation' build argument 'cmake_target' from command line to 'None'
[0.292s] Level 5:colcon.colcon_core.verb:set package 'iw_hub_navigation' build argument 'cmake_target_skip_unavailable' from command line to 'False'
[0.292s] Level 5:colcon.colcon_core.verb:set package 'iw_hub_navigation' build argument 'cmake_clean_cache' from command line to 'False'
[0.292s] Level 5:colcon.colcon_core.verb:set package 'iw_hub_navigation' build argument 'cmake_clean_first' from command line to 'False'
[0.292s] Level 5:colcon.colcon_core.verb:set package 'iw_hub_navigation' build argument 'cmake_force_configure' from command line to 'False'
[0.292s] Level 5:colcon.colcon_core.verb:set package 'iw_hub_navigation' build argument 'ament_cmake_args' from command line to 'None'
[0.292s] Level 5:colcon.colcon_core.verb:set package 'iw_hub_navigation' build argument 'catkin_cmake_args' from command line to 'None'
[0.292s] Level 5:colcon.colcon_core.verb:set package 'iw_hub_navigation' build argument 'catkin_skip_building_tests' from command line to 'False'
[0.292s] DEBUG:colcon.colcon_core.verb:Building package 'iw_hub_navigation' with the following arguments: {'ament_cmake_args': None, 'build_base': '/workspaces/ros2-coding/build/iw_hub_navigation', 'catkin_cmake_args': None, 'catkin_skip_building_tests': False, 'cmake_args': None, 'cmake_clean_cache': False, 'cmake_clean_first': False, 'cmake_force_configure': False, 'cmake_target': None, 'cmake_target_skip_unavailable': False, 'install_base': '/workspaces/ros2-coding/install/iw_hub_navigation', 'merge_install': False, 'path': '/workspaces/ros2-coding/turtlesim_ws/src/navigation/iw_hub_navigation', 'symlink_install': True, 'test_result_base': None}
[0.292s] Level 5:colcon.colcon_core.verb:set package 'my_turtlesim' build argument 'cmake_args' from command line to 'None'
[0.292s] Level 5:colcon.colcon_core.verb:set package 'my_turtlesim' build argument 'cmake_target' from command line to 'None'
[0.292s] Level 5:colcon.colcon_core.verb:set package 'my_turtlesim' build argument 'cmake_target_skip_unavailable' from command line to 'False'
[0.292s] Level 5:colcon.colcon_core.verb:set package 'my_turtlesim' build argument 'cmake_clean_cache' from command line to 'False'
[0.292s] Level 5:colcon.colcon_core.verb:set package 'my_turtlesim' build argument 'cmake_clean_first' from command line to 'False'
[0.292s] Level 5:colcon.colcon_core.verb:set package 'my_turtlesim' build argument 'cmake_force_configure' from command line to 'False'
[0.292s] Level 5:colcon.colcon_core.verb:set package 'my_turtlesim' build argument 'ament_cmake_args' from command line to 'None'
[0.292s] Level 5:colcon.colcon_core.verb:set package 'my_turtlesim' build argument 'catkin_cmake_args' from command line to 'None'
[0.292s] Level 5:colcon.colcon_core.verb:set package 'my_turtlesim' build argument 'catkin_skip_building_tests' from command line to 'False'
[0.292s] DEBUG:colcon.colcon_core.verb:Building package 'my_turtlesim' with the following arguments: {'ament_cmake_args': None, 'build_base': '/workspaces/ros2-coding/build/my_turtlesim', 'catkin_cmake_args': None, 'catkin_skip_building_tests': False, 'cmake_args': None, 'cmake_clean_cache': False, 'cmake_clean_first': False, 'cmake_force_configure': False, 'cmake_target': None, 'cmake_target_skip_unavailable': False, 'install_base': '/workspaces/ros2-coding/install/my_turtlesim', 'merge_install': False, 'path': '/workspaces/ros2-coding/turtlesim_ws/src/my_turtlesim', 'symlink_install': True, 'test_result_base': None}
[0.293s] Level 5:colcon.colcon_core.verb:set package 'ros_gz_example_application' build argument 'cmake_args' from command line to 'None'
[0.293s] Level 5:colcon.colcon_core.verb:set package 'ros_gz_example_application' build argument 'cmake_target' from command line to 'None'
[0.293s] Level 5:colcon.colcon_core.verb:set package 'ros_gz_example_application' build argument 'cmake_target_skip_unavailable' from command line to 'False'
[0.293s] Level 5:colcon.colcon_core.verb:set package 'ros_gz_example_application' build argument 'cmake_clean_cache' from command line to 'False'
[0.293s] Level 5:colcon.colcon_core.verb:set package 'ros_gz_example_application' build argument 'cmake_clean_first' from command line to 'False'
[0.293s] Level 5:colcon.colcon_core.verb:set package 'ros_gz_example_application' build argument 'cmake_force_configure' from command line to 'False'
[0.293s] Level 5:colcon.colcon_core.verb:set package 'ros_gz_example_application' build argument 'ament_cmake_args' from command line to 'None'
[0.293s] Level 5:colcon.colcon_core.verb:set package 'ros_gz_example_application' build argument 'catkin_cmake_args' from command line to 'None'
[0.293s] Level 5:colcon.colcon_core.verb:set package 'ros_gz_example_application' build argument 'catkin_skip_building_tests' from command line to 'False'
[0.293s] DEBUG:colcon.colcon_core.verb:Building package 'ros_gz_example_application' with the following arguments: {'ament_cmake_args': None, 'build_base': '/workspaces/ros2-coding/build/ros_gz_example_application', 'catkin_cmake_args': None, 'catkin_skip_building_tests': False, 'cmake_args': None, 'cmake_clean_cache': False, 'cmake_clean_first': False, 'cmake_force_configure': False, 'cmake_target': None, 'cmake_target_skip_unavailable': False, 'install_base': '/workspaces/ros2-coding/install/ros_gz_example_application', 'merge_install': False, 'path': '/workspaces/ros2-coding/turtlesim_ws/src/ros_gz_example_application', 'symlink_install': True, 'test_result_base': None}
[0.293s] Level 5:colcon.colcon_core.verb:set package 'ros_gz_example_description' build argument 'cmake_args' from command line to 'None'
[0.293s] Level 5:colcon.colcon_core.verb:set package 'ros_gz_example_description' build argument 'cmake_target' from command line to 'None'
[0.293s] Level 5:colcon.colcon_core.verb:set package 'ros_gz_example_description' build argument 'cmake_target_skip_unavailable' from command line to 'False'
[0.294s] Level 5:colcon.colcon_core.verb:set package 'ros_gz_example_description' build argument 'cmake_clean_cache' from command line to 'False'
[0.294s] Level 5:colcon.colcon_core.verb:set package 'ros_gz_example_description' build argument 'cmake_clean_first' from command line to 'False'
[0.294s] Level 5:colcon.colcon_core.verb:set package 'ros_gz_example_description' build argument 'cmake_force_configure' from command line to 'False'
[0.294s] Level 5:colcon.colcon_core.verb:set package 'ros_gz_example_description' build argument 'ament_cmake_args' from command line to 'None'
[0.294s] Level 5:colcon.colcon_core.verb:set package 'ros_gz_example_description' build argument 'catkin_cmake_args' from command line to 'None'
[0.294s] Level 5:colcon.colcon_core.verb:set package 'ros_gz_example_description' build argument 'catkin_skip_building_tests' from command line to 'False'
[0.294s] DEBUG:colcon.colcon_core.verb:Building package 'ros_gz_example_description' with the following arguments: {'ament_cmake_args': None, 'build_base': '/workspaces/ros2-coding/build/ros_gz_example_description', 'catkin_cmake_args': None, 'catkin_skip_building_tests': False, 'cmake_args': None, 'cmake_clean_cache': False, 'cmake_clean_first': False, 'cmake_force_configure': False, 'cmake_target': None, 'cmake_target_skip_unavailable': False, 'install_base': '/workspaces/ros2-coding/install/ros_gz_example_description', 'merge_install': False, 'path': '/workspaces/ros2-coding/turtlesim_ws/src/ros_gz_example_description', 'symlink_install': True, 'test_result_base': None}
[0.294s] Level 5:colcon.colcon_core.verb:set package 'ros_gz_example_gazebo' build argument 'cmake_args' from command line to 'None'
[0.294s] Level 5:colcon.colcon_core.verb:set package 'ros_gz_example_gazebo' build argument 'cmake_target' from command line to 'None'
[0.294s] Level 5:colcon.colcon_core.verb:set package 'ros_gz_example_gazebo' build argument 'cmake_target_skip_unavailable' from command line to 'False'
[0.294s] Level 5:colcon.colcon_core.verb:set package 'ros_gz_example_gazebo' build argument 'cmake_clean_cache' from command line to 'False'
[0.294s] Level 5:colcon.colcon_core.verb:set package 'ros_gz_example_gazebo' build argument 'cmake_clean_first' from command line to 'False'
[0.294s] Level 5:colcon.colcon_core.verb:set package 'ros_gz_example_gazebo' build argument 'cmake_force_configure' from command line to 'False'
[0.294s] Level 5:colcon.colcon_core.verb:set package 'ros_gz_example_gazebo' build argument 'ament_cmake_args' from command line to 'None'
[0.294s] Level 5:colcon.colcon_core.verb:set package 'ros_gz_example_gazebo' build argument 'catkin_cmake_args' from command line to 'None'
[0.294s] Level 5:colcon.colcon_core.verb:set package 'ros_gz_example_gazebo' build argument 'catkin_skip_building_tests' from command line to 'False'
[0.294s] DEBUG:colcon.colcon_core.verb:Building package 'ros_gz_example_gazebo' with the following arguments: {'ament_cmake_args': None, 'build_base': '/workspaces/ros2-coding/build/ros_gz_example_gazebo', 'catkin_cmake_args': None, 'catkin_skip_building_tests': False, 'cmake_args': None, 'cmake_clean_cache': False, 'cmake_clean_first': False, 'cmake_force_configure': False, 'cmake_target': None, 'cmake_target_skip_unavailable': False, 'install_base': '/workspaces/ros2-coding/install/ros_gz_example_gazebo', 'merge_install': False, 'path': '/workspaces/ros2-coding/turtlesim_ws/src/ros_gz_example_gazebo', 'symlink_install': True, 'test_result_base': None}
[0.295s] Level 5:colcon.colcon_core.verb:set package 'ros_gz_example_bringup' build argument 'cmake_args' from command line to 'None'
[0.295s] Level 5:colcon.colcon_core.verb:set package 'ros_gz_example_bringup' build argument 'cmake_target' from command line to 'None'
[0.295s] Level 5:colcon.colcon_core.verb:set package 'ros_gz_example_bringup' build argument 'cmake_target_skip_unavailable' from command line to 'False'
[0.295s] Level 5:colcon.colcon_core.verb:set package 'ros_gz_example_bringup' build argument 'cmake_clean_cache' from command line to 'False'
[0.295s] Level 5:colcon.colcon_core.verb:set package 'ros_gz_example_bringup' build argument 'cmake_clean_first' from command line to 'False'
[0.295s] Level 5:colcon.colcon_core.verb:set package 'ros_gz_example_bringup' build argument 'cmake_force_configure' from command line to 'False'
[0.295s] Level 5:colcon.colcon_core.verb:set package 'ros_gz_example_bringup' build argument 'ament_cmake_args' from command line to 'None'
[0.295s] Level 5:colcon.colcon_core.verb:set package 'ros_gz_example_bringup' build argument 'catkin_cmake_args' from command line to 'None'
[0.295s] Level 5:colcon.colcon_core.verb:set package 'ros_gz_example_bringup' build argument 'catkin_skip_building_tests' from command line to 'False'
[0.295s] DEBUG:colcon.colcon_core.verb:Building package 'ros_gz_example_bringup' with the following arguments: {'ament_cmake_args': None, 'build_base': '/workspaces/ros2-coding/build/ros_gz_example_bringup', 'catkin_cmake_args': None, 'catkin_skip_building_tests': False, 'cmake_args': None, 'cmake_clean_cache': False, 'cmake_clean_first': False, 'cmake_force_configure': False, 'cmake_target': None, 'cmake_target_skip_unavailable': False, 'install_base': '/workspaces/ros2-coding/install/ros_gz_example_bringup', 'merge_install': False, 'path': '/workspaces/ros2-coding/turtlesim_ws/src/ros_gz_example_bringup', 'symlink_install': True, 'test_result_base': None}
[0.295s] INFO:colcon.colcon_core.executor:Executing jobs using 'parallel' executor
[0.296s] DEBUG:colcon.colcon_parallel_executor.executor.parallel:run_until_complete
[0.296s] INFO:colcon.colcon_ros.task.ament_cmake.build:Building ROS package in '/workspaces/ros2-coding/turtlesim_ws/src/ros_gz_example_description' with build type 'ament_cmake'
[0.297s] INFO:colcon.colcon_cmake.task.cmake.build:Building CMake package in '/workspaces/ros2-coding/turtlesim_ws/src/ros_gz_example_description'
[0.300s] INFO:colcon.colcon_core.plugin_system:Skipping extension 'colcon_core.shell.bat': Not used on non-Windows systems
[0.300s] INFO:colcon.colcon_core.shell:Skip shell extension 'powershell' for command environment: Not usable outside of PowerShell
[0.300s] DEBUG:colcon.colcon_core.shell:Skip shell extension 'dsv' for command environment
[0.313s] INFO:colcon.colcon_ros.task.ament_cmake.build:Building ROS package in '/workspaces/ros2-coding/turtlesim_ws/src/navigation/carter_navigation' with build type 'ament_cmake'
[0.314s] INFO:colcon.colcon_cmake.task.cmake.build:Building CMake package in '/workspaces/ros2-coding/turtlesim_ws/src/navigation/carter_navigation'
[0.314s] INFO:colcon.colcon_core.shell:Skip shell extension 'powershell' for command environment: Not usable outside of PowerShell
[0.314s] DEBUG:colcon.colcon_core.shell:Skip shell extension 'dsv' for command environment
[0.326s] INFO:colcon.colcon_ros.task.ament_cmake.build:Building ROS package in '/workspaces/ros2-coding/turtlesim_ws/src/cmdvel_to_ackermann' with build type 'ament_cmake'
[0.326s] INFO:colcon.colcon_cmake.task.cmake.build:Building CMake package in '/workspaces/ros2-coding/turtlesim_ws/src/cmdvel_to_ackermann'
[0.326s] INFO:colcon.colcon_core.shell:Skip shell extension 'powershell' for command environment: Not usable outside of PowerShell
[0.326s] DEBUG:colcon.colcon_core.shell:Skip shell extension 'dsv' for command environment
[0.337s] INFO:colcon.colcon_ros.task.ament_cmake.build:Building ROS package in '/workspaces/ros2-coding/turtlesim_ws/src/custom_message' with build type 'ament_cmake'
[0.338s] INFO:colcon.colcon_cmake.task.cmake.build:Building CMake package in '/workspaces/ros2-coding/turtlesim_ws/src/custom_message'
[0.338s] INFO:colcon.colcon_core.shell:Skip shell extension 'powershell' for command environment: Not usable outside of PowerShell
[0.338s] DEBUG:colcon.colcon_core.shell:Skip shell extension 'dsv' for command environment
[0.357s] DEBUG:colcon.colcon_core.event_handler.log_command:Invoking command in '/workspaces/ros2-coding/build/ros_gz_example_description': CMAKE_PREFIX_PATH=${CMAKE_PREFIX_PATH}:/workspaces/ros2-coding/install/rqt_joint_trajectory_controller:/workspaces/ros2-coding/install/rqt_controller_manager:/workspaces/ros2-coding/install/ros2controlcli:/workspaces/ros2-coding/install/ros2_controllers_test_nodes:/workspaces/ros2-coding/install/my_turtlesim:/workspaces/ros2-coding/install/issac_sim:/workspaces/ros2-coding/install/isaac_ros_navigation_goal:/opt/ros/jazzy /usr/bin/cmake --build /workspaces/ros2-coding/build/ros_gz_example_description -- -j4 -l4
[0.362s] DEBUG:colcon.colcon_core.event_handler.log_command:Invoking command in '/workspaces/ros2-coding/build/carter_navigation': CMAKE_PREFIX_PATH=${CMAKE_PREFIX_PATH}:/workspaces/ros2-coding/install/rqt_joint_trajectory_controller:/workspaces/ros2-coding/install/rqt_controller_manager:/workspaces/ros2-coding/install/ros2controlcli:/workspaces/ros2-coding/install/ros2_controllers_test_nodes:/workspaces/ros2-coding/install/my_turtlesim:/workspaces/ros2-coding/install/issac_sim:/workspaces/ros2-coding/install/isaac_ros_navigation_goal:/opt/ros/jazzy /usr/bin/cmake --build /workspaces/ros2-coding/build/carter_navigation -- -j4 -l4
[0.366s] DEBUG:colcon.colcon_core.event_handler.log_command:Invoking command in '/workspaces/ros2-coding/build/cmdvel_to_ackermann': CMAKE_PREFIX_PATH=${CMAKE_PREFIX_PATH}:/workspaces/ros2-coding/install/rqt_joint_trajectory_controller:/workspaces/ros2-coding/install/rqt_controller_manager:/workspaces/ros2-coding/install/ros2controlcli:/workspaces/ros2-coding/install/ros2_controllers_test_nodes:/workspaces/ros2-coding/install/my_turtlesim:/workspaces/ros2-coding/install/issac_sim:/workspaces/ros2-coding/install/isaac_ros_navigation_goal:/opt/ros/jazzy /usr/bin/cmake --build /workspaces/ros2-coding/build/cmdvel_to_ackermann -- -j4 -l4
[0.384s] DEBUG:colcon.colcon_core.event_handler.log_command:Invoking command in '/workspaces/ros2-coding/build/custom_message': CMAKE_PREFIX_PATH=${CMAKE_PREFIX_PATH}:/workspaces/ros2-coding/install/rqt_joint_trajectory_controller:/workspaces/ros2-coding/install/rqt_controller_manager:/workspaces/ros2-coding/install/ros2controlcli:/workspaces/ros2-coding/install/ros2_controllers_test_nodes:/workspaces/ros2-coding/install/my_turtlesim:/workspaces/ros2-coding/install/issac_sim:/workspaces/ros2-coding/install/isaac_ros_navigation_goal:/opt/ros/jazzy /usr/bin/cmake --build /workspaces/ros2-coding/build/custom_message -- -j4 -l4
[0.468s] DEBUG:colcon.colcon_core.event_handler.log_command:Invoked command in '/workspaces/ros2-coding/build/carter_navigation' returned '0': CMAKE_PREFIX_PATH=${CMAKE_PREFIX_PATH}:/workspaces/ros2-coding/install/rqt_joint_trajectory_controller:/workspaces/ros2-coding/install/rqt_controller_manager:/workspaces/ros2-coding/install/ros2controlcli:/workspaces/ros2-coding/install/ros2_controllers_test_nodes:/workspaces/ros2-coding/install/my_turtlesim:/workspaces/ros2-coding/install/issac_sim:/workspaces/ros2-coding/install/isaac_ros_navigation_goal:/opt/ros/jazzy /usr/bin/cmake --build /workspaces/ros2-coding/build/carter_navigation -- -j4 -l4
[0.486s] DEBUG:colcon.colcon_core.event_handler.log_command:Invoking command in '/workspaces/ros2-coding/build/carter_navigation': CMAKE_PREFIX_PATH=${CMAKE_PREFIX_PATH}:/workspaces/ros2-coding/install/rqt_joint_trajectory_controller:/workspaces/ros2-coding/install/rqt_controller_manager:/workspaces/ros2-coding/install/ros2controlcli:/workspaces/ros2-coding/install/ros2_controllers_test_nodes:/workspaces/ros2-coding/install/my_turtlesim:/workspaces/ros2-coding/install/issac_sim:/workspaces/ros2-coding/install/isaac_ros_navigation_goal:/opt/ros/jazzy /usr/bin/cmake --install /workspaces/ros2-coding/build/carter_navigation
[0.487s] DEBUG:colcon.colcon_core.event_handler.log_command:Invoked command in '/workspaces/ros2-coding/build/cmdvel_to_ackermann' returned '0': CMAKE_PREFIX_PATH=${CMAKE_PREFIX_PATH}:/workspaces/ros2-coding/install/rqt_joint_trajectory_controller:/workspaces/ros2-coding/install/rqt_controller_manager:/workspaces/ros2-coding/install/ros2controlcli:/workspaces/ros2-coding/install/ros2_controllers_test_nodes:/workspaces/ros2-coding/install/my_turtlesim:/workspaces/ros2-coding/install/issac_sim:/workspaces/ros2-coding/install/isaac_ros_navigation_goal:/opt/ros/jazzy /usr/bin/cmake --build /workspaces/ros2-coding/build/cmdvel_to_ackermann -- -j4 -l4
[0.489s] DEBUG:colcon.colcon_core.event_handler.log_command:Invoking command in '/workspaces/ros2-coding/build/cmdvel_to_ackermann': CMAKE_PREFIX_PATH=${CMAKE_PREFIX_PATH}:/workspaces/ros2-coding/install/rqt_joint_trajectory_controller:/workspaces/ros2-coding/install/rqt_controller_manager:/workspaces/ros2-coding/install/ros2controlcli:/workspaces/ros2-coding/install/ros2_controllers_test_nodes:/workspaces/ros2-coding/install/my_turtlesim:/workspaces/ros2-coding/install/issac_sim:/workspaces/ros2-coding/install/isaac_ros_navigation_goal:/opt/ros/jazzy /usr/bin/cmake --install /workspaces/ros2-coding/build/cmdvel_to_ackermann
[0.490s] DEBUG:colcon.colcon_core.event_handler.log_command:Invoked command in '/workspaces/ros2-coding/build/ros_gz_example_description' returned '0': CMAKE_PREFIX_PATH=${CMAKE_PREFIX_PATH}:/workspaces/ros2-coding/install/rqt_joint_trajectory_controller:/workspaces/ros2-coding/install/rqt_controller_manager:/workspaces/ros2-coding/install/ros2controlcli:/workspaces/ros2-coding/install/ros2_controllers_test_nodes:/workspaces/ros2-coding/install/my_turtlesim:/workspaces/ros2-coding/install/issac_sim:/workspaces/ros2-coding/install/isaac_ros_navigation_goal:/opt/ros/jazzy /usr/bin/cmake --build /workspaces/ros2-coding/build/ros_gz_example_description -- -j4 -l4
[0.491s] DEBUG:colcon.colcon_core.event_handler.log_command:Invoking command in '/workspaces/ros2-coding/build/ros_gz_example_description': CMAKE_PREFIX_PATH=${CMAKE_PREFIX_PATH}:/workspaces/ros2-coding/install/rqt_joint_trajectory_controller:/workspaces/ros2-coding/install/rqt_controller_manager:/workspaces/ros2-coding/install/ros2controlcli:/workspaces/ros2-coding/install/ros2_controllers_test_nodes:/workspaces/ros2-coding/install/my_turtlesim:/workspaces/ros2-coding/install/issac_sim:/workspaces/ros2-coding/install/isaac_ros_navigation_goal:/opt/ros/jazzy /usr/bin/cmake --install /workspaces/ros2-coding/build/ros_gz_example_description
[0.558s] Level 1:colcon.colcon_core.environment:create_environment_scripts_only(ros_gz_example_description)
[0.559s] DEBUG:colcon.colcon_core.event_handler.log_command:Invoked command in '/workspaces/ros2-coding/build/ros_gz_example_description' returned '0': CMAKE_PREFIX_PATH=${CMAKE_PREFIX_PATH}:/workspaces/ros2-coding/install/rqt_joint_trajectory_controller:/workspaces/ros2-coding/install/rqt_controller_manager:/workspaces/ros2-coding/install/ros2controlcli:/workspaces/ros2-coding/install/ros2_controllers_test_nodes:/workspaces/ros2-coding/install/my_turtlesim:/workspaces/ros2-coding/install/issac_sim:/workspaces/ros2-coding/install/isaac_ros_navigation_goal:/opt/ros/jazzy /usr/bin/cmake --install /workspaces/ros2-coding/build/ros_gz_example_description
[0.562s] Level 1:colcon.colcon_core.environment:checking '/workspaces/ros2-coding/install/ros_gz_example_description' for CMake module files
[0.563s] Level 1:colcon.colcon_core.environment:checking '/workspaces/ros2-coding/install/ros_gz_example_description' for CMake config files
[0.564s] Level 1:colcon.colcon_core.shell:create_environment_hook('ros_gz_example_description', 'cmake_prefix_path')
[0.564s] INFO:colcon.colcon_core.shell:Creating environment hook '/workspaces/ros2-coding/install/ros_gz_example_description/share/ros_gz_example_description/hook/cmake_prefix_path.ps1'
[0.565s] INFO:colcon.colcon_core.shell:Creating environment descriptor '/workspaces/ros2-coding/install/ros_gz_example_description/share/ros_gz_example_description/hook/cmake_prefix_path.dsv'
[0.566s] INFO:colcon.colcon_core.shell:Creating environment hook '/workspaces/ros2-coding/install/ros_gz_example_description/share/ros_gz_example_description/hook/cmake_prefix_path.sh'
[0.567s] Level 1:colcon.colcon_core.environment:checking '/workspaces/ros2-coding/install/ros_gz_example_description/bin'
[0.567s] Level 1:colcon.colcon_core.environment:checking '/workspaces/ros2-coding/install/ros_gz_example_description/lib/pkgconfig/ros_gz_example_description.pc'
[0.569s] Level 1:colcon.colcon_core.environment:checking '/workspaces/ros2-coding/install/ros_gz_example_description/lib/python3.12/site-packages'
[0.570s] Level 1:colcon.colcon_core.environment:checking '/workspaces/ros2-coding/install/ros_gz_example_description/bin'
[0.570s] INFO:colcon.colcon_core.shell:Creating package script '/workspaces/ros2-coding/install/ros_gz_example_description/share/ros_gz_example_description/package.ps1'
[0.571s] INFO:colcon.colcon_core.shell:Creating package descriptor '/workspaces/ros2-coding/install/ros_gz_example_description/share/ros_gz_example_description/package.dsv'
[0.572s] INFO:colcon.colcon_core.shell:Creating package script '/workspaces/ros2-coding/install/ros_gz_example_description/share/ros_gz_example_description/package.sh'
[0.572s] INFO:colcon.colcon_core.shell:Creating package script '/workspaces/ros2-coding/install/ros_gz_example_description/share/ros_gz_example_description/package.bash'
[0.573s] INFO:colcon.colcon_core.shell:Creating package script '/workspaces/ros2-coding/install/ros_gz_example_description/share/ros_gz_example_description/package.zsh'
[0.574s] Level 1:colcon.colcon_core.environment:create_file_with_runtime_dependencies(/workspaces/ros2-coding/install/ros_gz_example_description/share/colcon-core/packages/ros_gz_example_description)
[0.575s] Level 1:colcon.colcon_core.environment:create_environment_scripts_only(ros_gz_example_description)
[0.575s] Level 1:colcon.colcon_core.environment:checking '/workspaces/ros2-coding/install/ros_gz_example_description' for CMake module files
[0.576s] Level 1:colcon.colcon_core.environment:checking '/workspaces/ros2-coding/install/ros_gz_example_description' for CMake config files
[0.576s] Level 1:colcon.colcon_core.shell:create_environment_hook('ros_gz_example_description', 'cmake_prefix_path')
[0.577s] INFO:colcon.colcon_core.shell:Creating environment hook '/workspaces/ros2-coding/install/ros_gz_example_description/share/ros_gz_example_description/hook/cmake_prefix_path.ps1'
[0.577s] INFO:colcon.colcon_core.shell:Creating environment descriptor '/workspaces/ros2-coding/install/ros_gz_example_description/share/ros_gz_example_description/hook/cmake_prefix_path.dsv'
[0.578s] INFO:colcon.colcon_core.shell:Creating environment hook '/workspaces/ros2-coding/install/ros_gz_example_description/share/ros_gz_example_description/hook/cmake_prefix_path.sh'
[0.578s] Level 1:colcon.colcon_core.environment:checking '/workspaces/ros2-coding/install/ros_gz_example_description/bin'
[0.579s] Level 1:colcon.colcon_core.environment:checking '/workspaces/ros2-coding/install/ros_gz_example_description/lib/pkgconfig/ros_gz_example_description.pc'
[0.579s] Level 1:colcon.colcon_core.environment:checking '/workspaces/ros2-coding/install/ros_gz_example_description/lib/python3.12/site-packages'
[0.579s] Level 1:colcon.colcon_core.environment:checking '/workspaces/ros2-coding/install/ros_gz_example_description/bin'
[0.579s] INFO:colcon.colcon_core.shell:Creating package script '/workspaces/ros2-coding/install/ros_gz_example_description/share/ros_gz_example_description/package.ps1'
[0.580s] INFO:colcon.colcon_core.shell:Creating package descriptor '/workspaces/ros2-coding/install/ros_gz_example_description/share/ros_gz_example_description/package.dsv'
[0.581s] INFO:colcon.colcon_core.shell:Creating package script '/workspaces/ros2-coding/install/ros_gz_example_description/share/ros_gz_example_description/package.sh'
[0.582s] INFO:colcon.colcon_core.shell:Creating package script '/workspaces/ros2-coding/install/ros_gz_example_description/share/ros_gz_example_description/package.bash'
[0.582s] INFO:colcon.colcon_core.shell:Creating package script '/workspaces/ros2-coding/install/ros_gz_example_description/share/ros_gz_example_description/package.zsh'
[0.583s] Level 1:colcon.colcon_core.environment:create_file_with_runtime_dependencies(/workspaces/ros2-coding/install/ros_gz_example_description/share/colcon-core/packages/ros_gz_example_description)
[0.584s] INFO:colcon.colcon_ros.task.ament_cmake.build:Building ROS package in '/workspaces/ros2-coding/turtlesim_ws/src/ros_gz_example_gazebo' with build type 'ament_cmake'
[0.584s] INFO:colcon.colcon_cmake.task.cmake.build:Building CMake package in '/workspaces/ros2-coding/turtlesim_ws/src/ros_gz_example_gazebo'
[0.584s] INFO:colcon.colcon_core.shell:Skip shell extension 'powershell' for command environment: Not usable outside of PowerShell
[0.584s] DEBUG:colcon.colcon_core.shell:Skip shell extension 'dsv' for command environment
[0.604s] Level 1:colcon.colcon_core.environment:create_environment_scripts_only(cmdvel_to_ackermann)
[0.605s] Level 1:colcon.colcon_core.environment:checking '/workspaces/ros2-coding/install/cmdvel_to_ackermann' for CMake module files
[0.605s] DEBUG:colcon.colcon_core.event_handler.log_command:Invoked command in '/workspaces/ros2-coding/build/cmdvel_to_ackermann' returned '0': CMAKE_PREFIX_PATH=${CMAKE_PREFIX_PATH}:/workspaces/ros2-coding/install/rqt_joint_trajectory_controller:/workspaces/ros2-coding/install/rqt_controller_manager:/workspaces/ros2-coding/install/ros2controlcli:/workspaces/ros2-coding/install/ros2_controllers_test_nodes:/workspaces/ros2-coding/install/my_turtlesim:/workspaces/ros2-coding/install/issac_sim:/workspaces/ros2-coding/install/isaac_ros_navigation_goal:/opt/ros/jazzy /usr/bin/cmake --install /workspaces/ros2-coding/build/cmdvel_to_ackermann
[0.606s] Level 1:colcon.colcon_core.environment:checking '/workspaces/ros2-coding/install/cmdvel_to_ackermann' for CMake config files
[0.607s] Level 1:colcon.colcon_core.shell:create_environment_hook('cmdvel_to_ackermann', 'cmake_prefix_path')
[0.607s] INFO:colcon.colcon_core.shell:Creating environment hook '/workspaces/ros2-coding/install/cmdvel_to_ackermann/share/cmdvel_to_ackermann/hook/cmake_prefix_path.ps1'
[0.608s] INFO:colcon.colcon_core.shell:Creating environment descriptor '/workspaces/ros2-coding/install/cmdvel_to_ackermann/share/cmdvel_to_ackermann/hook/cmake_prefix_path.dsv'
[0.608s] INFO:colcon.colcon_core.shell:Creating environment hook '/workspaces/ros2-coding/install/cmdvel_to_ackermann/share/cmdvel_to_ackermann/hook/cmake_prefix_path.sh'
[0.611s] Level 1:colcon.colcon_core.environment:checking '/workspaces/ros2-coding/install/cmdvel_to_ackermann/lib'
[0.611s] Level 1:colcon.colcon_core.environment:checking '/workspaces/ros2-coding/install/cmdvel_to_ackermann/bin'
[0.611s] Level 1:colcon.colcon_core.environment:checking '/workspaces/ros2-coding/install/cmdvel_to_ackermann/lib/pkgconfig/cmdvel_to_ackermann.pc'
[0.612s] Level 1:colcon.colcon_core.environment:checking '/workspaces/ros2-coding/install/cmdvel_to_ackermann/lib/python3.12/site-packages'
[0.612s] Level 1:colcon.colcon_core.environment:checking '/workspaces/ros2-coding/install/cmdvel_to_ackermann/bin'
[0.612s] INFO:colcon.colcon_core.shell:Creating package script '/workspaces/ros2-coding/install/cmdvel_to_ackermann/share/cmdvel_to_ackermann/package.ps1'
[0.613s] INFO:colcon.colcon_core.shell:Creating package descriptor '/workspaces/ros2-coding/install/cmdvel_to_ackermann/share/cmdvel_to_ackermann/package.dsv'
[0.614s] INFO:colcon.colcon_core.shell:Creating package script '/workspaces/ros2-coding/install/cmdvel_to_ackermann/share/cmdvel_to_ackermann/package.sh'
[0.614s] INFO:colcon.colcon_core.shell:Creating package script '/workspaces/ros2-coding/install/cmdvel_to_ackermann/share/cmdvel_to_ackermann/package.bash'
[0.615s] INFO:colcon.colcon_core.shell:Creating package script '/workspaces/ros2-coding/install/cmdvel_to_ackermann/share/cmdvel_to_ackermann/package.zsh'
[0.615s] Level 1:colcon.colcon_core.environment:create_file_with_runtime_dependencies(/workspaces/ros2-coding/install/cmdvel_to_ackermann/share/colcon-core/packages/cmdvel_to_ackermann)
[0.616s] Level 1:colcon.colcon_core.environment:create_environment_scripts_only(cmdvel_to_ackermann)
[0.616s] Level 1:colcon.colcon_core.environment:checking '/workspaces/ros2-coding/install/cmdvel_to_ackermann' for CMake module files
[0.617s] Level 1:colcon.colcon_core.environment:checking '/workspaces/ros2-coding/install/cmdvel_to_ackermann' for CMake config files
[0.618s] Level 1:colcon.colcon_core.shell:create_environment_hook('cmdvel_to_ackermann', 'cmake_prefix_path')
[0.618s] INFO:colcon.colcon_core.shell:Creating environment hook '/workspaces/ros2-coding/install/cmdvel_to_ackermann/share/cmdvel_to_ackermann/hook/cmake_prefix_path.ps1'
[0.618s] INFO:colcon.colcon_core.shell:Creating environment descriptor '/workspaces/ros2-coding/install/cmdvel_to_ackermann/share/cmdvel_to_ackermann/hook/cmake_prefix_path.dsv'
[0.619s] INFO:colcon.colcon_core.shell:Creating environment hook '/workspaces/ros2-coding/install/cmdvel_to_ackermann/share/cmdvel_to_ackermann/hook/cmake_prefix_path.sh'
[0.620s] Level 1:colcon.colcon_core.environment:checking '/workspaces/ros2-coding/install/cmdvel_to_ackermann/lib'
[0.620s] Level 1:colcon.colcon_core.environment:checking '/workspaces/ros2-coding/install/cmdvel_to_ackermann/bin'
[0.620s] Level 1:colcon.colcon_core.environment:checking '/workspaces/ros2-coding/install/cmdvel_to_ackermann/lib/pkgconfig/cmdvel_to_ackermann.pc'
[0.620s] Level 1:colcon.colcon_core.environment:checking '/workspaces/ros2-coding/install/cmdvel_to_ackermann/lib/python3.12/site-packages'
[0.620s] Level 1:colcon.colcon_core.environment:checking '/workspaces/ros2-coding/install/cmdvel_to_ackermann/bin'
[0.621s] INFO:colcon.colcon_core.shell:Creating package script '/workspaces/ros2-coding/install/cmdvel_to_ackermann/share/cmdvel_to_ackermann/package.ps1'
[0.621s] INFO:colcon.colcon_core.shell:Creating package descriptor '/workspaces/ros2-coding/install/cmdvel_to_ackermann/share/cmdvel_to_ackermann/package.dsv'
[0.622s] INFO:colcon.colcon_core.shell:Creating package script '/workspaces/ros2-coding/install/cmdvel_to_ackermann/share/cmdvel_to_ackermann/package.sh'
[0.623s] INFO:colcon.colcon_core.shell:Creating package script '/workspaces/ros2-coding/install/cmdvel_to_ackermann/share/cmdvel_to_ackermann/package.bash'
[0.623s] INFO:colcon.colcon_core.shell:Creating package script '/workspaces/ros2-coding/install/cmdvel_to_ackermann/share/cmdvel_to_ackermann/package.zsh'
[0.624s] Level 1:colcon.colcon_core.environment:create_file_with_runtime_dependencies(/workspaces/ros2-coding/install/cmdvel_to_ackermann/share/colcon-core/packages/cmdvel_to_ackermann)
[0.625s] INFO:colcon.colcon_ros.task.ament_cmake.build:Building ROS package in '/workspaces/ros2-coding/turtlesim_ws/src/diff_drive_mover' with build type 'ament_cmake'
[0.625s] INFO:colcon.colcon_cmake.task.cmake.build:Building CMake package in '/workspaces/ros2-coding/turtlesim_ws/src/diff_drive_mover'
[0.625s] INFO:colcon.colcon_core.shell:Skip shell extension 'powershell' for command environment: Not usable outside of PowerShell
[0.626s] DEBUG:colcon.colcon_core.shell:Skip shell extension 'dsv' for command environment
[0.640s] Level 1:colcon.colcon_core.environment:create_environment_scripts_only(carter_navigation)
[0.640s] Level 1:colcon.colcon_core.environment:checking '/workspaces/ros2-coding/install/carter_navigation' for CMake module files
[0.641s] DEBUG:colcon.colcon_core.event_handler.log_command:Invoked command in '/workspaces/ros2-coding/build/carter_navigation' returned '0': CMAKE_PREFIX_PATH=${CMAKE_PREFIX_PATH}:/workspaces/ros2-coding/install/rqt_joint_trajectory_controller:/workspaces/ros2-coding/install/rqt_controller_manager:/workspaces/ros2-coding/install/ros2controlcli:/workspaces/ros2-coding/install/ros2_controllers_test_nodes:/workspaces/ros2-coding/install/my_turtlesim:/workspaces/ros2-coding/install/issac_sim:/workspaces/ros2-coding/install/isaac_ros_navigation_goal:/opt/ros/jazzy /usr/bin/cmake --install /workspaces/ros2-coding/build/carter_navigation
[0.642s] Level 1:colcon.colcon_core.environment:checking '/workspaces/ros2-coding/install/carter_navigation' for CMake config files
[0.643s] Level 1:colcon.colcon_core.shell:create_environment_hook('carter_navigation', 'cmake_prefix_path')
[0.643s] INFO:colcon.colcon_core.shell:Creating environment hook '/workspaces/ros2-coding/install/carter_navigation/share/carter_navigation/hook/cmake_prefix_path.ps1'
[0.643s] INFO:colcon.colcon_core.shell:Creating environment descriptor '/workspaces/ros2-coding/install/carter_navigation/share/carter_navigation/hook/cmake_prefix_path.dsv'
[0.644s] INFO:colcon.colcon_core.shell:Creating environment hook '/workspaces/ros2-coding/install/carter_navigation/share/carter_navigation/hook/cmake_prefix_path.sh'
[0.645s] Level 1:colcon.colcon_core.environment:checking '/workspaces/ros2-coding/install/carter_navigation/bin'
[0.645s] Level 1:colcon.colcon_core.environment:checking '/workspaces/ros2-coding/install/carter_navigation/lib/pkgconfig/carter_navigation.pc'
[0.645s] Level 1:colcon.colcon_core.environment:checking '/workspaces/ros2-coding/install/carter_navigation/lib/python3.12/site-packages'
[0.645s] Level 1:colcon.colcon_core.environment:checking '/workspaces/ros2-coding/install/carter_navigation/bin'
[0.645s] INFO:colcon.colcon_core.shell:Creating package script '/workspaces/ros2-coding/install/carter_navigation/share/carter_navigation/package.ps1'
[0.646s] INFO:colcon.colcon_core.shell:Creating package descriptor '/workspaces/ros2-coding/install/carter_navigation/share/carter_navigation/package.dsv'
[0.647s] INFO:colcon.colcon_core.shell:Creating package script '/workspaces/ros2-coding/install/carter_navigation/share/carter_navigation/package.sh'
[0.647s] INFO:colcon.colcon_core.shell:Creating package script '/workspaces/ros2-coding/install/carter_navigation/share/carter_navigation/package.bash'
[0.648s] INFO:colcon.colcon_core.shell:Creating package script '/workspaces/ros2-coding/install/carter_navigation/share/carter_navigation/package.zsh'
[0.648s] Level 1:colcon.colcon_core.environment:create_file_with_runtime_dependencies(/workspaces/ros2-coding/install/carter_navigation/share/colcon-core/packages/carter_navigation)
[0.649s] Level 1:colcon.colcon_core.environment:create_environment_scripts_only(carter_navigation)
[0.649s] Level 1:colcon.colcon_core.environment:checking '/workspaces/ros2-coding/install/carter_navigation' for CMake module files
[0.650s] Level 1:colcon.colcon_core.environment:checking '/workspaces/ros2-coding/install/carter_navigation' for CMake config files
[0.650s] Level 1:colcon.colcon_core.shell:create_environment_hook('carter_navigation', 'cmake_prefix_path')
[0.651s] INFO:colcon.colcon_core.shell:Creating environment hook '/workspaces/ros2-coding/install/carter_navigation/share/carter_navigation/hook/cmake_prefix_path.ps1'
[0.651s] INFO:colcon.colcon_core.shell:Creating environment descriptor '/workspaces/ros2-coding/install/carter_navigation/share/carter_navigation/hook/cmake_prefix_path.dsv'
[0.652s] INFO:colcon.colcon_core.shell:Creating environment hook '/workspaces/ros2-coding/install/carter_navigation/share/carter_navigation/hook/cmake_prefix_path.sh'
[0.652s] Level 1:colcon.colcon_core.environment:checking '/workspaces/ros2-coding/install/carter_navigation/bin'
[0.652s] Level 1:colcon.colcon_core.environment:checking '/workspaces/ros2-coding/install/carter_navigation/lib/pkgconfig/carter_navigation.pc'
[0.653s] Level 1:colcon.colcon_core.environment:checking '/workspaces/ros2-coding/install/carter_navigation/lib/python3.12/site-packages'
[0.653s] Level 1:colcon.colcon_core.environment:checking '/workspaces/ros2-coding/install/carter_navigation/bin'
[0.653s] INFO:colcon.colcon_core.shell:Creating package script '/workspaces/ros2-coding/install/carter_navigation/share/carter_navigation/package.ps1'
[0.654s] INFO:colcon.colcon_core.shell:Creating package descriptor '/workspaces/ros2-coding/install/carter_navigation/share/carter_navigation/package.dsv'
[0.655s] INFO:colcon.colcon_core.shell:Creating package script '/workspaces/ros2-coding/install/carter_navigation/share/carter_navigation/package.sh'
[0.655s] INFO:colcon.colcon_core.shell:Creating package script '/workspaces/ros2-coding/install/carter_navigation/share/carter_navigation/package.bash'
[0.656s] INFO:colcon.colcon_core.shell:Creating package script '/workspaces/ros2-coding/install/carter_navigation/share/carter_navigation/package.zsh'
[0.656s] Level 1:colcon.colcon_core.environment:create_file_with_runtime_dependencies(/workspaces/ros2-coding/install/carter_navigation/share/colcon-core/packages/carter_navigation)
[0.657s] INFO:colcon.colcon_ros.task.ament_cmake.build:Building ROS package in '/workspaces/ros2-coding/turtlesim_ws/src/humanoid_locomotion_policy_example/h1_fullbody_controller' with build type 'ament_cmake'
[0.657s] INFO:colcon.colcon_cmake.task.cmake.build:Building CMake package in '/workspaces/ros2-coding/turtlesim_ws/src/humanoid_locomotion_policy_example/h1_fullbody_controller'
[0.658s] INFO:colcon.colcon_core.shell:Skip shell extension 'powershell' for command environment: Not usable outside of PowerShell
[0.658s] DEBUG:colcon.colcon_core.shell:Skip shell extension 'dsv' for command environment
[0.677s] DEBUG:colcon.colcon_core.event_handler.log_command:Invoking command in '/workspaces/ros2-coding/build/ros_gz_example_gazebo': CMAKE_PREFIX_PATH=/workspaces/ros2-coding/install/ros_gz_example_description:/workspaces/ros2-coding/install/nao_gz_control:/workspaces/ros2-coding/install/ros2_controllers:/workspaces/ros2-coding/install/ros2_control_demos:/workspaces/ros2-coding/install/ros2_control_demo_example_3:/workspaces/ros2-coding/install/gz_ros2_control_demos:/workspaces/ros2-coding/install/velocity_controllers:/workspaces/ros2-coding/install/tricycle_steering_controller:/workspaces/ros2-coding/install/tricycle_controller:/workspaces/ros2-coding/install/ros2_control_demo_example_8:/workspaces/ros2-coding/install/ros2_control:/workspaces/ros2-coding/install/transmission_interface:/workspaces/ros2-coding/install/ros2_control_demo_example_11:/workspaces/ros2-coding/install/bicycle_steering_controller:/workspaces/ros2-coding/install/ackermann_steering_controller:/workspaces/ros2-coding/install/steering_controllers_library:/workspaces/ros2-coding/install/ros2_control_demo_example_17:/workspaces/ros2-coding/install/ros2_control_demo_example_15:/workspaces/ros2-coding/install/ros2_control_demo_example_1:/workspaces/ros2-coding/install/ros_gz_example_bringup:/workspaces/ros2-coding/install/ros_gz_example_gazebo:/workspaces/ros2-coding/install/ros_gz_example_application:/workspaces/ros2-coding/install/ros2_control_demo_example_9:/workspaces/ros2-coding/install/ros2_control_demo_example_7:/workspaces/ros2-coding/install/ros2_control_demo_example_6:/workspaces/ros2-coding/install/ros2_control_demo_example_13:/workspaces/ros2-coding/install/ros2_control_demo_example_5:/workspaces/ros2-coding/install/ros2_control_demo_example_4:/workspaces/ros2-coding/install/ros2_control_demo_example_2:/workspaces/ros2-coding/install/ros2_control_demo_example_16:/workspaces/ros2-coding/install/ros2_control_demo_example_14:/workspaces/ros2-coding/install/ros2_control_demo_example_12:/workspaces/ros2-coding/install/ros2_control_demo_example_10:/workspaces/ros2-coding/install/hardware_interface_testing:/workspaces/ros2-coding/install/gz_ros2_control:/workspaces/ros2-coding/install/controller_manager:/workspaces/ros2-coding/install/ros2_control_test_assets:/workspaces/ros2-coding/install/ros2_control_demo_description:/workspaces/ros2-coding/install/ros2_control_cmake:/workspaces/ros2-coding/install/range_sensor_broadcaster:/workspaces/ros2-coding/install/position_controllers:/workspaces/ros2-coding/install/pose_broadcaster:/workspaces/ros2-coding/install/pid_controller:/workspaces/ros2-coding/install/parallel_gripper_controller:/workspaces/ros2-coding/install/omni_wheel_drive_controller:/workspaces/ros2-coding/install/mecanum_drive_controller:/workspaces/ros2-coding/install/joint_trajectory_controller:/workspaces/ros2-coding/install/joint_state_topic_hardware_interface:/workspaces/ros2-coding/install/joint_state_broadcaster:/workspaces/ros2-coding/install/imu_sensor_broadcaster:/workspaces/ros2-coding/install/gripper_controllers:/workspaces/ros2-coding/install/gps_sensor_broadcaster:/workspaces/ros2-coding/install/gpio_controllers:/workspaces/ros2-coding/install/effort_controllers:/workspaces/ros2-coding/install/forward_command_controller:/workspaces/ros2-coding/install/force_torque_sensor_broadcaster:/workspaces/ros2-coding/install/diff_drive_controller:/workspaces/ros2-coding/install/chained_filter_controller:/workspaces/ros2-coding/install/admittance_controller:/workspaces/ros2-coding/install/controller_interface:/workspaces/ros2-coding/install/hardware_interface:/workspaces/ros2-coding/install/joint_limits:/workspaces/ros2-coding/install/control_toolbox:/workspaces/ros2-coding/install/realtime_tools:/workspaces/ros2-coding/install/kinematics_interface_kdl:/workspaces/ros2-coding/install/kinematics_interface:/workspaces/ros2-coding/install/iw_hub_navigation:/workspaces/ros2-coding/install/isaacsim:/workspaces/ros2-coding/install/isaac_tutorials:/workspaces/ros2-coding/install/isaac_ros2_messages:/workspaces/ros2-coding/install/isaac_moveit:/workspaces/ros2-coding/install/h1_fullbody_controller:/workspaces/ros2-coding/install/gz_ros2_control_tests:/workspaces/ros2-coding/install/diff_drive_mover:/workspaces/ros2-coding/install/custom_message:/workspaces/ros2-coding/install/controller_manager_msgs:/workspaces/ros2-coding/install/control_msgs:/workspaces/ros2-coding/install/cmdvel_to_ackermann:/workspaces/ros2-coding/install/carter_navigation:/opt/ros/jazzy/opt/gz_sim_vendor:/opt/ros/jazzy/opt/gz_sensors_vendor:/opt/ros/jazzy/opt/gz_physics_vendor:/opt/ros/jazzy/opt/sdformat_vendor:/opt/ros/jazzy/opt/gz_gui_vendor:/opt/ros/jazzy/opt/gz_transport_vendor:/opt/ros/jazzy/opt/gz_rendering_vendor:/opt/ros/jazzy/opt/gz_plugin_vendor:/opt/ros/jazzy/opt/gz_fuel_tools_vendor:/opt/ros/jazzy/opt/gz_msgs_vendor:/opt/ros/jazzy/opt/gz_common_vendor:/opt/ros/jazzy/opt/gz_math_vendor:/opt/ros/jazzy/opt/gz_utils_vendor:/opt/ros/jazzy/opt/gz_tools_vendor:/opt/ros/jazzy/opt/gz_ogre_next_vendor:/opt/ros/jazzy/opt/gz_dartsim_vendor:/opt/ros/jazzy/opt/gz_cmake_vendor:/workspaces/ros2-coding/install/rqt_joint_trajectory_controller:/workspaces/ros2-coding/install/rqt_controller_manager:/workspaces/ros2-coding/install/ros2controlcli:/workspaces/ros2-coding/install/ros2_controllers_test_nodes:/workspaces/ros2-coding/install/my_turtlesim:/workspaces/ros2-coding/install/issac_sim:/workspaces/ros2-coding/install/isaac_ros_navigation_goal:/opt/ros/jazzy GZ_SIM_RESOURCE_PATH=/workspaces/ros2-coding/install/ros_gz_example_description/share/ros_gz_example_description/models:${GZ_SIM_RESOURCE_PATH} /usr/bin/cmake --build /workspaces/ros2-coding/build/ros_gz_example_gazebo -- -j4 -l4
[0.682s] DEBUG:colcon.colcon_core.event_handler.log_command:Invoking command in '/workspaces/ros2-coding/build/diff_drive_mover': CMAKE_PREFIX_PATH=${CMAKE_PREFIX_PATH}:/workspaces/ros2-coding/install/rqt_joint_trajectory_controller:/workspaces/ros2-coding/install/rqt_controller_manager:/workspaces/ros2-coding/install/ros2controlcli:/workspaces/ros2-coding/install/ros2_controllers_test_nodes:/workspaces/ros2-coding/install/my_turtlesim:/workspaces/ros2-coding/install/issac_sim:/workspaces/ros2-coding/install/isaac_ros_navigation_goal:/opt/ros/jazzy /usr/bin/cmake --build /workspaces/ros2-coding/build/diff_drive_mover -- -j4 -l4
[0.690s] DEBUG:colcon.colcon_core.event_handler.log_command:Invoking command in '/workspaces/ros2-coding/build/h1_fullbody_controller': CMAKE_PREFIX_PATH=${CMAKE_PREFIX_PATH}:/workspaces/ros2-coding/install/rqt_joint_trajectory_controller:/workspaces/ros2-coding/install/rqt_controller_manager:/workspaces/ros2-coding/install/ros2controlcli:/workspaces/ros2-coding/install/ros2_controllers_test_nodes:/workspaces/ros2-coding/install/my_turtlesim:/workspaces/ros2-coding/install/issac_sim:/workspaces/ros2-coding/install/isaac_ros_navigation_goal:/opt/ros/jazzy /usr/bin/cmake --build /workspaces/ros2-coding/build/h1_fullbody_controller -- -j4 -l4
[0.790s] DEBUG:colcon.colcon_core.event_handler.log_command:Invoked command in '/workspaces/ros2-coding/build/diff_drive_mover' returned '0': CMAKE_PREFIX_PATH=${CMAKE_PREFIX_PATH}:/workspaces/ros2-coding/install/rqt_joint_trajectory_controller:/workspaces/ros2-coding/install/rqt_controller_manager:/workspaces/ros2-coding/install/ros2controlcli:/workspaces/ros2-coding/install/ros2_controllers_test_nodes:/workspaces/ros2-coding/install/my_turtlesim:/workspaces/ros2-coding/install/issac_sim:/workspaces/ros2-coding/install/isaac_ros_navigation_goal:/opt/ros/jazzy /usr/bin/cmake --build /workspaces/ros2-coding/build/diff_drive_mover -- -j4 -l4
[0.791s] DEBUG:colcon.colcon_core.event_handler.log_command:Invoking command in '/workspaces/ros2-coding/build/diff_drive_mover': CMAKE_PREFIX_PATH=${CMAKE_PREFIX_PATH}:/workspaces/ros2-coding/install/rqt_joint_trajectory_controller:/workspaces/ros2-coding/install/rqt_controller_manager:/workspaces/ros2-coding/install/ros2controlcli:/workspaces/ros2-coding/install/ros2_controllers_test_nodes:/workspaces/ros2-coding/install/my_turtlesim:/workspaces/ros2-coding/install/issac_sim:/workspaces/ros2-coding/install/isaac_ros_navigation_goal:/opt/ros/jazzy /usr/bin/cmake --install /workspaces/ros2-coding/build/diff_drive_mover
[0.795s] DEBUG:colcon.colcon_core.event_handler.log_command:Invoked command in '/workspaces/ros2-coding/build/h1_fullbody_controller' returned '0': CMAKE_PREFIX_PATH=${CMAKE_PREFIX_PATH}:/workspaces/ros2-coding/install/rqt_joint_trajectory_controller:/workspaces/ros2-coding/install/rqt_controller_manager:/workspaces/ros2-coding/install/ros2controlcli:/workspaces/ros2-coding/install/ros2_controllers_test_nodes:/workspaces/ros2-coding/install/my_turtlesim:/workspaces/ros2-coding/install/issac_sim:/workspaces/ros2-coding/install/isaac_ros_navigation_goal:/opt/ros/jazzy /usr/bin/cmake --build /workspaces/ros2-coding/build/h1_fullbody_controller -- -j4 -l4
[0.796s] DEBUG:colcon.colcon_core.event_handler.log_command:Invoking command in '/workspaces/ros2-coding/build/h1_fullbody_controller': CMAKE_PREFIX_PATH=${CMAKE_PREFIX_PATH}:/workspaces/ros2-coding/install/rqt_joint_trajectory_controller:/workspaces/ros2-coding/install/rqt_controller_manager:/workspaces/ros2-coding/install/ros2controlcli:/workspaces/ros2-coding/install/ros2_controllers_test_nodes:/workspaces/ros2-coding/install/my_turtlesim:/workspaces/ros2-coding/install/issac_sim:/workspaces/ros2-coding/install/isaac_ros_navigation_goal:/opt/ros/jazzy /usr/bin/cmake --install /workspaces/ros2-coding/build/h1_fullbody_controller
[0.857s] Level 1:colcon.colcon_core.environment:create_environment_scripts_only(h1_fullbody_controller)
[0.858s] Level 1:colcon.colcon_core.environment:checking '/workspaces/ros2-coding/install/h1_fullbody_controller' for CMake module files
[0.859s] DEBUG:colcon.colcon_core.event_handler.log_command:Invoked command in '/workspaces/ros2-coding/build/h1_fullbody_controller' returned '0': CMAKE_PREFIX_PATH=${CMAKE_PREFIX_PATH}:/workspaces/ros2-coding/install/rqt_joint_trajectory_controller:/workspaces/ros2-coding/install/rqt_controller_manager:/workspaces/ros2-coding/install/ros2controlcli:/workspaces/ros2-coding/install/ros2_controllers_test_nodes:/workspaces/ros2-coding/install/my_turtlesim:/workspaces/ros2-coding/install/issac_sim:/workspaces/ros2-coding/install/isaac_ros_navigation_goal:/opt/ros/jazzy /usr/bin/cmake --install /workspaces/ros2-coding/build/h1_fullbody_controller
[0.859s] Level 1:colcon.colcon_core.environment:checking '/workspaces/ros2-coding/install/h1_fullbody_controller' for CMake config files
[0.860s] Level 1:colcon.colcon_core.shell:create_environment_hook('h1_fullbody_controller', 'cmake_prefix_path')
[0.860s] INFO:colcon.colcon_core.shell:Creating environment hook '/workspaces/ros2-coding/install/h1_fullbody_controller/share/h1_fullbody_controller/hook/cmake_prefix_path.ps1'
[0.860s] INFO:colcon.colcon_core.shell:Creating environment descriptor '/workspaces/ros2-coding/install/h1_fullbody_controller/share/h1_fullbody_controller/hook/cmake_prefix_path.dsv'
[0.861s] INFO:colcon.colcon_core.shell:Creating environment hook '/workspaces/ros2-coding/install/h1_fullbody_controller/share/h1_fullbody_controller/hook/cmake_prefix_path.sh'
[0.861s] Level 1:colcon.colcon_core.environment:checking '/workspaces/ros2-coding/install/h1_fullbody_controller/lib'
[0.862s] Level 1:colcon.colcon_core.environment:checking '/workspaces/ros2-coding/install/h1_fullbody_controller/bin'
[0.862s] Level 1:colcon.colcon_core.environment:checking '/workspaces/ros2-coding/install/h1_fullbody_controller/lib/pkgconfig/h1_fullbody_controller.pc'
[0.862s] Level 1:colcon.colcon_core.environment:checking '/workspaces/ros2-coding/install/h1_fullbody_controller/lib/python3.12/site-packages'
[0.862s] Level 1:colcon.colcon_core.environment:checking '/workspaces/ros2-coding/install/h1_fullbody_controller/bin'
[0.862s] INFO:colcon.colcon_core.shell:Creating package script '/workspaces/ros2-coding/install/h1_fullbody_controller/share/h1_fullbody_controller/package.ps1'
[0.863s] INFO:colcon.colcon_core.shell:Creating package descriptor '/workspaces/ros2-coding/install/h1_fullbody_controller/share/h1_fullbody_controller/package.dsv'
[0.863s] INFO:colcon.colcon_core.shell:Creating package script '/workspaces/ros2-coding/install/h1_fullbody_controller/share/h1_fullbody_controller/package.sh'
[0.864s] INFO:colcon.colcon_core.shell:Creating package script '/workspaces/ros2-coding/install/h1_fullbody_controller/share/h1_fullbody_controller/package.bash'
[0.865s] INFO:colcon.colcon_core.shell:Creating package script '/workspaces/ros2-coding/install/h1_fullbody_controller/share/h1_fullbody_controller/package.zsh'
[0.865s] Level 1:colcon.colcon_core.environment:create_file_with_runtime_dependencies(/workspaces/ros2-coding/install/h1_fullbody_controller/share/colcon-core/packages/h1_fullbody_controller)
[0.866s] Level 1:colcon.colcon_core.environment:create_environment_scripts_only(h1_fullbody_controller)
[0.866s] Level 1:colcon.colcon_core.environment:checking '/workspaces/ros2-coding/install/h1_fullbody_controller' for CMake module files
[0.867s] Level 1:colcon.colcon_core.environment:checking '/workspaces/ros2-coding/install/h1_fullbody_controller' for CMake config files
[0.868s] Level 1:colcon.colcon_core.shell:create_environment_hook('h1_fullbody_controller', 'cmake_prefix_path')
[0.868s] INFO:colcon.colcon_core.shell:Creating environment hook '/workspaces/ros2-coding/install/h1_fullbody_controller/share/h1_fullbody_controller/hook/cmake_prefix_path.ps1'
[0.869s] INFO:colcon.colcon_core.shell:Creating environment descriptor '/workspaces/ros2-coding/install/h1_fullbody_controller/share/h1_fullbody_controller/hook/cmake_prefix_path.dsv'
[0.870s] INFO:colcon.colcon_core.shell:Creating environment hook '/workspaces/ros2-coding/install/h1_fullbody_controller/share/h1_fullbody_controller/hook/cmake_prefix_path.sh'
[0.870s] Level 1:colcon.colcon_core.environment:checking '/workspaces/ros2-coding/install/h1_fullbody_controller/lib'
[0.871s] Level 1:colcon.colcon_core.environment:checking '/workspaces/ros2-coding/install/h1_fullbody_controller/bin'
[0.871s] Level 1:colcon.colcon_core.environment:checking '/workspaces/ros2-coding/install/h1_fullbody_controller/lib/pkgconfig/h1_fullbody_controller.pc'
[0.872s] Level 1:colcon.colcon_core.environment:checking '/workspaces/ros2-coding/install/h1_fullbody_controller/lib/python3.12/site-packages'
[0.872s] Level 1:colcon.colcon_core.environment:checking '/workspaces/ros2-coding/install/h1_fullbody_controller/bin'
[0.872s] INFO:colcon.colcon_core.shell:Creating package script '/workspaces/ros2-coding/install/h1_fullbody_controller/share/h1_fullbody_controller/package.ps1'
[0.873s] INFO:colcon.colcon_core.shell:Creating package descriptor '/workspaces/ros2-coding/install/h1_fullbody_controller/share/h1_fullbody_controller/package.dsv'
[0.874s] INFO:colcon.colcon_core.shell:Creating package script '/workspaces/ros2-coding/install/h1_fullbody_controller/share/h1_fullbody_controller/package.sh'
[0.875s] INFO:colcon.colcon_core.shell:Creating package script '/workspaces/ros2-coding/install/h1_fullbody_controller/share/h1_fullbody_controller/package.bash'
[0.876s] INFO:colcon.colcon_core.shell:Creating package script '/workspaces/ros2-coding/install/h1_fullbody_controller/share/h1_fullbody_controller/package.zsh'
[0.876s] Level 1:colcon.colcon_core.environment:create_file_with_runtime_dependencies(/workspaces/ros2-coding/install/h1_fullbody_controller/share/colcon-core/packages/h1_fullbody_controller)
[0.877s] INFO:colcon.colcon_ros.task.ament_cmake.build:Building ROS package in '/workspaces/ros2-coding/turtlesim_ws/src/moveit/isaac_moveit' with build type 'ament_cmake'
[0.877s] INFO:colcon.colcon_cmake.task.cmake.build:Building CMake package in '/workspaces/ros2-coding/turtlesim_ws/src/moveit/isaac_moveit'
[0.878s] INFO:colcon.colcon_core.shell:Skip shell extension 'powershell' for command environment: Not usable outside of PowerShell
[0.878s] DEBUG:colcon.colcon_core.shell:Skip shell extension 'dsv' for command environment
[0.904s] Level 1:colcon.colcon_core.environment:create_environment_scripts_only(diff_drive_mover)
[0.905s] Level 1:colcon.colcon_core.environment:checking '/workspaces/ros2-coding/install/diff_drive_mover' for CMake module files
[0.906s] Level 1:colcon.colcon_core.environment:checking '/workspaces/ros2-coding/install/diff_drive_mover' for CMake config files
[0.906s] Level 1:colcon.colcon_core.shell:create_environment_hook('diff_drive_mover', 'cmake_prefix_path')
[0.906s] INFO:colcon.colcon_core.shell:Creating environment hook '/workspaces/ros2-coding/install/diff_drive_mover/share/diff_drive_mover/hook/cmake_prefix_path.ps1'
[0.907s] INFO:colcon.colcon_core.shell:Creating environment descriptor '/workspaces/ros2-coding/install/diff_drive_mover/share/diff_drive_mover/hook/cmake_prefix_path.dsv'
[0.908s] DEBUG:colcon.colcon_core.event_handler.log_command:Invoked command in '/workspaces/ros2-coding/build/diff_drive_mover' returned '0': CMAKE_PREFIX_PATH=${CMAKE_PREFIX_PATH}:/workspaces/ros2-coding/install/rqt_joint_trajectory_controller:/workspaces/ros2-coding/install/rqt_controller_manager:/workspaces/ros2-coding/install/ros2controlcli:/workspaces/ros2-coding/install/ros2_controllers_test_nodes:/workspaces/ros2-coding/install/my_turtlesim:/workspaces/ros2-coding/install/issac_sim:/workspaces/ros2-coding/install/isaac_ros_navigation_goal:/opt/ros/jazzy /usr/bin/cmake --install /workspaces/ros2-coding/build/diff_drive_mover
[0.908s] INFO:colcon.colcon_core.shell:Creating environment hook '/workspaces/ros2-coding/install/diff_drive_mover/share/diff_drive_mover/hook/cmake_prefix_path.sh'
[0.909s] Level 1:colcon.colcon_core.environment:checking '/workspaces/ros2-coding/install/diff_drive_mover/bin'
[0.910s] Level 1:colcon.colcon_core.environment:checking '/workspaces/ros2-coding/install/diff_drive_mover/lib/pkgconfig/diff_drive_mover.pc'
[0.910s] Level 1:colcon.colcon_core.environment:checking '/workspaces/ros2-coding/install/diff_drive_mover/lib/python3.12/site-packages'
[0.910s] Level 1:colcon.colcon_core.environment:checking '/workspaces/ros2-coding/install/diff_drive_mover/bin'
[0.910s] INFO:colcon.colcon_core.shell:Creating package script '/workspaces/ros2-coding/install/diff_drive_mover/share/diff_drive_mover/package.ps1'
[0.911s] INFO:colcon.colcon_core.shell:Creating package descriptor '/workspaces/ros2-coding/install/diff_drive_mover/share/diff_drive_mover/package.dsv'
[0.912s] INFO:colcon.colcon_core.shell:Creating package script '/workspaces/ros2-coding/install/diff_drive_mover/share/diff_drive_mover/package.sh'
[0.913s] INFO:colcon.colcon_core.shell:Creating package script '/workspaces/ros2-coding/install/diff_drive_mover/share/diff_drive_mover/package.bash'
[0.913s] INFO:colcon.colcon_core.shell:Creating package script '/workspaces/ros2-coding/install/diff_drive_mover/share/diff_drive_mover/package.zsh'
[0.914s] Level 1:colcon.colcon_core.environment:create_file_with_runtime_dependencies(/workspaces/ros2-coding/install/diff_drive_mover/share/colcon-core/packages/diff_drive_mover)
[0.914s] Level 1:colcon.colcon_core.environment:create_environment_scripts_only(diff_drive_mover)
[0.915s] Level 1:colcon.colcon_core.environment:checking '/workspaces/ros2-coding/install/diff_drive_mover' for CMake module files
[0.915s] Level 1:colcon.colcon_core.environment:checking '/workspaces/ros2-coding/install/diff_drive_mover' for CMake config files
[0.916s] Level 1:colcon.colcon_core.shell:create_environment_hook('diff_drive_mover', 'cmake_prefix_path')
[0.916s] INFO:colcon.colcon_core.shell:Creating environment hook '/workspaces/ros2-coding/install/diff_drive_mover/share/diff_drive_mover/hook/cmake_prefix_path.ps1'
[0.917s] INFO:colcon.colcon_core.shell:Creating environment descriptor '/workspaces/ros2-coding/install/diff_drive_mover/share/diff_drive_mover/hook/cmake_prefix_path.dsv'
[0.917s] INFO:colcon.colcon_core.shell:Creating environment hook '/workspaces/ros2-coding/install/diff_drive_mover/share/diff_drive_mover/hook/cmake_prefix_path.sh'
[0.918s] Level 1:colcon.colcon_core.environment:checking '/workspaces/ros2-coding/install/diff_drive_mover/bin'
[0.918s] Level 1:colcon.colcon_core.environment:checking '/workspaces/ros2-coding/install/diff_drive_mover/lib/pkgconfig/diff_drive_mover.pc'
[0.919s] Level 1:colcon.colcon_core.environment:checking '/workspaces/ros2-coding/install/diff_drive_mover/lib/python3.12/site-packages'
[0.919s] Level 1:colcon.colcon_core.environment:checking '/workspaces/ros2-coding/install/diff_drive_mover/bin'
[0.919s] INFO:colcon.colcon_core.shell:Creating package script '/workspaces/ros2-coding/install/diff_drive_mover/share/diff_drive_mover/package.ps1'
[0.920s] INFO:colcon.colcon_core.shell:Creating package descriptor '/workspaces/ros2-coding/install/diff_drive_mover/share/diff_drive_mover/package.dsv'
[0.921s] INFO:colcon.colcon_core.shell:Creating package script '/workspaces/ros2-coding/install/diff_drive_mover/share/diff_drive_mover/package.sh'
[0.924s] INFO:colcon.colcon_core.shell:Creating package script '/workspaces/ros2-coding/install/diff_drive_mover/share/diff_drive_mover/package.bash'
[0.925s] INFO:colcon.colcon_core.shell:Creating package script '/workspaces/ros2-coding/install/diff_drive_mover/share/diff_drive_mover/package.zsh'
[0.925s] Level 1:colcon.colcon_core.environment:create_file_with_runtime_dependencies(/workspaces/ros2-coding/install/diff_drive_mover/share/colcon-core/packages/diff_drive_mover)
[0.928s] INFO:colcon.colcon_ros.task.ament_cmake.build:Building ROS package in '/workspaces/ros2-coding/turtlesim_ws/src/isaac_ros2_messages' with build type 'ament_cmake'
[0.928s] INFO:colcon.colcon_cmake.task.cmake.build:Building CMake package in '/workspaces/ros2-coding/turtlesim_ws/src/isaac_ros2_messages'
[0.929s] INFO:colcon.colcon_core.shell:Skip shell extension 'powershell' for command environment: Not usable outside of PowerShell
[0.929s] DEBUG:colcon.colcon_core.shell:Skip shell extension 'dsv' for command environment
[0.957s] DEBUG:colcon.colcon_core.event_handler.log_command:Invoking command in '/workspaces/ros2-coding/build/isaac_moveit': CMAKE_PREFIX_PATH=${CMAKE_PREFIX_PATH}:/workspaces/ros2-coding/install/rqt_joint_trajectory_controller:/workspaces/ros2-coding/install/rqt_controller_manager:/workspaces/ros2-coding/install/ros2controlcli:/workspaces/ros2-coding/install/ros2_controllers_test_nodes:/workspaces/ros2-coding/install/my_turtlesim:/workspaces/ros2-coding/install/issac_sim:/workspaces/ros2-coding/install/isaac_ros_navigation_goal:/opt/ros/jazzy /usr/bin/cmake --build /workspaces/ros2-coding/build/isaac_moveit -- -j4 -l4
[0.959s] DEBUG:colcon.colcon_core.event_handler.log_command:Invoked command in '/workspaces/ros2-coding/build/ros_gz_example_gazebo' returned '0': CMAKE_PREFIX_PATH=/workspaces/ros2-coding/install/ros_gz_example_description:/workspaces/ros2-coding/install/nao_gz_control:/workspaces/ros2-coding/install/ros2_controllers:/workspaces/ros2-coding/install/ros2_control_demos:/workspaces/ros2-coding/install/ros2_control_demo_example_3:/workspaces/ros2-coding/install/gz_ros2_control_demos:/workspaces/ros2-coding/install/velocity_controllers:/workspaces/ros2-coding/install/tricycle_steering_controller:/workspaces/ros2-coding/install/tricycle_controller:/workspaces/ros2-coding/install/ros2_control_demo_example_8:/workspaces/ros2-coding/install/ros2_control:/workspaces/ros2-coding/install/transmission_interface:/workspaces/ros2-coding/install/ros2_control_demo_example_11:/workspaces/ros2-coding/install/bicycle_steering_controller:/workspaces/ros2-coding/install/ackermann_steering_controller:/workspaces/ros2-coding/install/steering_controllers_library:/workspaces/ros2-coding/install/ros2_control_demo_example_17:/workspaces/ros2-coding/install/ros2_control_demo_example_15:/workspaces/ros2-coding/install/ros2_control_demo_example_1:/workspaces/ros2-coding/install/ros_gz_example_bringup:/workspaces/ros2-coding/install/ros_gz_example_gazebo:/workspaces/ros2-coding/install/ros_gz_example_application:/workspaces/ros2-coding/install/ros2_control_demo_example_9:/workspaces/ros2-coding/install/ros2_control_demo_example_7:/workspaces/ros2-coding/install/ros2_control_demo_example_6:/workspaces/ros2-coding/install/ros2_control_demo_example_13:/workspaces/ros2-coding/install/ros2_control_demo_example_5:/workspaces/ros2-coding/install/ros2_control_demo_example_4:/workspaces/ros2-coding/install/ros2_control_demo_example_2:/workspaces/ros2-coding/install/ros2_control_demo_example_16:/workspaces/ros2-coding/install/ros2_control_demo_example_14:/workspaces/ros2-coding/install/ros2_control_demo_example_12:/workspaces/ros2-coding/install/ros2_control_demo_example_10:/workspaces/ros2-coding/install/hardware_interface_testing:/workspaces/ros2-coding/install/gz_ros2_control:/workspaces/ros2-coding/install/controller_manager:/workspaces/ros2-coding/install/ros2_control_test_assets:/workspaces/ros2-coding/install/ros2_control_demo_description:/workspaces/ros2-coding/install/ros2_control_cmake:/workspaces/ros2-coding/install/range_sensor_broadcaster:/workspaces/ros2-coding/install/position_controllers:/workspaces/ros2-coding/install/pose_broadcaster:/workspaces/ros2-coding/install/pid_controller:/workspaces/ros2-coding/install/parallel_gripper_controller:/workspaces/ros2-coding/install/omni_wheel_drive_controller:/workspaces/ros2-coding/install/mecanum_drive_controller:/workspaces/ros2-coding/install/joint_trajectory_controller:/workspaces/ros2-coding/install/joint_state_topic_hardware_interface:/workspaces/ros2-coding/install/joint_state_broadcaster:/workspaces/ros2-coding/install/imu_sensor_broadcaster:/workspaces/ros2-coding/install/gripper_controllers:/workspaces/ros2-coding/install/gps_sensor_broadcaster:/workspaces/ros2-coding/install/gpio_controllers:/workspaces/ros2-coding/install/effort_controllers:/workspaces/ros2-coding/install/forward_command_controller:/workspaces/ros2-coding/install/force_torque_sensor_broadcaster:/workspaces/ros2-coding/install/diff_drive_controller:/workspaces/ros2-coding/install/chained_filter_controller:/workspaces/ros2-coding/install/admittance_controller:/workspaces/ros2-coding/install/controller_interface:/workspaces/ros2-coding/install/hardware_interface:/workspaces/ros2-coding/install/joint_limits:/workspaces/ros2-coding/install/control_toolbox:/workspaces/ros2-coding/install/realtime_tools:/workspaces/ros2-coding/install/kinematics_interface_kdl:/workspaces/ros2-coding/install/kinematics_interface:/workspaces/ros2-coding/install/iw_hub_navigation:/workspaces/ros2-coding/install/isaacsim:/workspaces/ros2-coding/install/isaac_tutorials:/workspaces/ros2-coding/install/isaac_ros2_messages:/workspaces/ros2-coding/install/isaac_moveit:/workspaces/ros2-coding/install/h1_fullbody_controller:/workspaces/ros2-coding/install/gz_ros2_control_tests:/workspaces/ros2-coding/install/diff_drive_mover:/workspaces/ros2-coding/install/custom_message:/workspaces/ros2-coding/install/controller_manager_msgs:/workspaces/ros2-coding/install/control_msgs:/workspaces/ros2-coding/install/cmdvel_to_ackermann:/workspaces/ros2-coding/install/carter_navigation:/opt/ros/jazzy/opt/gz_sim_vendor:/opt/ros/jazzy/opt/gz_sensors_vendor:/opt/ros/jazzy/opt/gz_physics_vendor:/opt/ros/jazzy/opt/sdformat_vendor:/opt/ros/jazzy/opt/gz_gui_vendor:/opt/ros/jazzy/opt/gz_transport_vendor:/opt/ros/jazzy/opt/gz_rendering_vendor:/opt/ros/jazzy/opt/gz_plugin_vendor:/opt/ros/jazzy/opt/gz_fuel_tools_vendor:/opt/ros/jazzy/opt/gz_msgs_vendor:/opt/ros/jazzy/opt/gz_common_vendor:/opt/ros/jazzy/opt/gz_math_vendor:/opt/ros/jazzy/opt/gz_utils_vendor:/opt/ros/jazzy/opt/gz_tools_vendor:/opt/ros/jazzy/opt/gz_ogre_next_vendor:/opt/ros/jazzy/opt/gz_dartsim_vendor:/opt/ros/jazzy/opt/gz_cmake_vendor:/workspaces/ros2-coding/install/rqt_joint_trajectory_controller:/workspaces/ros2-coding/install/rqt_controller_manager:/workspaces/ros2-coding/install/ros2controlcli:/workspaces/ros2-coding/install/ros2_controllers_test_nodes:/workspaces/ros2-coding/install/my_turtlesim:/workspaces/ros2-coding/install/issac_sim:/workspaces/ros2-coding/install/isaac_ros_navigation_goal:/opt/ros/jazzy GZ_SIM_RESOURCE_PATH=/workspaces/ros2-coding/install/ros_gz_example_description/share/ros_gz_example_description/models:${GZ_SIM_RESOURCE_PATH} /usr/bin/cmake --build /workspaces/ros2-coding/build/ros_gz_example_gazebo -- -j4 -l4
[0.961s] DEBUG:colcon.colcon_core.event_handler.log_command:Invoking command in '/workspaces/ros2-coding/build/ros_gz_example_gazebo': CMAKE_PREFIX_PATH=/workspaces/ros2-coding/install/ros_gz_example_description:/workspaces/ros2-coding/install/nao_gz_control:/workspaces/ros2-coding/install/ros2_controllers:/workspaces/ros2-coding/install/ros2_control_demos:/workspaces/ros2-coding/install/ros2_control_demo_example_3:/workspaces/ros2-coding/install/gz_ros2_control_demos:/workspaces/ros2-coding/install/velocity_controllers:/workspaces/ros2-coding/install/tricycle_steering_controller:/workspaces/ros2-coding/install/tricycle_controller:/workspaces/ros2-coding/install/ros2_control_demo_example_8:/workspaces/ros2-coding/install/ros2_control:/workspaces/ros2-coding/install/transmission_interface:/workspaces/ros2-coding/install/ros2_control_demo_example_11:/workspaces/ros2-coding/install/bicycle_steering_controller:/workspaces/ros2-coding/install/ackermann_steering_controller:/workspaces/ros2-coding/install/steering_controllers_library:/workspaces/ros2-coding/install/ros2_control_demo_example_17:/workspaces/ros2-coding/install/ros2_control_demo_example_15:/workspaces/ros2-coding/install/ros2_control_demo_example_1:/workspaces/ros2-coding/install/ros_gz_example_bringup:/workspaces/ros2-coding/install/ros_gz_example_gazebo:/workspaces/ros2-coding/install/ros_gz_example_application:/workspaces/ros2-coding/install/ros2_control_demo_example_9:/workspaces/ros2-coding/install/ros2_control_demo_example_7:/workspaces/ros2-coding/install/ros2_control_demo_example_6:/workspaces/ros2-coding/install/ros2_control_demo_example_13:/workspaces/ros2-coding/install/ros2_control_demo_example_5:/workspaces/ros2-coding/install/ros2_control_demo_example_4:/workspaces/ros2-coding/install/ros2_control_demo_example_2:/workspaces/ros2-coding/install/ros2_control_demo_example_16:/workspaces/ros2-coding/install/ros2_control_demo_example_14:/workspaces/ros2-coding/install/ros2_control_demo_example_12:/workspaces/ros2-coding/install/ros2_control_demo_example_10:/workspaces/ros2-coding/install/hardware_interface_testing:/workspaces/ros2-coding/install/gz_ros2_control:/workspaces/ros2-coding/install/controller_manager:/workspaces/ros2-coding/install/ros2_control_test_assets:/workspaces/ros2-coding/install/ros2_control_demo_description:/workspaces/ros2-coding/install/ros2_control_cmake:/workspaces/ros2-coding/install/range_sensor_broadcaster:/workspaces/ros2-coding/install/position_controllers:/workspaces/ros2-coding/install/pose_broadcaster:/workspaces/ros2-coding/install/pid_controller:/workspaces/ros2-coding/install/parallel_gripper_controller:/workspaces/ros2-coding/install/omni_wheel_drive_controller:/workspaces/ros2-coding/install/mecanum_drive_controller:/workspaces/ros2-coding/install/joint_trajectory_controller:/workspaces/ros2-coding/install/joint_state_topic_hardware_interface:/workspaces/ros2-coding/install/joint_state_broadcaster:/workspaces/ros2-coding/install/imu_sensor_broadcaster:/workspaces/ros2-coding/install/gripper_controllers:/workspaces/ros2-coding/install/gps_sensor_broadcaster:/workspaces/ros2-coding/install/gpio_controllers:/workspaces/ros2-coding/install/effort_controllers:/workspaces/ros2-coding/install/forward_command_controller:/workspaces/ros2-coding/install/force_torque_sensor_broadcaster:/workspaces/ros2-coding/install/diff_drive_controller:/workspaces/ros2-coding/install/chained_filter_controller:/workspaces/ros2-coding/install/admittance_controller:/workspaces/ros2-coding/install/controller_interface:/workspaces/ros2-coding/install/hardware_interface:/workspaces/ros2-coding/install/joint_limits:/workspaces/ros2-coding/install/control_toolbox:/workspaces/ros2-coding/install/realtime_tools:/workspaces/ros2-coding/install/kinematics_interface_kdl:/workspaces/ros2-coding/install/kinematics_interface:/workspaces/ros2-coding/install/iw_hub_navigation:/workspaces/ros2-coding/install/isaacsim:/workspaces/ros2-coding/install/isaac_tutorials:/workspaces/ros2-coding/install/isaac_ros2_messages:/workspaces/ros2-coding/install/isaac_moveit:/workspaces/ros2-coding/install/h1_fullbody_controller:/workspaces/ros2-coding/install/gz_ros2_control_tests:/workspaces/ros2-coding/install/diff_drive_mover:/workspaces/ros2-coding/install/custom_message:/workspaces/ros2-coding/install/controller_manager_msgs:/workspaces/ros2-coding/install/control_msgs:/workspaces/ros2-coding/install/cmdvel_to_ackermann:/workspaces/ros2-coding/install/carter_navigation:/opt/ros/jazzy/opt/gz_sim_vendor:/opt/ros/jazzy/opt/gz_sensors_vendor:/opt/ros/jazzy/opt/gz_physics_vendor:/opt/ros/jazzy/opt/sdformat_vendor:/opt/ros/jazzy/opt/gz_gui_vendor:/opt/ros/jazzy/opt/gz_transport_vendor:/opt/ros/jazzy/opt/gz_rendering_vendor:/opt/ros/jazzy/opt/gz_plugin_vendor:/opt/ros/jazzy/opt/gz_fuel_tools_vendor:/opt/ros/jazzy/opt/gz_msgs_vendor:/opt/ros/jazzy/opt/gz_common_vendor:/opt/ros/jazzy/opt/gz_math_vendor:/opt/ros/jazzy/opt/gz_utils_vendor:/opt/ros/jazzy/opt/gz_tools_vendor:/opt/ros/jazzy/opt/gz_ogre_next_vendor:/opt/ros/jazzy/opt/gz_dartsim_vendor:/opt/ros/jazzy/opt/gz_cmake_vendor:/workspaces/ros2-coding/install/rqt_joint_trajectory_controller:/workspaces/ros2-coding/install/rqt_controller_manager:/workspaces/ros2-coding/install/ros2controlcli:/workspaces/ros2-coding/install/ros2_controllers_test_nodes:/workspaces/ros2-coding/install/my_turtlesim:/workspaces/ros2-coding/install/issac_sim:/workspaces/ros2-coding/install/isaac_ros_navigation_goal:/opt/ros/jazzy GZ_SIM_RESOURCE_PATH=/workspaces/ros2-coding/install/ros_gz_example_description/share/ros_gz_example_description/models:${GZ_SIM_RESOURCE_PATH} /usr/bin/cmake --install /workspaces/ros2-coding/build/ros_gz_example_gazebo
[0.968s] DEBUG:colcon.colcon_core.event_handler.log_command:Invoking command in '/workspaces/ros2-coding/build/isaac_ros2_messages': CMAKE_PREFIX_PATH=${CMAKE_PREFIX_PATH}:/workspaces/ros2-coding/install/rqt_joint_trajectory_controller:/workspaces/ros2-coding/install/rqt_controller_manager:/workspaces/ros2-coding/install/ros2controlcli:/workspaces/ros2-coding/install/ros2_controllers_test_nodes:/workspaces/ros2-coding/install/my_turtlesim:/workspaces/ros2-coding/install/issac_sim:/workspaces/ros2-coding/install/isaac_ros_navigation_goal:/opt/ros/jazzy /usr/bin/cmake --build /workspaces/ros2-coding/build/isaac_ros2_messages -- -j4 -l4
[1.047s] Level 1:colcon.colcon_core.environment:create_environment_scripts_only(ros_gz_example_gazebo)
[1.047s] Level 1:colcon.colcon_core.environment:checking '/workspaces/ros2-coding/install/ros_gz_example_gazebo' for CMake module files
[1.048s] Level 1:colcon.colcon_core.environment:checking '/workspaces/ros2-coding/install/ros_gz_example_gazebo' for CMake config files
[1.049s] Level 1:colcon.colcon_core.shell:create_environment_hook('ros_gz_example_gazebo', 'cmake_prefix_path')
[1.049s] INFO:colcon.colcon_core.shell:Creating environment hook '/workspaces/ros2-coding/install/ros_gz_example_gazebo/share/ros_gz_example_gazebo/hook/cmake_prefix_path.ps1'
[1.050s] DEBUG:colcon.colcon_core.event_handler.log_command:Invoked command in '/workspaces/ros2-coding/build/ros_gz_example_gazebo' returned '0': CMAKE_PREFIX_PATH=/workspaces/ros2-coding/install/ros_gz_example_description:/workspaces/ros2-coding/install/nao_gz_control:/workspaces/ros2-coding/install/ros2_controllers:/workspaces/ros2-coding/install/ros2_control_demos:/workspaces/ros2-coding/install/ros2_control_demo_example_3:/workspaces/ros2-coding/install/gz_ros2_control_demos:/workspaces/ros2-coding/install/velocity_controllers:/workspaces/ros2-coding/install/tricycle_steering_controller:/workspaces/ros2-coding/install/tricycle_controller:/workspaces/ros2-coding/install/ros2_control_demo_example_8:/workspaces/ros2-coding/install/ros2_control:/workspaces/ros2-coding/install/transmission_interface:/workspaces/ros2-coding/install/ros2_control_demo_example_11:/workspaces/ros2-coding/install/bicycle_steering_controller:/workspaces/ros2-coding/install/ackermann_steering_controller:/workspaces/ros2-coding/install/steering_controllers_library:/workspaces/ros2-coding/install/ros2_control_demo_example_17:/workspaces/ros2-coding/install/ros2_control_demo_example_15:/workspaces/ros2-coding/install/ros2_control_demo_example_1:/workspaces/ros2-coding/install/ros_gz_example_bringup:/workspaces/ros2-coding/install/ros_gz_example_gazebo:/workspaces/ros2-coding/install/ros_gz_example_application:/workspaces/ros2-coding/install/ros2_control_demo_example_9:/workspaces/ros2-coding/install/ros2_control_demo_example_7:/workspaces/ros2-coding/install/ros2_control_demo_example_6:/workspaces/ros2-coding/install/ros2_control_demo_example_13:/workspaces/ros2-coding/install/ros2_control_demo_example_5:/workspaces/ros2-coding/install/ros2_control_demo_example_4:/workspaces/ros2-coding/install/ros2_control_demo_example_2:/workspaces/ros2-coding/install/ros2_control_demo_example_16:/workspaces/ros2-coding/install/ros2_control_demo_example_14:/workspaces/ros2-coding/install/ros2_control_demo_example_12:/workspaces/ros2-coding/install/ros2_control_demo_example_10:/workspaces/ros2-coding/install/hardware_interface_testing:/workspaces/ros2-coding/install/gz_ros2_control:/workspaces/ros2-coding/install/controller_manager:/workspaces/ros2-coding/install/ros2_control_test_assets:/workspaces/ros2-coding/install/ros2_control_demo_description:/workspaces/ros2-coding/install/ros2_control_cmake:/workspaces/ros2-coding/install/range_sensor_broadcaster:/workspaces/ros2-coding/install/position_controllers:/workspaces/ros2-coding/install/pose_broadcaster:/workspaces/ros2-coding/install/pid_controller:/workspaces/ros2-coding/install/parallel_gripper_controller:/workspaces/ros2-coding/install/omni_wheel_drive_controller:/workspaces/ros2-coding/install/mecanum_drive_controller:/workspaces/ros2-coding/install/joint_trajectory_controller:/workspaces/ros2-coding/install/joint_state_topic_hardware_interface:/workspaces/ros2-coding/install/joint_state_broadcaster:/workspaces/ros2-coding/install/imu_sensor_broadcaster:/workspaces/ros2-coding/install/gripper_controllers:/workspaces/ros2-coding/install/gps_sensor_broadcaster:/workspaces/ros2-coding/install/gpio_controllers:/workspaces/ros2-coding/install/effort_controllers:/workspaces/ros2-coding/install/forward_command_controller:/workspaces/ros2-coding/install/force_torque_sensor_broadcaster:/workspaces/ros2-coding/install/diff_drive_controller:/workspaces/ros2-coding/install/chained_filter_controller:/workspaces/ros2-coding/install/admittance_controller:/workspaces/ros2-coding/install/controller_interface:/workspaces/ros2-coding/install/hardware_interface:/workspaces/ros2-coding/install/joint_limits:/workspaces/ros2-coding/install/control_toolbox:/workspaces/ros2-coding/install/realtime_tools:/workspaces/ros2-coding/install/kinematics_interface_kdl:/workspaces/ros2-coding/install/kinematics_interface:/workspaces/ros2-coding/install/iw_hub_navigation:/workspaces/ros2-coding/install/isaacsim:/workspaces/ros2-coding/install/isaac_tutorials:/workspaces/ros2-coding/install/isaac_ros2_messages:/workspaces/ros2-coding/install/isaac_moveit:/workspaces/ros2-coding/install/h1_fullbody_controller:/workspaces/ros2-coding/install/gz_ros2_control_tests:/workspaces/ros2-coding/install/diff_drive_mover:/workspaces/ros2-coding/install/custom_message:/workspaces/ros2-coding/install/controller_manager_msgs:/workspaces/ros2-coding/install/control_msgs:/workspaces/ros2-coding/install/cmdvel_to_ackermann:/workspaces/ros2-coding/install/carter_navigation:/opt/ros/jazzy/opt/gz_sim_vendor:/opt/ros/jazzy/opt/gz_sensors_vendor:/opt/ros/jazzy/opt/gz_physics_vendor:/opt/ros/jazzy/opt/sdformat_vendor:/opt/ros/jazzy/opt/gz_gui_vendor:/opt/ros/jazzy/opt/gz_transport_vendor:/opt/ros/jazzy/opt/gz_rendering_vendor:/opt/ros/jazzy/opt/gz_plugin_vendor:/opt/ros/jazzy/opt/gz_fuel_tools_vendor:/opt/ros/jazzy/opt/gz_msgs_vendor:/opt/ros/jazzy/opt/gz_common_vendor:/opt/ros/jazzy/opt/gz_math_vendor:/opt/ros/jazzy/opt/gz_utils_vendor:/opt/ros/jazzy/opt/gz_tools_vendor:/opt/ros/jazzy/opt/gz_ogre_next_vendor:/opt/ros/jazzy/opt/gz_dartsim_vendor:/opt/ros/jazzy/opt/gz_cmake_vendor:/workspaces/ros2-coding/install/rqt_joint_trajectory_controller:/workspaces/ros2-coding/install/rqt_controller_manager:/workspaces/ros2-coding/install/ros2controlcli:/workspaces/ros2-coding/install/ros2_controllers_test_nodes:/workspaces/ros2-coding/install/my_turtlesim:/workspaces/ros2-coding/install/issac_sim:/workspaces/ros2-coding/install/isaac_ros_navigation_goal:/opt/ros/jazzy GZ_SIM_RESOURCE_PATH=/workspaces/ros2-coding/install/ros_gz_example_description/share/ros_gz_example_description/models:${GZ_SIM_RESOURCE_PATH} /usr/bin/cmake --install /workspaces/ros2-coding/build/ros_gz_example_gazebo
[1.051s] INFO:colcon.colcon_core.shell:Creating environment descriptor '/workspaces/ros2-coding/install/ros_gz_example_gazebo/share/ros_gz_example_gazebo/hook/cmake_prefix_path.dsv'
[1.051s] INFO:colcon.colcon_core.shell:Creating environment hook '/workspaces/ros2-coding/install/ros_gz_example_gazebo/share/ros_gz_example_gazebo/hook/cmake_prefix_path.sh'
[1.053s] Level 1:colcon.colcon_core.environment:checking '/workspaces/ros2-coding/install/ros_gz_example_gazebo/lib'
[1.053s] Level 1:colcon.colcon_core.environment:checking '/workspaces/ros2-coding/install/ros_gz_example_gazebo/bin'
[1.053s] Level 1:colcon.colcon_core.environment:checking '/workspaces/ros2-coding/install/ros_gz_example_gazebo/lib/pkgconfig/ros_gz_example_gazebo.pc'
[1.053s] Level 1:colcon.colcon_core.environment:checking '/workspaces/ros2-coding/install/ros_gz_example_gazebo/lib/python3.12/site-packages'
[1.053s] Level 1:colcon.colcon_core.environment:checking '/workspaces/ros2-coding/install/ros_gz_example_gazebo/bin'
[1.054s] INFO:colcon.colcon_core.shell:Creating package script '/workspaces/ros2-coding/install/ros_gz_example_gazebo/share/ros_gz_example_gazebo/package.ps1'
[1.055s] INFO:colcon.colcon_core.shell:Creating package descriptor '/workspaces/ros2-coding/install/ros_gz_example_gazebo/share/ros_gz_example_gazebo/package.dsv'
[1.059s] INFO:colcon.colcon_core.shell:Creating package script '/workspaces/ros2-coding/install/ros_gz_example_gazebo/share/ros_gz_example_gazebo/package.sh'
[1.060s] INFO:colcon.colcon_core.shell:Creating package script '/workspaces/ros2-coding/install/ros_gz_example_gazebo/share/ros_gz_example_gazebo/package.bash'
[1.060s] INFO:colcon.colcon_core.shell:Creating package script '/workspaces/ros2-coding/install/ros_gz_example_gazebo/share/ros_gz_example_gazebo/package.zsh'
[1.061s] Level 1:colcon.colcon_core.environment:create_file_with_runtime_dependencies(/workspaces/ros2-coding/install/ros_gz_example_gazebo/share/colcon-core/packages/ros_gz_example_gazebo)
[1.063s] Level 1:colcon.colcon_core.environment:create_environment_scripts_only(ros_gz_example_gazebo)
[1.063s] Level 1:colcon.colcon_core.environment:checking '/workspaces/ros2-coding/install/ros_gz_example_gazebo' for CMake module files
[1.064s] Level 1:colcon.colcon_core.environment:checking '/workspaces/ros2-coding/install/ros_gz_example_gazebo' for CMake config files
[1.065s] Level 1:colcon.colcon_core.shell:create_environment_hook('ros_gz_example_gazebo', 'cmake_prefix_path')
[1.066s] INFO:colcon.colcon_core.shell:Creating environment hook '/workspaces/ros2-coding/install/ros_gz_example_gazebo/share/ros_gz_example_gazebo/hook/cmake_prefix_path.ps1'
[1.067s] INFO:colcon.colcon_core.shell:Creating environment descriptor '/workspaces/ros2-coding/install/ros_gz_example_gazebo/share/ros_gz_example_gazebo/hook/cmake_prefix_path.dsv'
[1.067s] INFO:colcon.colcon_core.shell:Creating environment hook '/workspaces/ros2-coding/install/ros_gz_example_gazebo/share/ros_gz_example_gazebo/hook/cmake_prefix_path.sh'
[1.068s] Level 1:colcon.colcon_core.environment:checking '/workspaces/ros2-coding/install/ros_gz_example_gazebo/lib'
[1.069s] Level 1:colcon.colcon_core.environment:checking '/workspaces/ros2-coding/install/ros_gz_example_gazebo/bin'
[1.069s] Level 1:colcon.colcon_core.environment:checking '/workspaces/ros2-coding/install/ros_gz_example_gazebo/lib/pkgconfig/ros_gz_example_gazebo.pc'
[1.070s] Level 1:colcon.colcon_core.environment:checking '/workspaces/ros2-coding/install/ros_gz_example_gazebo/lib/python3.12/site-packages'
[1.070s] Level 1:colcon.colcon_core.environment:checking '/workspaces/ros2-coding/install/ros_gz_example_gazebo/bin'
[1.070s] INFO:colcon.colcon_core.shell:Creating package script '/workspaces/ros2-coding/install/ros_gz_example_gazebo/share/ros_gz_example_gazebo/package.ps1'
[1.071s] INFO:colcon.colcon_core.shell:Creating package descriptor '/workspaces/ros2-coding/install/ros_gz_example_gazebo/share/ros_gz_example_gazebo/package.dsv'
[1.072s] INFO:colcon.colcon_core.shell:Creating package script '/workspaces/ros2-coding/install/ros_gz_example_gazebo/share/ros_gz_example_gazebo/package.sh'
[1.075s] INFO:colcon.colcon_core.shell:Creating package script '/workspaces/ros2-coding/install/ros_gz_example_gazebo/share/ros_gz_example_gazebo/package.bash'
[1.075s] INFO:colcon.colcon_core.shell:Creating package script '/workspaces/ros2-coding/install/ros_gz_example_gazebo/share/ros_gz_example_gazebo/package.zsh'
[1.076s] Level 1:colcon.colcon_core.environment:create_file_with_runtime_dependencies(/workspaces/ros2-coding/install/ros_gz_example_gazebo/share/colcon-core/packages/ros_gz_example_gazebo)
[1.077s] INFO:colcon.colcon_ros.task.ament_python.build:Building ROS package in '/workspaces/ros2-coding/turtlesim_ws/src/navigation/isaac_ros_navigation_goal' with build type 'ament_python'
[1.077s] Level 1:colcon.colcon_core.shell:create_environment_hook('isaac_ros_navigation_goal', 'ament_prefix_path')
[1.078s] INFO:colcon.colcon_core.shell:Creating environment hook '/workspaces/ros2-coding/install/isaac_ros_navigation_goal/share/isaac_ros_navigation_goal/hook/ament_prefix_path.ps1'
[1.078s] INFO:colcon.colcon_core.shell:Creating environment descriptor '/workspaces/ros2-coding/install/isaac_ros_navigation_goal/share/isaac_ros_navigation_goal/hook/ament_prefix_path.dsv'
[1.079s] INFO:colcon.colcon_core.shell:Creating environment hook '/workspaces/ros2-coding/install/isaac_ros_navigation_goal/share/isaac_ros_navigation_goal/hook/ament_prefix_path.sh'
[1.080s] INFO:colcon.colcon_core.shell:Skip shell extension 'powershell' for command environment: Not usable outside of PowerShell
[1.080s] DEBUG:colcon.colcon_core.shell:Skip shell extension 'dsv' for command environment
[1.103s] DEBUG:colcon.colcon_core.event_handler.log_command:Invoked command in '/workspaces/ros2-coding/build/isaac_moveit' returned '0': CMAKE_PREFIX_PATH=${CMAKE_PREFIX_PATH}:/workspaces/ros2-coding/install/rqt_joint_trajectory_controller:/workspaces/ros2-coding/install/rqt_controller_manager:/workspaces/ros2-coding/install/ros2controlcli:/workspaces/ros2-coding/install/ros2_controllers_test_nodes:/workspaces/ros2-coding/install/my_turtlesim:/workspaces/ros2-coding/install/issac_sim:/workspaces/ros2-coding/install/isaac_ros_navigation_goal:/opt/ros/jazzy /usr/bin/cmake --build /workspaces/ros2-coding/build/isaac_moveit -- -j4 -l4
[1.104s] DEBUG:colcon.colcon_core.event_handler.log_command:Invoking command in '/workspaces/ros2-coding/build/isaac_moveit': CMAKE_PREFIX_PATH=${CMAKE_PREFIX_PATH}:/workspaces/ros2-coding/install/rqt_joint_trajectory_controller:/workspaces/ros2-coding/install/rqt_controller_manager:/workspaces/ros2-coding/install/ros2controlcli:/workspaces/ros2-coding/install/ros2_controllers_test_nodes:/workspaces/ros2-coding/install/my_turtlesim:/workspaces/ros2-coding/install/issac_sim:/workspaces/ros2-coding/install/isaac_ros_navigation_goal:/opt/ros/jazzy /usr/bin/cmake --install /workspaces/ros2-coding/build/isaac_moveit
[1.457s] INFO:colcon.colcon_core.task.python.build:Building Python package in '/workspaces/ros2-coding/turtlesim_ws/src/navigation/isaac_ros_navigation_goal'
[1.457s] INFO:colcon.colcon_core.shell:Skip shell extension 'powershell' for command environment: Not usable outside of PowerShell
[1.457s] DEBUG:colcon.colcon_core.shell:Skip shell extension 'dsv' for command environment
[1.475s] Level 1:colcon.colcon_core.environment:create_environment_scripts_only(isaac_moveit)
[1.475s] Level 1:colcon.colcon_core.environment:checking '/workspaces/ros2-coding/install/isaac_moveit' for CMake module files
[1.475s] DEBUG:colcon.colcon_core.event_handler.log_command:Invoked command in '/workspaces/ros2-coding/build/isaac_moveit' returned '0': CMAKE_PREFIX_PATH=${CMAKE_PREFIX_PATH}:/workspaces/ros2-coding/install/rqt_joint_trajectory_controller:/workspaces/ros2-coding/install/rqt_controller_manager:/workspaces/ros2-coding/install/ros2controlcli:/workspaces/ros2-coding/install/ros2_controllers_test_nodes:/workspaces/ros2-coding/install/my_turtlesim:/workspaces/ros2-coding/install/issac_sim:/workspaces/ros2-coding/install/isaac_ros_navigation_goal:/opt/ros/jazzy /usr/bin/cmake --install /workspaces/ros2-coding/build/isaac_moveit
[1.477s] Level 1:colcon.colcon_core.environment:checking '/workspaces/ros2-coding/install/isaac_moveit' for CMake config files
[1.477s] Level 1:colcon.colcon_core.shell:create_environment_hook('isaac_moveit', 'cmake_prefix_path')
[1.478s] INFO:colcon.colcon_core.shell:Creating environment hook '/workspaces/ros2-coding/install/isaac_moveit/share/isaac_moveit/hook/cmake_prefix_path.ps1'
[1.478s] INFO:colcon.colcon_core.shell:Creating environment descriptor '/workspaces/ros2-coding/install/isaac_moveit/share/isaac_moveit/hook/cmake_prefix_path.dsv'
[1.479s] INFO:colcon.colcon_core.shell:Creating environment hook '/workspaces/ros2-coding/install/isaac_moveit/share/isaac_moveit/hook/cmake_prefix_path.sh'
[1.479s] Level 1:colcon.colcon_core.environment:checking '/workspaces/ros2-coding/install/isaac_moveit/lib'
[1.479s] Level 1:colcon.colcon_core.environment:checking '/workspaces/ros2-coding/install/isaac_moveit/bin'
[1.480s] Level 1:colcon.colcon_core.environment:checking '/workspaces/ros2-coding/install/isaac_moveit/lib/pkgconfig/isaac_moveit.pc'
[1.480s] Level 1:colcon.colcon_core.environment:checking '/workspaces/ros2-coding/install/isaac_moveit/lib/python3.12/site-packages'
[1.480s] Level 1:colcon.colcon_core.environment:checking '/workspaces/ros2-coding/install/isaac_moveit/bin'
[1.480s] INFO:colcon.colcon_core.shell:Creating package script '/workspaces/ros2-coding/install/isaac_moveit/share/isaac_moveit/package.ps1'
[1.481s] INFO:colcon.colcon_core.shell:Creating package descriptor '/workspaces/ros2-coding/install/isaac_moveit/share/isaac_moveit/package.dsv'
[1.481s] INFO:colcon.colcon_core.shell:Creating package script '/workspaces/ros2-coding/install/isaac_moveit/share/isaac_moveit/package.sh'
[1.482s] INFO:colcon.colcon_core.shell:Creating package script '/workspaces/ros2-coding/install/isaac_moveit/share/isaac_moveit/package.bash'
[1.482s] INFO:colcon.colcon_core.shell:Creating package script '/workspaces/ros2-coding/install/isaac_moveit/share/isaac_moveit/package.zsh'
[1.483s] Level 1:colcon.colcon_core.environment:create_file_with_runtime_dependencies(/workspaces/ros2-coding/install/isaac_moveit/share/colcon-core/packages/isaac_moveit)
[1.483s] Level 1:colcon.colcon_core.environment:create_environment_scripts_only(isaac_moveit)
[1.483s] Level 1:colcon.colcon_core.environment:checking '/workspaces/ros2-coding/install/isaac_moveit' for CMake module files
[1.484s] Level 1:colcon.colcon_core.environment:checking '/workspaces/ros2-coding/install/isaac_moveit' for CMake config files
[1.484s] Level 1:colcon.colcon_core.shell:create_environment_hook('isaac_moveit', 'cmake_prefix_path')
[1.485s] INFO:colcon.colcon_core.shell:Creating environment hook '/workspaces/ros2-coding/install/isaac_moveit/share/isaac_moveit/hook/cmake_prefix_path.ps1'
[1.485s] INFO:colcon.colcon_core.shell:Creating environment descriptor '/workspaces/ros2-coding/install/isaac_moveit/share/isaac_moveit/hook/cmake_prefix_path.dsv'
[1.485s] INFO:colcon.colcon_core.shell:Creating environment hook '/workspaces/ros2-coding/install/isaac_moveit/share/isaac_moveit/hook/cmake_prefix_path.sh'
[1.486s] Level 1:colcon.colcon_core.environment:checking '/workspaces/ros2-coding/install/isaac_moveit/lib'
[1.486s] Level 1:colcon.colcon_core.environment:checking '/workspaces/ros2-coding/install/isaac_moveit/bin'
[1.486s] Level 1:colcon.colcon_core.environment:checking '/workspaces/ros2-coding/install/isaac_moveit/lib/pkgconfig/isaac_moveit.pc'
[1.487s] Level 1:colcon.colcon_core.environment:checking '/workspaces/ros2-coding/install/isaac_moveit/lib/python3.12/site-packages'
[1.487s] Level 1:colcon.colcon_core.environment:checking '/workspaces/ros2-coding/install/isaac_moveit/bin'
[1.487s] INFO:colcon.colcon_core.shell:Creating package script '/workspaces/ros2-coding/install/isaac_moveit/share/isaac_moveit/package.ps1'
[1.488s] INFO:colcon.colcon_core.shell:Creating package descriptor '/workspaces/ros2-coding/install/isaac_moveit/share/isaac_moveit/package.dsv'
[1.488s] INFO:colcon.colcon_core.shell:Creating package script '/workspaces/ros2-coding/install/isaac_moveit/share/isaac_moveit/package.sh'
[1.489s] INFO:colcon.colcon_core.shell:Creating package script '/workspaces/ros2-coding/install/isaac_moveit/share/isaac_moveit/package.bash'
[1.489s] INFO:colcon.colcon_core.shell:Creating package script '/workspaces/ros2-coding/install/isaac_moveit/share/isaac_moveit/package.zsh'
[1.490s] Level 1:colcon.colcon_core.environment:create_file_with_runtime_dependencies(/workspaces/ros2-coding/install/isaac_moveit/share/colcon-core/packages/isaac_moveit)
[1.490s] INFO:colcon.colcon_ros.task.ament_cmake.build:Building ROS package in '/workspaces/ros2-coding/turtlesim_ws/src/isaac_tutorials' with build type 'ament_cmake'
[1.491s] INFO:colcon.colcon_cmake.task.cmake.build:Building CMake package in '/workspaces/ros2-coding/turtlesim_ws/src/isaac_tutorials'
[1.491s] INFO:colcon.colcon_core.shell:Skip shell extension 'powershell' for command environment: Not usable outside of PowerShell
[1.491s] DEBUG:colcon.colcon_core.shell:Skip shell extension 'dsv' for command environment
[1.520s] DEBUG:colcon.colcon_core.event_handler.log_command:Invoking command in '/workspaces/ros2-coding/build/isaac_tutorials': CMAKE_PREFIX_PATH=${CMAKE_PREFIX_PATH}:/workspaces/ros2-coding/install/rqt_joint_trajectory_controller:/workspaces/ros2-coding/install/rqt_controller_manager:/workspaces/ros2-coding/install/ros2controlcli:/workspaces/ros2-coding/install/ros2_controllers_test_nodes:/workspaces/ros2-coding/install/my_turtlesim:/workspaces/ros2-coding/install/issac_sim:/workspaces/ros2-coding/install/isaac_ros_navigation_goal:/opt/ros/jazzy /usr/bin/cmake --build /workspaces/ros2-coding/build/isaac_tutorials -- -j4 -l4
[1.625s] DEBUG:colcon.colcon_core.event_handler.log_command:Invoked command in '/workspaces/ros2-coding/build/isaac_tutorials' returned '0': CMAKE_PREFIX_PATH=${CMAKE_PREFIX_PATH}:/workspaces/ros2-coding/install/rqt_joint_trajectory_controller:/workspaces/ros2-coding/install/rqt_controller_manager:/workspaces/ros2-coding/install/ros2controlcli:/workspaces/ros2-coding/install/ros2_controllers_test_nodes:/workspaces/ros2-coding/install/my_turtlesim:/workspaces/ros2-coding/install/issac_sim:/workspaces/ros2-coding/install/isaac_ros_navigation_goal:/opt/ros/jazzy /usr/bin/cmake --build /workspaces/ros2-coding/build/isaac_tutorials -- -j4 -l4
[1.629s] DEBUG:colcon.colcon_core.event_handler.log_command:Invoking command in '/workspaces/ros2-coding/build/isaac_tutorials': CMAKE_PREFIX_PATH=${CMAKE_PREFIX_PATH}:/workspaces/ros2-coding/install/rqt_joint_trajectory_controller:/workspaces/ros2-coding/install/rqt_controller_manager:/workspaces/ros2-coding/install/ros2controlcli:/workspaces/ros2-coding/install/ros2_controllers_test_nodes:/workspaces/ros2-coding/install/my_turtlesim:/workspaces/ros2-coding/install/issac_sim:/workspaces/ros2-coding/install/isaac_ros_navigation_goal:/opt/ros/jazzy /usr/bin/cmake --install /workspaces/ros2-coding/build/isaac_tutorials
[1.691s] Level 1:colcon.colcon_core.environment:create_environment_scripts_only(isaac_tutorials)
[1.691s] Level 1:colcon.colcon_core.environment:checking '/workspaces/ros2-coding/install/isaac_tutorials' for CMake module files
[1.692s] DEBUG:colcon.colcon_core.event_handler.log_command:Invoked command in '/workspaces/ros2-coding/build/isaac_tutorials' returned '0': CMAKE_PREFIX_PATH=${CMAKE_PREFIX_PATH}:/workspaces/ros2-coding/install/rqt_joint_trajectory_controller:/workspaces/ros2-coding/install/rqt_controller_manager:/workspaces/ros2-coding/install/ros2controlcli:/workspaces/ros2-coding/install/ros2_controllers_test_nodes:/workspaces/ros2-coding/install/my_turtlesim:/workspaces/ros2-coding/install/issac_sim:/workspaces/ros2-coding/install/isaac_ros_navigation_goal:/opt/ros/jazzy /usr/bin/cmake --install /workspaces/ros2-coding/build/isaac_tutorials
[1.693s] Level 1:colcon.colcon_core.environment:checking '/workspaces/ros2-coding/install/isaac_tutorials' for CMake config files
[1.693s] Level 1:colcon.colcon_core.shell:create_environment_hook('isaac_tutorials', 'cmake_prefix_path')
[1.694s] INFO:colcon.colcon_core.shell:Creating environment hook '/workspaces/ros2-coding/install/isaac_tutorials/share/isaac_tutorials/hook/cmake_prefix_path.ps1'
[1.694s] INFO:colcon.colcon_core.shell:Creating environment descriptor '/workspaces/ros2-coding/install/isaac_tutorials/share/isaac_tutorials/hook/cmake_prefix_path.dsv'
[1.695s] INFO:colcon.colcon_core.shell:Creating environment hook '/workspaces/ros2-coding/install/isaac_tutorials/share/isaac_tutorials/hook/cmake_prefix_path.sh'
[1.696s] Level 1:colcon.colcon_core.environment:checking '/workspaces/ros2-coding/install/isaac_tutorials/lib'
[1.696s] Level 1:colcon.colcon_core.environment:checking '/workspaces/ros2-coding/install/isaac_tutorials/bin'
[1.696s] Level 1:colcon.colcon_core.environment:checking '/workspaces/ros2-coding/install/isaac_tutorials/lib/pkgconfig/isaac_tutorials.pc'
[1.696s] Level 1:colcon.colcon_core.environment:checking '/workspaces/ros2-coding/install/isaac_tutorials/lib/python3.12/site-packages'
[1.697s] Level 1:colcon.colcon_core.environment:checking '/workspaces/ros2-coding/install/isaac_tutorials/bin'
[1.697s] INFO:colcon.colcon_core.shell:Creating package script '/workspaces/ros2-coding/install/isaac_tutorials/share/isaac_tutorials/package.ps1'
[1.698s] INFO:colcon.colcon_core.shell:Creating package descriptor '/workspaces/ros2-coding/install/isaac_tutorials/share/isaac_tutorials/package.dsv'
[1.698s] INFO:colcon.colcon_core.shell:Creating package script '/workspaces/ros2-coding/install/isaac_tutorials/share/isaac_tutorials/package.sh'
[1.699s] INFO:colcon.colcon_core.shell:Creating package script '/workspaces/ros2-coding/install/isaac_tutorials/share/isaac_tutorials/package.bash'
[1.699s] INFO:colcon.colcon_core.shell:Creating package script '/workspaces/ros2-coding/install/isaac_tutorials/share/isaac_tutorials/package.zsh'
[1.700s] Level 1:colcon.colcon_core.environment:create_file_with_runtime_dependencies(/workspaces/ros2-coding/install/isaac_tutorials/share/colcon-core/packages/isaac_tutorials)
[1.700s] Level 1:colcon.colcon_core.environment:create_environment_scripts_only(isaac_tutorials)
[1.701s] Level 1:colcon.colcon_core.environment:checking '/workspaces/ros2-coding/install/isaac_tutorials' for CMake module files
[1.702s] Level 1:colcon.colcon_core.environment:checking '/workspaces/ros2-coding/install/isaac_tutorials' for CMake config files
[1.702s] Level 1:colcon.colcon_core.shell:create_environment_hook('isaac_tutorials', 'cmake_prefix_path')
[1.703s] INFO:colcon.colcon_core.shell:Creating environment hook '/workspaces/ros2-coding/install/isaac_tutorials/share/isaac_tutorials/hook/cmake_prefix_path.ps1'
[1.703s] INFO:colcon.colcon_core.shell:Creating environment descriptor '/workspaces/ros2-coding/install/isaac_tutorials/share/isaac_tutorials/hook/cmake_prefix_path.dsv'
[1.704s] INFO:colcon.colcon_core.shell:Creating environment hook '/workspaces/ros2-coding/install/isaac_tutorials/share/isaac_tutorials/hook/cmake_prefix_path.sh'
[1.704s] Level 1:colcon.colcon_core.environment:checking '/workspaces/ros2-coding/install/isaac_tutorials/lib'
[1.705s] Level 1:colcon.colcon_core.environment:checking '/workspaces/ros2-coding/install/isaac_tutorials/bin'
[1.705s] Level 1:colcon.colcon_core.environment:checking '/workspaces/ros2-coding/install/isaac_tutorials/lib/pkgconfig/isaac_tutorials.pc'
[1.705s] Level 1:colcon.colcon_core.environment:checking '/workspaces/ros2-coding/install/isaac_tutorials/lib/python3.12/site-packages'
[1.705s] Level 1:colcon.colcon_core.environment:checking '/workspaces/ros2-coding/install/isaac_tutorials/bin'
[1.706s] INFO:colcon.colcon_core.shell:Creating package script '/workspaces/ros2-coding/install/isaac_tutorials/share/isaac_tutorials/package.ps1'
[1.707s] INFO:colcon.colcon_core.shell:Creating package descriptor '/workspaces/ros2-coding/install/isaac_tutorials/share/isaac_tutorials/package.dsv'
[1.707s] INFO:colcon.colcon_core.shell:Creating package script '/workspaces/ros2-coding/install/isaac_tutorials/share/isaac_tutorials/package.sh'
[1.708s] INFO:colcon.colcon_core.shell:Creating package script '/workspaces/ros2-coding/install/isaac_tutorials/share/isaac_tutorials/package.bash'
[1.708s] INFO:colcon.colcon_core.shell:Creating package script '/workspaces/ros2-coding/install/isaac_tutorials/share/isaac_tutorials/package.zsh'
[1.709s] Level 1:colcon.colcon_core.environment:create_file_with_runtime_dependencies(/workspaces/ros2-coding/install/isaac_tutorials/share/colcon-core/packages/isaac_tutorials)
[1.710s] INFO:colcon.colcon_ros.task.ament_cmake.build:Building ROS package in '/workspaces/ros2-coding/turtlesim_ws/src/isaacsim' with build type 'ament_cmake'
[1.710s] INFO:colcon.colcon_cmake.task.cmake.build:Building CMake package in '/workspaces/ros2-coding/turtlesim_ws/src/isaacsim'
[1.710s] INFO:colcon.colcon_core.shell:Skip shell extension 'powershell' for command environment: Not usable outside of PowerShell
[1.711s] DEBUG:colcon.colcon_core.shell:Skip shell extension 'dsv' for command environment
[1.737s] DEBUG:colcon.colcon_core.event_handler.log_command:Invoking command in '/workspaces/ros2-coding/build/isaacsim': CMAKE_PREFIX_PATH=${CMAKE_PREFIX_PATH}:/workspaces/ros2-coding/install/rqt_joint_trajectory_controller:/workspaces/ros2-coding/install/rqt_controller_manager:/workspaces/ros2-coding/install/ros2controlcli:/workspaces/ros2-coding/install/ros2_controllers_test_nodes:/workspaces/ros2-coding/install/my_turtlesim:/workspaces/ros2-coding/install/issac_sim:/workspaces/ros2-coding/install/isaac_ros_navigation_goal:/opt/ros/jazzy /usr/bin/cmake --build /workspaces/ros2-coding/build/isaacsim -- -j4 -l4
[1.836s] DEBUG:colcon.colcon_core.event_handler.log_command:Invoked command in '/workspaces/ros2-coding/build/isaacsim' returned '0': CMAKE_PREFIX_PATH=${CMAKE_PREFIX_PATH}:/workspaces/ros2-coding/install/rqt_joint_trajectory_controller:/workspaces/ros2-coding/install/rqt_controller_manager:/workspaces/ros2-coding/install/ros2controlcli:/workspaces/ros2-coding/install/ros2_controllers_test_nodes:/workspaces/ros2-coding/install/my_turtlesim:/workspaces/ros2-coding/install/issac_sim:/workspaces/ros2-coding/install/isaac_ros_navigation_goal:/opt/ros/jazzy /usr/bin/cmake --build /workspaces/ros2-coding/build/isaacsim -- -j4 -l4
[1.838s] DEBUG:colcon.colcon_core.event_handler.log_command:Invoking command in '/workspaces/ros2-coding/build/isaacsim': CMAKE_PREFIX_PATH=${CMAKE_PREFIX_PATH}:/workspaces/ros2-coding/install/rqt_joint_trajectory_controller:/workspaces/ros2-coding/install/rqt_controller_manager:/workspaces/ros2-coding/install/ros2controlcli:/workspaces/ros2-coding/install/ros2_controllers_test_nodes:/workspaces/ros2-coding/install/my_turtlesim:/workspaces/ros2-coding/install/issac_sim:/workspaces/ros2-coding/install/isaac_ros_navigation_goal:/opt/ros/jazzy /usr/bin/cmake --install /workspaces/ros2-coding/build/isaacsim
[1.906s] Level 1:colcon.colcon_core.environment:create_environment_scripts_only(isaacsim)
[1.906s] Level 1:colcon.colcon_core.environment:checking '/workspaces/ros2-coding/install/isaacsim' for CMake module files
[1.907s] DEBUG:colcon.colcon_core.event_handler.log_command:Invoked command in '/workspaces/ros2-coding/build/isaacsim' returned '0': CMAKE_PREFIX_PATH=${CMAKE_PREFIX_PATH}:/workspaces/ros2-coding/install/rqt_joint_trajectory_controller:/workspaces/ros2-coding/install/rqt_controller_manager:/workspaces/ros2-coding/install/ros2controlcli:/workspaces/ros2-coding/install/ros2_controllers_test_nodes:/workspaces/ros2-coding/install/my_turtlesim:/workspaces/ros2-coding/install/issac_sim:/workspaces/ros2-coding/install/isaac_ros_navigation_goal:/opt/ros/jazzy /usr/bin/cmake --install /workspaces/ros2-coding/build/isaacsim
[1.908s] Level 1:colcon.colcon_core.environment:checking '/workspaces/ros2-coding/install/isaacsim' for CMake config files
[1.909s] Level 1:colcon.colcon_core.shell:create_environment_hook('isaacsim', 'cmake_prefix_path')
[1.909s] INFO:colcon.colcon_core.shell:Creating environment hook '/workspaces/ros2-coding/install/isaacsim/share/isaacsim/hook/cmake_prefix_path.ps1'
[1.910s] INFO:colcon.colcon_core.shell:Creating environment descriptor '/workspaces/ros2-coding/install/isaacsim/share/isaacsim/hook/cmake_prefix_path.dsv'
[1.910s] INFO:colcon.colcon_core.shell:Creating environment hook '/workspaces/ros2-coding/install/isaacsim/share/isaacsim/hook/cmake_prefix_path.sh'
[1.911s] Level 1:colcon.colcon_core.environment:checking '/workspaces/ros2-coding/install/isaacsim/lib'
[1.911s] Level 1:colcon.colcon_core.environment:checking '/workspaces/ros2-coding/install/isaacsim/bin'
[1.912s] Level 1:colcon.colcon_core.environment:checking '/workspaces/ros2-coding/install/isaacsim/lib/pkgconfig/isaacsim.pc'
[1.912s] Level 1:colcon.colcon_core.environment:checking '/workspaces/ros2-coding/install/isaacsim/lib/python3.12/site-packages'
[1.912s] Level 1:colcon.colcon_core.environment:checking '/workspaces/ros2-coding/install/isaacsim/bin'
[1.912s] INFO:colcon.colcon_core.shell:Creating package script '/workspaces/ros2-coding/install/isaacsim/share/isaacsim/package.ps1'
[1.913s] INFO:colcon.colcon_core.shell:Creating package descriptor '/workspaces/ros2-coding/install/isaacsim/share/isaacsim/package.dsv'
[1.914s] INFO:colcon.colcon_core.shell:Creating package script '/workspaces/ros2-coding/install/isaacsim/share/isaacsim/package.sh'
[1.915s] INFO:colcon.colcon_core.shell:Creating package script '/workspaces/ros2-coding/install/isaacsim/share/isaacsim/package.bash'
[1.915s] INFO:colcon.colcon_core.shell:Creating package script '/workspaces/ros2-coding/install/isaacsim/share/isaacsim/package.zsh'
[1.916s] Level 1:colcon.colcon_core.environment:create_file_with_runtime_dependencies(/workspaces/ros2-coding/install/isaacsim/share/colcon-core/packages/isaacsim)
[1.916s] Level 1:colcon.colcon_core.environment:create_environment_scripts_only(isaacsim)
[1.917s] Level 1:colcon.colcon_core.environment:checking '/workspaces/ros2-coding/install/isaacsim' for CMake module files
[1.917s] Level 1:colcon.colcon_core.environment:checking '/workspaces/ros2-coding/install/isaacsim' for CMake config files
[1.918s] Level 1:colcon.colcon_core.shell:create_environment_hook('isaacsim', 'cmake_prefix_path')
[1.918s] INFO:colcon.colcon_core.shell:Creating environment hook '/workspaces/ros2-coding/install/isaacsim/share/isaacsim/hook/cmake_prefix_path.ps1'
[1.919s] INFO:colcon.colcon_core.shell:Creating environment descriptor '/workspaces/ros2-coding/install/isaacsim/share/isaacsim/hook/cmake_prefix_path.dsv'
[1.920s] INFO:colcon.colcon_core.shell:Creating environment hook '/workspaces/ros2-coding/install/isaacsim/share/isaacsim/hook/cmake_prefix_path.sh'
[1.920s] Level 1:colcon.colcon_core.environment:checking '/workspaces/ros2-coding/install/isaacsim/lib'
[1.921s] Level 1:colcon.colcon_core.environment:checking '/workspaces/ros2-coding/install/isaacsim/bin'
[1.921s] Level 1:colcon.colcon_core.environment:checking '/workspaces/ros2-coding/install/isaacsim/lib/pkgconfig/isaacsim.pc'
[1.921s] Level 1:colcon.colcon_core.environment:checking '/workspaces/ros2-coding/install/isaacsim/lib/python3.12/site-packages'
[1.921s] Level 1:colcon.colcon_core.environment:checking '/workspaces/ros2-coding/install/isaacsim/bin'
[1.922s] INFO:colcon.colcon_core.shell:Creating package script '/workspaces/ros2-coding/install/isaacsim/share/isaacsim/package.ps1'
[1.923s] INFO:colcon.colcon_core.shell:Creating package descriptor '/workspaces/ros2-coding/install/isaacsim/share/isaacsim/package.dsv'
[1.923s] INFO:colcon.colcon_core.shell:Creating package script '/workspaces/ros2-coding/install/isaacsim/share/isaacsim/package.sh'
[1.924s] INFO:colcon.colcon_core.shell:Creating package script '/workspaces/ros2-coding/install/isaacsim/share/isaacsim/package.bash'
[1.925s] INFO:colcon.colcon_core.shell:Creating package script '/workspaces/ros2-coding/install/isaacsim/share/isaacsim/package.zsh'
[1.925s] Level 1:colcon.colcon_core.environment:create_file_with_runtime_dependencies(/workspaces/ros2-coding/install/isaacsim/share/colcon-core/packages/isaacsim)
[1.926s] INFO:colcon.colcon_ros.task.ament_python.build:Building ROS package in '/workspaces/ros2-coding/turtlesim_ws/src/issac_sim' with build type 'ament_python'
[1.927s] Level 1:colcon.colcon_core.shell:create_environment_hook('issac_sim', 'ament_prefix_path')
[1.927s] INFO:colcon.colcon_core.shell:Creating environment hook '/workspaces/ros2-coding/install/issac_sim/share/issac_sim/hook/ament_prefix_path.ps1'
[1.928s] INFO:colcon.colcon_core.shell:Creating environment descriptor '/workspaces/ros2-coding/install/issac_sim/share/issac_sim/hook/ament_prefix_path.dsv'
[1.928s] INFO:colcon.colcon_core.shell:Creating environment hook '/workspaces/ros2-coding/install/issac_sim/share/issac_sim/hook/ament_prefix_path.sh'
[1.929s] INFO:colcon.colcon_core.shell:Skip shell extension 'powershell' for command environment: Not usable outside of PowerShell
[1.929s] DEBUG:colcon.colcon_core.shell:Skip shell extension 'dsv' for command environment
[2.357s] INFO:colcon.colcon_core.task.python.build:Building Python package in '/workspaces/ros2-coding/turtlesim_ws/src/issac_sim'
[2.357s] INFO:colcon.colcon_core.shell:Skip shell extension 'powershell' for command environment: Not usable outside of PowerShell
[2.357s] DEBUG:colcon.colcon_core.shell:Skip shell extension 'dsv' for command environment
[2.378s] DEBUG:colcon.colcon_core.event_handler.log_command:Invoked command in '/workspaces/ros2-coding/build/custom_message' returned '0': CMAKE_PREFIX_PATH=${CMAKE_PREFIX_PATH}:/workspaces/ros2-coding/install/rqt_joint_trajectory_controller:/workspaces/ros2-coding/install/rqt_controller_manager:/workspaces/ros2-coding/install/ros2controlcli:/workspaces/ros2-coding/install/ros2_controllers_test_nodes:/workspaces/ros2-coding/install/my_turtlesim:/workspaces/ros2-coding/install/issac_sim:/workspaces/ros2-coding/install/isaac_ros_navigation_goal:/opt/ros/jazzy /usr/bin/cmake --build /workspaces/ros2-coding/build/custom_message -- -j4 -l4
[2.379s] DEBUG:colcon.colcon_core.event_handler.log_command:Invoking command in '/workspaces/ros2-coding/build/custom_message': CMAKE_PREFIX_PATH=${CMAKE_PREFIX_PATH}:/workspaces/ros2-coding/install/rqt_joint_trajectory_controller:/workspaces/ros2-coding/install/rqt_controller_manager:/workspaces/ros2-coding/install/ros2controlcli:/workspaces/ros2-coding/install/ros2_controllers_test_nodes:/workspaces/ros2-coding/install/my_turtlesim:/workspaces/ros2-coding/install/issac_sim:/workspaces/ros2-coding/install/isaac_ros_navigation_goal:/opt/ros/jazzy /usr/bin/cmake --install /workspaces/ros2-coding/build/custom_message
[2.539s] Level 1:colcon.colcon_core.environment:create_environment_scripts_only(custom_message)
[2.539s] DEBUG:colcon.colcon_core.event_handler.log_command:Invoked command in '/workspaces/ros2-coding/build/custom_message' returned '0': CMAKE_PREFIX_PATH=${CMAKE_PREFIX_PATH}:/workspaces/ros2-coding/install/rqt_joint_trajectory_controller:/workspaces/ros2-coding/install/rqt_controller_manager:/workspaces/ros2-coding/install/ros2controlcli:/workspaces/ros2-coding/install/ros2_controllers_test_nodes:/workspaces/ros2-coding/install/my_turtlesim:/workspaces/ros2-coding/install/issac_sim:/workspaces/ros2-coding/install/isaac_ros_navigation_goal:/opt/ros/jazzy /usr/bin/cmake --install /workspaces/ros2-coding/build/custom_message
[2.540s] Level 1:colcon.colcon_core.environment:checking '/workspaces/ros2-coding/install/custom_message' for CMake module files
[2.541s] Level 1:colcon.colcon_core.environment:checking '/workspaces/ros2-coding/install/custom_message' for CMake config files
[2.542s] Level 1:colcon.colcon_core.shell:create_environment_hook('custom_message', 'cmake_prefix_path')
[2.543s] INFO:colcon.colcon_core.shell:Creating environment hook '/workspaces/ros2-coding/install/custom_message/share/custom_message/hook/cmake_prefix_path.ps1'
[2.543s] INFO:colcon.colcon_core.shell:Creating environment descriptor '/workspaces/ros2-coding/install/custom_message/share/custom_message/hook/cmake_prefix_path.dsv'
[2.544s] INFO:colcon.colcon_core.shell:Creating environment hook '/workspaces/ros2-coding/install/custom_message/share/custom_message/hook/cmake_prefix_path.sh'
[2.545s] Level 1:colcon.colcon_core.environment:checking '/workspaces/ros2-coding/install/custom_message/lib'
[2.545s] Level 1:colcon.colcon_core.shell:create_environment_hook('custom_message', 'ld_library_path_lib')
[2.545s] INFO:colcon.colcon_core.shell:Creating environment hook '/workspaces/ros2-coding/install/custom_message/share/custom_message/hook/ld_library_path_lib.ps1'
[2.545s] INFO:colcon.colcon_core.shell:Creating environment descriptor '/workspaces/ros2-coding/install/custom_message/share/custom_message/hook/ld_library_path_lib.dsv'
[2.546s] INFO:colcon.colcon_core.shell:Creating environment hook '/workspaces/ros2-coding/install/custom_message/share/custom_message/hook/ld_library_path_lib.sh'
[2.547s] Level 1:colcon.colcon_core.environment:checking '/workspaces/ros2-coding/install/custom_message/bin'
[2.547s] Level 1:colcon.colcon_core.environment:checking '/workspaces/ros2-coding/install/custom_message/lib/pkgconfig/custom_message.pc'
[2.547s] Level 1:colcon.colcon_core.environment:checking '/workspaces/ros2-coding/install/custom_message/lib/python3.12/site-packages'
[2.547s] Level 1:colcon.colcon_core.shell:create_environment_hook('custom_message', 'pythonpath')
[2.547s] INFO:colcon.colcon_core.shell:Creating environment hook '/workspaces/ros2-coding/install/custom_message/share/custom_message/hook/pythonpath.ps1'
[2.548s] INFO:colcon.colcon_core.shell:Creating environment descriptor '/workspaces/ros2-coding/install/custom_message/share/custom_message/hook/pythonpath.dsv'
[2.548s] INFO:colcon.colcon_core.shell:Creating environment hook '/workspaces/ros2-coding/install/custom_message/share/custom_message/hook/pythonpath.sh'
[2.549s] Level 1:colcon.colcon_core.environment:checking '/workspaces/ros2-coding/install/custom_message/bin'
[2.550s] INFO:colcon.colcon_core.shell:Creating package script '/workspaces/ros2-coding/install/custom_message/share/custom_message/package.ps1'
[2.550s] INFO:colcon.colcon_core.shell:Creating package descriptor '/workspaces/ros2-coding/install/custom_message/share/custom_message/package.dsv'
[2.551s] INFO:colcon.colcon_core.shell:Creating package script '/workspaces/ros2-coding/install/custom_message/share/custom_message/package.sh'
[2.552s] INFO:colcon.colcon_core.shell:Creating package script '/workspaces/ros2-coding/install/custom_message/share/custom_message/package.bash'
[2.552s] INFO:colcon.colcon_core.shell:Creating package script '/workspaces/ros2-coding/install/custom_message/share/custom_message/package.zsh'
[2.553s] Level 1:colcon.colcon_core.environment:create_file_with_runtime_dependencies(/workspaces/ros2-coding/install/custom_message/share/colcon-core/packages/custom_message)
[2.554s] Level 1:colcon.colcon_core.environment:create_environment_scripts_only(custom_message)
[2.554s] Level 1:colcon.colcon_core.environment:checking '/workspaces/ros2-coding/install/custom_message' for CMake module files
[2.555s] Level 1:colcon.colcon_core.environment:checking '/workspaces/ros2-coding/install/custom_message' for CMake config files
[2.556s] Level 1:colcon.colcon_core.shell:create_environment_hook('custom_message', 'cmake_prefix_path')
[2.556s] INFO:colcon.colcon_core.shell:Creating environment hook '/workspaces/ros2-coding/install/custom_message/share/custom_message/hook/cmake_prefix_path.ps1'
[2.557s] INFO:colcon.colcon_core.shell:Creating environment descriptor '/workspaces/ros2-coding/install/custom_message/share/custom_message/hook/cmake_prefix_path.dsv'
[2.557s] INFO:colcon.colcon_core.shell:Creating environment hook '/workspaces/ros2-coding/install/custom_message/share/custom_message/hook/cmake_prefix_path.sh'
[2.558s] Level 1:colcon.colcon_core.environment:checking '/workspaces/ros2-coding/install/custom_message/lib'
[2.558s] Level 1:colcon.colcon_core.shell:create_environment_hook('custom_message', 'ld_library_path_lib')
[2.558s] INFO:colcon.colcon_core.shell:Creating environment hook '/workspaces/ros2-coding/install/custom_message/share/custom_message/hook/ld_library_path_lib.ps1'
[2.559s] INFO:colcon.colcon_core.shell:Creating environment descriptor '/workspaces/ros2-coding/install/custom_message/share/custom_message/hook/ld_library_path_lib.dsv'
[2.560s] INFO:colcon.colcon_core.shell:Creating environment hook '/workspaces/ros2-coding/install/custom_message/share/custom_message/hook/ld_library_path_lib.sh'
[2.560s] Level 1:colcon.colcon_core.environment:checking '/workspaces/ros2-coding/install/custom_message/bin'
[2.560s] Level 1:colcon.colcon_core.environment:checking '/workspaces/ros2-coding/install/custom_message/lib/pkgconfig/custom_message.pc'
[2.560s] Level 1:colcon.colcon_core.environment:checking '/workspaces/ros2-coding/install/custom_message/lib/python3.12/site-packages'
[2.561s] Level 1:colcon.colcon_core.shell:create_environment_hook('custom_message', 'pythonpath')
[2.561s] INFO:colcon.colcon_core.shell:Creating environment hook '/workspaces/ros2-coding/install/custom_message/share/custom_message/hook/pythonpath.ps1'
[2.561s] INFO:colcon.colcon_core.shell:Creating environment descriptor '/workspaces/ros2-coding/install/custom_message/share/custom_message/hook/pythonpath.dsv'
[2.562s] INFO:colcon.colcon_core.shell:Creating environment hook '/workspaces/ros2-coding/install/custom_message/share/custom_message/hook/pythonpath.sh'
[2.563s] Level 1:colcon.colcon_core.environment:checking '/workspaces/ros2-coding/install/custom_message/bin'
[2.563s] INFO:colcon.colcon_core.shell:Creating package script '/workspaces/ros2-coding/install/custom_message/share/custom_message/package.ps1'
[2.564s] INFO:colcon.colcon_core.shell:Creating package descriptor '/workspaces/ros2-coding/install/custom_message/share/custom_message/package.dsv'
[2.565s] INFO:colcon.colcon_core.shell:Creating package script '/workspaces/ros2-coding/install/custom_message/share/custom_message/package.sh'
[2.565s] INFO:colcon.colcon_core.shell:Creating package script '/workspaces/ros2-coding/install/custom_message/share/custom_message/package.bash'
[2.566s] INFO:colcon.colcon_core.shell:Creating package script '/workspaces/ros2-coding/install/custom_message/share/custom_message/package.zsh'
[2.566s] Level 1:colcon.colcon_core.environment:create_file_with_runtime_dependencies(/workspaces/ros2-coding/install/custom_message/share/colcon-core/packages/custom_message)
[2.567s] INFO:colcon.colcon_ros.task.ament_cmake.build:Building ROS package in '/workspaces/ros2-coding/turtlesim_ws/src/navigation/iw_hub_navigation' with build type 'ament_cmake'
[2.568s] INFO:colcon.colcon_cmake.task.cmake.build:Building CMake package in '/workspaces/ros2-coding/turtlesim_ws/src/navigation/iw_hub_navigation'
[2.568s] INFO:colcon.colcon_core.shell:Skip shell extension 'powershell' for command environment: Not usable outside of PowerShell
[2.568s] DEBUG:colcon.colcon_core.shell:Skip shell extension 'dsv' for command environment
[2.602s] DEBUG:colcon.colcon_core.event_handler.log_command:Invoking command in '/workspaces/ros2-coding/build/iw_hub_navigation': CMAKE_PREFIX_PATH=${CMAKE_PREFIX_PATH}:/workspaces/ros2-coding/install/rqt_joint_trajectory_controller:/workspaces/ros2-coding/install/rqt_controller_manager:/workspaces/ros2-coding/install/ros2controlcli:/workspaces/ros2-coding/install/ros2_controllers_test_nodes:/workspaces/ros2-coding/install/my_turtlesim:/workspaces/ros2-coding/install/issac_sim:/workspaces/ros2-coding/install/isaac_ros_navigation_goal:/opt/ros/jazzy /usr/bin/cmake --build /workspaces/ros2-coding/build/iw_hub_navigation -- -j4 -l4
[2.703s] DEBUG:colcon.colcon_core.event_handler.log_command:Invoking command in '/workspaces/ros2-coding/build/isaac_ros_navigation_goal': PYTHONPATH=/workspaces/ros2-coding/build/isaac_ros_navigation_goal/prefix_override:/usr/lib/python3/dist-packages/colcon_core/task/python/colcon_distutils_commands:/workspaces/ros2-coding/install/isaac_ros_navigation_goal/lib/python3.12/site-packages:${PYTHONPATH} /usr/bin/python3 -W ignore:setup.py install is deprecated -W ignore:easy_install command is deprecated setup.py develop --editable --build-directory /workspaces/ros2-coding/build/isaac_ros_navigation_goal/build --no-deps symlink_data
[2.757s] DEBUG:colcon.colcon_core.event_handler.log_command:Invoked command in '/workspaces/ros2-coding/build/iw_hub_navigation' returned '0': CMAKE_PREFIX_PATH=${CMAKE_PREFIX_PATH}:/workspaces/ros2-coding/install/rqt_joint_trajectory_controller:/workspaces/ros2-coding/install/rqt_controller_manager:/workspaces/ros2-coding/install/ros2controlcli:/workspaces/ros2-coding/install/ros2_controllers_test_nodes:/workspaces/ros2-coding/install/my_turtlesim:/workspaces/ros2-coding/install/issac_sim:/workspaces/ros2-coding/install/isaac_ros_navigation_goal:/opt/ros/jazzy /usr/bin/cmake --build /workspaces/ros2-coding/build/iw_hub_navigation -- -j4 -l4
[2.760s] DEBUG:colcon.colcon_core.event_handler.log_command:Invoking command in '/workspaces/ros2-coding/build/iw_hub_navigation': CMAKE_PREFIX_PATH=${CMAKE_PREFIX_PATH}:/workspaces/ros2-coding/install/rqt_joint_trajectory_controller:/workspaces/ros2-coding/install/rqt_controller_manager:/workspaces/ros2-coding/install/ros2controlcli:/workspaces/ros2-coding/install/ros2_controllers_test_nodes:/workspaces/ros2-coding/install/my_turtlesim:/workspaces/ros2-coding/install/issac_sim:/workspaces/ros2-coding/install/isaac_ros_navigation_goal:/opt/ros/jazzy /usr/bin/cmake --install /workspaces/ros2-coding/build/iw_hub_navigation
[2.825s] Level 1:colcon.colcon_core.environment:create_environment_scripts_only(iw_hub_navigation)
[2.825s] Level 1:colcon.colcon_core.environment:checking '/workspaces/ros2-coding/install/iw_hub_navigation' for CMake module files
[2.825s] DEBUG:colcon.colcon_core.event_handler.log_command:Invoked command in '/workspaces/ros2-coding/build/iw_hub_navigation' returned '0': CMAKE_PREFIX_PATH=${CMAKE_PREFIX_PATH}:/workspaces/ros2-coding/install/rqt_joint_trajectory_controller:/workspaces/ros2-coding/install/rqt_controller_manager:/workspaces/ros2-coding/install/ros2controlcli:/workspaces/ros2-coding/install/ros2_controllers_test_nodes:/workspaces/ros2-coding/install/my_turtlesim:/workspaces/ros2-coding/install/issac_sim:/workspaces/ros2-coding/install/isaac_ros_navigation_goal:/opt/ros/jazzy /usr/bin/cmake --install /workspaces/ros2-coding/build/iw_hub_navigation
[2.826s] Level 1:colcon.colcon_core.environment:checking '/workspaces/ros2-coding/install/iw_hub_navigation' for CMake config files
[2.827s] Level 1:colcon.colcon_core.shell:create_environment_hook('iw_hub_navigation', 'cmake_prefix_path')
[2.827s] INFO:colcon.colcon_core.shell:Creating environment hook '/workspaces/ros2-coding/install/iw_hub_navigation/share/iw_hub_navigation/hook/cmake_prefix_path.ps1'
[2.828s] INFO:colcon.colcon_core.shell:Creating environment descriptor '/workspaces/ros2-coding/install/iw_hub_navigation/share/iw_hub_navigation/hook/cmake_prefix_path.dsv'
[2.829s] INFO:colcon.colcon_core.shell:Creating environment hook '/workspaces/ros2-coding/install/iw_hub_navigation/share/iw_hub_navigation/hook/cmake_prefix_path.sh'
[2.830s] Level 1:colcon.colcon_core.environment:checking '/workspaces/ros2-coding/install/iw_hub_navigation/bin'
[2.830s] Level 1:colcon.colcon_core.environment:checking '/workspaces/ros2-coding/install/iw_hub_navigation/lib/pkgconfig/iw_hub_navigation.pc'
[2.831s] Level 1:colcon.colcon_core.environment:checking '/workspaces/ros2-coding/install/iw_hub_navigation/lib/python3.12/site-packages'
[2.832s] Level 1:colcon.colcon_core.environment:checking '/workspaces/ros2-coding/install/iw_hub_navigation/bin'
[2.833s] INFO:colcon.colcon_core.shell:Creating package script '/workspaces/ros2-coding/install/iw_hub_navigation/share/iw_hub_navigation/package.ps1'
[2.838s] INFO:colcon.colcon_core.shell:Creating package descriptor '/workspaces/ros2-coding/install/iw_hub_navigation/share/iw_hub_navigation/package.dsv'
[2.838s] INFO:colcon.colcon_core.shell:Creating package script '/workspaces/ros2-coding/install/iw_hub_navigation/share/iw_hub_navigation/package.sh'
[2.839s] INFO:colcon.colcon_core.shell:Creating package script '/workspaces/ros2-coding/install/iw_hub_navigation/share/iw_hub_navigation/package.bash'
[2.839s] INFO:colcon.colcon_core.shell:Creating package script '/workspaces/ros2-coding/install/iw_hub_navigation/share/iw_hub_navigation/package.zsh'
[2.840s] Level 1:colcon.colcon_core.environment:create_file_with_runtime_dependencies(/workspaces/ros2-coding/install/iw_hub_navigation/share/colcon-core/packages/iw_hub_navigation)
[2.842s] Level 1:colcon.colcon_core.environment:create_environment_scripts_only(iw_hub_navigation)
[2.843s] Level 1:colcon.colcon_core.environment:checking '/workspaces/ros2-coding/install/iw_hub_navigation' for CMake module files
[2.844s] Level 1:colcon.colcon_core.environment:checking '/workspaces/ros2-coding/install/iw_hub_navigation' for CMake config files
[2.844s] Level 1:colcon.colcon_core.shell:create_environment_hook('iw_hub_navigation', 'cmake_prefix_path')
[2.844s] INFO:colcon.colcon_core.shell:Creating environment hook '/workspaces/ros2-coding/install/iw_hub_navigation/share/iw_hub_navigation/hook/cmake_prefix_path.ps1'
[2.848s] INFO:colcon.colcon_core.shell:Creating environment descriptor '/workspaces/ros2-coding/install/iw_hub_navigation/share/iw_hub_navigation/hook/cmake_prefix_path.dsv'
[2.848s] INFO:colcon.colcon_core.shell:Creating environment hook '/workspaces/ros2-coding/install/iw_hub_navigation/share/iw_hub_navigation/hook/cmake_prefix_path.sh'
[2.849s] Level 1:colcon.colcon_core.environment:checking '/workspaces/ros2-coding/install/iw_hub_navigation/bin'
[2.849s] Level 1:colcon.colcon_core.environment:checking '/workspaces/ros2-coding/install/iw_hub_navigation/lib/pkgconfig/iw_hub_navigation.pc'
[2.850s] Level 1:colcon.colcon_core.environment:checking '/workspaces/ros2-coding/install/iw_hub_navigation/lib/python3.12/site-packages'
[2.850s] Level 1:colcon.colcon_core.environment:checking '/workspaces/ros2-coding/install/iw_hub_navigation/bin'
[2.850s] INFO:colcon.colcon_core.shell:Creating package script '/workspaces/ros2-coding/install/iw_hub_navigation/share/iw_hub_navigation/package.ps1'
[2.854s] INFO:colcon.colcon_core.shell:Creating package descriptor '/workspaces/ros2-coding/install/iw_hub_navigation/share/iw_hub_navigation/package.dsv'
[2.855s] INFO:colcon.colcon_core.shell:Creating package script '/workspaces/ros2-coding/install/iw_hub_navigation/share/iw_hub_navigation/package.sh'
[2.855s] INFO:colcon.colcon_core.shell:Creating package script '/workspaces/ros2-coding/install/iw_hub_navigation/share/iw_hub_navigation/package.bash'
[2.858s] INFO:colcon.colcon_core.shell:Creating package script '/workspaces/ros2-coding/install/iw_hub_navigation/share/iw_hub_navigation/package.zsh'
[2.859s] Level 1:colcon.colcon_core.environment:create_file_with_runtime_dependencies(/workspaces/ros2-coding/install/iw_hub_navigation/share/colcon-core/packages/iw_hub_navigation)
[2.859s] INFO:colcon.colcon_ros.task.ament_python.build:Building ROS package in '/workspaces/ros2-coding/turtlesim_ws/src/my_turtlesim' with build type 'ament_python'
[2.860s] Level 1:colcon.colcon_core.shell:create_environment_hook('my_turtlesim', 'ament_prefix_path')
[2.860s] INFO:colcon.colcon_core.shell:Creating environment hook '/workspaces/ros2-coding/install/my_turtlesim/share/my_turtlesim/hook/ament_prefix_path.ps1'
[2.861s] INFO:colcon.colcon_core.shell:Creating environment descriptor '/workspaces/ros2-coding/install/my_turtlesim/share/my_turtlesim/hook/ament_prefix_path.dsv'
[2.861s] INFO:colcon.colcon_core.shell:Creating environment hook '/workspaces/ros2-coding/install/my_turtlesim/share/my_turtlesim/hook/ament_prefix_path.sh'
[2.862s] INFO:colcon.colcon_core.shell:Skip shell extension 'powershell' for command environment: Not usable outside of PowerShell
[2.862s] DEBUG:colcon.colcon_core.shell:Skip shell extension 'dsv' for command environment
[3.318s] INFO:colcon.colcon_core.task.python.build:Building Python package in '/workspaces/ros2-coding/turtlesim_ws/src/my_turtlesim'
[3.319s] INFO:colcon.colcon_core.shell:Skip shell extension 'powershell' for command environment: Not usable outside of PowerShell
[3.319s] DEBUG:colcon.colcon_core.shell:Skip shell extension 'dsv' for command environment
[3.342s] DEBUG:colcon.colcon_core.event_handler.log_command:Invoked command in '/workspaces/ros2-coding/build/isaac_ros2_messages' returned '0': CMAKE_PREFIX_PATH=${CMAKE_PREFIX_PATH}:/workspaces/ros2-coding/install/rqt_joint_trajectory_controller:/workspaces/ros2-coding/install/rqt_controller_manager:/workspaces/ros2-coding/install/ros2controlcli:/workspaces/ros2-coding/install/ros2_controllers_test_nodes:/workspaces/ros2-coding/install/my_turtlesim:/workspaces/ros2-coding/install/issac_sim:/workspaces/ros2-coding/install/isaac_ros_navigation_goal:/opt/ros/jazzy /usr/bin/cmake --build /workspaces/ros2-coding/build/isaac_ros2_messages -- -j4 -l4
[3.343s] DEBUG:colcon.colcon_core.event_handler.log_command:Invoking command in '/workspaces/ros2-coding/build/isaac_ros2_messages': CMAKE_PREFIX_PATH=${CMAKE_PREFIX_PATH}:/workspaces/ros2-coding/install/rqt_joint_trajectory_controller:/workspaces/ros2-coding/install/rqt_controller_manager:/workspaces/ros2-coding/install/ros2controlcli:/workspaces/ros2-coding/install/ros2_controllers_test_nodes:/workspaces/ros2-coding/install/my_turtlesim:/workspaces/ros2-coding/install/issac_sim:/workspaces/ros2-coding/install/isaac_ros_navigation_goal:/opt/ros/jazzy /usr/bin/cmake --install /workspaces/ros2-coding/build/isaac_ros2_messages
[3.471s] DEBUG:colcon.colcon_core.event_handler.log_command:Invoking command in '/workspaces/ros2-coding/build/issac_sim': PYTHONPATH=/workspaces/ros2-coding/build/issac_sim/prefix_override:/usr/lib/python3/dist-packages/colcon_core/task/python/colcon_distutils_commands:/workspaces/ros2-coding/install/issac_sim/lib/python3.12/site-packages:${PYTHONPATH} /usr/bin/python3 -W ignore:setup.py install is deprecated -W ignore:easy_install command is deprecated setup.py develop --editable --build-directory /workspaces/ros2-coding/build/issac_sim/build --no-deps symlink_data
[3.582s] Level 1:colcon.colcon_core.environment:create_environment_scripts_only(isaac_ros2_messages)
[3.582s] Level 1:colcon.colcon_core.environment:checking '/workspaces/ros2-coding/install/isaac_ros2_messages' for CMake module files
[3.583s] Level 1:colcon.colcon_core.environment:checking '/workspaces/ros2-coding/install/isaac_ros2_messages' for CMake config files
[3.585s] DEBUG:colcon.colcon_core.event_handler.log_command:Invoked command in '/workspaces/ros2-coding/build/isaac_ros2_messages' returned '0': CMAKE_PREFIX_PATH=${CMAKE_PREFIX_PATH}:/workspaces/ros2-coding/install/rqt_joint_trajectory_controller:/workspaces/ros2-coding/install/rqt_controller_manager:/workspaces/ros2-coding/install/ros2controlcli:/workspaces/ros2-coding/install/ros2_controllers_test_nodes:/workspaces/ros2-coding/install/my_turtlesim:/workspaces/ros2-coding/install/issac_sim:/workspaces/ros2-coding/install/isaac_ros_navigation_goal:/opt/ros/jazzy /usr/bin/cmake --install /workspaces/ros2-coding/build/isaac_ros2_messages
[3.585s] Level 1:colcon.colcon_core.shell:create_environment_hook('isaac_ros2_messages', 'cmake_prefix_path')
[3.586s] INFO:colcon.colcon_core.shell:Creating environment hook '/workspaces/ros2-coding/install/isaac_ros2_messages/share/isaac_ros2_messages/hook/cmake_prefix_path.ps1'
[3.586s] INFO:colcon.colcon_core.shell:Creating environment descriptor '/workspaces/ros2-coding/install/isaac_ros2_messages/share/isaac_ros2_messages/hook/cmake_prefix_path.dsv'
[3.587s] INFO:colcon.colcon_core.shell:Creating environment hook '/workspaces/ros2-coding/install/isaac_ros2_messages/share/isaac_ros2_messages/hook/cmake_prefix_path.sh'
[3.588s] Level 1:colcon.colcon_core.environment:checking '/workspaces/ros2-coding/install/isaac_ros2_messages/lib'
[3.588s] Level 1:colcon.colcon_core.shell:create_environment_hook('isaac_ros2_messages', 'ld_library_path_lib')
[3.588s] INFO:colcon.colcon_core.shell:Creating environment hook '/workspaces/ros2-coding/install/isaac_ros2_messages/share/isaac_ros2_messages/hook/ld_library_path_lib.ps1'
[3.589s] INFO:colcon.colcon_core.shell:Creating environment descriptor '/workspaces/ros2-coding/install/isaac_ros2_messages/share/isaac_ros2_messages/hook/ld_library_path_lib.dsv'
[3.589s] INFO:colcon.colcon_core.shell:Creating environment hook '/workspaces/ros2-coding/install/isaac_ros2_messages/share/isaac_ros2_messages/hook/ld_library_path_lib.sh'
[3.590s] Level 1:colcon.colcon_core.environment:checking '/workspaces/ros2-coding/install/isaac_ros2_messages/bin'
[3.590s] Level 1:colcon.colcon_core.environment:checking '/workspaces/ros2-coding/install/isaac_ros2_messages/lib/pkgconfig/isaac_ros2_messages.pc'
[3.590s] Level 1:colcon.colcon_core.environment:checking '/workspaces/ros2-coding/install/isaac_ros2_messages/lib/python3.12/site-packages'
[3.591s] Level 1:colcon.colcon_core.shell:create_environment_hook('isaac_ros2_messages', 'pythonpath')
[3.591s] INFO:colcon.colcon_core.shell:Creating environment hook '/workspaces/ros2-coding/install/isaac_ros2_messages/share/isaac_ros2_messages/hook/pythonpath.ps1'
[3.591s] INFO:colcon.colcon_core.shell:Creating environment descriptor '/workspaces/ros2-coding/install/isaac_ros2_messages/share/isaac_ros2_messages/hook/pythonpath.dsv'
[3.592s] INFO:colcon.colcon_core.shell:Creating environment hook '/workspaces/ros2-coding/install/isaac_ros2_messages/share/isaac_ros2_messages/hook/pythonpath.sh'
[3.593s] Level 1:colcon.colcon_core.environment:checking '/workspaces/ros2-coding/install/isaac_ros2_messages/bin'
[3.593s] INFO:colcon.colcon_core.shell:Creating package script '/workspaces/ros2-coding/install/isaac_ros2_messages/share/isaac_ros2_messages/package.ps1'
[3.594s] INFO:colcon.colcon_core.shell:Creating package descriptor '/workspaces/ros2-coding/install/isaac_ros2_messages/share/isaac_ros2_messages/package.dsv'
[3.595s] INFO:colcon.colcon_core.shell:Creating package script '/workspaces/ros2-coding/install/isaac_ros2_messages/share/isaac_ros2_messages/package.sh'
[3.595s] INFO:colcon.colcon_core.shell:Creating package script '/workspaces/ros2-coding/install/isaac_ros2_messages/share/isaac_ros2_messages/package.bash'
[3.596s] INFO:colcon.colcon_core.shell:Creating package script '/workspaces/ros2-coding/install/isaac_ros2_messages/share/isaac_ros2_messages/package.zsh'
[3.596s] Level 1:colcon.colcon_core.environment:create_file_with_runtime_dependencies(/workspaces/ros2-coding/install/isaac_ros2_messages/share/colcon-core/packages/isaac_ros2_messages)
[3.597s] Level 1:colcon.colcon_core.environment:create_environment_scripts_only(isaac_ros2_messages)
[3.597s] Level 1:colcon.colcon_core.environment:checking '/workspaces/ros2-coding/install/isaac_ros2_messages' for CMake module files
[3.599s] Level 1:colcon.colcon_core.environment:checking '/workspaces/ros2-coding/install/isaac_ros2_messages' for CMake config files
[3.600s] Level 1:colcon.colcon_core.shell:create_environment_hook('isaac_ros2_messages', 'cmake_prefix_path')
[3.600s] INFO:colcon.colcon_core.shell:Creating environment hook '/workspaces/ros2-coding/install/isaac_ros2_messages/share/isaac_ros2_messages/hook/cmake_prefix_path.ps1'
[3.601s] INFO:colcon.colcon_core.shell:Creating environment descriptor '/workspaces/ros2-coding/install/isaac_ros2_messages/share/isaac_ros2_messages/hook/cmake_prefix_path.dsv'
[3.602s] INFO:colcon.colcon_core.shell:Creating environment hook '/workspaces/ros2-coding/install/isaac_ros2_messages/share/isaac_ros2_messages/hook/cmake_prefix_path.sh'
[3.602s] Level 1:colcon.colcon_core.environment:checking '/workspaces/ros2-coding/install/isaac_ros2_messages/lib'
[3.603s] Level 1:colcon.colcon_core.shell:create_environment_hook('isaac_ros2_messages', 'ld_library_path_lib')
[3.603s] INFO:colcon.colcon_core.shell:Creating environment hook '/workspaces/ros2-coding/install/isaac_ros2_messages/share/isaac_ros2_messages/hook/ld_library_path_lib.ps1'
[3.603s] INFO:colcon.colcon_core.shell:Creating environment descriptor '/workspaces/ros2-coding/install/isaac_ros2_messages/share/isaac_ros2_messages/hook/ld_library_path_lib.dsv'
[3.604s] INFO:colcon.colcon_core.shell:Creating environment hook '/workspaces/ros2-coding/install/isaac_ros2_messages/share/isaac_ros2_messages/hook/ld_library_path_lib.sh'
[3.605s] Level 1:colcon.colcon_core.environment:checking '/workspaces/ros2-coding/install/isaac_ros2_messages/bin'
[3.605s] Level 1:colcon.colcon_core.environment:checking '/workspaces/ros2-coding/install/isaac_ros2_messages/lib/pkgconfig/isaac_ros2_messages.pc'
[3.605s] Level 1:colcon.colcon_core.environment:checking '/workspaces/ros2-coding/install/isaac_ros2_messages/lib/python3.12/site-packages'
[3.605s] Level 1:colcon.colcon_core.shell:create_environment_hook('isaac_ros2_messages', 'pythonpath')
[3.605s] INFO:colcon.colcon_core.shell:Creating environment hook '/workspaces/ros2-coding/install/isaac_ros2_messages/share/isaac_ros2_messages/hook/pythonpath.ps1'
[3.606s] INFO:colcon.colcon_core.shell:Creating environment descriptor '/workspaces/ros2-coding/install/isaac_ros2_messages/share/isaac_ros2_messages/hook/pythonpath.dsv'
[3.606s] INFO:colcon.colcon_core.shell:Creating environment hook '/workspaces/ros2-coding/install/isaac_ros2_messages/share/isaac_ros2_messages/hook/pythonpath.sh'
[3.607s] Level 1:colcon.colcon_core.environment:checking '/workspaces/ros2-coding/install/isaac_ros2_messages/bin'
[3.608s] INFO:colcon.colcon_core.shell:Creating package script '/workspaces/ros2-coding/install/isaac_ros2_messages/share/isaac_ros2_messages/package.ps1'
[3.609s] INFO:colcon.colcon_core.shell:Creating package descriptor '/workspaces/ros2-coding/install/isaac_ros2_messages/share/isaac_ros2_messages/package.dsv'
[3.609s] INFO:colcon.colcon_core.shell:Creating package script '/workspaces/ros2-coding/install/isaac_ros2_messages/share/isaac_ros2_messages/package.sh'
[3.610s] INFO:colcon.colcon_core.shell:Creating package script '/workspaces/ros2-coding/install/isaac_ros2_messages/share/isaac_ros2_messages/package.bash'
[3.611s] INFO:colcon.colcon_core.shell:Creating package script '/workspaces/ros2-coding/install/isaac_ros2_messages/share/isaac_ros2_messages/package.zsh'
[3.612s] Level 1:colcon.colcon_core.environment:create_file_with_runtime_dependencies(/workspaces/ros2-coding/install/isaac_ros2_messages/share/colcon-core/packages/isaac_ros2_messages)
[3.613s] INFO:colcon.colcon_ros.task.ament_cmake.build:Building ROS package in '/workspaces/ros2-coding/turtlesim_ws/src/ros_gz_example_application' with build type 'ament_cmake'
[3.613s] INFO:colcon.colcon_cmake.task.cmake.build:Building CMake package in '/workspaces/ros2-coding/turtlesim_ws/src/ros_gz_example_application'
[3.613s] INFO:colcon.colcon_core.shell:Skip shell extension 'powershell' for command environment: Not usable outside of PowerShell
[3.613s] DEBUG:colcon.colcon_core.shell:Skip shell extension 'dsv' for command environment
[3.645s] DEBUG:colcon.colcon_core.event_handler.log_command:Invoking command in '/workspaces/ros2-coding/build/ros_gz_example_application': CMAKE_PREFIX_PATH=${CMAKE_PREFIX_PATH}:/workspaces/ros2-coding/install/rqt_joint_trajectory_controller:/workspaces/ros2-coding/install/rqt_controller_manager:/workspaces/ros2-coding/install/ros2controlcli:/workspaces/ros2-coding/install/ros2_controllers_test_nodes:/workspaces/ros2-coding/install/my_turtlesim:/workspaces/ros2-coding/install/issac_sim:/workspaces/ros2-coding/install/isaac_ros_navigation_goal:/opt/ros/jazzy /usr/bin/cmake --build /workspaces/ros2-coding/build/ros_gz_example_application -- -j4 -l4
[3.790s] DEBUG:colcon.colcon_core.event_handler.log_command:Invoked command in '/workspaces/ros2-coding/build/ros_gz_example_application' returned '0': CMAKE_PREFIX_PATH=${CMAKE_PREFIX_PATH}:/workspaces/ros2-coding/install/rqt_joint_trajectory_controller:/workspaces/ros2-coding/install/rqt_controller_manager:/workspaces/ros2-coding/install/ros2controlcli:/workspaces/ros2-coding/install/ros2_controllers_test_nodes:/workspaces/ros2-coding/install/my_turtlesim:/workspaces/ros2-coding/install/issac_sim:/workspaces/ros2-coding/install/isaac_ros_navigation_goal:/opt/ros/jazzy /usr/bin/cmake --build /workspaces/ros2-coding/build/ros_gz_example_application -- -j4 -l4
[3.792s] DEBUG:colcon.colcon_core.event_handler.log_command:Invoking command in '/workspaces/ros2-coding/build/ros_gz_example_application': CMAKE_PREFIX_PATH=${CMAKE_PREFIX_PATH}:/workspaces/ros2-coding/install/rqt_joint_trajectory_controller:/workspaces/ros2-coding/install/rqt_controller_manager:/workspaces/ros2-coding/install/ros2controlcli:/workspaces/ros2-coding/install/ros2_controllers_test_nodes:/workspaces/ros2-coding/install/my_turtlesim:/workspaces/ros2-coding/install/issac_sim:/workspaces/ros2-coding/install/isaac_ros_navigation_goal:/opt/ros/jazzy /usr/bin/cmake --install /workspaces/ros2-coding/build/ros_gz_example_application
[3.861s] Level 1:colcon.colcon_core.environment:create_environment_scripts_only(ros_gz_example_application)
[3.861s] Level 1:colcon.colcon_core.environment:checking '/workspaces/ros2-coding/install/ros_gz_example_application' for CMake module files
[3.862s] Level 1:colcon.colcon_core.environment:checking '/workspaces/ros2-coding/install/ros_gz_example_application' for CMake config files
[3.861s] DEBUG:colcon.colcon_core.event_handler.log_command:Invoked command in '/workspaces/ros2-coding/build/ros_gz_example_application' returned '0': CMAKE_PREFIX_PATH=${CMAKE_PREFIX_PATH}:/workspaces/ros2-coding/install/rqt_joint_trajectory_controller:/workspaces/ros2-coding/install/rqt_controller_manager:/workspaces/ros2-coding/install/ros2controlcli:/workspaces/ros2-coding/install/ros2_controllers_test_nodes:/workspaces/ros2-coding/install/my_turtlesim:/workspaces/ros2-coding/install/issac_sim:/workspaces/ros2-coding/install/isaac_ros_navigation_goal:/opt/ros/jazzy /usr/bin/cmake --install /workspaces/ros2-coding/build/ros_gz_example_application
[3.863s] Level 1:colcon.colcon_core.shell:create_environment_hook('ros_gz_example_application', 'cmake_prefix_path')
[3.863s] INFO:colcon.colcon_core.shell:Creating environment hook '/workspaces/ros2-coding/install/ros_gz_example_application/share/ros_gz_example_application/hook/cmake_prefix_path.ps1'
[3.864s] INFO:colcon.colcon_core.shell:Creating environment descriptor '/workspaces/ros2-coding/install/ros_gz_example_application/share/ros_gz_example_application/hook/cmake_prefix_path.dsv'
[3.864s] INFO:colcon.colcon_core.shell:Creating environment hook '/workspaces/ros2-coding/install/ros_gz_example_application/share/ros_gz_example_application/hook/cmake_prefix_path.sh'
[3.865s] Level 1:colcon.colcon_core.environment:checking '/workspaces/ros2-coding/install/ros_gz_example_application/bin'
[3.865s] Level 1:colcon.colcon_core.environment:checking '/workspaces/ros2-coding/install/ros_gz_example_application/lib/pkgconfig/ros_gz_example_application.pc'
[3.866s] Level 1:colcon.colcon_core.environment:checking '/workspaces/ros2-coding/install/ros_gz_example_application/lib/python3.12/site-packages'
[3.866s] Level 1:colcon.colcon_core.environment:checking '/workspaces/ros2-coding/install/ros_gz_example_application/bin'
[3.866s] INFO:colcon.colcon_core.shell:Creating package script '/workspaces/ros2-coding/install/ros_gz_example_application/share/ros_gz_example_application/package.ps1'
[3.867s] INFO:colcon.colcon_core.shell:Creating package descriptor '/workspaces/ros2-coding/install/ros_gz_example_application/share/ros_gz_example_application/package.dsv'
[3.868s] INFO:colcon.colcon_core.shell:Creating package script '/workspaces/ros2-coding/install/ros_gz_example_application/share/ros_gz_example_application/package.sh'
[3.868s] INFO:colcon.colcon_core.shell:Creating package script '/workspaces/ros2-coding/install/ros_gz_example_application/share/ros_gz_example_application/package.bash'
[3.869s] INFO:colcon.colcon_core.shell:Creating package script '/workspaces/ros2-coding/install/ros_gz_example_application/share/ros_gz_example_application/package.zsh'
[3.870s] Level 1:colcon.colcon_core.environment:create_file_with_runtime_dependencies(/workspaces/ros2-coding/install/ros_gz_example_application/share/colcon-core/packages/ros_gz_example_application)
[3.870s] Level 1:colcon.colcon_core.environment:create_environment_scripts_only(ros_gz_example_application)
[3.870s] Level 1:colcon.colcon_core.environment:checking '/workspaces/ros2-coding/install/ros_gz_example_application' for CMake module files
[3.871s] Level 1:colcon.colcon_core.environment:checking '/workspaces/ros2-coding/install/ros_gz_example_application' for CMake config files
[3.872s] Level 1:colcon.colcon_core.shell:create_environment_hook('ros_gz_example_application', 'cmake_prefix_path')
[3.872s] INFO:colcon.colcon_core.shell:Creating environment hook '/workspaces/ros2-coding/install/ros_gz_example_application/share/ros_gz_example_application/hook/cmake_prefix_path.ps1'
[3.873s] INFO:colcon.colcon_core.shell:Creating environment descriptor '/workspaces/ros2-coding/install/ros_gz_example_application/share/ros_gz_example_application/hook/cmake_prefix_path.dsv'
[3.873s] INFO:colcon.colcon_core.shell:Creating environment hook '/workspaces/ros2-coding/install/ros_gz_example_application/share/ros_gz_example_application/hook/cmake_prefix_path.sh'
[3.874s] Level 1:colcon.colcon_core.environment:checking '/workspaces/ros2-coding/install/ros_gz_example_application/bin'
[3.874s] Level 1:colcon.colcon_core.environment:checking '/workspaces/ros2-coding/install/ros_gz_example_application/lib/pkgconfig/ros_gz_example_application.pc'
[3.874s] Level 1:colcon.colcon_core.environment:checking '/workspaces/ros2-coding/install/ros_gz_example_application/lib/python3.12/site-packages'
[3.875s] Level 1:colcon.colcon_core.environment:checking '/workspaces/ros2-coding/install/ros_gz_example_application/bin'
[3.875s] INFO:colcon.colcon_core.shell:Creating package script '/workspaces/ros2-coding/install/ros_gz_example_application/share/ros_gz_example_application/package.ps1'
[3.876s] INFO:colcon.colcon_core.shell:Creating package descriptor '/workspaces/ros2-coding/install/ros_gz_example_application/share/ros_gz_example_application/package.dsv'
[3.876s] INFO:colcon.colcon_core.shell:Creating package script '/workspaces/ros2-coding/install/ros_gz_example_application/share/ros_gz_example_application/package.sh'
[3.877s] INFO:colcon.colcon_core.shell:Creating package script '/workspaces/ros2-coding/install/ros_gz_example_application/share/ros_gz_example_application/package.bash'
[3.878s] INFO:colcon.colcon_core.shell:Creating package script '/workspaces/ros2-coding/install/ros_gz_example_application/share/ros_gz_example_application/package.zsh'
[3.878s] Level 1:colcon.colcon_core.environment:create_file_with_runtime_dependencies(/workspaces/ros2-coding/install/ros_gz_example_application/share/colcon-core/packages/ros_gz_example_application)
[3.879s] INFO:colcon.colcon_ros.task.ament_cmake.build:Building ROS package in '/workspaces/ros2-coding/turtlesim_ws/src/ros_gz_example_bringup' with build type 'ament_cmake'
[3.880s] INFO:colcon.colcon_cmake.task.cmake.build:Building CMake package in '/workspaces/ros2-coding/turtlesim_ws/src/ros_gz_example_bringup'
[3.880s] INFO:colcon.colcon_core.shell:Skip shell extension 'powershell' for command environment: Not usable outside of PowerShell
[3.880s] DEBUG:colcon.colcon_core.shell:Skip shell extension 'dsv' for command environment
[3.917s] DEBUG:colcon.colcon_core.event_handler.log_command:Invoking command in '/workspaces/ros2-coding/build/ros_gz_example_bringup': CMAKE_PREFIX_PATH=/workspaces/ros2-coding/install/ros_gz_example_gazebo:/workspaces/ros2-coding/install/ros_gz_example_description:/workspaces/ros2-coding/install/nao_gz_control:/workspaces/ros2-coding/install/ros2_controllers:/workspaces/ros2-coding/install/ros2_control_demos:/workspaces/ros2-coding/install/ros2_control_demo_example_3:/workspaces/ros2-coding/install/gz_ros2_control_demos:/workspaces/ros2-coding/install/velocity_controllers:/workspaces/ros2-coding/install/tricycle_steering_controller:/workspaces/ros2-coding/install/tricycle_controller:/workspaces/ros2-coding/install/ros2_control_demo_example_8:/workspaces/ros2-coding/install/ros2_control:/workspaces/ros2-coding/install/transmission_interface:/workspaces/ros2-coding/install/ros2_control_demo_example_11:/workspaces/ros2-coding/install/bicycle_steering_controller:/workspaces/ros2-coding/install/ackermann_steering_controller:/workspaces/ros2-coding/install/steering_controllers_library:/workspaces/ros2-coding/install/ros2_control_demo_example_17:/workspaces/ros2-coding/install/ros2_control_demo_example_15:/workspaces/ros2-coding/install/ros2_control_demo_example_1:/workspaces/ros2-coding/install/ros_gz_example_bringup:/workspaces/ros2-coding/install/ros_gz_example_application:/workspaces/ros2-coding/install/ros2_control_demo_example_9:/workspaces/ros2-coding/install/ros2_control_demo_example_7:/workspaces/ros2-coding/install/ros2_control_demo_example_6:/workspaces/ros2-coding/install/ros2_control_demo_example_13:/workspaces/ros2-coding/install/ros2_control_demo_example_5:/workspaces/ros2-coding/install/ros2_control_demo_example_4:/workspaces/ros2-coding/install/ros2_control_demo_example_2:/workspaces/ros2-coding/install/ros2_control_demo_example_16:/workspaces/ros2-coding/install/ros2_control_demo_example_14:/workspaces/ros2-coding/install/ros2_control_demo_example_12:/workspaces/ros2-coding/install/ros2_control_demo_example_10:/workspaces/ros2-coding/install/hardware_interface_testing:/workspaces/ros2-coding/install/gz_ros2_control:/workspaces/ros2-coding/install/controller_manager:/workspaces/ros2-coding/install/ros2_control_test_assets:/workspaces/ros2-coding/install/ros2_control_demo_description:/workspaces/ros2-coding/install/ros2_control_cmake:/workspaces/ros2-coding/install/range_sensor_broadcaster:/workspaces/ros2-coding/install/position_controllers:/workspaces/ros2-coding/install/pose_broadcaster:/workspaces/ros2-coding/install/pid_controller:/workspaces/ros2-coding/install/parallel_gripper_controller:/workspaces/ros2-coding/install/omni_wheel_drive_controller:/workspaces/ros2-coding/install/mecanum_drive_controller:/workspaces/ros2-coding/install/joint_trajectory_controller:/workspaces/ros2-coding/install/joint_state_topic_hardware_interface:/workspaces/ros2-coding/install/joint_state_broadcaster:/workspaces/ros2-coding/install/imu_sensor_broadcaster:/workspaces/ros2-coding/install/gripper_controllers:/workspaces/ros2-coding/install/gps_sensor_broadcaster:/workspaces/ros2-coding/install/gpio_controllers:/workspaces/ros2-coding/install/effort_controllers:/workspaces/ros2-coding/install/forward_command_controller:/workspaces/ros2-coding/install/force_torque_sensor_broadcaster:/workspaces/ros2-coding/install/diff_drive_controller:/workspaces/ros2-coding/install/chained_filter_controller:/workspaces/ros2-coding/install/admittance_controller:/workspaces/ros2-coding/install/controller_interface:/workspaces/ros2-coding/install/hardware_interface:/workspaces/ros2-coding/install/joint_limits:/workspaces/ros2-coding/install/control_toolbox:/workspaces/ros2-coding/install/realtime_tools:/workspaces/ros2-coding/install/kinematics_interface_kdl:/workspaces/ros2-coding/install/kinematics_interface:/workspaces/ros2-coding/install/iw_hub_navigation:/workspaces/ros2-coding/install/isaacsim:/workspaces/ros2-coding/install/isaac_tutorials:/workspaces/ros2-coding/install/isaac_ros2_messages:/workspaces/ros2-coding/install/isaac_moveit:/workspaces/ros2-coding/install/h1_fullbody_controller:/workspaces/ros2-coding/install/gz_ros2_control_tests:/workspaces/ros2-coding/install/diff_drive_mover:/workspaces/ros2-coding/install/custom_message:/workspaces/ros2-coding/install/controller_manager_msgs:/workspaces/ros2-coding/install/control_msgs:/workspaces/ros2-coding/install/cmdvel_to_ackermann:/workspaces/ros2-coding/install/carter_navigation:/opt/ros/jazzy/opt/gz_sim_vendor:/opt/ros/jazzy/opt/gz_sensors_vendor:/opt/ros/jazzy/opt/gz_physics_vendor:/opt/ros/jazzy/opt/sdformat_vendor:/opt/ros/jazzy/opt/gz_gui_vendor:/opt/ros/jazzy/opt/gz_transport_vendor:/opt/ros/jazzy/opt/gz_rendering_vendor:/opt/ros/jazzy/opt/gz_plugin_vendor:/opt/ros/jazzy/opt/gz_fuel_tools_vendor:/opt/ros/jazzy/opt/gz_msgs_vendor:/opt/ros/jazzy/opt/gz_common_vendor:/opt/ros/jazzy/opt/gz_math_vendor:/opt/ros/jazzy/opt/gz_utils_vendor:/opt/ros/jazzy/opt/gz_tools_vendor:/opt/ros/jazzy/opt/gz_ogre_next_vendor:/opt/ros/jazzy/opt/gz_dartsim_vendor:/opt/ros/jazzy/opt/gz_cmake_vendor:/workspaces/ros2-coding/install/rqt_joint_trajectory_controller:/workspaces/ros2-coding/install/rqt_controller_manager:/workspaces/ros2-coding/install/ros2controlcli:/workspaces/ros2-coding/install/ros2_controllers_test_nodes:/workspaces/ros2-coding/install/my_turtlesim:/workspaces/ros2-coding/install/issac_sim:/workspaces/ros2-coding/install/isaac_ros_navigation_goal:/opt/ros/jazzy GZ_SIM_PLUGIN_PATH=/workspaces/ros2-coding/install/ros_gz_example_gazebo/lib/ros_gz_example_gazebo GZ_SIM_RESOURCE_PATH=/workspaces/ros2-coding/install/ros_gz_example_description/share/ros_gz_example_description/models:${GZ_SIM_RESOURCE_PATH} /usr/bin/cmake --build /workspaces/ros2-coding/build/ros_gz_example_bringup -- -j4 -l4
[4.021s] Level 1:colcon.colcon_core.shell:create_environment_hook('isaac_ros_navigation_goal', 'pythonpath_develop')
[4.022s] DEBUG:colcon.colcon_core.event_handler.log_command:Invoked command in '/workspaces/ros2-coding/build/isaac_ros_navigation_goal' returned '0': PYTHONPATH=/workspaces/ros2-coding/build/isaac_ros_navigation_goal/prefix_override:/usr/lib/python3/dist-packages/colcon_core/task/python/colcon_distutils_commands:/workspaces/ros2-coding/install/isaac_ros_navigation_goal/lib/python3.12/site-packages:${PYTHONPATH} /usr/bin/python3 -W ignore:setup.py install is deprecated -W ignore:easy_install command is deprecated setup.py develop --editable --build-directory /workspaces/ros2-coding/build/isaac_ros_navigation_goal/build --no-deps symlink_data
[4.022s] INFO:colcon.colcon_core.shell:Creating environment hook '/workspaces/ros2-coding/build/isaac_ros_navigation_goal/share/isaac_ros_navigation_goal/hook/pythonpath_develop.ps1'
[4.023s] INFO:colcon.colcon_core.shell:Creating environment descriptor '/workspaces/ros2-coding/build/isaac_ros_navigation_goal/share/isaac_ros_navigation_goal/hook/pythonpath_develop.dsv'
[4.023s] INFO:colcon.colcon_core.shell:Creating environment hook '/workspaces/ros2-coding/build/isaac_ros_navigation_goal/share/isaac_ros_navigation_goal/hook/pythonpath_develop.sh'
[4.024s] Level 1:colcon.colcon_core.environment:checking '/workspaces/ros2-coding/install/isaac_ros_navigation_goal' for CMake module files
[4.025s] Level 1:colcon.colcon_core.environment:checking '/workspaces/ros2-coding/install/isaac_ros_navigation_goal' for CMake config files
[4.026s] Level 1:colcon.colcon_core.environment:checking '/workspaces/ros2-coding/install/isaac_ros_navigation_goal/lib'
[4.026s] Level 1:colcon.colcon_core.environment:checking '/workspaces/ros2-coding/install/isaac_ros_navigation_goal/bin'
[4.026s] Level 1:colcon.colcon_core.environment:checking '/workspaces/ros2-coding/install/isaac_ros_navigation_goal/lib/pkgconfig/isaac_ros_navigation_goal.pc'
[4.027s] Level 1:colcon.colcon_core.environment:checking '/workspaces/ros2-coding/install/isaac_ros_navigation_goal/lib/python3.12/site-packages'
[4.027s] Level 1:colcon.colcon_core.shell:create_environment_hook('isaac_ros_navigation_goal', 'pythonpath')
[4.027s] INFO:colcon.colcon_core.shell:Creating environment hook '/workspaces/ros2-coding/install/isaac_ros_navigation_goal/share/isaac_ros_navigation_goal/hook/pythonpath.ps1'
[4.031s] INFO:colcon.colcon_core.shell:Creating environment descriptor '/workspaces/ros2-coding/install/isaac_ros_navigation_goal/share/isaac_ros_navigation_goal/hook/pythonpath.dsv'
[4.032s] INFO:colcon.colcon_core.shell:Creating environment hook '/workspaces/ros2-coding/install/isaac_ros_navigation_goal/share/isaac_ros_navigation_goal/hook/pythonpath.sh'
[4.032s] Level 1:colcon.colcon_core.environment:checking '/workspaces/ros2-coding/install/isaac_ros_navigation_goal/bin'
[4.033s] Level 1:colcon.colcon_core.environment:create_environment_scripts_only(isaac_ros_navigation_goal)
[4.033s] INFO:colcon.colcon_core.shell:Creating package script '/workspaces/ros2-coding/install/isaac_ros_navigation_goal/share/isaac_ros_navigation_goal/package.ps1'
[4.034s] INFO:colcon.colcon_core.shell:Creating package descriptor '/workspaces/ros2-coding/install/isaac_ros_navigation_goal/share/isaac_ros_navigation_goal/package.dsv'
[4.034s] INFO:colcon.colcon_core.shell:Creating package script '/workspaces/ros2-coding/install/isaac_ros_navigation_goal/share/isaac_ros_navigation_goal/package.sh'
[4.035s] INFO:colcon.colcon_core.shell:Creating package script '/workspaces/ros2-coding/install/isaac_ros_navigation_goal/share/isaac_ros_navigation_goal/package.bash'
[4.036s] INFO:colcon.colcon_core.shell:Creating package script '/workspaces/ros2-coding/install/isaac_ros_navigation_goal/share/isaac_ros_navigation_goal/package.zsh'
[4.036s] Level 1:colcon.colcon_core.environment:create_file_with_runtime_dependencies(/workspaces/ros2-coding/install/isaac_ros_navigation_goal/share/colcon-core/packages/isaac_ros_navigation_goal)
[4.039s] DEBUG:colcon.colcon_core.event_handler.log_command:Invoked command in '/workspaces/ros2-coding/build/ros_gz_example_bringup' returned '0': CMAKE_PREFIX_PATH=/workspaces/ros2-coding/install/ros_gz_example_gazebo:/workspaces/ros2-coding/install/ros_gz_example_description:/workspaces/ros2-coding/install/nao_gz_control:/workspaces/ros2-coding/install/ros2_controllers:/workspaces/ros2-coding/install/ros2_control_demos:/workspaces/ros2-coding/install/ros2_control_demo_example_3:/workspaces/ros2-coding/install/gz_ros2_control_demos:/workspaces/ros2-coding/install/velocity_controllers:/workspaces/ros2-coding/install/tricycle_steering_controller:/workspaces/ros2-coding/install/tricycle_controller:/workspaces/ros2-coding/install/ros2_control_demo_example_8:/workspaces/ros2-coding/install/ros2_control:/workspaces/ros2-coding/install/transmission_interface:/workspaces/ros2-coding/install/ros2_control_demo_example_11:/workspaces/ros2-coding/install/bicycle_steering_controller:/workspaces/ros2-coding/install/ackermann_steering_controller:/workspaces/ros2-coding/install/steering_controllers_library:/workspaces/ros2-coding/install/ros2_control_demo_example_17:/workspaces/ros2-coding/install/ros2_control_demo_example_15:/workspaces/ros2-coding/install/ros2_control_demo_example_1:/workspaces/ros2-coding/install/ros_gz_example_bringup:/workspaces/ros2-coding/install/ros_gz_example_application:/workspaces/ros2-coding/install/ros2_control_demo_example_9:/workspaces/ros2-coding/install/ros2_control_demo_example_7:/workspaces/ros2-coding/install/ros2_control_demo_example_6:/workspaces/ros2-coding/install/ros2_control_demo_example_13:/workspaces/ros2-coding/install/ros2_control_demo_example_5:/workspaces/ros2-coding/install/ros2_control_demo_example_4:/workspaces/ros2-coding/install/ros2_control_demo_example_2:/workspaces/ros2-coding/install/ros2_control_demo_example_16:/workspaces/ros2-coding/install/ros2_control_demo_example_14:/workspaces/ros2-coding/install/ros2_control_demo_example_12:/workspaces/ros2-coding/install/ros2_control_demo_example_10:/workspaces/ros2-coding/install/hardware_interface_testing:/workspaces/ros2-coding/install/gz_ros2_control:/workspaces/ros2-coding/install/controller_manager:/workspaces/ros2-coding/install/ros2_control_test_assets:/workspaces/ros2-coding/install/ros2_control_demo_description:/workspaces/ros2-coding/install/ros2_control_cmake:/workspaces/ros2-coding/install/range_sensor_broadcaster:/workspaces/ros2-coding/install/position_controllers:/workspaces/ros2-coding/install/pose_broadcaster:/workspaces/ros2-coding/install/pid_controller:/workspaces/ros2-coding/install/parallel_gripper_controller:/workspaces/ros2-coding/install/omni_wheel_drive_controller:/workspaces/ros2-coding/install/mecanum_drive_controller:/workspaces/ros2-coding/install/joint_trajectory_controller:/workspaces/ros2-coding/install/joint_state_topic_hardware_interface:/workspaces/ros2-coding/install/joint_state_broadcaster:/workspaces/ros2-coding/install/imu_sensor_broadcaster:/workspaces/ros2-coding/install/gripper_controllers:/workspaces/ros2-coding/install/gps_sensor_broadcaster:/workspaces/ros2-coding/install/gpio_controllers:/workspaces/ros2-coding/install/effort_controllers:/workspaces/ros2-coding/install/forward_command_controller:/workspaces/ros2-coding/install/force_torque_sensor_broadcaster:/workspaces/ros2-coding/install/diff_drive_controller:/workspaces/ros2-coding/install/chained_filter_controller:/workspaces/ros2-coding/install/admittance_controller:/workspaces/ros2-coding/install/controller_interface:/workspaces/ros2-coding/install/hardware_interface:/workspaces/ros2-coding/install/joint_limits:/workspaces/ros2-coding/install/control_toolbox:/workspaces/ros2-coding/install/realtime_tools:/workspaces/ros2-coding/install/kinematics_interface_kdl:/workspaces/ros2-coding/install/kinematics_interface:/workspaces/ros2-coding/install/iw_hub_navigation:/workspaces/ros2-coding/install/isaacsim:/workspaces/ros2-coding/install/isaac_tutorials:/workspaces/ros2-coding/install/isaac_ros2_messages:/workspaces/ros2-coding/install/isaac_moveit:/workspaces/ros2-coding/install/h1_fullbody_controller:/workspaces/ros2-coding/install/gz_ros2_control_tests:/workspaces/ros2-coding/install/diff_drive_mover:/workspaces/ros2-coding/install/custom_message:/workspaces/ros2-coding/install/controller_manager_msgs:/workspaces/ros2-coding/install/control_msgs:/workspaces/ros2-coding/install/cmdvel_to_ackermann:/workspaces/ros2-coding/install/carter_navigation:/opt/ros/jazzy/opt/gz_sim_vendor:/opt/ros/jazzy/opt/gz_sensors_vendor:/opt/ros/jazzy/opt/gz_physics_vendor:/opt/ros/jazzy/opt/sdformat_vendor:/opt/ros/jazzy/opt/gz_gui_vendor:/opt/ros/jazzy/opt/gz_transport_vendor:/opt/ros/jazzy/opt/gz_rendering_vendor:/opt/ros/jazzy/opt/gz_plugin_vendor:/opt/ros/jazzy/opt/gz_fuel_tools_vendor:/opt/ros/jazzy/opt/gz_msgs_vendor:/opt/ros/jazzy/opt/gz_common_vendor:/opt/ros/jazzy/opt/gz_math_vendor:/opt/ros/jazzy/opt/gz_utils_vendor:/opt/ros/jazzy/opt/gz_tools_vendor:/opt/ros/jazzy/opt/gz_ogre_next_vendor:/opt/ros/jazzy/opt/gz_dartsim_vendor:/opt/ros/jazzy/opt/gz_cmake_vendor:/workspaces/ros2-coding/install/rqt_joint_trajectory_controller:/workspaces/ros2-coding/install/rqt_controller_manager:/workspaces/ros2-coding/install/ros2controlcli:/workspaces/ros2-coding/install/ros2_controllers_test_nodes:/workspaces/ros2-coding/install/my_turtlesim:/workspaces/ros2-coding/install/issac_sim:/workspaces/ros2-coding/install/isaac_ros_navigation_goal:/opt/ros/jazzy GZ_SIM_PLUGIN_PATH=/workspaces/ros2-coding/install/ros_gz_example_gazebo/lib/ros_gz_example_gazebo GZ_SIM_RESOURCE_PATH=/workspaces/ros2-coding/install/ros_gz_example_description/share/ros_gz_example_description/models:${GZ_SIM_RESOURCE_PATH} /usr/bin/cmake --build /workspaces/ros2-coding/build/ros_gz_example_bringup -- -j4 -l4
[4.040s] DEBUG:colcon.colcon_core.event_handler.log_command:Invoking command in '/workspaces/ros2-coding/build/ros_gz_example_bringup': CMAKE_PREFIX_PATH=/workspaces/ros2-coding/install/ros_gz_example_gazebo:/workspaces/ros2-coding/install/ros_gz_example_description:/workspaces/ros2-coding/install/nao_gz_control:/workspaces/ros2-coding/install/ros2_controllers:/workspaces/ros2-coding/install/ros2_control_demos:/workspaces/ros2-coding/install/ros2_control_demo_example_3:/workspaces/ros2-coding/install/gz_ros2_control_demos:/workspaces/ros2-coding/install/velocity_controllers:/workspaces/ros2-coding/install/tricycle_steering_controller:/workspaces/ros2-coding/install/tricycle_controller:/workspaces/ros2-coding/install/ros2_control_demo_example_8:/workspaces/ros2-coding/install/ros2_control:/workspaces/ros2-coding/install/transmission_interface:/workspaces/ros2-coding/install/ros2_control_demo_example_11:/workspaces/ros2-coding/install/bicycle_steering_controller:/workspaces/ros2-coding/install/ackermann_steering_controller:/workspaces/ros2-coding/install/steering_controllers_library:/workspaces/ros2-coding/install/ros2_control_demo_example_17:/workspaces/ros2-coding/install/ros2_control_demo_example_15:/workspaces/ros2-coding/install/ros2_control_demo_example_1:/workspaces/ros2-coding/install/ros_gz_example_bringup:/workspaces/ros2-coding/install/ros_gz_example_application:/workspaces/ros2-coding/install/ros2_control_demo_example_9:/workspaces/ros2-coding/install/ros2_control_demo_example_7:/workspaces/ros2-coding/install/ros2_control_demo_example_6:/workspaces/ros2-coding/install/ros2_control_demo_example_13:/workspaces/ros2-coding/install/ros2_control_demo_example_5:/workspaces/ros2-coding/install/ros2_control_demo_example_4:/workspaces/ros2-coding/install/ros2_control_demo_example_2:/workspaces/ros2-coding/install/ros2_control_demo_example_16:/workspaces/ros2-coding/install/ros2_control_demo_example_14:/workspaces/ros2-coding/install/ros2_control_demo_example_12:/workspaces/ros2-coding/install/ros2_control_demo_example_10:/workspaces/ros2-coding/install/hardware_interface_testing:/workspaces/ros2-coding/install/gz_ros2_control:/workspaces/ros2-coding/install/controller_manager:/workspaces/ros2-coding/install/ros2_control_test_assets:/workspaces/ros2-coding/install/ros2_control_demo_description:/workspaces/ros2-coding/install/ros2_control_cmake:/workspaces/ros2-coding/install/range_sensor_broadcaster:/workspaces/ros2-coding/install/position_controllers:/workspaces/ros2-coding/install/pose_broadcaster:/workspaces/ros2-coding/install/pid_controller:/workspaces/ros2-coding/install/parallel_gripper_controller:/workspaces/ros2-coding/install/omni_wheel_drive_controller:/workspaces/ros2-coding/install/mecanum_drive_controller:/workspaces/ros2-coding/install/joint_trajectory_controller:/workspaces/ros2-coding/install/joint_state_topic_hardware_interface:/workspaces/ros2-coding/install/joint_state_broadcaster:/workspaces/ros2-coding/install/imu_sensor_broadcaster:/workspaces/ros2-coding/install/gripper_controllers:/workspaces/ros2-coding/install/gps_sensor_broadcaster:/workspaces/ros2-coding/install/gpio_controllers:/workspaces/ros2-coding/install/effort_controllers:/workspaces/ros2-coding/install/forward_command_controller:/workspaces/ros2-coding/install/force_torque_sensor_broadcaster:/workspaces/ros2-coding/install/diff_drive_controller:/workspaces/ros2-coding/install/chained_filter_controller:/workspaces/ros2-coding/install/admittance_controller:/workspaces/ros2-coding/install/controller_interface:/workspaces/ros2-coding/install/hardware_interface:/workspaces/ros2-coding/install/joint_limits:/workspaces/ros2-coding/install/control_toolbox:/workspaces/ros2-coding/install/realtime_tools:/workspaces/ros2-coding/install/kinematics_interface_kdl:/workspaces/ros2-coding/install/kinematics_interface:/workspaces/ros2-coding/install/iw_hub_navigation:/workspaces/ros2-coding/install/isaacsim:/workspaces/ros2-coding/install/isaac_tutorials:/workspaces/ros2-coding/install/isaac_ros2_messages:/workspaces/ros2-coding/install/isaac_moveit:/workspaces/ros2-coding/install/h1_fullbody_controller:/workspaces/ros2-coding/install/gz_ros2_control_tests:/workspaces/ros2-coding/install/diff_drive_mover:/workspaces/ros2-coding/install/custom_message:/workspaces/ros2-coding/install/controller_manager_msgs:/workspaces/ros2-coding/install/control_msgs:/workspaces/ros2-coding/install/cmdvel_to_ackermann:/workspaces/ros2-coding/install/carter_navigation:/opt/ros/jazzy/opt/gz_sim_vendor:/opt/ros/jazzy/opt/gz_sensors_vendor:/opt/ros/jazzy/opt/gz_physics_vendor:/opt/ros/jazzy/opt/sdformat_vendor:/opt/ros/jazzy/opt/gz_gui_vendor:/opt/ros/jazzy/opt/gz_transport_vendor:/opt/ros/jazzy/opt/gz_rendering_vendor:/opt/ros/jazzy/opt/gz_plugin_vendor:/opt/ros/jazzy/opt/gz_fuel_tools_vendor:/opt/ros/jazzy/opt/gz_msgs_vendor:/opt/ros/jazzy/opt/gz_common_vendor:/opt/ros/jazzy/opt/gz_math_vendor:/opt/ros/jazzy/opt/gz_utils_vendor:/opt/ros/jazzy/opt/gz_tools_vendor:/opt/ros/jazzy/opt/gz_ogre_next_vendor:/opt/ros/jazzy/opt/gz_dartsim_vendor:/opt/ros/jazzy/opt/gz_cmake_vendor:/workspaces/ros2-coding/install/rqt_joint_trajectory_controller:/workspaces/ros2-coding/install/rqt_controller_manager:/workspaces/ros2-coding/install/ros2controlcli:/workspaces/ros2-coding/install/ros2_controllers_test_nodes:/workspaces/ros2-coding/install/my_turtlesim:/workspaces/ros2-coding/install/issac_sim:/workspaces/ros2-coding/install/isaac_ros_navigation_goal:/opt/ros/jazzy GZ_SIM_PLUGIN_PATH=/workspaces/ros2-coding/install/ros_gz_example_gazebo/lib/ros_gz_example_gazebo GZ_SIM_RESOURCE_PATH=/workspaces/ros2-coding/install/ros_gz_example_description/share/ros_gz_example_description/models:${GZ_SIM_RESOURCE_PATH} /usr/bin/cmake --install /workspaces/ros2-coding/build/ros_gz_example_bringup
[4.105s] Level 1:colcon.colcon_core.environment:create_environment_scripts_only(ros_gz_example_bringup)
[4.105s] Level 1:colcon.colcon_core.environment:checking '/workspaces/ros2-coding/install/ros_gz_example_bringup' for CMake module files
[4.107s] Level 1:colcon.colcon_core.environment:checking '/workspaces/ros2-coding/install/ros_gz_example_bringup' for CMake config files
[4.107s] DEBUG:colcon.colcon_core.event_handler.log_command:Invoked command in '/workspaces/ros2-coding/build/ros_gz_example_bringup' returned '0': CMAKE_PREFIX_PATH=/workspaces/ros2-coding/install/ros_gz_example_gazebo:/workspaces/ros2-coding/install/ros_gz_example_description:/workspaces/ros2-coding/install/nao_gz_control:/workspaces/ros2-coding/install/ros2_controllers:/workspaces/ros2-coding/install/ros2_control_demos:/workspaces/ros2-coding/install/ros2_control_demo_example_3:/workspaces/ros2-coding/install/gz_ros2_control_demos:/workspaces/ros2-coding/install/velocity_controllers:/workspaces/ros2-coding/install/tricycle_steering_controller:/workspaces/ros2-coding/install/tricycle_controller:/workspaces/ros2-coding/install/ros2_control_demo_example_8:/workspaces/ros2-coding/install/ros2_control:/workspaces/ros2-coding/install/transmission_interface:/workspaces/ros2-coding/install/ros2_control_demo_example_11:/workspaces/ros2-coding/install/bicycle_steering_controller:/workspaces/ros2-coding/install/ackermann_steering_controller:/workspaces/ros2-coding/install/steering_controllers_library:/workspaces/ros2-coding/install/ros2_control_demo_example_17:/workspaces/ros2-coding/install/ros2_control_demo_example_15:/workspaces/ros2-coding/install/ros2_control_demo_example_1:/workspaces/ros2-coding/install/ros_gz_example_bringup:/workspaces/ros2-coding/install/ros_gz_example_application:/workspaces/ros2-coding/install/ros2_control_demo_example_9:/workspaces/ros2-coding/install/ros2_control_demo_example_7:/workspaces/ros2-coding/install/ros2_control_demo_example_6:/workspaces/ros2-coding/install/ros2_control_demo_example_13:/workspaces/ros2-coding/install/ros2_control_demo_example_5:/workspaces/ros2-coding/install/ros2_control_demo_example_4:/workspaces/ros2-coding/install/ros2_control_demo_example_2:/workspaces/ros2-coding/install/ros2_control_demo_example_16:/workspaces/ros2-coding/install/ros2_control_demo_example_14:/workspaces/ros2-coding/install/ros2_control_demo_example_12:/workspaces/ros2-coding/install/ros2_control_demo_example_10:/workspaces/ros2-coding/install/hardware_interface_testing:/workspaces/ros2-coding/install/gz_ros2_control:/workspaces/ros2-coding/install/controller_manager:/workspaces/ros2-coding/install/ros2_control_test_assets:/workspaces/ros2-coding/install/ros2_control_demo_description:/workspaces/ros2-coding/install/ros2_control_cmake:/workspaces/ros2-coding/install/range_sensor_broadcaster:/workspaces/ros2-coding/install/position_controllers:/workspaces/ros2-coding/install/pose_broadcaster:/workspaces/ros2-coding/install/pid_controller:/workspaces/ros2-coding/install/parallel_gripper_controller:/workspaces/ros2-coding/install/omni_wheel_drive_controller:/workspaces/ros2-coding/install/mecanum_drive_controller:/workspaces/ros2-coding/install/joint_trajectory_controller:/workspaces/ros2-coding/install/joint_state_topic_hardware_interface:/workspaces/ros2-coding/install/joint_state_broadcaster:/workspaces/ros2-coding/install/imu_sensor_broadcaster:/workspaces/ros2-coding/install/gripper_controllers:/workspaces/ros2-coding/install/gps_sensor_broadcaster:/workspaces/ros2-coding/install/gpio_controllers:/workspaces/ros2-coding/install/effort_controllers:/workspaces/ros2-coding/install/forward_command_controller:/workspaces/ros2-coding/install/force_torque_sensor_broadcaster:/workspaces/ros2-coding/install/diff_drive_controller:/workspaces/ros2-coding/install/chained_filter_controller:/workspaces/ros2-coding/install/admittance_controller:/workspaces/ros2-coding/install/controller_interface:/workspaces/ros2-coding/install/hardware_interface:/workspaces/ros2-coding/install/joint_limits:/workspaces/ros2-coding/install/control_toolbox:/workspaces/ros2-coding/install/realtime_tools:/workspaces/ros2-coding/install/kinematics_interface_kdl:/workspaces/ros2-coding/install/kinematics_interface:/workspaces/ros2-coding/install/iw_hub_navigation:/workspaces/ros2-coding/install/isaacsim:/workspaces/ros2-coding/install/isaac_tutorials:/workspaces/ros2-coding/install/isaac_ros2_messages:/workspaces/ros2-coding/install/isaac_moveit:/workspaces/ros2-coding/install/h1_fullbody_controller:/workspaces/ros2-coding/install/gz_ros2_control_tests:/workspaces/ros2-coding/install/diff_drive_mover:/workspaces/ros2-coding/install/custom_message:/workspaces/ros2-coding/install/controller_manager_msgs:/workspaces/ros2-coding/install/control_msgs:/workspaces/ros2-coding/install/cmdvel_to_ackermann:/workspaces/ros2-coding/install/carter_navigation:/opt/ros/jazzy/opt/gz_sim_vendor:/opt/ros/jazzy/opt/gz_sensors_vendor:/opt/ros/jazzy/opt/gz_physics_vendor:/opt/ros/jazzy/opt/sdformat_vendor:/opt/ros/jazzy/opt/gz_gui_vendor:/opt/ros/jazzy/opt/gz_transport_vendor:/opt/ros/jazzy/opt/gz_rendering_vendor:/opt/ros/jazzy/opt/gz_plugin_vendor:/opt/ros/jazzy/opt/gz_fuel_tools_vendor:/opt/ros/jazzy/opt/gz_msgs_vendor:/opt/ros/jazzy/opt/gz_common_vendor:/opt/ros/jazzy/opt/gz_math_vendor:/opt/ros/jazzy/opt/gz_utils_vendor:/opt/ros/jazzy/opt/gz_tools_vendor:/opt/ros/jazzy/opt/gz_ogre_next_vendor:/opt/ros/jazzy/opt/gz_dartsim_vendor:/opt/ros/jazzy/opt/gz_cmake_vendor:/workspaces/ros2-coding/install/rqt_joint_trajectory_controller:/workspaces/ros2-coding/install/rqt_controller_manager:/workspaces/ros2-coding/install/ros2controlcli:/workspaces/ros2-coding/install/ros2_controllers_test_nodes:/workspaces/ros2-coding/install/my_turtlesim:/workspaces/ros2-coding/install/issac_sim:/workspaces/ros2-coding/install/isaac_ros_navigation_goal:/opt/ros/jazzy GZ_SIM_PLUGIN_PATH=/workspaces/ros2-coding/install/ros_gz_example_gazebo/lib/ros_gz_example_gazebo GZ_SIM_RESOURCE_PATH=/workspaces/ros2-coding/install/ros_gz_example_description/share/ros_gz_example_description/models:${GZ_SIM_RESOURCE_PATH} /usr/bin/cmake --install /workspaces/ros2-coding/build/ros_gz_example_bringup
[4.108s] Level 1:colcon.colcon_core.shell:create_environment_hook('ros_gz_example_bringup', 'cmake_prefix_path')
[4.108s] INFO:colcon.colcon_core.shell:Creating environment hook '/workspaces/ros2-coding/install/ros_gz_example_bringup/share/ros_gz_example_bringup/hook/cmake_prefix_path.ps1'
[4.109s] INFO:colcon.colcon_core.shell:Creating environment descriptor '/workspaces/ros2-coding/install/ros_gz_example_bringup/share/ros_gz_example_bringup/hook/cmake_prefix_path.dsv'
[4.109s] INFO:colcon.colcon_core.shell:Creating environment hook '/workspaces/ros2-coding/install/ros_gz_example_bringup/share/ros_gz_example_bringup/hook/cmake_prefix_path.sh'
[4.110s] Level 1:colcon.colcon_core.environment:checking '/workspaces/ros2-coding/install/ros_gz_example_bringup/bin'
[4.110s] Level 1:colcon.colcon_core.environment:checking '/workspaces/ros2-coding/install/ros_gz_example_bringup/lib/pkgconfig/ros_gz_example_bringup.pc'
[4.111s] Level 1:colcon.colcon_core.environment:checking '/workspaces/ros2-coding/install/ros_gz_example_bringup/lib/python3.12/site-packages'
[4.111s] Level 1:colcon.colcon_core.environment:checking '/workspaces/ros2-coding/install/ros_gz_example_bringup/bin'
[4.111s] INFO:colcon.colcon_core.shell:Creating package script '/workspaces/ros2-coding/install/ros_gz_example_bringup/share/ros_gz_example_bringup/package.ps1'
[4.112s] INFO:colcon.colcon_core.shell:Creating package descriptor '/workspaces/ros2-coding/install/ros_gz_example_bringup/share/ros_gz_example_bringup/package.dsv'
[4.112s] INFO:colcon.colcon_core.shell:Creating package script '/workspaces/ros2-coding/install/ros_gz_example_bringup/share/ros_gz_example_bringup/package.sh'
[4.113s] INFO:colcon.colcon_core.shell:Creating package script '/workspaces/ros2-coding/install/ros_gz_example_bringup/share/ros_gz_example_bringup/package.bash'
[4.114s] INFO:colcon.colcon_core.shell:Creating package script '/workspaces/ros2-coding/install/ros_gz_example_bringup/share/ros_gz_example_bringup/package.zsh'
[4.114s] Level 1:colcon.colcon_core.environment:create_file_with_runtime_dependencies(/workspaces/ros2-coding/install/ros_gz_example_bringup/share/colcon-core/packages/ros_gz_example_bringup)
[4.115s] Level 1:colcon.colcon_core.environment:create_environment_scripts_only(ros_gz_example_bringup)
[4.115s] Level 1:colcon.colcon_core.environment:checking '/workspaces/ros2-coding/install/ros_gz_example_bringup' for CMake module files
[4.116s] Level 1:colcon.colcon_core.environment:checking '/workspaces/ros2-coding/install/ros_gz_example_bringup' for CMake config files
[4.117s] Level 1:colcon.colcon_core.shell:create_environment_hook('ros_gz_example_bringup', 'cmake_prefix_path')
[4.117s] INFO:colcon.colcon_core.shell:Creating environment hook '/workspaces/ros2-coding/install/ros_gz_example_bringup/share/ros_gz_example_bringup/hook/cmake_prefix_path.ps1'
[4.117s] INFO:colcon.colcon_core.shell:Creating environment descriptor '/workspaces/ros2-coding/install/ros_gz_example_bringup/share/ros_gz_example_bringup/hook/cmake_prefix_path.dsv'
[4.118s] INFO:colcon.colcon_core.shell:Creating environment hook '/workspaces/ros2-coding/install/ros_gz_example_bringup/share/ros_gz_example_bringup/hook/cmake_prefix_path.sh'
[4.119s] Level 1:colcon.colcon_core.environment:checking '/workspaces/ros2-coding/install/ros_gz_example_bringup/bin'
[4.119s] Level 1:colcon.colcon_core.environment:checking '/workspaces/ros2-coding/install/ros_gz_example_bringup/lib/pkgconfig/ros_gz_example_bringup.pc'
[4.119s] Level 1:colcon.colcon_core.environment:checking '/workspaces/ros2-coding/install/ros_gz_example_bringup/lib/python3.12/site-packages'
[4.119s] Level 1:colcon.colcon_core.environment:checking '/workspaces/ros2-coding/install/ros_gz_example_bringup/bin'
[4.120s] INFO:colcon.colcon_core.shell:Creating package script '/workspaces/ros2-coding/install/ros_gz_example_bringup/share/ros_gz_example_bringup/package.ps1'
[4.120s] INFO:colcon.colcon_core.shell:Creating package descriptor '/workspaces/ros2-coding/install/ros_gz_example_bringup/share/ros_gz_example_bringup/package.dsv'
[4.121s] INFO:colcon.colcon_core.shell:Creating package script '/workspaces/ros2-coding/install/ros_gz_example_bringup/share/ros_gz_example_bringup/package.sh'
[4.122s] INFO:colcon.colcon_core.shell:Creating package script '/workspaces/ros2-coding/install/ros_gz_example_bringup/share/ros_gz_example_bringup/package.bash'
[4.123s] INFO:colcon.colcon_core.shell:Creating package script '/workspaces/ros2-coding/install/ros_gz_example_bringup/share/ros_gz_example_bringup/package.zsh'
[4.123s] Level 1:colcon.colcon_core.environment:create_file_with_runtime_dependencies(/workspaces/ros2-coding/install/ros_gz_example_bringup/share/colcon-core/packages/ros_gz_example_bringup)
[4.444s] DEBUG:colcon.colcon_core.event_handler.log_command:Invoking command in '/workspaces/ros2-coding/build/my_turtlesim': PYTHONPATH=/workspaces/ros2-coding/build/my_turtlesim/prefix_override:/usr/lib/python3/dist-packages/colcon_core/task/python/colcon_distutils_commands:/workspaces/ros2-coding/install/my_turtlesim/lib/python3.12/site-packages:${PYTHONPATH} /usr/bin/python3 -W ignore:setup.py install is deprecated -W ignore:easy_install command is deprecated setup.py develop --editable --build-directory /workspaces/ros2-coding/build/my_turtlesim/build --no-deps symlink_data
[4.597s] Level 1:colcon.colcon_core.shell:create_environment_hook('issac_sim', 'pythonpath_develop')
[4.597s] INFO:colcon.colcon_core.shell:Creating environment hook '/workspaces/ros2-coding/build/issac_sim/share/issac_sim/hook/pythonpath_develop.ps1'
[4.598s] DEBUG:colcon.colcon_core.event_handler.log_command:Invoked command in '/workspaces/ros2-coding/build/issac_sim' returned '0': PYTHONPATH=/workspaces/ros2-coding/build/issac_sim/prefix_override:/usr/lib/python3/dist-packages/colcon_core/task/python/colcon_distutils_commands:/workspaces/ros2-coding/install/issac_sim/lib/python3.12/site-packages:${PYTHONPATH} /usr/bin/python3 -W ignore:setup.py install is deprecated -W ignore:easy_install command is deprecated setup.py develop --editable --build-directory /workspaces/ros2-coding/build/issac_sim/build --no-deps symlink_data
[4.598s] INFO:colcon.colcon_core.shell:Creating environment descriptor '/workspaces/ros2-coding/build/issac_sim/share/issac_sim/hook/pythonpath_develop.dsv'
[4.599s] INFO:colcon.colcon_core.shell:Creating environment hook '/workspaces/ros2-coding/build/issac_sim/share/issac_sim/hook/pythonpath_develop.sh'
[4.599s] Level 1:colcon.colcon_core.environment:checking '/workspaces/ros2-coding/install/issac_sim' for CMake module files
[4.600s] Level 1:colcon.colcon_core.environment:checking '/workspaces/ros2-coding/install/issac_sim' for CMake config files
[4.601s] Level 1:colcon.colcon_core.environment:checking '/workspaces/ros2-coding/install/issac_sim/lib'
[4.601s] Level 1:colcon.colcon_core.environment:checking '/workspaces/ros2-coding/install/issac_sim/bin'
[4.601s] Level 1:colcon.colcon_core.environment:checking '/workspaces/ros2-coding/install/issac_sim/lib/pkgconfig/issac_sim.pc'
[4.601s] Level 1:colcon.colcon_core.environment:checking '/workspaces/ros2-coding/install/issac_sim/lib/python3.12/site-packages'
[4.602s] Level 1:colcon.colcon_core.shell:create_environment_hook('issac_sim', 'pythonpath')
[4.602s] INFO:colcon.colcon_core.shell:Creating environment hook '/workspaces/ros2-coding/install/issac_sim/share/issac_sim/hook/pythonpath.ps1'
[4.602s] INFO:colcon.colcon_core.shell:Creating environment descriptor '/workspaces/ros2-coding/install/issac_sim/share/issac_sim/hook/pythonpath.dsv'
[4.603s] INFO:colcon.colcon_core.shell:Creating environment hook '/workspaces/ros2-coding/install/issac_sim/share/issac_sim/hook/pythonpath.sh'
[4.604s] Level 1:colcon.colcon_core.environment:checking '/workspaces/ros2-coding/install/issac_sim/bin'
[4.604s] Level 1:colcon.colcon_core.environment:create_environment_scripts_only(issac_sim)
[4.604s] INFO:colcon.colcon_core.shell:Creating package script '/workspaces/ros2-coding/install/issac_sim/share/issac_sim/package.ps1'
[4.605s] INFO:colcon.colcon_core.shell:Creating package descriptor '/workspaces/ros2-coding/install/issac_sim/share/issac_sim/package.dsv'
[4.605s] INFO:colcon.colcon_core.shell:Creating package script '/workspaces/ros2-coding/install/issac_sim/share/issac_sim/package.sh'
[4.606s] INFO:colcon.colcon_core.shell:Creating package script '/workspaces/ros2-coding/install/issac_sim/share/issac_sim/package.bash'
[4.607s] INFO:colcon.colcon_core.shell:Creating package script '/workspaces/ros2-coding/install/issac_sim/share/issac_sim/package.zsh'
[4.607s] Level 1:colcon.colcon_core.environment:create_file_with_runtime_dependencies(/workspaces/ros2-coding/install/issac_sim/share/colcon-core/packages/issac_sim)
[5.227s] Level 1:colcon.colcon_core.shell:create_environment_hook('my_turtlesim', 'pythonpath_develop')
[5.227s] INFO:colcon.colcon_core.shell:Creating environment hook '/workspaces/ros2-coding/build/my_turtlesim/share/my_turtlesim/hook/pythonpath_develop.ps1'
[5.228s] DEBUG:colcon.colcon_core.event_handler.log_command:Invoked command in '/workspaces/ros2-coding/build/my_turtlesim' returned '0': PYTHONPATH=/workspaces/ros2-coding/build/my_turtlesim/prefix_override:/usr/lib/python3/dist-packages/colcon_core/task/python/colcon_distutils_commands:/workspaces/ros2-coding/install/my_turtlesim/lib/python3.12/site-packages:${PYTHONPATH} /usr/bin/python3 -W ignore:setup.py install is deprecated -W ignore:easy_install command is deprecated setup.py develop --editable --build-directory /workspaces/ros2-coding/build/my_turtlesim/build --no-deps symlink_data
[5.228s] INFO:colcon.colcon_core.shell:Creating environment descriptor '/workspaces/ros2-coding/build/my_turtlesim/share/my_turtlesim/hook/pythonpath_develop.dsv'
[5.229s] INFO:colcon.colcon_core.shell:Creating environment hook '/workspaces/ros2-coding/build/my_turtlesim/share/my_turtlesim/hook/pythonpath_develop.sh'
[5.230s] Level 1:colcon.colcon_core.environment:checking '/workspaces/ros2-coding/install/my_turtlesim' for CMake module files
[5.230s] Level 1:colcon.colcon_core.environment:checking '/workspaces/ros2-coding/install/my_turtlesim' for CMake config files
[5.231s] Level 1:colcon.colcon_core.environment:checking '/workspaces/ros2-coding/install/my_turtlesim/lib'
[5.231s] Level 1:colcon.colcon_core.environment:checking '/workspaces/ros2-coding/install/my_turtlesim/bin'
[5.231s] Level 1:colcon.colcon_core.environment:checking '/workspaces/ros2-coding/install/my_turtlesim/lib/pkgconfig/my_turtlesim.pc'
[5.231s] Level 1:colcon.colcon_core.environment:checking '/workspaces/ros2-coding/install/my_turtlesim/lib/python3.12/site-packages'
[5.231s] Level 1:colcon.colcon_core.shell:create_environment_hook('my_turtlesim', 'pythonpath')
[5.232s] INFO:colcon.colcon_core.shell:Creating environment hook '/workspaces/ros2-coding/install/my_turtlesim/share/my_turtlesim/hook/pythonpath.ps1'
[5.232s] INFO:colcon.colcon_core.shell:Creating environment descriptor '/workspaces/ros2-coding/install/my_turtlesim/share/my_turtlesim/hook/pythonpath.dsv'
[5.233s] INFO:colcon.colcon_core.shell:Creating environment hook '/workspaces/ros2-coding/install/my_turtlesim/share/my_turtlesim/hook/pythonpath.sh'
[5.233s] Level 1:colcon.colcon_core.environment:checking '/workspaces/ros2-coding/install/my_turtlesim/bin'
[5.233s] Level 1:colcon.colcon_core.environment:create_environment_scripts_only(my_turtlesim)
[5.234s] INFO:colcon.colcon_core.shell:Creating package script '/workspaces/ros2-coding/install/my_turtlesim/share/my_turtlesim/package.ps1'
[5.234s] INFO:colcon.colcon_core.shell:Creating package descriptor '/workspaces/ros2-coding/install/my_turtlesim/share/my_turtlesim/package.dsv'
[5.235s] INFO:colcon.colcon_core.shell:Creating package script '/workspaces/ros2-coding/install/my_turtlesim/share/my_turtlesim/package.sh'
[5.235s] INFO:colcon.colcon_core.shell:Creating package script '/workspaces/ros2-coding/install/my_turtlesim/share/my_turtlesim/package.bash'
[5.236s] INFO:colcon.colcon_core.shell:Creating package script '/workspaces/ros2-coding/install/my_turtlesim/share/my_turtlesim/package.zsh'
[5.236s] Level 1:colcon.colcon_core.environment:create_file_with_runtime_dependencies(/workspaces/ros2-coding/install/my_turtlesim/share/colcon-core/packages/my_turtlesim)
[5.237s] DEBUG:colcon.colcon_parallel_executor.executor.parallel:closing loop
[5.237s] DEBUG:colcon.colcon_parallel_executor.executor.parallel:loop closed
[5.237s] DEBUG:colcon.colcon_parallel_executor.executor.parallel:run_until_complete finished with '0'
[5.237s] DEBUG:colcon.colcon_core.event_reactor:joining thread
[5.246s] INFO:colcon.colcon_core.plugin_system:Skipping extension 'colcon_notification.desktop_notification.notify_send': Could not find 'notify-send'
[5.246s] INFO:colcon.colcon_core.plugin_system:Skipping extension 'colcon_notification.desktop_notification.terminal_notifier': Not used on non-Darwin systems
[5.246s] INFO:colcon.colcon_core.plugin_system:Skipping extension 'colcon_notification.desktop_notification.win32': Not used on non-Windows systems
[5.246s] INFO:colcon.colcon_notification.desktop_notification:Sending desktop notification using 'notify2'
[5.255s] DEBUG:colcon.colcon_notification.desktop_notification.notify2:Failed to initialize notify2: org.freedesktop.DBus.Error.ServiceUnknown: The name org.freedesktop.Notifications was not provided by any .service files
[5.255s] DEBUG:colcon.colcon_core.event_reactor:joined thread
[5.256s] INFO:colcon.colcon_core.shell:Creating prefix script '/workspaces/ros2-coding/install/local_setup.ps1'
[5.256s] INFO:colcon.colcon_core.shell:Creating prefix util module '/workspaces/ros2-coding/install/_local_setup_util_ps1.py'
[5.258s] INFO:colcon.colcon_core.shell:Creating prefix chain script '/workspaces/ros2-coding/install/setup.ps1'
[5.263s] INFO:colcon.colcon_core.shell:Creating prefix script '/workspaces/ros2-coding/install/local_setup.sh'
[5.264s] INFO:colcon.colcon_core.shell:Creating prefix util module '/workspaces/ros2-coding/install/_local_setup_util_sh.py'
[5.264s] INFO:colcon.colcon_core.shell:Creating prefix chain script '/workspaces/ros2-coding/install/setup.sh'
[5.269s] INFO:colcon.colcon_core.shell:Creating prefix script '/workspaces/ros2-coding/install/local_setup.bash'
[5.270s] INFO:colcon.colcon_core.shell:Creating prefix chain script '/workspaces/ros2-coding/install/setup.bash'
[5.275s] INFO:colcon.colcon_core.shell:Creating prefix script '/workspaces/ros2-coding/install/local_setup.zsh'
[5.276s] INFO:colcon.colcon_core.shell:Creating prefix chain script '/workspaces/ros2-coding/install/setup.zsh'
